{"title": "no title", "popultion": 30, "subpopulation": 45, "number_of_rect": 30, "scores": [0.6409561094991061, 0.6409561094991061, 0.6335186846038864, 0.6335186846038864, 0.6126633254198541, 0.6126633254198541, 0.5893048887716521, 0.5893048887716521, 0.5784053606494914], "iters": [0, 0, 1, 4, 5, 7, 8, 8, 9], "finalScore": 0.5784053606494914, "finalIter": 10}