{"title": "no title", "popultion": 30, "subpopulation": 45, "number_of_rect": 25, "scores": [0.735521593280867, 0.735521593280867, 0.736383804620481, 0.736383804620481, 0.7371003094841453, 0.7371003094841453, 0.7371601478726256, 0.7371601478726256, 0.7385710772346048, 0.7385710772346048, 0.7400010950425092, 0.7400010950425092, 0.7401314230526195, 0.7401314230526195, 0.7407139946432675, 0.7407139946432675, 0.7409542008942249, 0.7409542008942249, 0.7416922924565335, 0.7416922924565335, 0.7420828426585477, 0.7420828426585477, 0.7438085219439339, 0.7438085219439339, 0.7447493010876225, 0.7447493010876225, 0.7454594331629136, 0.7454594331629136, 0.7456088196997549, 0.7456088196997549, 0.7467762516994103, 0.7467762516994103, 0.7482829374425551, 0.7482829374425551, 0.748301472383387, 0.748301472383387, 0.7505536995682062, 0.7505536995682062, 0.7516202739640778, 0.7516202739640778, 0.7521262823366651, 0.7521262823366651, 0.7527670318005132, 0.7527670318005132, 0.7528551438275506, 0.7528551438275506, 0.7538077709721585, 0.7538077709721585, 0.7583036235734528, 0.7583036235734528, 0.7648655610926011, 0.7648655610926011, 0.7648976943072151, 0.7648976943072151, 0.7651420144473805, 0.7651420144473805, 0.7676139681946997, 0.7676139681946997, 0.7708779129327512, 0.7708779129327512, 0.7712971706016392, 0.7712971706016392, 0.7717578663545497, 0.7717578663545497, 0.7751351001215916, 0.7751351001215916, 0.7762584910673254, 0.7762584910673254, 0.7800705554438572, 0.7800705554438572, 0.7803073509066712, 0.7803073509066712, 0.7816292257869945, 0.7816292257869945, 0.7853276720233993, 0.7853276720233993, 0.786149627087163, 0.786149627087163, 0.7866087371227788, 0.7866087371227788, 0.7885552051020603, 0.7885552051020603, 0.7897243125765931, 0.7897243125765931, 0.7913627474915748, 0.7913627474915748, 0.7918709399653416, 0.7918709399653416, 0.792231466255936, 0.792231466255936, 0.794520778282016, 0.794520778282016, 0.7949243134143306, 0.7949243134143306, 0.795404920391008, 0.795404920391008, 0.7954749462651272, 0.7954749462651272, 0.7959016388537837, 0.7959016388537837, 0.7979862437528722, 0.7979862437528722, 0.8002972322351792, 0.8002972322351792, 0.801096388872932, 0.801096388872932, 0.8016167135799632, 0.8016167135799632, 0.8024022420247396, 0.8024022420247396, 0.8038660984413297, 0.8038660984413297, 0.8060851153205423, 0.8060851153205423, 0.8078838273590686, 0.8078838273590686, 0.8092508652630974, 0.8092508652630974, 0.8101636849197686, 0.8101636849197686, 0.8109486299402573, 0.8109486299402573, 0.8118750478707109, 0.8118750478707109, 0.813188575295841, 0.813188575295841, 0.8150255988625918, 0.8150255988625918, 0.8159526002173331, 0.8159526002173331, 0.8172158783557368, 0.8172158783557368, 0.8186650145287607, 0.8186650145287607, 0.824077995150697, 0.824077995150697, 0.8245660819259344, 0.8245660819259344, 0.8274562461703432, 0.8274562461703432, 0.8279721428366269, 0.8279721428366269, 0.8289305593453202, 0.8289305593453202, 0.831766061221852, 0.831766061221852, 0.8344437692679612, 0.8344437692679612, 0.8353783850576364, 0.8353783850576364, 0.8365777707567402, 0.8365777707567402, 0.8381540186264935, 0.8381540186264935, 0.8384451922248392, 0.8384451922248392, 0.8405487658930759, 0.8405487658930759, 0.8409639695111443, 0.8409639695111443, 0.8437801585477941, 0.8437801585477941, 0.8451503080480239, 0.8451503080480239, 0.8487892450070849, 0.8487892450070849, 0.8490738363826976, 0.8490738363826976, 0.8509730021158854, 0.8509730021158854, 0.8509788662779565, 0.8509788662779565, 0.8518887837727864, 0.8518887837727864, 0.8519471112419577, 0.8519471112419577, 0.8540802301145067, 0.8540802301145067, 0.8542805391199448, 0.8542805391199448, 0.8564500546922871, 0.8564500546922871, 0.8568056742350261, 0.8568056742350261, 0.8579440098182828, 0.8579440098182828, 0.8587797426709942, 0.8587797426709942, 0.8589266758339078, 0.8589266758339078, 0.8603526246313955, 0.8603526246313955, 0.8605615204455805, 0.8605615204455805, 0.8606780557071462, 0.8606780557071462, 0.8609454136268766, 0.8609454136268766, 0.86108211442536, 0.86108211442536, 0.861272819369447, 0.861272819369447, 0.8621437970329733, 0.8621437970329733, 0.8622647603352864, 0.8622647603352864, 0.8646800620883119, 0.8646800620883119, 0.866025588091682, 0.866025588091682, 0.8670757817287071, 0.8670757817287071, 0.8672166412951899, 0.8672166412951899, 0.867492810417624, 0.867492810417624, 0.8684055851955039, 0.8684055851955039, 0.8695769066904105, 0.8695769066904105, 0.8706821217256434, 0.8706821217256434, 0.8713965920840993, 0.8713965920840993, 0.8715739231483609, 0.8715739231483609, 0.8725420035567938, 0.8725420035567938, 0.8731115752575445, 0.8731115752575445, 0.8734526540718827, 0.8734526540718827, 0.8737356746897977, 0.8737356746897977, 0.8739203060374541, 0.8739203060374541, 0.8750865263097427, 0.8750865263097427, 0.8766036538516774, 0.8766036538516774, 0.8771373973173253, 0.8771373973173253, 0.8775945925245098, 0.8775945925245098, 0.8792927461511948, 0.8792927461511948, 0.8799084382898668, 0.8799084382898668, 0.8802930196126302, 0.8802930196126302, 0.8806184955671722, 0.8806184955671722, 0.881122080485026, 0.881122080485026, 0.8820255503934973, 0.8820255503934973, 0.8834641250909543, 0.8834641250909543, 0.8836131376378676, 0.8836131376378676, 0.8845059563131893, 0.8845059563131893, 0.884927801992379, 0.884927801992379, 0.884932035558364, 0.884932035558364, 0.8866245194977405, 0.8866245194977405, 0.886669921875, 0.886669921875, 0.8873493119782092, 0.8873493119782092, 0.8882239547430301, 0.8882239547430301, 0.889202761182598, 0.889202761182598, 0.8894921845080805, 0.8894921845080805, 0.8904159695494409, 0.8904159695494409, 0.8914528940238204, 0.8914528940238204, 0.891641908533433, 0.891641908533433, 0.8923645169127221, 0.8923645169127221, 0.8934693429984298, 0.8934693429984298, 0.894703764073989, 0.894703764073989, 0.896056380926394, 0.896056380926394, 0.8967725417193244, 0.8967725417193244, 0.8969006856282552, 0.8969006856282552, 0.8997374441109451, 0.8997374441109451, 0.8997410792930454, 0.8997410792930454, 0.8998134538239124, 0.8998134538239124, 0.9002717261220895, 0.9002717261220895, 0.9015152725518918, 0.9015152725518918, 0.9020209069345512, 0.9020209069345512, 0.9022518831140854, 0.9022518831140854, 0.9024500528971354, 0.9024500528971354, 0.9025448219448913, 0.9025448219448913, 0.9026346692851945, 0.9026346692851945, 0.902801139681947, 0.902801139681947, 0.9030203576181449, 0.9030203576181449, 0.9030923731186811, 0.9030923731186811, 0.9031036376953125, 0.9031036376953125, 0.9031943526922488, 0.9031943526922488, 0.9034451952167586, 0.9034451952167586, 0.9035478778913909, 0.9035478778913909, 0.9038191103467754, 0.9038191103467754, 0.90392593682981, 0.90392593682981, 0.904101308186849, 0.904101308186849, 0.9044483558804381, 0.9044483558804381, 0.9044615203259038, 0.9044615203259038, 0.9045354955336626, 0.9045354955336626, 0.9045543745452282, 0.9045543745452282, 0.9046363232182522, 0.9046363232182522, 0.9053173289579504, 0.9053173289579504, 0.9053811914780561, 0.9053811914780561, 0.9053845274682139, 0.9053845274682139, 0.9055343029545803, 0.9055343029545803, 0.9055762347053079, 0.9055762347053079, 0.905654338761872, 0.905654338761872, 0.9059301638135723, 0.9059301638135723, 0.9060520546109069],