{"title": "number_of_rect_100_3", "popultion": 10, "subpopulation": 15, "number_of_rect": 100, "scores": [0.6874231366687182], "iters": [0], "finalScore": 0.6874231366687182, "finalIter": 5}