{"title": "number_of_rect_300_2", "popultion": 10, "subpopulation": 15, "number_of_rect": 300, "scores": [0.7356969137430757], "iters": [0], "finalScore": 0.7356969137430757, "finalIter": 5}