{"title": "number_of_rect_50_4", "popultion": 10, "subpopulation": 15, "number_of_rect": 50, "scores": [0.637872197309417, 0.637872197309417, 0.6400945660775521, 0.6400945660775521, 0.6401264398135936, 0.6401264398135936, 0.6404378352237756, 0.6404378352237756, 0.6404409273425364, 0.6404409273425364, 0.6407675635276532, 0.6407675635276532, 0.6408733110583547, 0.6408733110583547, 0.640953574254814, 0.640953574254814, 0.6410861983059293, 0.6410861983059293, 0.6412256220874, 0.6412256220874, 0.6416884433893139, 0.6416884433893139, 0.6416959172308684, 0.6416959172308684, 0.6417926961517044, 0.6417926961517044, 0.6417985872974004, 0.6417985872974004, 0.6418386236407867, 0.6418386236407867, 0.6424018288929921, 0.6424018288929921, 0.6429712330373106, 0.6429712330373106, 0.6435896567894721, 0.6435896567894721, 0.643711568334359, 0.643711568334359, 0.6437339165860665, 0.6437339165860665, 0.644233638148832, 0.644233638148832, 0.6443064421583282, 0.6443064421583282, 0.6445955039713942, 0.6445955039713942, 0.6447170344969079, 0.6447170344969079, 0.6447407456256045, 0.6447407456256045, 0.6455703566927519, 0.6455703566927519, 0.6460354348017234, 0.6460354348017234, 0.6468663354729036, 0.6468663354729036, 0.6472703772091797, 0.6472703772091797, 0.6476730414138749, 0.6476730414138749, 0.6477685600398605, 0.6477685600398605, 0.6481637210938187, 0.6481637210938187, 0.6483134910167355, 0.6483134910167355, 0.649332073038483, 0.649332073038483, 0.6495363580409743, 0.6495363580409743, 0.6497737917289487, 0.6497737917289487, 0.6504119112517952, 0.6504119112517952, 0.6510910782848266, 0.6510910782848266, 0.6520869749992673, 0.6520869749992673, 0.6534818136522172, 0.6534818136522172, 0.6537167707142648, 0.6537167707142648, 0.6541480260265541, 0.6541480260265541, 0.6543611037838155, 0.6543611037838155, 0.6546137196283596, 0.6546137196283596, 0.6553485887628594, 0.6553485887628594, 0.6554800697558545, 0.6554800697558545, 0.6558156598962455, 0.6558156598962455, 0.657184574577215, 0.657184574577215, 0.6596565403440897, 0.6596565403440897, 0.6609868401770275, 0.6609868401770275, 0.6611885606260441, 0.6611885606260441, 0.6619719071485096, 0.6619719071485096, 0.6625674257744951, 0.6625674257744951, 0.6635072833318678, 0.6635072833318678, 0.6637542718133591, 0.6637542718133591, 0.6642283331867874, 0.6642283331867874, 0.6655711480406812, 0.6655711480406812, 0.6658993522670653, 0.6658993522670653, 0.6661944371171489, 0.6661944371171489, 0.6680688912336235, 0.6680688912336235, 0.6681317008118643, 0.6681317008118643, 0.6684025469679651, 0.6684025469679651, 0.6684859462469592, 0.6684859462469592, 0.6687969313285853, 0.6687969313285853, 0.6693294059028694, 0.6693294059028694, 0.6693358099592602, 0.6693358099592602, 0.6694945778012251, 0.6694945778012251, 0.6695550866086345, 0.6695550866086345, 0.6696774231366687, 0.6696774231366687, 0.6697681057475307, 0.6697681057475307, 0.6701897623025294, 0.6701897623025294, 0.6712974002755063, 0.6712974002755063, 0.6715330021395703, 0.6715330021395703, 0.6716372549019608, 0.6716372549019608, 0.6716696855124711, 0.6716696855124711, 0.6716990826225857, 0.6716990826225857, 0.6722148656173978, 0.6722148656173978, 0.67222231014977, 0.67222231014977, 0.6725347753451156, 0.6725347753451156, 0.6726191857909083, 0.6726191857909083, 0.6726897036841643, 0.6726897036841643, 0.6727386060552771, 0.6727386060552771, 0.6731862598552126, 0.6731862598552126, 0.6734002168879509, 0.6734002168879509, 0.6735662534071925, 0.6735662534071925, 0.6736248278085524, 0.6736248278085524, 0.6737075529763474, 0.6737075529763474, 0.6738101058061491, 0.6738101058061491, 0.674046997274246, 0.674046997274246, 0.6741688355461766, 0.6741688355461766, 0.674236994050236, 0.674236994050236, 0.6747914798206278, 0.6747914798206278, 0.6764229315044403, 0.6764229315044403, 0.6769299217444826, 0.6769299217444826, 0.6774195609484452, 0.6774195609484452, 0.6774197954219057, 0.6774197954219057, 0.6780632785251619, 0.6780632785251619, 0.6783114247193646, 0.6783114247193646, 0.678734048477388, 0.678734048477388, 0.6787571001494769, 0.6787571001494769, 0.6793256543275008, 0.6793256543275008, 0.6796863477827604, 0.6796863477827604, 0.6801592074797034, 0.6801592074797034, 0.6806138368650898, 0.6806138368650898, 0.6813973592426508, 0.6813973592426508, 0.681542395732583, 0.681542395732583, 0.6820001172367303, 0.6820001172367303, 0.6822728831442891, 0.6822728831442891, 0.682777631231865, 0.682777631231865, 0.6838371581816582, 0.6838371581816582, 0.6848227820276093, 0.6848227820276093, 0.685185351270553, 0.685185351270553, 0.6854496321697587, 0.6854496321697587, 0.6855329728303878, 0.6855329728303878, 0.685909888918198, 0.685909888918198, 0.6860752366716493, 0.6860752366716493, 0.6861236700958411, 0.6861236700958411, 0.6863497904393447, 0.6863497904393447, 0.6865794425393477, 0.6865794425393477, 0.6866571265277411, 0.6866571265277411, 0.6868412907764003, 0.6868412907764003, 0.6868440018757876, 0.6868440018757876, 0.6868756851021425, 0.6868756851021425, 0.6880149476831092, 0.6880149476831092, 0.6903072628154401, 0.6903072628154401, 0.6908019431988042, 0.6908019431988042, 0.6929124095078989, 0.6929124095078989, 0.6930780503531757, 0.6930780503531757, 0.6934129956915501, 0.6934129956915501, 0.6934243676543861, 0.6934243676543861, 0.6937251384858876, 0.6937251384858876, 0.6937575690963979, 0.6937575690963979, 0.693898048008441, 0.693898048008441, 0.693898868665553, 0.693898868665553, 0.6942886807936927, 0.6942886807936927, 0.6946064949148568, 0.6946064949148568, 0.6949668806236994, 0.6949668806236994, 0.6952926961517043, 0.6952926961517043, 0.6956023037017498, 0.6956023037017498, 0.6959441220434363, 0.6959441220434363, 0.6960888654415428, 0.6960888654415428, 0.6963123772677979, 0.6963123772677979, 0.6966496087224128, 0.6966496087224128, 0.6967387526011899, 0.6967387526011899, 0.6972389138016941, 0.6972389138016941, 0.6976326093965239, 0.6976326093965239, 0.6983909258770773, 0.6983909258770773, 0.698926946862452, 0.698926946862452, 0.6995053635804098, 0.6995053635804098, 0.6996159178170521, 0.6996159178170521, 0.7005762478384477, 0.7005762478384477, 0.7013224156628272, 0.7013224156628272, 0.7014244555819338, 0.7014244555819338, 0.7020858172865558, 0.7020858172865558, 0.7025671766464433, 0.7025671766464433, 0.7028594478150004, 0.7028594478150004, 0.7033509774612385, 0.7033509774612385, 0.7034825317271901, 0.7034825317271901, 0.7035071514405463, 0.7035071514405463, 0.704207377121252, 0.704207377121252, 0.7044892874937718, 0.7044892874937718, 0.7047531141006478, 0.7047531141006478, 0.7048341393358539, 0.7048341393358539, 0.7060420440223922, 0.7060420440223922, 0.7066925173656906, 0.7066925173656906, 0.7069936105982004, 0.7069936105982004, 0.7073629062985434, 0.7073629062985434, 0.7081783463759196, 0.7081783463759196, 0.7087969606377678, 0.7087969606377678, 0.7095372959348164, 0.7095372959348164, 0.7112346200064481, 0.7112346200064481, 0.7118515489902987, 0.7118515489902987, 0.7120680705765117, 0.7120680705765117, 0.7121221753275302, 0.7121221753275302, 0.7129057563234561, 0.7129057563234561, 0.7129349189601102, 0.7129349189601102, 0.7135051291069492, 0.7135051291069492, 0.7139848618072042, 0.7139848618072042, 0.715222984260969, 0.715222984260969, 0.7162023066326679, 0.7162023066326679, 0.7168571177349864, 0.7168571177349864, 0.7170770391863771, 0.7170770391863771, 0.7173099152964624, 0.7173099152964624, 0.7174411031976318, 0.7174411031976318, 0.7177968287464462, 0.7177968287464462, 0.7183547583457898, 0.7183547583457898, 0.718358495266567, 0.718358495266567, 0.7186667545942144, 0.7186667545942144, 0.7191536094258331, 0.7191536094258331, 0.7192841378703947, 0.7192841378703947, 0.7196212960520532, 0.7196212960520532, 0.719624857117735, 0.719624857117735, 0.719831970456344, 0.719831970456344, 0.7201976464726398, 0.7201976464726398, 0.7206779213927723, 0.7206779213927723, 0.7208366599255547, 0.7208366599255547, 0.7217114950614028, 0.7217114950614028, 0.7217360854655763, 0.7217360854655763, 0.7221191125179519, 