{"title": "number_of_rect_10_1", "popultion": 10, "subpopulation": 15, "number_of_rect": 10, "scores": [0.562689791611712], "iters": [0], "finalScore": 0.562689791611712, "finalIter": 5}