{"title": "number_of_rect_10_3", "popultion": 10, "subpopulation": 15, "number_of_rect": 10, "scores": [0.6167185878835839, 0.6167185878835839, 0.6183225768633314], "iters": [0, 0, 1], "finalScore": 0.6183225768633314, "finalIter": 5}