{"title": "number_of_rect_100_0", "popultion": 10, "subpopulation": 15, "number_of_rect": 100, "scores": [0.7272541692312201, 0.7272541692312201, 0.72933295231396, 0.72933295231396, 0.7302629326768076, 0.7302629326768076, 0.7323029690201941, 0.7323029690201941, 0.7327167560596735, 0.7327167560596735, 0.7337094434186231, 0.7337094434186231, 0.7338960256748439, 0.7338960256748439, 0.7349693572496263, 0.7349693572496263, 0.7353990005568745, 0.7353990005568745, 0.7361834608282775, 0.7361834608282775, 0.7362037720917964, 0.7362037720917964, 0.7370093496292388, 0.7370093496292388, 0.737304727571148, 0.737304727571148, 0.737699771388376, 0.737699771388376, 0.7379748966851314, 0.7379748966851314, 0.7381695975849234, 0.7381695975849234, 0.7389423195287084, 0.7389423195287084, 0.7396209296872711, 0.7396209296872711, 0.7402924030598788, 0.7402924030598788, 0.7420717342243326, 0.7420717342243326, 0.742168806236994], "iters": [0, 0, 1, 9, 10, 36, 37, 117, 118, 147, 148, 163, 164, 208, 209, 431, 432, 445, 446, 580, 581, 711, 712, 803, 804, 819, 820, 870, 871, 905, 906, 915, 916, 926, 927, 930, 931, 938, 939, 998, 999], "finalScore": 0.742168806236994, "finalIter": 1000}