{"title": "number_of_rect_200_2", "popultion": 10, "subpopulation": 15, "number_of_rect": 200, "scores": [0.6989800844104458, 0.6989800844104458, 0.7018074386705355], "iters": [0, 0, 1], "finalScore": 0.7018074386705355, "finalIter": 2}