{"title": "number_of_rect_20_1", "popultion": 10, "subpopulation": 15, "number_of_rect": 20, "scores": [0.6121877692781148, 0.6121877692781148, 0.6122242445558193, 0.6122242445558193, 0.6150283419795421, 0.6150283419795421, 0.6162365397579062, 0.6162365397579062, 0.6191250036636479, 0.6191250036636479, 0.6208837158181658, 0.6208837158181658, 0.6213262112019696, 0.6213262112019696, 0.6215769366042381, 0.6215769366042381, 0.6224301269087605, 0.6224301269087605, 0.6227970632199068, 0.6227970632199068, 0.6230892904246901, 0.6230892904246901, 0.6234275183915121, 0.6234275183915121, 0.6235905214103579, 0.6235905214103579, 0.6240849966294439, 0.6240849966294439, 0.6241292095313462, 0.6241292095313462, 0.6251615375597175, 0.6251615375597175, 0.6260402708168469, 0.6260402708168469, 0.6274713209648584, 0.6274713209648584, 0.627865676016296, 0.627865676016296, 0.628660790175562, 0.628660790175562, 0.6287702306632668, 0.6287702306632668, 0.6291832117002256, 0.6291832117002256, 0.6298477534511562, 0.6298477534511562, 0.6323382719305959, 0.6323382719305959, 0.6325556581376945, 0.6325556581376945, 0.637762639584982, 0.637762639584982, 0.6412590052463436, 0.6412590052463436, 0.6450491514991648, 0.6450491514991648, 0.6478207303848296, 0.6478207303848296, 0.6542926814971131, 0.6542926814971131, 0.6546561153609425, 0.6546561153609425, 0.6585440517013981, 0.6585440517013981, 0.6606331516164015, 0.6606331516164015, 0.6701987602215774, 0.6701987602215774, 0.6742361733931241, 0.6742361733931241, 0.675778876872124, 0.675778876872124, 0.6776670769952227, 0.6776670769952227, 0.681265482575691, 0.681265482575691, 0.6815851431753568, 0.6815851431753568, 0.6815875904921012, 0.6815875904921012, 0.686074503942085, 0.686074503942085, 0.6898040827691316, 0.6898040827691316, 0.690361338257276, 0.690361338257276, 0.6937659808317946, 0.6937659808317946, 0.6946583135496351, 0.6946583135496351, 0.697155411940561, 0.697155411940561, 0.7002898824701779, 0.7002898824701779, 0.7047830241214572, 0.7047830241214572, 0.7048453794073684, 0.7048453794073684, 0.7086428383012398, 0.7086428383012398, 0.7091078871010288, 0.7091078871010288, 0.7125023154254229, 0.7125023154254229, 0.7149692107037136, 0.7149692107037136, 0.7153021190538996, 0.7153021190538996, 0.7167407016618307, 0.7167407016618307, 0.7168709663237492, 0.7168709663237492, 0.7172470177906738, 0.7172470177906738, 0.7201546938655881, 0.7201546938655881, 0.7206865236378557, 0.7206865236378557, 0.7252375362701134, 0.7252375362701134, 0.7262452299305373, 0.7262452299305373, 0.7269990474515666, 0.7269990474515666, 0.7271108033646941, 0.7271108033646941, 0.7291791670330314, 0.7291791670330314, 0.7292309270494446, 0.7292309270494446, 0.7299150473343299, 0.7299150473343299, 0.732141709897711, 0.732141709897711, 0.7332993786453296, 0.7332993786453296, 0.7349686538292447, 0.7349686538292447, 0.7366585480230956, 0.7366585480230956, 0.7387022187051203, 0.7387022187051203, 0.7398380081479528, 0.7398380081479528, 0.740262068055922, 0.740262068055922, 0.7416084879392714, 0.7416084879392714, 0.7422648963920396, 0.7422648963920396, 0.7438087429291598, 0.7438087429291598, 0.7446645417509306, 0.7446645417509306, 0.7464636273044345, 0.7464636273044345, 0.7482895014508045, 0.7482895014508045, 0.7493594771241829, 0.7493594771241829, 0.749764398135936, 0.749764398135936, 0.7509048623933878, 0.7509048623933878, 0.7513697793018552, 0.7513697793018552, 0.7533563117324658, 0.7533563117324658, 0.7550552624637299, 0.7550552624637299, 0.756596734957062, 0.756596734957062, 0.7571420176441279, 0.7571420176441279, 0.7580372666256339, 0.7580372666256339, 0.7585264955010405, 0.7585264955010405, 0.7598885078695156, 0.7598885078695156, 0.7599530466895278, 0.7599530466895278, 0.7612051789325596, 0.7612051789325596, 0.7617151440546324, 0.7617151440546324, 0.7628522231014977, 0.7628522231014977, 0.764255400216888, 0.764255400216888, 0.7651666227028928, 0.7651666227028928, 0.765304053459949, 0.765304053459949, 0.7695545297341657, 0.7695545297341657, 0.7707433834520355, 0.7707433834520355, 0.772203757437205, 0.772203757437205, 0.7739749846126791, 0.7739749846126791, 0.7746037984700607, 0.7746037984700607, 0.7762679885108005, 0.7762679885108005, 0.7770441103197632, 0.7770441103197632, 0.7772435739617222, 0.7772435739617222, 0.7779195902576277, 0.7779195902576277, 0.780628784548199, 0.780628784548199, 0.7809177730883086, 0.7809177730883086, 0.7817627861308948, 0.7817627861308948, 0.7819852867903514, 0.7819852867903514, 0.7847251384858877, 0.7847251384858877, 0.7872640171165626, 0.7872640171165626, 0.7895171312172103, 0.7895171312172103, 0.7912013540842346, 0.7912013540842346, 0.7916789179049797, 0.7916789179049797, 0.7919475951815704, 0.7919475951815704, 0.7920076643512413, 0.7920076643512413, 0.7935867991441719, 0.7935867991441719, 0.7941148919956622, 0.7941148919956622, 0.7947711392479264, 0.7947711392479264, 0.7951264251590023, 0.7951264251590023, 0.796286423986635, 0.796286423986635, 0.7971265277411412, 0.7971265277411412, 0.7972880066824937, 0.7972880066824937, 0.7975479644772707, 0.7975479644772707, 0.797724127319089, 0.797724127319089, 0.7983498637123011, 0.7983498637123011, 0.7983629209531347, 0.7983629209531347, 0.7994492218412028, 0.7994492218412028, 0.7998929042469005, 0.7998929042469005, 0.8000482136053225, 0.8000482136053225, 0.8001168703654855, 0.8001168703654855, 0.8005302763855916, 0.8005302763855916, 0.8020727893549049, 0.8020727893549049, 0.8028323368211261, 0.8028323368211261, 0.8041472346786248, 0.8041472346786248, 0.8043817374483426, 0.8043817374483426, 0.8051997274246021, 0.8051997274246021, 0.8054377912600017, 0.8054377912600017, 0.8060811278173452, 0.8060811278173452, 0.8061839590843811, 0.8061839590843811, 0.8065781529353147, 0.8065781529353147, 0.8069936692165656], "iters": [0, 49, 50, 53, 54, 60, 61, 67, 68, 71, 72, 74, 75, 78, 79, 82, 83, 88, 89, 107, 108, 116, 117, 120, 121, 130, 131, 131, 132, 133, 134, 158, 159, 164, 165, 170, 171, 180, 181, 189, 190, 192, 193, 195, 196, 199, 200, 204, 205, 210, 211, 230, 231, 231, 232, 237, 238, 239, 240, 240, 241, 241, 242, 244, 245, 246, 247, 248, 249, 250, 251, 252, 253, 257, 258, 260, 261, 261, 262, 262, 263, 263, 264, 265, 266, 266, 267, 267, 268, 268, 269, 269, 270, 270, 271, 276, 277, 279, 280, 283, 284, 284, 285, 285, 286, 288, 289, 291, 292, 293, 294, 294, 295, 297, 298, 298, 299, 301, 302, 303, 304, 304, 305, 306, 307, 311, 312, 314, 315, 315, 316, 317, 318, 318, 319, 321, 322, 322, 323, 323, 324, 324, 325, 328, 329, 329, 330, 335, 336, 337, 338, 340, 341, 343, 344, 360, 361, 364, 365, 365, 366, 367, 368, 372, 373, 375, 376, 377, 378, 381, 382, 390, 391, 393, 394, 397, 398, 398, 399, 400, 401, 401, 402, 402, 403, 409, 410, 412, 413, 414, 415, 425, 426, 427, 428, 434, 435, 438, 439, 448, 449, 450, 451, 454, 455, 458, 459, 461, 462, 464, 465, 466, 467, 478, 479, 486, 487, 491, 492, 493, 494, 500, 501, 511, 512, 517, 518, 518, 519, 520, 521, 522, 523, 526, 527, 528, 529, 529, 530, 542, 543, 551, 552, 561, 562, 592, 593, 623, 624, 630, 631, 649, 650, 656, 657, 671, 672, 685, 686, 693, 694, 695, 696, 700, 701, 705, 706, 738, 739, 748, 749, 785, 786, 787, 788, 862, 863, 868, 869, 952, 953, 981, 982, 993, 994], "finalScore": 0.8069936692165656, "finalIter": 1000}