{"title": "number_of_rect_10_0", "popultion": 10, "subpopulation": 15, "number_of_rect": 10, "scores": [0.5311276414900787, 0.5311276414900787, 0.5323509481520561, 0.5323509481520561, 0.5354784577508134, 0.5354784577508134, 0.5376487587561183, 0.5376487587561183, 0.5400146692458747, 0.5400146692458747, 0.5403401330636889, 0.5403401330636889, 0.5438031595298807, 0.5438031595298807, 0.5457813974618249, 0.5457813974618249, 0.5459577947771037, 0.5459577947771037, 0.5467172689703684, 0.5467172689703684, 0.5476745654913684, 0.5476745654913684, 0.547808655001612, 0.547808655001612, 0.5501691432925936, 0.5501691432925936, 0.5504150326797386, 0.5504150326797386, 0.5519928925232276, 0.5519928925232276, 0.5524878953075999, 0.5524878953075999, 0.5543504059321785, 0.5543504059321785, 0.5568607813828073, 0.5568607813828073, 0.5579020487118614, 0.5579020487118614, 0.5602726047070548, 0.5602726047070548, 0.5608615727307364, 0.5608615727307364, 0.5664664116767784, 0.5664664116767784, 0.5670010258213898, 0.5670010258213898, 0.5689601541663003, 0.5689601541663003, 0.5700018904422756, 0.5700018904422756, 0.5704908701896304, 0.5704908701896304, 0.5711845306134411, 0.5711845306134411, 0.5724724493683871, 0.5724724493683871, 0.5730001172367303, 0.5730001172367303, 0.5743556083120842, 0.5743556083120842, 0.5749007151440546, 0.5749007151440546, 0.575169011401272, 0.575169011401272, 0.5779267270435828, 0.5779267270435828, 0.5780018025147279, 0.5780018025147279, 0.580370233594185, 0.580370233594185, 0.5811060259679357, 0.5811060259679357, 0.5821245347167268, 0.5821245347167268, 0.5851469269322078, 0.5851469269322078, 0.5874636566136171, 0.5874636566136171, 0.5893105600984789, 0.5893105600984789, 0.5900758668190744, 0.5900758668190744, 0.5918291128110437, 0.5918291128110437, 0.5956816876227322, 0.5956816876227322, 0.598940956651719, 0.598940956651719, 0.5992206541809548, 0.5992206541809548, 0.6017458161141886, 0.6017458161141886, 0.6027287874791172, 0.6027287874791172, 0.6040954893168029, 0.6040954893168029, 0.6043077903807264, 0.6043077903807264, 0.6062983235147572, 0.6062983235147572, 0.6086357454790586, 0.6086357454790586, 0.6108135203259182, 0.6108135203259182, 0.6127769278114834, 0.6127769278114834, 0.616921876373868, 0.616921876373868, 0.6220235938919664, 0.6220235938919664, 0.6261961370497376, 0.6261961370497376, 0.6267394560215716, 0.6267394560215716, 0.6316948474457047, 0.6316948474457047, 0.6323367918168763, 0.6323367918168763, 0.6360275359770216, 0.6360275359770216, 0.6372750813329817, 0.6372750813329817, 0.639248834959993, 0.639248834959993, 0.6397758287171371, 0.6397758287171371, 0.6421574635833407, 0.6421574635833407, 0.6424056244321346, 0.6424056244321346, 0.6458288490284005, 0.6458288490284005, 0.6464116328145608, 0.6464116328145608, 0.6466970163252147, 0.6466970163252147, 0.6468777074357396, 0.6468777074357396, 0.6511098801254434, 0.6511098801254434, 0.653979322371699, 0.653979322371699, 0.6558767402327149, 0.6558767402327149, 0.6578638881561594, 0.6578638881561594, 0.6602316744336001, 0.6602316744336001, 0.6623730326211201, 0.6623730326211201, 0.6625821829479176, 0.6625821829479176, 0.6663135496351007, 0.6663135496351007, 0.668313051378997, 0.668313051378997, 0.6758980626630324, 0.6758980626630324, 0.6771215012163311, 0.6771215012163311, 0.6800570503238665, 0.6800570503238665, 0.6829185937454205, 0.6829185937454205, 0.6849092587707729, 0.6849092587707729, 0.6857080951962249, 0.6857080951962249, 0.6874175972332132, 0.6874175972332132, 0.6942250212491574, 0.6942250212491574, 0.694384345965591, 0.694384345965591, 0.6948710835604794, 0.6948710835604794, 0.6966919898004045, 0.6966919898004045, 0.6999987690143321, 0.6999987690143321, 0.7007824232832146, 0.7007824232832146, 0.7034994431255313, 0.7034994431255313, 0.7064030452240686, 0.7064030452240686, 0.7069794689176119, 0.7069794689176119, 0.710095650517307, 0.710095650517307, 0.7117829948122747, 0.7117829948122747, 0.7119485770391863, 0.7119485770391863, 0.7137632550778159, 0.7137632550778159, 0.7141158738532782, 0.7141158738532782, 0.716156452416542, 0.716156452416542, 0.7205707377121252, 0.7205707377121252, 0.7215901257363933, 0.7215901257363933, 0.7233550221284328, 0.7233550221284328, 0.725098434889651, 0.725098434889651, 0.7261099387438084, 0.7261099387438084, 0.7261368738825874, 0.7261368738825874, 0.7270392010316833, 0.7270392010316833, 0.7333332307511944, 0.7333332307511944, 0.7367872886075207, 0.7367872886075207, 0.7380015826958586, 0.7380015826958586, 0.7419901814238401, 0.7419901814238401, 0.7498308713619977, 0.7498308713619977, 0.7508729593481638, 0.7508729593481638, 0.7560127934581904, 0.7560127934581904, 0.7586968111609367, 0.7586968111609367, 0.7604678185175415, 0.7604678185175415, 0.7622632697324072, 0.7622632697324072, 0.7654340250300419, 0.7654340250300419, 0.7662930038981213, 0.7662930038981213, 0.7691882089158534, 0.7691882089158534, 0.7780453852692049, 0.7780453852692049, 0.7807397051496234, 0.7807397051496234, 0.7837106890588822, 0.7837106890588822, 0.7863938861045165, 0.7863938861045165, 0.7882293883173599, 0.7882293883173599, 0.7886984231659779, 0.7886984231659779, 0.7887036402004748, 0.7887036402004748, 0.7905367244057563, 0.7905367244057563, 0.7909154576628857, 0.7909154576628857, 0.7912378733257129, 0.7912378733257129, 0.7922383862364079, 0.7922383862364079, 0.7937513262405111, 0.7937513262405111, 0.793974515665758, 0.793974515665758, 0.7946347050030774, 0.7946347050030774, 0.7954378352237756, 0.7954378352237756, 0.7971183944429789, 0.7971183944429789, 0.7972890764676573, 0.7972890764676573, 0.7983301532870248, 0.7983301532870248, 0.7986686743456725, 0.7986686743456725, 0.7993260939652393, 0.7993260939652393, 0.8009438289516105, 0.8009438289516105, 0.8013968609865472, 0.8013968609865472, 0.8021424719364577, 0.8021424719364577, 0.8027529089363697, 0.8027529089363697, 0.803061681174712, 0.803061681174712, 0.8039765086901727, 0.8039765086901727, 0.8042993786453296, 0.8042993786453296, 0.8043248190157977, 0.8043248190157977, 0.8051175005129108, 0.8051175005129108, 0.8057063219906797, 0.8057063219906797, 0.806483088601659, 0.806483088601659, 0.8070362701134266, 0.8070362701134266, 0.8077844895805856, 0.8077844895805856, 0.808014683900466, 0.808014683900466, 0.8090084410445793, 0.8090084410445793, 0.8093148538937249, 0.8093148538937249, 0.8108514170989771, 0.8108514170989771, 0.8109504381722794, 0.8109504381722794, 0.8113482223980772, 0.8113482223980772, 0.8117822474281192, 0.8117822474281192, 0.812672836249597, 0.812672836249597, 0.8130350830915326, 0.8130350830915326, 0.8131598229725373, 0.8131598229725373, 0.8135962806647323, 0.8135962806647323, 0.8144423048741171, 0.8144423048741171, 0.8147551803980186, 0.8147551803980186, 0.8150282393974032, 0.8150282393974032, 0.8160405785632638, 0.8160405785632638, 0.8166901140127202, 0.8166901140127202, 0.8174638324687125, 0.8174638324687125, 0.8176638090213664, 0.8176638090213664, 0.8224231952870835, 0.8224231952870835, 0.8229491046044726, 0.8229491046044726, 0.8242396318766669, 0.8242396318766669, 0.8254796740818898, 0.8254796740818898, 0.8255857147044169, 0.8255857147044169, 0.8268411588850787, 0.8268411588850787, 0.827475644069287, 0.827475644069287, 0.8282109088777514, 0.8282109088777514, 0.828531126351886, 0.828531126351886, 0.8292489082329494, 0.8292489082329494, 0.8298056801195814, 0.8298056801195814, 0.8304034555526246, 0.8304034555526246, 0.8305067997303556, 0.8305067997303556, 0.8308123919223893, 0.8308123919223893, 0.8310131012046074, 0.8310131012046074, 0.8314139482399836, 0.8314139482399836, 0.8321353351505026, 0.8321353351505026, 0.8325793692663912, 0.8325793692663912, 0.8327317037427826, 0.8327317037427826, 0.8328072921246226, 0.8328072921246226, 0.8330641431460477, 0.8330641431460477, 0.8331739060347607],