{"title": "number_of_rect_100_1", "popultion": 10, "subpopulation": 15, "number_of_rect": 100, "scores": [0.6996405082212257], "iters": [0], "finalScore": 0.6996405082212257, "finalIter": 2}