{"title": "number_of_rect_20_2", "popultion": 10, "subpopulation": 15, "number_of_rect": 20, "scores": [0.5785543245698878, 0.5785543245698878, 0.5797171663882295, 0.5797171663882295, 0.5818712007972098, 0.5818712007972098, 0.5823317652920661, 0.5823317652920661, 0.5828500102582139, 0.5828500102582139, 0.5837202878161728, 0.5837202878161728, 0.5838666578739119, 0.5838666578739119, 0.5847924616782438, 0.5847924616782438, 0.5860245464403997, 0.5860245464403997, 0.5861300448430493, 0.5861300448430493, 0.5864697822327736, 0.5864697822327736, 0.5867187783932706, 0.5867187783932706, 0.587513643424485, 0.587513643424485, 0.589160013482224, 0.589160013482224, 0.5893729153843899, 0.5893729153843899, 0.5895593217855154, 0.5895593217855154, 0.5932685600398605, 0.5932685600398605, 0.5936421495354495, 0.5936421495354495, 0.5940332512676221, 0.5940332512676221, 0.595616899674668, 0.595616899674668, 0.5966009847885343, 0.5966009847885343, 0.5972048272223688, 0.5972048272223688, 0.597494724347138, 0.597494724347138, 0.5996338257276004, 0.5996338257276004, 0.6093596236700959, 0.6093596236700959, 0.6101983645476128, 0.6101983645476128, 0.616751370204285, 0.616751370204285, 0.6168865588088748, 0.6168865588088748, 0.6185355960022275, 0.6185355960022275, 0.6205139658254931, 0.6205139658254931, 0.6234598171107008, 0.6234598171107008, 0.6267170784606817, 0.6267170784606817, 0.6279555233154548, 0.6279555233154548, 0.6283057827017204, 0.6283057827017204, 0.6323033060757935, 0.6323033060757935, 0.6339533104721709, 0.6339533104721709, 0.6341476156979982, 0.6341476156979982, 0.6348835839268443, 0.6348835839268443, 0.6365825346581084, 0.6365825346581084, 0.6450223042879334, 0.6450223042879334, 0.6465986840177027, 0.6465986840177027, 0.6512109088777513, 0.6512109088777513, 0.6539229754682142, 0.6539229754682142, 0.655806793868519, 0.655806793868519, 0.6570815528004924, 0.6570815528004924, 0.6581669451039011, 0.6581669451039011, 0.6613089480934377, 0.6613089480934377, 0.6692445704739295, 0.6692445704739295, 0.6722326856003986, 0.6722326856003986, 0.6792896186875348, 0.6792896186875348, 0.6800586769834989, 0.6800586769834989, 0.6810378235001027, 0.6810378235001027, 0.6822189395937748, 0.6822189395937748, 0.6842948796858055, 0.6842948796858055, 0.6847385767460945, 0.6847385767460945, 0.6853782203464345, 0.6853782203464345, 0.6858295231395997, 0.6858295231395997, 0.6867007679005832, 0.6867007679005832, 0.6880026085172485, 0.6880026085172485, 0.6891302793165099, 0.6891302793165099, 0.692062970778745, 0.692062970778745, 0.693405902869369, 0.693405902869369, 0.6936443770333245, 0.6936443770333245, 0.6943887423429761, 0.6943887423429761, 0.6985818898560918, 0.6985818898560918, 0.6987250652129312, 0.6987250652129312, 0.6993381840030481, 0.6993381840030481, 0.7007264573991031, 0.7007264573991031, 0.701042498314722, 0.701042498314722, 0.701307570561857, 0.701307570561857, 0.701349702511797, 0.701349702511797, 0.7033418329962777, 0.7033418329962777, 0.7039460857586681, 0.7039460857586681, 0.7048621002960227, 0.7048621002960227, 0.7051211934699142, 0.7051211934699142, 0.7052914212022627, 0.7052914212022627, 0.7084929951053665, 0.7084929951053665, 0.7089195169846713, 0.7089195169846713, 0.7105212638119522, 0.7105212638119522, 0.7141623142530555, 0.7141623142530555, 0.7149500278437235, 0.7149500278437235, 0.7179382455523315, 0.7179382455523315, 0.7189332190275213, 0.7189332190275213, 0.7218748058266655, 0.7218748058266655, 0.7237700548081714, 0.7237700548081714, 0.7248628476801782, 0.7248628476801782, 0.7250044843049328, 0.7250044843049328, 0.7260528298015768, 0.7260528298015768, 0.727666783903397, 0.727666783903397, 0.729111316275389, 0.729111316275389, 0.7293459069726546, 0.7293459069726546, 0.7329132741287846, 0.7329132741287846, 0.7333384477856912, 0.7333384477856912, 0.734574709106363, 0.734574709106363, 0.7365150356106568, 0.7365150356106568, 0.7386325800873413, 0.7386325800873413, 0.739187930478619, 0.739187930478619, 0.740664043494827, 0.740664043494827, 0.741592441161816, 0.741592441161816, 0.7421350127494944, 0.7421350127494944, 0.7446334593628183, 0.7446334593628183, 0.7446670330314488, 0.7446670330314488, 0.7453310618716844, 0.7453310618716844, 0.7453793194407808, 0.7453793194407808, 0.7465880887482048, 0.7465880887482048, 0.7469011547817932, 0.7469011547817932, 0.7487132975761306, 0.7487132975761306, 0.7527082124329553, 0.7527082124329553, 0.7529040563908673, 0.7529040563908673, 0.7536597350449896, 0.7536597350449896, 0.7540415018025147, 0.7540415018025147, 0.7541912717254315, 0.7541912717254315, 0.7551717957736159, 0.7551717957736159, 0.7563249069433453, 0.7563249069433453, 0.7576826255165743, 0.7576826255165743, 0.758754315777133, 0.758754315777133, 0.760044564612093, 0.760044564612093, 0.7608850347313814, 0.7608850347313814, 0.7614757173422433, 0.7614757173422433, 0.7615406518362203, 0.7615406518362203, 0.7616919311820394, 0.7616919311820394, 0.7617053401330637, 0.7617053401330637, 0.7618309153257716, 0.7618309153257716, 0.7631693484568716, 0.7631693484568716, 0.7635343357073772, 0.7635343357073772, 0.7650053049620447, 0.7650053049620447, 0.7655483894604179, 0.7655483894604179, 0.7660975849233564, 0.7660975849233564, 0.7668024561094992, 0.7668024561094992, 0.7681375919575604, 0.7681375919575604, 0.7692556933087136, 0.7692556933087136, 0.7705156217943081, 0.7705156217943081, 0.770614203229872, 0.770614203229872, 0.7710481989507313, 0.7710481989507313, 0.7714393739558604, 0.7714393739558604, 0.771715437146458, 0.771715437146458, 0.7725767021307776, 0.7725767021307776, 0.7732243911017322, 0.7732243911017322, 0.774546894692107, 0.774546894692107, 0.7754710278730326, 0.7754710278730326, 0.7754858143556376, 0.7754858143556376, 0.7756910958703361, 0.7756910958703361, 0.776185966763387, 0.776185966763387, 0.7764086139687564, 0.7764086139687564, 0.778859008177262, 0.778859008177262, 0.7795525220551599, 0.7795525220551599, 0.7821692898385064, 0.7821692898385064, 0.7829201178229139, 0.7829201178229139, 0.7847523960256748, 0.7847523960256748, 0.7850394501597351, 0.7850394501597351, 0.7853176675752513, 0.7853176675752513, 0.7862422843576893, 0.7862422843576893, 0.7865864913977549, 0.7865864913977549, 0.7869186084000117, 0.7869186084000117, 0.7877172982795511, 0.7877172982795511, 0.7883802426800317, 0.7883802426800317, 0.7884780620768487, 0.7884780620768487, 0.7887580820070929, 0.7887580820070929, 0.7895208974471701, 0.7895208974471701, 0.7898582021747413, 0.7898582021747413, 0.7908105454438876, 0.7908105454438876, 0.791078636536827, 0.791078636536827, 0.7913207450394208, 0.7913207450394208, 0.791617515167502, 0.791617515167502, 0.7917425774495149, 0.7917425774495149, 0.7920775814062546, 0.7920775814062546, 0.7942433394882616, 0.7942433394882616, 0.7949335707377121, 0.7949335707377121, 0.796308962748029, 0.796308962748029, 0.7968838770186699, 0.7968838770186699, 0.798106919898004, 0.798106919898004, 0.7988539523432692, 0.7988539523432692, 0.7999979776664029, 0.7999979776664029, 0.8000760133649872, 0.8000760133649872, 0.800199463641959, 0.800199463641959, 0.8003728421114336, 0.8003728421114336, 0.8055530935842199, 0.8055530935842199, 0.8056733198511093, 0.8056733198511093, 0.806132770597028, 0.806132770597028, 0.8068552126381195, 0.8068552126381195, 0.8099701485975557, 0.8099701485975557, 0.8125365338960696, 0.8125365338960696, 0.8151159617808259, 0.8151159617808259, 0.8163986488466837, 0.8163986488466837, 0.8168803452621707, 0.8168803452621707, 0.8171117412585363, 0.8171117412585363, 0.8173534540871655, 0.8173534540871655, 0.8189111492130484, 0.8189111492130484, 0.8190581494182128, 0.8190581494182128, 0.8197299012280548, 0.8197299012280548, 0.8214899469503796, 0.8214899469503796, 0.821498915560245, 0.821498915560245, 0.8234980949031332, 0.8234980949031332, 0.824978853424778, 0.824978853424778, 0.8260633664527096, 0.8260633664527096, 0.8275910050118702, 0.8275910050118702, 0.8277781001787861, 0.8277781001787861, 0.8305019783698233, 0.8305019783698233, 0.8320858026319646, 0.8320858026319646, 