{"title": "number_of_rect_100_3", "popultion": 10, "subpopulation": 15, "number_of_rect": 100, "scores": [0.7190638793634045], "iters": [0], "finalScore": 0.7190638793634045, "finalIter": 2}