{"title": "number_of_rect_200_1", "popultion": 10, "subpopulation": 15, "number_of_rect": 200, "scores": [0.7270025498988832, 0.7270025498988832, 0.729925965004836, 0.729925965004836, 0.7316464286761042], "iters": [0, 0, 1, 3, 4], "finalScore": 0.7316464286761042, "finalIter": 5}