{"title": "number_of_rect_10_0", "popultion": 10, "subpopulation": 15, "number_of_rect": 10, "scores": [0.502069330871362], "iters": [0], "finalScore": 0.502069330871362, "finalIter": 5}