{"title": "number_of_rect_100_2", "popultion": 10, "subpopulation": 15, "number_of_rect": 100, "scores": [0.7109061373428296, 0.7109061373428296, 0.7119344793223716, 0.7119344793223716, 0.7121665347753452, 0.7121665347753452, 0.7125079427884756, 0.7125079427884756, 0.7133324687124476, 0.7133324687124476, 0.7147144113250681, 0.7147144113250681, 0.715491573610012, 0.715491573610012, 0.7161745508367772, 0.7161745508367772, 0.7162890178492922, 0.7162890178492922, 0.7169523725783289, 0.7169523725783289, 0.7176046337817639, 0.7176046337817639, 0.7177484539406196, 0.7177484539406196, 0.7179235469972742, 0.7179235469972742, 0.7190880740936135, 0.7190880740936135, 0.7193105161347051, 0.7193105161347051, 0.7197447609836162, 0.7197447609836162, 0.7200228318532196, 0.7200228318532196, 0.7200957237902634, 0.7200957237902634, 0.7201568480905067, 0.7201568480905067, 0.7206454175093057, 0.7206454175093057, 0.7207521615522143, 0.7207521615522143, 0.720936926639116], "iters": [0, 19, 20, 26, 27, 37, 38, 39, 40, 43, 44, 48, 49, 61, 62, 98, 99, 104, 105, 117, 118, 120, 121, 126, 127, 128, 129, 140, 141, 170, 171, 187, 188, 347, 348, 386, 387, 414, 415, 601, 602, 629, 630], "finalScore": 0.720936926639116, "finalIter": 1000}