{"title": "number_of_rect_20_1", "popultion": 10, "subpopulation": 15, "number_of_rect": 20, "scores": [0.6408621002960228, 0.6408621002960228, 0.641379641841789, 0.641379641841789, 0.6482847240540461, 0.6482847240540461, 0.6500733315747824, 0.6500733315747824, 0.6515554676280079, 0.6515554676280079, 0.6515580028722999, 0.6515580028722999, 0.6524969811541956, 0.6524969811541956, 0.653534277089012, 0.653534277089012, 0.654957296521, 0.654957296521, 0.6592428558867494, 0.6592428558867494, 0.6597001230985667, 0.6597001230985667, 0.661384082182948, 0.661384082182948, 0.6636169582930331, 0.6636169582930331, 0.6641462528210089, 0.6641462528210089, 0.6661085025938627, 0.6661085025938627, 0.6682937805914593, 0.6682937805914593, 0.669504235176881, 0.669504235176881, 0.6697558105454439, 0.6697558105454439, 0.6716459450745919, 0.6716459450745919, 0.6720481549869575, 0.6720481549869575, 0.6739728450423518, 0.6739728450423518, 0.6767082417421377, 0.6767082417421377, 0.6791473665699463, 0.6791473665699463, 0.680027609249978, 0.680027609249978, 0.6801970016706234, 0.6801970016706234, 0.6813364401066855, 0.6813364401066855, 0.6818153521498285, 0.6818153521498285, 0.6822314106509569, 0.6822314106509569, 0.6840325478472405, 0.6840325478472405, 0.6864294527975614, 0.6864294527975614, 0.6867500073272956, 0.6867500073272956, 0.6876775550279903, 0.6876775550279903, 0.6902462410973358, 0.6902462410973358, 0.690536035639966, 0.690536035639966, 0.6924849643893431, 0.6924849643893431, 0.6937458307687798, 0.6937458307687798, 0.6938383891673261, 0.6938383891673261, 0.6941795920161786, 0.6941795920161786, 0.6958726516017468, 0.6958726516017468, 0.6969281485389371, 0.6969281485389371, 0.6973276326973241, 0.6973276326973241, 0.6980506169582931, 0.6980506169582931, 0.6997189395937747, 0.6997189395937747, 0.7054487822034643, 0.7054487822034643, 0.7068714206160791, 0.7068714206160791, 0.7071171194935373, 0.7071171194935373, 0.7091863770919429, 0.7091863770919429, 0.7102641636624755, 0.7102641636624755, 0.7135816114188576, 0.7135816114188576, 0.7228988686655529, 0.7228988686655529, 0.7316268061783757, 0.7316268061783757, 0.7394512002110261, 0.7394512002110261, 0.7534795568451595, 0.7534795568451595, 0.7536225416923121, 0.7536225416923121, 0.7555771710776986, 0.7555771710776986, 0.7565866965620329, 0.7565866965620329, 0.7589258917318795, 0.7589258917318795, 0.7604708520179373, 0.7604708520179373, 0.7658431958732671, 0.7658431958732671, 0.7692513262405112, 0.7692513262405112, 0.7771428822650136, 0.7771428822650136, 0.7806867141475424, 0.7806867141475424, 0.7819350215422491, 0.7819350215422491, 0.7825135261877546, 0.7825135261877546, 0.7832861308948094, 0.7832861308948094, 0.7838116298836426, 0.7838116298836426, 0.7842804302588001, 0.7842804302588001, 0.7859889650927636, 0.7859889650927636, 0.7865707377121252, 0.7865707377121252, 0.7874769190187285, 0.7874769190187285, 0.7884921451390721, 0.7884921451390721, 0.7895218206864211, 0.7895218206864211, 0.7896388229432281, 0.7896388229432281, 0.7913726662563381, 0.7913726662563381, 0.793098024561095, 0.793098024561095, 0.7938460681731586, 0.7938460681731586, 0.7946752982209326, 0.7946752982209326, 0.7947468565901697, 0.7947468565901697, 0.7957821595005715, 0.7957821595005715, 0.7959262434420704, 0.7959262434420704, 0.7962383569272253, 0.7962383569272253, 0.797840089099915, 0.797840089099915, 0.7979081010580615, 0.7979081010580615, 0.7979457047392948, 0.7979457047392948, 0.7979812274685659, 0.7979812274685659, 0.7991114774758932, 0.7991114774758932, 0.800170975116504, 0.800170975116504, 0.8003350332659223, 0.8003350332659223, 0.8011786980861104, 0.8011786980861104, 0.8012366423400451, 0.8012366423400451, 0.8015877223834227, 0.8015877223834227, 0.8016079164102113, 0.8016079164102113, 0.802747178991178, 0.802747178991178, 0.8029291890149184, 0.8029291890149184, 0.8050220844690642, 0.8050220844690642, 0.8053706878865148, 0.8053706878865148, 0.8054560801899235, 0.8054560801899235, 0.8060684369412937, 0.8060684369412937, 0.806511269380697, 0.806511269380697, 0.8080271109938744, 0.8080271109938744, 0.8080621794308156, 0.8080621794308156, 0.8092255634690348, 0.8092255634690348, 0.8093623054603007, 0.8093623054603007, 0.8106136023916293, 0.8106136023916293, 0.810853117031566, 0.810853117031566, 0.8116009115155778, 0.8116009115155778, 0.8127444678917906, 0.8127444678917906, 0.8146121222779097, 0.8146121222779097, 0.8155220111961077, 0.8155220111961077, 0.8167254755414872, 0.8167254755414872, 0.8169802163017673, 0.8169802163017673, 0.817245112693807, 0.817245112693807, 0.8176078138280723, 0.8176078138280723, 0.8184080864034702, 0.8184080864034702, 0.8212771915941264, 0.8212771915941264, 0.8233616899674668, 0.8233616899674668, 0.8245392743046396, 0.8245392743046396, 0.825228157331692, 0.825228157331692, 0.8263443828951611, 0.8263443828951611, 0.8264819895073127, 0.8264819895073127, 0.8282506228201295, 0.8282506228201295, 0.8288249802163018, 0.8288249802163018, 0.8302597819396818, 0.8302597819396818, 0.8306573463466104, 0.8306573463466104, 0.8312561329464521, 0.8312561329464521, 0.8321930888947507, 0.8321930888947507, 0.8331665640845277, 0.8331665640845277, 0.834584425100384, 0.834584425100384, 0.8354470529616929, 0.8354470529616929, 0.83614181247985, 0.83614181247985, 0.8364028840235646, 0.8364028840235646, 0.8364242357630646, 0.8364242357630646, 0.8373713619977139, 0.8373713619977139, 0.8382629033676251, 0.8382629033676251, 0.8388585831941147, 0.8388585831941147, 0.8407965210000293, 0.8407965210000293, 0.840810149769923, 0.840810149769923, 0.8410765409302734, 0.8410765409302734, 0.842322767373018, 0.842322767373018, 0.8431752542571588, 0.8431752542571588, 0.8432364518303584, 0.8432364518303584, 0.8442019549224772, 0.8442019549224772, 0.8444450892464609, 0.8444450892464609, 0.8447331252381372, 0.8447331252381372, 0.8447492892523227, 0.8447492892523227, 0.8459652100002931, 0.8459652100002931, 0.8460488290981565, 0.8460488290981565, 0.8473900172924177, 0.8473900172924177, 0.8481893959377473, 0.8481893959377473, 0.8489481080922653, 0.8489481080922653, 0.8489616782437938, 0.8489616782437938, 0.8493578651191418, 0.8493578651191418, 0.8498414959406783, 0.8498414959406783, 0.8507302089744717, 0.8507302089744717, 0.8516023623201149, 0.8516023623201149, 0.8523037457135321, 0.8523037457135321, 0.8526015270084117, 0.8526015270084117, 0.8526223658372168, 0.8526223658372168, 0.8527504323104429, 0.8527504323104429, 0.8530796916673994, 0.8530796916673994, 0.8534796447727073],