{"title": "number_of_rect_50_3", "popultion": 10, "subpopulation": 15, "number_of_rect": 50, "scores": [0.6491987748761687, 0.6491987748761687, 0.6492225885870043, 0.6492225885870043, 0.6494783551686742, 0.6494783551686742, 0.6495493420088514, 0.6495493420088514, 0.6520551891907735, 0.6520551891907735, 0.6527645446818489, 0.6527645446818489, 0.6528239983586858, 0.6528239983586858, 0.6548403235733755, 0.6548403235733755, 0.6556694070752367, 0.6556694070752367, 0.6584336440106686, 0.6584336440106686, 0.6594276502828336, 0.6594276502828336, 0.6597632257686332, 0.6597632257686332, 0.6598393710249422, 0.6598393710249422, 0.6604175679240306, 0.6604175679240306, 0.6616538585538849, 0.6616538585538849, 0.6617816172806941, 0.6617816172806941, 0.6621262346493156, 0.6621262346493156, 0.6631023916292975, 0.6631023916292975, 0.6633689732993346, 0.6633689732993346, 0.6640264368826754, 0.6640264368826754, 0.6654847445704739, 0.6654847445704739, 0.6662508426389988, 0.6662508426389988, 0.6665892024971423, 0.6665892024971423, 0.6676380609044814, 0.6676380609044814, 0.668524355930713, 0.668524355930713, 0.669117676368006, 0.669117676368006, 0.6700734341569213, 0.6700734341569213, 0.6706587971511475, 0.6706587971511475, 0.671603402796096, 0.671603402796096, 0.6720115331633401, 0.6720115331633401, 0.6720584278554471, 0.6720584278554471, 0.6722266918725637, 0.6722266918725637, 0.6736315542659514, 0.6736315542659514, 0.673900114305812, 0.673900114305812, 0.6745338814150473, 0.6745338814150473, 0.6746339869281046, 0.6746339869281046, 0.6748716697441308, 0.6748716697441308, 0.6753137401447873, 0.6753137401447873, 0.67619719218031, 0.67619719218031, 0.6784168351944664, 0.6784168351944664, 0.6786937630059497, 0.6786937630059497, 0.6792213429467453, 0.6792213429467453, 0.6795322840645974, 0.6795322840645974, 0.6820704299657083, 0.6820704299657083, 0.6826101439080865, 0.6826101439080865, 0.6840463964360034, 0.6840463964360034, 0.6841777162284943, 0.6841777162284943, 0.684373384331311, 0.684373384331311, 0.6844442978985317, 0.6844442978985317, 0.6847399835868577, 0.6847399835868577, 0.6851949353732525, 0.6851949353732525, 0.6860964858290102, 0.6860964858290102, 0.6865876930742402, 0.6865876930742402, 0.6873683284973182, 0.6873683284973182, 0.6873947946891761, 0.6873947946891761, 0.6883110290454, 0.6883110290454, 0.6889108268120402, 0.6889108268120402, 0.6905673085377648, 0.6905673085377648, 0.6907979424953838, 0.6907979424953838, 0.6916859521087957, 0.6916859521087957, 0.6928361323602685, 0.6928361323602685, 0.69365117676368, 0.69365117676368, 0.6948234268296257, 0.6948234268296257, 0.6977631818048595, 0.6977631818048595, 0.698163325419854, 0.698163325419854, 0.6990204138456578, 0.6990204138456578, 0.7011527448049474, 0.7011527448049474, 0.7014369559482986, 0.7014369559482986, 0.7026816876227322, 0.7026816876227322, 0.7039991646882968, 0.7039991646882968, 0.7040084850083531, 0.7040084850083531, 0.706652671531991, 0.706652671531991, 0.7068927137372139, 0.7068927137372139, 0.7070210879568569, 0.7070210879568569, 0.7073540695799995, 0.7073540695799995, 0.7075312582432076, 0.7075312582432076, 0.7083705706497846, 0.7083705706497846, 0.7092533046103344, 0.7092533046103344, 0.7125470558926112, 0.7125470558926112, 0.7135972918315308, 0.7135972918315308, 0.7137367449221841, 0.7137367449221841, 0.7169074269468625, 0.7169074269468625, 0.71806188633899, 0.71806188633899, 0.7190655939505848, 0.7190655939505848, 0.719204167765761, 0.719204167765761, 0.7200656379143586, 0.7200656379143586, 0.7207811190245904, 0.7207811190245904, 0.7213604003634339, 0.7213604003634339, 0.7250273015035611, 0.7250273015035611, 0.7254612386060553, 0.7254612386060553, 0.7284875875611829, 0.7284875875611829, 0.7285057592543744, 0.7285057592543744, 0.7285556727922858, 0.7285556727922858, 0.7297854421290191, 0.7297854421290191, 0.7302558984729917, 0.7302558984729917, 0.7308045810252353, 0.7308045810252353, 0.732342932090624, 0.732342932090624, 0.7326395263636097, 0.7326395263636097, 0.7334574430669129, 0.7334574430669129, 0.7356614935959436, 0.7356614935959436, 0.737249509071192, 0.737249509071192, 0.737858700430845, 0.737858700430845, 0.7411021718104283, 0.7411021718104283, 0.7412868636243735, 0.7412868636243735, 0.7431963422140156, 0.7431963422140156, 0.7441021425012456, 0.7441021425012456, 0.7449446789179051, 0.7449446789179051, 0.7459823265629122, 0.7459823265629122, 0.7461917406723526, 0.7461917406723526, 0.7477365397579061, 0.7477365397579061, 0.7483601219261995, 0.7483601219261995, 0.750188604589818, 0.750188604589818, 0.7516047217093116, 0.7516047217093116, 0.7535897740262024, 0.7535897740262024, 0.7549508924646091, 0.7549508924646091, 0.7565098478853425, 0.7565098478853425, 0.7567257393241302, 0.7567257393241302, 0.7569012427093409, 0.7569012427093409, 0.7579153550807468, 0.7579153550807468, 0.7580249860781383, 0.7580249860781383, 0.7592994665728773, 0.7592994665728773, 0.7616709604619127, 0.7616709604619127, 0.7639822825991383, 0.7639822825991383, 0.7648156598962454, 0.7648156598962454, 0.7652281866408746, 0.7652281866408746, 0.7674562706996102, 0.7674562706996102, 0.76756679562707, 0.76756679562707, 0.7678474017409654, 0.7678474017409654, 0.7693455112986899, 0.7693455112986899, 0.7703546264544682, 0.7703546264544682, 0.7712237902634895, 0.7712237902634895, 0.7730560391570679, 0.7730560391570679, 0.7731894399015211, 0.7731894399015211, 0.7743420088513732, 0.7743420088513732, 0.777353424777983, 0.777353424777983, 0.7799590697265453, 0.7799590697265453, 0.7824670564787948, 0.7824670564787948, 0.783053870277558, 0.783053870277558, 0.7850988598727981, 0.7850988598727981, 0.7879923209941675, 0.7879923209941675, 0.7882822620827106, 0.7882822620827106, 0.792289164395205, 0.792289164395205, 0.792469752923591, 0.792469752923591, 0.7946828892992175, 0.7946828892992175, 0.7951905829596413, 0.7951905829596413, 0.7966769834989302, 0.7966769834989302, 0.7970169846712976, 0.7970169846712976, 0.7970937747296228, 0.7970937747296228, 0.7991535068436941, 0.7991535068436941, 0.799438890354348, 0.799438890354348, 0.8001894692107037, 0.8001894692107037, 0.8018994548492042, 0.8018994548492042, 0.8020096866848384, 0.8020096866848384, 0.8028576306456813, 0.8028576306456813, 0.8045866379436677, 0.8045866379436677, 0.8073786160203992, 0.8073786160203992, 0.8092606465605674, 0.8092606465605674, 0.8097914212022627, 0.8097914212022627, 0.8105986986722941, 0.8105986986722941, 0.8108157185146107, 0.8108157185146107, 0.8117581552800492],