{"title": "number_of_rect_100_0", "popultion": 10, "subpopulation": 15, "number_of_rect": 100, "scores": [0.7163509041882823], "iters": [0], "finalScore": 0.7163509041882823, "finalIter": 2}