{"title": "number_of_rect_50_3", "popultion": 10, "subpopulation": 15, "number_of_rect": 50, "scores": [0.6775970866672528], "iters": [0], "finalScore": 0.6775970866672528, "finalIter": 2}