{"title": "number_of_rect_200_1", "popultion": 10, "subpopulation": 15, "number_of_rect": 200, "scores": [0.7308814003927431], "iters": [0], "finalScore": 0.7308814003927431, "finalIter": 2}