{"title": "number_of_rect_200_3", "popultion": 10, "subpopulation": 15, "number_of_rect": 200, "scores": [0.7198227966822005, 0.7198227966822005, 0.7206023037017497, 0.7206023037017497, 0.7209532371992144, 0.7209532371992144, 0.7214938743808434, 0.7214938743808434, 0.7218255810545444, 0.7218255810545444, 0.7231609806852487, 0.7231609806852487, 0.7237598698672294, 0.7237598698672294, 0.7238766229959847, 0.7238766229959847, 0.7239750139218617, 0.7239750139218617, 0.7264515372666256, 0.7264515372666256, 0.7265533134030893, 0.7265533134030893, 0.7267452592397199, 0.7267452592397199, 0.7274342448489112, 0.7274342448489112, 0.7277879334095372, 0.7277879334095372, 0.7279979043934465, 0.7279979043934465, 0.7281722500659458, 0.7281722500659458, 0.7282125648465665, 0.7282125648465665, 0.7285280342331253, 0.7285280342331253, 0.7285795011577128, 0.7285795011577128, 0.7289003927430464, 0.7289003927430464, 0.728982062780269, 0.728982062780269, 0.7302293150444034, 0.7302293150444034, 0.7308437380931445, 0.7308437380931445, 0.730916600721006, 0.730916600721006, 0.7316882528796271, 0.7316882528796271, 0.7318235587209473, 0.7318235587209473, 0.7319580878689294, 0.7319580878689294, 0.7320323426829625, 0.7320323426829625, 0.7325492980450775, 0.7325492980450775, 0.7328976523344763, 0.7328976523344763, 0.7330310677335209, 0.7330310677335209, 0.7331977783639614], "iters": [0, 4, 5, 8, 9, 11, 12, 16, 17, 18, 19, 40, 41, 47, 48, 48, 49, 50, 51, 118, 119, 123, 124, 124, 125, 185, 186, 279, 280, 299, 300, 320, 321, 327, 328, 341, 342, 366, 367, 386, 387, 389, 390, 467, 468, 526, 527, 565, 566, 689, 690, 799, 800, 905, 906, 928, 929, 944, 945, 980, 981, 985, 986], "finalScore": 0.7331977783639614, "finalIter": 1000}