{"title": "number_of_rect_200_2", "popultion": 10, "subpopulation": 15, "number_of_rect": 200, "scores": [0.7186127231161523, 0.7186127231161523, 0.719026729974501, 0.719026729974501, 0.7193016354523872, 0.7193016354523872, 0.720668703654855, 0.720668703654855, 0.7215524341276123, 0.7215524341276123, 0.7216217356897916, 0.7216217356897916, 0.7220566839590843, 0.7220566839590843, 0.7241351006770421, 0.7241351006770421, 0.7251118291860841, 0.7251118291860841, 0.7268809021366394, 0.7268809021366394, 0.7277895893783521, 0.7277895893783521, 0.7281072569536036, 0.7281072569536036, 0.7286420322987193, 0.7286420322987193, 0.7287156423107359, 0.7287156423107359, 0.7287323192356165, 0.7287323192356165, 0.7293638735015681, 0.7293638735015681, 0.7296065535332219, 0.7296065535332219, 0.7297057651162109, 0.7297057651162109, 0.7298157038600193, 0.7298157038600193, 0.7300324745742841, 0.7300324745742841, 0.7303036431313931, 0.7303036431313931, 0.7310835311703157, 0.7310835311703157, 0.7312735572554881, 0.7312735572554881, 0.7315368416424866, 0.7315368416424866, 0.731656393798177, 0.731656393798177, 0.7316903777953633, 0.7316903777953633, 0.7318603124358862, 0.7318603124358862, 0.7319065623259767, 0.7319065623259767, 0.7321215012163311, 0.7321215012163311, 0.7328061344119112, 0.7328061344119112, 0.7331286526568774, 0.7331286526568774, 0.7331477036255458, 0.7331477036255458, 0.7333353263577479, 0.7333353263577479, 0.7336226149652687, 0.7336226149652687, 0.73363690319177, 0.73363690319177, 0.7336965327237024, 0.7336965327237024, 0.7337957296521, 0.7337957296521, 0.7339783112049005, 0.7339783112049005, 0.7340380433189718, 0.7340380433189718, 0.7341491104663092, 0.7341491104663092, 0.7342235997538029, 0.7342235997538029, 0.734299964828981, 0.734299964828981, 0.7345292359096105, 0.7345292359096105, 0.735075896128257, 0.735075896128257, 0.7350882206395264, 0.7350882206395264, 0.7351200943755679, 0.7351200943755679, 0.7355267006653184, 0.7355267006653184, 0.7360120314194437, 0.7360120314194437, 0.7360248834959993, 0.7360248834959993, 0.7362125501919752, 0.7362125501919752, 0.7364574723760955, 0.7364574723760955, 0.7365037662299598, 0.7365037662299598, 0.7365091444649609, 0.7365091444649609, 0.7366655089539553, 0.7366655089539553, 0.7368494533837451, 0.7368494533837451, 0.7368761100852897, 0.7368761100852897, 0.7374348456871538, 0.7374348456871538, 0.7375392449954571, 0.7375392449954571, 0.7378121427943375, 0.7378121427943375, 0.7382203464345379, 0.7382203464345379, 0.7382427679592016, 0.7382427679592016, 0.738459260236232, 0.738459260236232, 0.7385306720595562, 0.7385306720595562, 0.7385732289926434, 0.7385732289926434, 0.7386495794132302, 0.7386495794132302, 0.7386850581787274, 0.7386850581787274, 0.7387516926052933, 0.7387516926052933, 0.7388010785779184, 0.7388010785779184, 0.7388409830299834, 0.7388409830299834, 0.7391499750871948, 0.7391499750871948, 0.7395753392537883, 0.7395753392537883, 0.7395806295612415, 0.7395806295612415, 0.7400138485887628, 0.7400138485887628, 0.7400656965327237, 0.7400656965327237, 0.7401306456812919, 0.7401306456812919, 0.7401798851080044, 0.7401798851080044, 0.7407120372812803, 0.7407120372812803, 0.7409120138339342, 0.7409120138339342, 0.7410939505847182, 0.7410939505847182, 0.7414966587531874, 0.7414966587531874, 0.7415267153199097, 0.7415267153199097, 0.7422372285236964, 0.7422372285236964, 0.7426739646531257, 0.7426739646531257, 0.7427604267416982, 0.7427604267416982, 0.7429093320437292, 0.7429093320437292, 0.7430590580028723, 0.7430590580028723, 0.743071192004455, 0.743071192004455, 0.7441849555965885, 0.7441849555965885, 0.7446520120753832, 0.7446520120753832, 0.7449084967320261, 0.7449084967320261, 0.7456619625428647, 0.7456619625428647, 0.7461159031624608, 0.7461159031624608, 0.7463557402034058, 0.7463557402034058, 0.7464080570942877, 0.7464080570942877, 0.7465370614613558, 0.7465370614613558, 0.7467001670623407, 0.7467001670623407, 0.7481992731322724, 0.7481992731322724, 0.7483461414461151, 0.7483461414461151, 0.7483677862774407, 0.7483677862774407, 0.74868839942554, 0.74868839942554, 0.748846918139453, 0.748846918139453, 0.7488882733960549, 0.7488882733960549, 0.7490945221137782, 0.7490945221137782, 0.7494846566429263, 0.7494846566429263, 0.7495900524634368, 0.7495900524634368, 0.7498991031390134, 0.7498991031390134, 0.7503114686831385, 0.7503114686831385, 0.7504065476713855, 0.7504065476713855, 0.7508344763914534, 0.7508344763914534, 0.751093012690876, 0.751093012690876, 0.7513099006418711, 0.7513099006418711, 0.751393754213195, 0.751393754213195, 0.7514895073126411, 0.7514895073126411, 0.7514941967818518, 0.7514941967818518, 0.7515775814062546, 0.7515775814062546, 0.7516896597203904, 0.7516896597203904, 0.7519100794278848, 0.7519100794278848, 0.7519228582314839, 0.7519228582314839, 0.7520737419033383, 0.7520737419033383, 0.7521886778627744, 0.7521886778627744, 0.7523317213282922, 0.7523317213282922, 0.7523513731352033, 0.7523513731352033, 0.7524774905477887, 0.7524774905477887, 0.7525838096075501, 0.7525838096075501, 0.7527364078665846, 0.7527364078665846, 0.7528506110964566, 0.7528506110964566, 0.7528787186025382, 0.7528787186025382, 0.7529503355901404, 0.7529503355901404, 0.7530604062252704, 0.7530604062252704, 0.7532149388903544, 0.7532149388903544, 0.7532820129546587, 0.7532820129546587, 0.7534133327471497, 0.7534133327471497, 0.753415003370556, 0.753415003370556, 0.7534453090653301, 0.7534453090653301, 0.7537546967965063, 0.7537546967965063, 0.7537939564465548, 0.7537939564465548, 0.7538274128784548, 0.7538274128784548, 0.7538372607637973, 0.7538372607637973, 0.7540660482429145, 0.7540660482429145, 0.7541085612122278, 0.7541085612122278, 0.7542198628330256, 0.7542198628330256, 0.7542680764383481, 0.7542680764383481, 0.7546559541604385], "iters": [0, 3, 4, 6, 7, 9, 10, 15, 16, 23, 24, 25, 26, 26, 27, 31, 32, 32, 33, 33, 34, 34, 35, 35, 36, 36, 37, 37, 38, 38, 39, 39, 40, 41, 42, 42, 43, 44, 45, 45, 46, 47, 48, 55, 56, 60, 61, 63, 64, 65, 66, 70, 71, 71, 72, 72, 73, 73, 74, 76, 77, 82, 83, 85, 86, 86, 87, 88, 89, 90, 91, 91, 92, 92, 93, 94, 95, 95, 96, 98, 99, 100, 101, 101, 102, 102, 103, 103, 104, 104, 105, 107, 108, 112, 113, 116, 117, 117, 118, 119, 120, 122, 123, 138, 139, 141, 142, 143, 144, 145, 146, 147, 148, 158, 159, 161, 162, 186, 187, 190, 191, 211, 212, 220, 221, 244, 245, 270, 271, 274, 275, 281, 282, 284, 285, 289, 290, 302, 303, 332, 333, 335, 336, 339, 340, 345, 346, 352, 353, 354, 355, 359, 360, 371, 372, 381, 382, 386, 387, 403, 404, 409, 410, 416, 417, 420, 421, 425, 426, 430, 431, 433, 434, 437, 438, 444, 445, 447, 448, 450, 451, 451, 452, 453, 454, 454, 455, 456, 457, 459, 460, 460, 461, 469, 470, 471, 472, 479, 480, 480, 481, 481, 482, 483, 484, 484, 485, 485, 486, 488, 489, 491, 492, 492, 493, 496, 497, 498, 499, 505, 506, 513, 514, 518, 519, 529, 530, 533, 534, 537, 538, 548, 549, 570, 571, 574, 575, 577, 578, 591, 592, 594, 595, 609, 610, 612, 613, 617, 618, 621, 622, 630, 631, 638, 639, 642, 643, 667, 668, 668, 669, 703, 704, 716, 717, 727, 728, 767, 768, 779, 780, 798, 799, 821, 822, 845, 846, 874, 875, 890, 891, 944, 945, 990, 991], "finalScore": 0.7546559541604385, "finalIter": 1000}