{"title": "number_of_rect_200_4", "popultion": 10, "subpopulation": 15, "number_of_rect": 200, "scores": [0.7313671268208329, 0.7313671268208329, 0.7321264398135936, 0.7321264398135936, 0.7337490108150884, 0.7337490108150884, 0.734144450306281, 0.734144450306281, 0.7350735513936517, 0.7350735513936517, 0.7371283449104604, 0.7371283449104604, 0.7379904452064832, 0.7379904452064832, 0.7386934406049416, 0.7386934406049416, 0.7418555790029016, 0.7418555790029016, 0.7421049415281809, 0.7421049415281809, 0.742901565110349, 0.742901565110349, 0.7434536035639966, 0.7434536035639966, 0.7439139042762097, 0.7439139042762097, 0.7442022919780766, 0.7442022919780766, 0.7443741317154664, 0.7443741317154664, 0.7444270787537736, 0.7444270787537736, 0.7445342917436033, 0.7445342917436033, 0.7447444825463818, 0.7447444825463818, 0.7448346375919576, 0.7448346375919576, 0.7451076526275682], "iters": [0, 13, 14, 15, 16, 17, 18, 18, 19, 19, 20, 22, 23, 24, 25, 31, 32, 56, 57, 78, 79, 112, 113, 146, 147, 270, 271, 388, 389, 505, 506, 523, 524, 763, 764, 821, 822, 961, 962], "finalScore": 0.7451076526275682, "finalIter": 1000}