{"title": "number_of_rect_300_0", "popultion": 10, "subpopulation": 15, "number_of_rect": 300, "scores": [0.7309109147395879], "iters": [0], "finalScore": 0.7309109147395879, "finalIter": 5}