{"title": "number_of_rect_10_4", "popultion": 10, "subpopulation": 15, "number_of_rect": 10, "scores": [0.5557182947917583, 0.5557182947917583, 0.5559342741580937, 0.5559342741580937, 0.5559416454175092, 0.5559416454175092, 0.5559678038629503, 0.5559678038629503, 0.5559982267944548, 0.5559982267944548, 0.556128066473226, 0.556128066473226, 0.556177130044843, 0.556177130044843, 0.5562751692605293, 0.5562751692605293, 0.5562785544711157, 0.5562785544711157, 0.5562885635569623, 0.5562885635569623, 0.5563341100266713, 0.5563341100266713, 0.5563746446261614, 0.5563746446261614, 0.5563752161552213, 0.5563752161552213, 0.5564202350596442, 0.5564202350596442, 0.5564592309270494, 0.5564592309270494, 0.556510595269498, 0.556510595269498, 0.5565247369500864, 0.5565247369500864, 0.5566829332629912, 0.5566829332629912, 0.5567981476596617, 0.5567981476596617, 0.5568708197778365, 0.5568708197778365, 0.5569428617485859, 0.5569428617485859, 0.5569737829361939, 0.5569737829361939, 0.5571677364518304, 0.5571677364518304, 0.5573804185351271, 0.5573804185351271, 0.5574899469503796, 0.5574899469503796, 0.5576150092323925, 0.5576150092323925, 0.5576380022861163, 0.5576380022861163, 0.5576460916205046, 0.5576460916205046, 0.5576778774289985, 0.5576778774289985, 0.5576928251121076, 0.5576928251121076, 0.5578032474574284, 0.5578032474574284, 0.5578306075793547, 0.5578306075793547, 0.5578536445968522, 0.5578536445968522, 0.5578661596178083, 0.5578661596178083, 0.5579264779155308, 0.5579264779155308, 0.5579428910577684, 0.5579428910577684, 0.5580519358715086, 0.5580519358715086, 0.5580693015621794, 0.5580693015621794, 0.5580695067264574, 0.5580695067264574, 0.5580942290219526, 0.5580942290219526, 0.5580997684574577, 0.5580997684574577, 0.5581139394472288, 0.5581139394472288, 0.5581239338784841, 0.5581239338784841, 0.5581261906855417, 0.5581261906855417, 0.5581308948093437, 0.5581308948093437, 0.558134426565843, 0.558134426565843, 0.5581406987309123, 0.5581406987309123, 0.5581462381664175, 0.5581462381664175, 0.5581547671385445, 0.5581547671385445, 0.5581685277997597, 0.5581685277997597, 0.5581690260558634, 0.5581690260558634, 0.5581806324921598, 0.5581806324921598, 0.5582084175972333, 0.5582084175972333, 0.5582162431489786, 0.5582162431489786, 0.5582168586418125, 0.5582168586418125, 0.5582201266156687, 0.5582201266156687, 0.5582372871420616, 0.5582372871420616, 0.5582483660130719, 0.5582483660130719, 0.5582518391512061, 0.5582518391512061, 0.5582603095049679, 0.5582603095049679, 0.5582670506169582, 0.5582670506169582, 0.5582799173481052, 0.5582799173481052, 0.5583067352501538, 0.5583067352501538, 0.5583255663999531, 0.5583255663999531, 0.5583990738298309, 0.5583990738298309, 0.5584216272458161, 0.5584216272458161, 0.5584659573844486, 0.5584659573844486, 0.5584974940648906, 0.5584974940648906, 0.5585689645065799, 0.5585689645065799, 0.5585836044432722, 0.5585836044432722, 0.5585890119874557, 0.5585890119874557, 0.5586015563175943, 0.5586015563175943, 0.5586093525601571, 0.5586093525601571, 0.5586111990386589, 0.5586111990386589, 0.5587354846273338, 0.5587354846273338, 0.5587420791934112, 0.5587420791934112, 0.5587510331486855, 0.5587510331486855, 0.5588270758228553, 0.5588270758228553, 0.558882015885577, 0.558882015885577, 0.5589078958937835, 0.5589078958937835, 0.5589366921656556, 0.5589366921656556, 0.5589532518538058, 0.5589532518538058, 0.558970119288373, 0.558970119288373, 0.558984026495501, 0.558984026495501, 0.5589931563058707, 0.5589931563058707, 0.5589946071104077, 0.5589946071104077, 0.5589994431255312, 0.5589994431255312, 0.5590029895366218, 0.5590029895366218, 0.5590064480201647, 0.5590064480201647, 0.559018303584513, 0.559018303584513, 0.5590189776957121, 0.5590189776957121, 0.5590237697470617, 0.5590237697470617, 0.5590254843342419, 0.5590254843342419, 0.5590284738708637, 0.5590284738708637, 0.5590287523080981, 0.5590287523080981, 0.5590330461033441, 0.5590330461033441, 0.5590379993551979, 0.5590379993551979, 0.5590394208505525, 0.5590394208505525, 0.5590465722910988, 0.5590465722910988, 0.5590478325859491, 0.5590478325859491, 0.5590482722236877, 0.5590482722236877, 0.5590487997889739, 0.5590487997889739, 0.5590495032093554, 0.5590495032093554, 0.5590560831208418, 0.5590560831208418, 0.559061988921129, 0.559061988921129, 0.5590622380491808, 0.5590622380491808, 0.5590806588704241, 0.5590806588704241, 0.5590830182596207, 0.5590830182596207, 0.559086755180398, 0.559086755180398, 0.559088044784431, 0.559088044784431, 0.5590922799613118, 0.5590922799613118, 0.5590940385122659, 0.5590940385122659, 0.5591012632257686, 0.5591012632257686, 0.5591027726486708, 0.5591027726486708, 0.5591033734869135, 0.5591033734869135, 0.5591037984700606, 0.5591037984700606, 0.5591123127875963, 0.5591123127875963, 0.5591132799906211, 0.5591132799906211, 0.5591216477622438, 0.5591216477622438, 0.5591245786805006, 0.5591245786805006, 0.5591259269028986, 0.5591259269028986, 0.5591298543333627, 0.5591298543333627, 0.5591320232128726, 0.5591320232128726, 0.5591414754242504, 0.5591414754242504, 0.5591465019490607, 0.5591465019490607, 0.5591564817257246, 0.5591564817257246, 0.5591588557695126, 0.5591588557695126, 0.5591665054661625, 0.5591665054661625, 0.5591678829977431, 0.5591678829977431, 0.5591726457399103, 0.5591726457399103, 0.5591773791728949, 0.5591773791728949, 0.5591798851080043, 0.5591798851080043, 0.5591814238400892, 0.5591814238400892, 0.5591870218939594, 0.5591870218939594, 0.5591876080776107, 0.5591876080776107, 0.5591940560977755, 0.5591940560977755, 0.5591983938567953, 0.5591983938567953, 0.5591996101878719, 0.5591996101878719, 0.5592034643453794, 0.5592034643453794, 0.5592198188692518, 0.5592198188692518, 0.5592256513965825, 0.5592256513965825, 0.5592260031067733, 0.5592260031067733, 0.55923384331311, 0.55923384331311, 0.5592382103813125, 0.5592382103813125, 0.5592615697998182, 0.5592615697998182, 0.5592649989741786, 0.5592649989741786, 0.5592817931357894, 0.5592817931357894, 0.5593023535273601, 0.5593023535273601, 0.5593064568129195, 0.5593064568129195, 0.5593160116064363, 0.5593160116064363, 0.5593249655617105, 0.5593249655617105, 0.5593344763914534, 0.5593344763914534, 0.5593455112986898, 0.5593455112986898, 0.559345672499194, 0.559345672499194, 0.5593463026466192, 0.5593463026466192, 0.5593512705530643, 0.5593512705530643, 0.5593538644157214, 0.5593538644157214, 0.5593549195462939, 0.5593549195462939, 0.5593626278613089, 0.5593626278613089, 0.5593715525074006, 0.5593715525074006, 0.5593805357718573, 0.5593805357718573, 0.5593810486825522, 0.5593810486825522, 0.5593823236319939, 0.5593823236319939, 0.5593850786951552, 0.5593850786951552, 0.5593915999882764, 0.5593915999882764, 0.5593916439520502, 0.5593916439520502, 0.5594078226208271, 0.5594078226208271, 0.5594081157126528, 0.5594081157126528, 0.5594270201354083, 0.5594270201354083, 0.5594303320730385, 0.5594303320730385, 0.5594508631554267, 0.5594508631554267, 0.5594554353879071, 0.5594554353879071, 0.5594554940062721, 0.5594554940062721, 0.5594556845159588, 0.5594556845159588, 0.5594621032269409, 0.5594621032269409, 0.5594651953457018, 0.5594651953457018, 0.559465459128345, 0.559465459128345, 0.55947042703479, 0.55947042703479, 0.5594776517482927, 0.5594776517482927, 0.5594854479908555, 0.5594854479908555, 0.5594854626454469, 0.5594854626454469, 0.5594956475863888, 0.5594956475863888, 0.5594964975526833, 0.5594964975526833, 0.5595001905096866, 0.5595001905096866, 0.5595020516427797, 0.5595020516427797, 0.5595084996629444, 0.5595084996629444, 0.5595174389636273, 0.5595174389636273, 0.5595208974471702, 0.5595208974471702, 0.5595221137782467, 0.5595221137782467, 0.5595314634074855, 0.5595314634074855, 0.5595335150502652, 0.5595335150502652, 0.5595339986517776, 0.5595339986517776, 0.559537427826138, 0.559537427826138, 0.5595411207831413, 0.5595411207831413, 0.5595468800375157, 0.5595468800375157, 0.559549840264955, 0.559549840264955, 0.5595565227585803, 0.5595565227585803, 0.5595570503238665, 0.5595570503238665, 