{"title": "number_of_rect_50_2", "popultion": 10, "subpopulation": 15, "number_of_rect": 50, "scores": [0.6638124212315719], "iters": [0], "finalScore": 0.6638124212315719, "finalIter": 2}