{"title": "number_of_rect_50_3", "popultion": 10, "subpopulation": 15, "number_of_rect": 50, "scores": [0.6651338990005569], "iters": [0], "finalScore": 0.6651338990005569, "finalIter": 5}