{"title": "number_of_rect_200_1", "popultion": 10, "subpopulation": 15, "number_of_rect": 200, "scores": [0.7430545150795744, 0.7430545150795744, 0.7465893343884639, 0.7465893343884639, 0.7473539230340865, 0.7473539230340865, 0.7474283537032151, 0.7474283537032151, 0.7478043025880008, 0.7478043025880008, 0.7487240100823588, 0.7487240100823588, 0.7493270904774466, 0.7493270904774466, 0.7496092646326094, 0.7496092646326094, 0.7499605644948563, 0.7499605644948563, 0.7508277059702805, 0.7508277059702805, 0.7513095782408629, 0.7513095782408629, 0.7531039889797473, 0.7531039889797473, 0.7532941469562414, 0.7532941469562414, 0.7546565256894985, 0.7546565256894985, 0.754748424631437, 0.754748424631437, 0.7552643688267534, 0.7552643688267534, 0.7567843869984466, 0.7567843869984466, 0.7582244936838711, 0.7582244936838711, 0.7585691989800405, 0.7585691989800405, 0.7594158973006243], "iters": [0, 8, 9, 13, 14, 15, 16, 16, 17, 17, 18, 20, 21, 21, 22, 42, 43, 44, 45, 67, 68, 70, 71, 113, 114, 128, 129, 388, 389, 423, 424, 490, 491, 793, 794, 911, 912, 974, 975], "finalScore": 0.7594158973006243, "finalIter": 1000}