{"title": "number_of_rect_10_2", "popultion": 10, "subpopulation": 15, "number_of_rect": 10, "scores": [0.5614133913655148], "iters": [0], "finalScore": 0.5614133913655148, "finalIter": 5}