{"title": "number_of_rect_50_2", "popultion": 10, "subpopulation": 15, "number_of_rect": 50, "scores": [0.664578636536827, 0.664578636536827, 0.6646098947800345, 0.6646098947800345, 0.6654132887833758, 0.6654132887833758, 0.6667445411647469, 0.6667445411647469, 0.6670774202057506, 0.6670774202057506, 0.6687361147747589, 0.6687361147747589, 0.6693383891673261, 0.6693383891673261, 0.670317696884434, 0.670317696884434, 0.6709375714411325, 0.6709375714411325, 0.6721117852223102, 0.6721117852223102, 0.6724109293941791, 0.6724109293941791, 0.6741036372695566, 0.6741036372695566, 0.6743212579501158, 0.6743212579501158, 0.6766211201969576, 0.6766211201969576, 0.6771119024590404, 0.6771119024590404, 0.6800089686098655, 0.6800089686098655, 0.6809601102025264, 0.6809601102025264, 0.681111360239163, 0.681111360239163, 0.6818383158943697, 0.6818383158943697, 0.6820818312377268, 0.6820818312377268, 0.6826418417890325, 0.6826418417890325, 0.6828706292681497, 0.6828706292681497, 0.6854591869632756, 0.6854591869632756, 0.6894058589055951, 0.6894058589055951, 0.6894273718455992, 0.6894273718455992, 0.6911444209970985, 0.6911444209970985, 0.6911663882294323, 0.6911663882294323, 0.6918490723643718, 0.6918490723643718, 0.6918876872124036, 0.6918876872124036, 0.6920503092118762, 0.6920503092118762, 0.692399337612474, 0.692399337612474, 0.693865426888244, 0.693865426888244, 0.694735030335004, 0.694735030335004, 0.695075485799701, 0.695075485799701, 0.6963321023476655, 0.6963321023476655, 0.6967307365397579, 0.6967307365397579, 0.6972889152671532, 0.6972889152671532, 0.6979274890823295, 0.6979274890823295, 0.6980427474427737, 0.6980427474427737, 0.6988478999970691, 0.6988478999970691, 0.6999003341246812, 0.6999003341246812, 0.700318532196137, 0.700318532196137, 0.7004207333157478, 0.7004207333157478, 0.7016693631114628, 0.7016693631114628, 0.7022954072510917, 0.7022954072510917, 0.7024051994489874, 0.7024051994489874, 0.7034855505729944, 0.7034855505729944, 0.7034973475189776, 0.7034973475189776, 0.7036061725138485, 0.7036061725138485, 0.7053001993024415, 0.7053001993024415, 0.7057016471760602, 0.7057016471760602, 0.7065056420176441, 0.7065056420176441, 0.7083916439520501, 0.7083916439520501, 0.7089498812978106, 0.7089498812978106, 0.7089914124095078, 0.7089914124095078, 0.7091197133561944, 0.7091197133561944, 0.7098926551188487, 0.7098926551188487, 0.710133342126088, 0.710133342126088, 0.7106489785749875, 0.7106489785749875, 0.7108519153550807, 0.7108519153550807, 0.7110581494182127, 0.7110581494182127, 0.7113255663999531, 0.7113255663999531, 0.7116650986253994, 0.7116650986253994, 0.712283478413787, 0.712283478413787, 0.7124041589730062, 0.7124041589730062, 0.7127849731820979, 0.7127849731820979, 0.7140094668659691, 0.7140094668659691, 0.7141020399191067, 0.7141020399191067, 0.7148917465341892, 0.7148917465341892, 0.7161259562120812, 0.7161259562120812, 0.7161624314897858, 0.7161624314897858, 0.717436662856473, 0.717436662856473, 0.71751370204285, 0.71751370204285, 0.7177470910636302, 0.7177470910636302, 0.7184520062135467, 0.7184520062135467, 0.7184933614701485, 0.7184933614701485, 0.7188245698877458, 0.7188245698877458, 0.7188284973182097, 0.7188284973182097, 0.718967276297664, 0.718967276297664, 0.7191751809842024, 0.7191751809842024, 0.7192873618804771, 0.7192873618804771, 0.7192976787127408, 0.7192976787127408, 0.7193070429965709, 0.7193070429965709, 0.719308083472552, 0.719308083472552, 0.719334505700636, 0.719334505700636, 0.7194403558134763, 0.7194403558134763, 0.7197282012954659, 0.7197282012954659, 0.7197520150063015, 0.7197520150063015, 0.7199461443770333, 0.7199461443770333, 0.7200360796037399, 0.7200360796037399, 0.7201256191564818, 0.7201256191564818, 0.7201535214982855, 0.7201535214982855, 0.7202395146399367], "iters": [0, 14, 15, 18, 19, 19, 20, 20, 21, 22, 23, 24, 25, 25, 26, 26, 27, 29, 30, 30, 31, 33, 34, 36, 37, 39, 40, 41, 42, 42, 43, 44, 45, 46, 47, 47, 48, 49, 50, 51, 52, 52, 53, 53, 54, 55, 56, 57, 58, 59, 60, 62, 63, 63, 64, 64, 65, 65, 66, 66, 67, 67, 68, 68, 69, 70, 71, 71, 72, 72, 73, 73, 74, 74, 75, 75, 76, 77, 78, 78, 79, 79, 80, 80, 81, 81, 82, 82, 83, 83, 84, 84, 85, 86, 87, 87, 88, 89, 90, 92, 93, 93, 94, 94, 95, 98, 99, 99, 100, 103, 104, 106, 107, 110, 111, 111, 112, 112, 113, 113, 114, 114, 115, 117, 118, 118, 119, 119, 120, 120, 121, 122, 123, 123, 124, 125, 126, 126, 127, 131, 132, 132, 133, 133, 134, 136, 137, 149, 150, 151, 152, 158, 159, 178, 179, 205, 206, 230, 231, 264, 265, 302, 303, 321, 322, 323, 324, 350, 351, 378, 379, 422, 423, 444, 445, 481, 482, 705, 706, 782, 783, 920, 921, 923, 924], "finalScore": 0.7202395146399367, "finalIter": 1000}