{"title": "number_of_rect_20_2", "popultion": 10, "subpopulation": 15, "number_of_rect": 20, "scores": [0.601829698994695, 0.601829698994695, 0.6030663413347401, 0.6030663413347401, 0.6031670916498139, 0.6031670916498139, 0.6032077874498081, 0.6032077874498081, 0.6050437879187549, 0.6050437879187549, 0.605299657082564, 0.605299657082564, 0.6066815117676367, 0.6066815117676367, 0.6073990591752396, 0.6073990591752396, 0.6087106744042909, 0.6087106744042909, 0.6088264456754302, 0.6088264456754302, 0.6128303144875289, 0.6128303144875289, 0.613920953134617, 0.613920953134617, 0.614324056977051, 0.614324056977051, 0.6173988979747356, 0.6173988979747356, 0.620427620973651, 0.620427620973651, 0.6215555409009643, 0.6215555409009643, 0.6241302060435534, 0.6241302060435534, 0.624953369090536, 0.624953369090536, 0.6255139804800844, 0.6255139804800844, 0.6258018992350303, 0.6258018992350303, 0.6265260998270759, 0.6265260998270759, 0.6289465840147719, 0.6289465840147719, 0.6291989946950379, 0.6291989946950379, 0.6293417597233213, 0.6293417597233213, 0.6307753158064422, 0.6307753158064422, 0.6321657141182333, 0.6321657141182333, 0.6326540344089804, 0.6326540344089804, 0.6345583545824907, 0.6345583545824907, 0.6349753070136874, 0.6349753070136874, 0.6355978047422257, 0.6355978047422257, 0.6403257862188223, 0.6403257862188223, 0.6426147894135232, 0.6426147894135232, 0.6436879158240276, 0.6436879158240276, 0.6444322664790879, 0.6444322664790879, 0.6446048829098157, 0.6446048829098157, 0.6485253524429204, 0.6485253524429204, 0.6508579090829156, 0.6508579090829156, 0.6542812216067293, 0.6542812216067293, 0.6561553533221958, 0.6561553533221958, 0.6581669011401272, 0.6581669011401272, 0.6601799144171869, 0.6601799144171869, 0.662475028576453, 0.662475028576453, 0.6642687652041385, 0.6642687652041385, 0.665330109323251, 0.665330109323251, 0.6674893021483631, 0.6674893021483631, 0.6688698232656292, 0.6688698232656292, 0.6689565344822532, 0.6689565344822532, 0.6694249684926288, 0.6694249684926288, 0.6714541311292828, 0.6714541311292828, 0.6738048887716521, 0.6738048887716521, 0.6771692898385064, 0.6771692898385064, 0.6773697353380814, 0.6773697353380814, 0.6810286497259592, 0.6810286497259592, 0.6821755473489844, 0.6821755473489844, 0.6823812098830564, 0.6823812098830564, 0.6823863389900056, 0.6823863389900056, 0.6847293736627685, 0.6847293736627685, 0.6859514053753041, 0.6859514053753041, 0.689787244643747, 0.689787244643747, 0.6899068261086199, 0.6899068261086199, 0.689914798206278, 0.689914798206278, 0.6903828072335063, 0.6903828072335063, 0.6933600779624256, 0.6933600779624256, 0.6965699610187872, 0.6965699610187872, 0.6975241214572525, 0.6975241214572525, 0.6978144289105777, 0.6978144289105777, 0.6979707933995721, 0.6979707933995721, 0.7008141944371171, 0.7008141944371171, 0.7010176880916792, 0.7010176880916792, 0.7012103373486913, 0.7012103373486913, 0.7055540461326533, 0.7055540461326533, 0.7055865939798939, 0.7055865939798939, 0.7063522231014977, 0.7063522231014977, 0.7066648201881649, 0.7066648201881649, 0.7073022069814473, 0.7073022069814473, 0.7082430903602099, 0.7082430903602099, 0.7086165333098859, 0.7086165333098859, 0.7102818370995633, 0.7102818370995633, 0.7111923561651865, 0.7111923561651865, 0.7121174565491368, 0.7121174565491368, 0.7129731088249949, 0.7129731088249949, 0.7139968932266479, 0.7139968932266479, 0.7159225065212931, 0.7159225065212931, 0.7172227058237346, 0.7172227058237346, 0.7218055189190773, 0.7218055189190773, 0.7228279697529236, 0.7228279697529236, 0.7228462000644802, 0.7228462000644802, 0.7236752542571587, 0.7236752542571587, 0.7238160702248014, 0.7238160702248014, 0.7240629707787449, 0.7240629707787449, 0.72407444532372, 0.72407444532372, 0.7248499223306661, 0.7248499223306661, 0.7267829801576834, 0.7267829801576834, 0.7272245376476449, 0.7272245376476449, 0.7287021747413465, 0.7287021747413465, 0.7293737946598668, 0.7293737946598668, 0.7299169524311967, 0.7299169524311967, 0.7334449720097307, 0.7334449720097307, 0.7340541780239749, 0.7340541780239749, 0.7372802544037047, 0.7372802544037047, 0.7400649344939769, 0.7400649344939769, 0.7405125736393212, 0.7405125736393212, 0.7422194525044696, 0.7422194525044696, 0.7458024561094991, 0.7458024561094991, 0.7465380433189719, 0.7465380433189719, 0.74662320114892, 0.74662320114892, 0.7480550866086344, 0.7480550866086344, 0.7503217122424456, 0.7503217122424456, 0.7534681262639585, 0.7534681262639585, 0.7538265042937953, 0.7538265042937953, 0.7617713151030218, 0.7617713151030218, 0.763733535566693, 0.763733535566693, 0.7659509510829743, 0.7659509510829743, 0.7661628125091591, 0.7661628125091591, 0.7677429145051144, 0.7677429145051144, 0.7677742167120959, 0.7677742167120959, 0.768442715202673, 0.768442715202673, 0.7702031272897799, 0.7702031272897799, 0.7725641138368651, 0.7725641138368651, 0.7731146575222017, 0.7731146575222017, 0.7768939154136991, 0.7768939154136991, 0.7812743339488262, 0.7812743339488262, 0.7834915296462381, 0.7834915296462381, 0.7907284504235177, 0.7907284504235177, 0.7926934552595328, 0.7926934552595328, 0.7956707552976348, 0.7956707552976348, 0.7956859521087957, 0.7956859521087957, 0.7956875787684281, 0.7956875787684281, 0.7969057709780474, 0.7969057709780474, 0.7973064714675108, 0.7973064714675108, 0.7974899616049709, 0.7974899616049709, 0.7985913420674697, 0.7985913420674697, 0.7986959611946423, 0.7986959611946423, 0.7992809724786776, 0.7992809724786776, 0.7997334622937367, 0.7997334622937367, 0.7998541575075471, 0.7998541575075471, 0.8013287024824878, 0.8013287024824878, 0.8025932618189279, 0.8025932618189279, 0.8031293121134851, 0.8031293121134851, 0.8034196781851755, 0.8034196781851755, 0.8034393299920866, 0.8034393299920866, 0.8040711480406811, 0.8040711480406811, 0.8044754535596002, 0.8044754535596002, 0.8054306251648642, 0.8054306251648642, 0.8069481520560391, 0.8069481520560391, 0.8077955391424133, 0.8077955391424133, 0.8087067616284183, 0.8087067616284183, 0.8092123743368798, 0.8092123743368798, 0.8095199742079193, 0.8095199742079193, 0.810084014771828, 0.810084014771828, 0.8105100237404379, 0.8105100237404379, 0.8108824115595417, 0.8108824115595417, 0.8109096837539201, 0.8109096837539201, 0.8111068173158651, 0.8111068173158651, 0.8112778070869604, 0.8112778070869604, 0.8117944107388845, 0.8117944107388845, 0.8123232216653478, 0.8123232216653478, 0.8123636829918813, 0.8123636829918813, 0.8124519329405903, 0.8124519329405903, 0.8126412702599725, 0.8126412702599725, 0.8130259239719804, 0.8130259239719804, 0.8141356575515108],