{"title": "number_of_rect_10_3", "popultion": 10, "subpopulation": 15, "number_of_rect": 10, "scores": [0.4954677012808112, 0.4954677012808112, 0.5055355813476362, 0.5055355813476362, 0.5062424309036021, 0.5062424309036021, 0.5063142677100736, 0.5063142677100736, 0.5067326269820335, 0.5067326269820335, 0.5074013892552536, 0.5074013892552536, 0.5145857586681908, 0.5145857586681908, 0.5153897974735484, 0.5153897974735484, 0.51858380960755, 0.51858380960755, 0.5225035903748645, 0.5225035903748645, 0.5326534921891029, 0.5326534921891029, 0.5355359623670095, 0.5355359623670095, 0.5363653096515137, 0.5363653096515137, 0.5432002549898883, 0.5432002549898883, 0.5453393856795334, 0.5453393856795334, 0.5528973885518333, 0.5528973885518333, 0.5563379348749964, 0.5563379348749964, 0.5582590492101176, 0.5582590492101176, 0.558630235352736, 0.558630235352736, 0.5610069169670858, 0.5610069169670858, 0.5653314428910579, 0.5653314428910579, 0.5672103813124652, 0.5672103813124652, 0.5739779008763446, 0.5739779008763446, 0.5782772355579003, 0.5782772355579003, 0.5799565198276619, 0.5799565198276619, 0.5805882352941176, 0.5805882352941176, 0.584647351915355, 0.584647351915355, 0.5869587619801284, 0.5869587619801284, 0.6031117705677189, 0.6031117705677189, 0.6034898443682406, 0.6034898443682406, 0.6108402796096017, 0.6108402796096017, 0.6124342155397285, 0.6124342155397285, 0.6186590023154255, 0.6186590023154255, 0.6212639438436062, 0.6212639438436062, 0.62363359125414, 0.62363359125414, 0.6281759430229491, 0.6281759430229491, 0.62825359770216, 0.62825359770216, 0.6300423224596265, 0.6300423224596265, 0.6391938069697236, 0.6391938069697236, 0.6393911310413553, 0.6393911310413553, 0.6444095518625985, 0.6444095518625985, 0.6459650781089715, 0.6459650781089715, 0.6502637533339195, 0.6502637533339195, 0.6544100208095196, 0.6544100208095196, 0.6710293238371582, 0.6710293238371582, 0.6735913713766524, 0.6735913713766524, 0.6738929189014918, 0.6738929189014918, 0.6756832117002257, 0.6756832117002257, 0.6798851080043378, 0.6798851080043378, 0.685537589026642, 0.685537589026642, 0.6896385445059937, 0.6896385445059937, 0.6943805650810398, 0.6943805650810398, 0.7002828482663619, 0.7002828482663619, 0.7108831442891057, 0.7108831442891057, 0.7354357249626308, 0.7354357249626308, 0.7359388610451655, 0.7359388610451655, 0.7373475189776957, 0.7373475189776957, 0.7381009554793516, 0.7381009554793516, 0.7395825346581084, 0.7395825346581084, 0.7396340308918784, 0.7396340308918784, 0.7401216184530613, 0.7401216184530613, 0.741587165508954, 0.741587165508954, 0.7419263606788007, 0.7419263606788007, 0.7424244848911163, 0.7424244848911163, 0.7447041677657611, 0.7447041677657611, 0.744739529294528, 0.744739529294528, 0.7448663208183124, 0.7448663208183124, 0.7466897623025294, 0.7466897623025294, 0.7481234649315631, 0.7481234649315631, 0.7491641021131921, 0.7491641021131921, 0.7495563322488936, 0.7495563322488936, 0.7504664409859609, 0.7504664409859609, 0.752486766904071, 0.752486766904071, 0.7549128491456374, 0.7549128491456374, 0.7569470529616928, 0.7569470529616928, 0.7590643629649169, 0.7590643629649169, 0.7629906650253524, 0.7629906650253524, 0.7650680852311029, 0.7650680852311029, 0.7658009759957795, 0.7658009759957795, 0.767343195873267, 0.767343195873267, 0.7714027667868343, 0.7714027667868343, 0.7725094229021953, 0.7725094229021953, 0.7731477768985023, 0.7731477768985023, 0.7795377209179636, 0.7795377209179636, 0.7810955625897593, 0.7810955625897593, 0.7841757671678536, 0.7841757671678536, 0.7847065125003664, 0.7847065125003664, 0.7851645857147044, 0.7851645857147044, 0.7853637562648378, 0.7853637562648378, 0.7859044081010581, 0.7859044081010581, 0.7860213077757261, 0.7860213077757261, 0.7863172719012868, 0.7863172719012868, 0.7864489727131511, 0.7864489727131511, 0.786825610363727, 0.786825610363727, 0.7881710190802779, 0.7881710190802779, 0.7895498695741376, 0.7895498695741376, 0.7901184237521616, 0.7901184237521616, 0.790296711509716, 0.790296711509716, 0.7914831911837978, 0.7914831911837978, 0.7958590961048096, 0.7958590961048096, 0.797436355110056, 0.797436355110056, 0.7986232744218764, 0.7986232744218764, 0.8003355461766172, 0.8003355461766172, 0.8025372519710425, 0.8025372519710425, 0.8035966909932882, 0.8035966909932882, 0.8075477886221754, 0.8075477886221754, 0.8081845599226237, 0.8081845599226237, 0.8113054163369383, 0.8113054163369383, 0.814034071924734, 0.814034071924734, 0.8149068847269849, 0.8149068847269849, 0.8163560772590053, 0.8163560772590053, 0.8206263372314546, 0.8206263372314546, 0.8210322547554149, 0.8210322547554149, 0.8215286204167765, 0.8215286204167765, 0.8232480436120637, 0.8232480436120637, 0.8248434889650927, 0.8248434889650927, 0.8283108971540784, 0.8283108971540784, 0.8289180808347255, 0.8289180808347255, 0.8311406547671385, 0.8311406547671385, 0.8322807966235821, 0.8322807966235821, 0.8323377150561271, 0.8323377150561271, 0.8327728684896978, 0.8327728684896978, 0.8340125003663648, 0.8340125003663648, 0.834235499281925, 0.834235499281925, 0.835320026964448, 0.835320026964448, 0.8359381576247839, 0.8359381576247839, 0.8365428207157302, 0.8365428207157302, 0.8372780269058295, 0.8372780269058295, 0.8376924294381429, 0.8376924294381429, 0.8385630880154753], "iters": [0, 1, 2, 6, 7, 17, 18, 18, 19, 19, 20, 23, 24, 27, 28, 38, 39, 44, 45, 46, 47, 49, 50, 50, 51, 51, 52, 52, 53, 53, 54, 56, 57, 58, 59, 61, 62, 62, 63, 64, 65, 65, 66, 66, 67, 69, 70, 71, 72, 72, 73, 73, 74, 74, 75, 75, 76, 77, 78, 78, 79, 79, 80, 82, 83, 84, 85, 85, 86, 86, 87, 89, 90, 90, 91, 91, 92, 96, 97, 97, 98, 100, 101, 101, 102, 102, 103, 104, 105, 105, 106, 106, 107, 107, 108, 108, 109, 109, 110, 111, 112, 112, 113, 113, 114, 114, 115, 115, 116, 116, 117, 118, 119, 119, 120, 121, 122, 123, 124, 124, 125, 126, 127, 127, 128, 129, 130, 131, 132, 132, 133, 133, 134, 134, 135, 135, 136, 137, 138, 138, 139, 139, 140, 140, 141, 142, 143, 143, 144, 145, 146, 146, 147, 150, 151, 152, 153, 153, 154, 154, 155, 155, 156, 156, 157, 157, 158, 159, 160, 160, 161, 161, 162, 163, 164, 165, 166, 166, 167, 168, 169, 170, 171, 171, 172, 172, 173, 173, 174, 174, 175, 178, 179, 180, 181, 181, 182, 182, 183, 185, 186, 191, 192, 194, 195, 195, 196, 202, 203, 204, 205, 208, 209, 211, 212, 215, 216, 219, 220, 232, 233, 239, 240, 270, 271, 287, 288, 291, 292, 316, 317, 328, 329, 336, 337, 349, 350, 367, 368, 371, 372, 374, 375, 397, 398, 427, 428, 452, 453, 526, 527, 569, 570, 624, 625, 664, 665, 794, 795], "finalScore": 0.8385630880154753, "finalIter": 1000}