{"title": "number_of_rect_10_0", "popultion": 10, "subpopulation": 15, "number_of_rect": 10, "scores": [0.5199564905184795, 0.5199564905184795, 0.5218451302793166, 0.5218451302793166, 0.5222282745684224, 0.5222282745684224, 0.5232859110759401, 0.5232859110759401, 0.5241846478501715, 0.5241846478501715, 0.5243413200855829, 0.5243413200855829, 0.5254420264368826, 0.5254420264368826, 0.5256390574166887, 0.5256390574166887, 0.5257392068935197, 0.5257392068935197, 0.5257672997450101, 0.5257672997450101, 0.5272101321844134, 0.5272101321844134, 0.5284065916351592, 0.5284065916351592, 0.528990386588118, 0.528990386588118, 0.5302780708696034, 0.5302780708696034, 0.5304326768076438, 0.5304326768076438, 0.5305903015914886, 0.5305903015914886, 0.5306924147835517, 0.5306924147835517, 0.5324862100296023, 0.5324862100296023, 0.5330495032093555, 0.5330495032093555, 0.5347038893285266, 0.5347038893285266, 0.5356541076819368, 0.5356541076819368, 0.5367739822386353, 0.5367739822386353, 0.5379451185556434, 0.5379451185556434, 0.5391429848471525, 0.5391429848471525, 0.5399367214748381, 0.5399367214748381, 0.5407450540754418, 0.5407450540754418, 0.5407657610129253, 0.5407657610129253, 0.5425007034203817, 0.5425007034203817, 0.5445934083648407, 0.5445934083648407, 0.5448328204226385, 0.5448328204226385, 0.5451618013423606, 0.5451618013423606, 0.5491191564817257, 0.5491191564817257, 0.5499585714704417, 0.5499585714704417, 0.5511743896362731, 0.5511743896362731, 0.5523313696181014, 0.5523313696181014, 0.5536624607989684, 0.5536624607989684, 0.5537922858231483, 0.5537922858231483, 0.5548673759488848, 0.5548673759488848, 0.5573980773176237, 0.5573980773176237, 0.5583875992848559, 0.5583875992848559, 0.5617264280899206, 0.5617264280899206, 0.5618571030803952, 0.5618571030803952, 0.5648265336029779, 0.5648265336029779, 0.5649371171488027, 0.5649371171488027, 0.565251839151206, 0.565251839151206, 0.5669536475277704, 0.5669536475277704, 0.5737301063923328, 0.5737301063923328, 0.5758660130718954, 0.5758660130718954, 0.5806131041355256, 0.5806131041355256, 0.5810294264192972, 0.5810294264192972, 0.5834166739939624, 0.5834166739939624, 0.5838487206541809, 0.5838487206541809, 0.58440465722911, 0.58440465722911, 0.5866199038658813, 0.5866199038658813, 0.5877504030012604, 0.5877504030012604, 0.5910097599577948, 0.5910097599577948, 0.5916540490635717, 0.5916540490635717, 0.5948856941879891, 0.5948856941879891, 0.5972435006887657, 0.5972435006887657, 0.5984953544945631, 0.5984953544945631, 0.6001972801078579, 0.6001972801078579, 0.6002095606553534, 0.6002095606553534, 0.600580395087781, 0.600580395087781, 0.6030164864151939, 0.6030164864151939, 0.603342360561564, 0.603342360561564, 0.6035661654796448, 0.6035661654796448, 0.6058891087077581, 0.6058891087077581, 0.6068083619097864, 0.6068083619097864, 0.607959201617867, 0.607959201617867, 0.6084209531346171, 0.6084209531346171, 0.611308347255195, 0.611308347255195, 0.6123583194114717, 0.6123583194114717, 0.6133111462821301, 0.6133111462821301, 0.6174231659779008, 0.6174231659779008, 0.6188717430170873, 0.6188717430170873, 0.6213880682317771, 0.6213880682317771, 0.6226440985960902, 0.6226440985960902, 0.6240254257158768, 0.6240254257158768, 0.6263708051232451, 0.6263708051232451, 0.6288385796770128, 0.6288385796770128, 0.6346077405551158, 0.6346077405551158, 0.6391464726398781, 0.6391464726398781, 0.6409272985726429, 0.6409272985726429, 0.648988056508104, 0.648988056508104, 0.6494810369588793, 0.6494810369588793, 0.6518959963656614, 0.6518959963656614, 0.6544599929657962, 0.6544599929657962, 0.6561829479175826, 0.6561829479175826, 0.6701875494592455, 0.6701875494592455, 0.6717222368768135, 0.6717222368768135, 0.6749097716814678, 0.6749097716814678, 0.6760995632931798, 0.6760995632931798, 0.6837228523696474, 0.6837228523696474, 0.6844251443477242, 0.6844251443477242, 0.6855157829948122, 0.6855157829948122, 0.6888773850347314, 0.6888773850347314, 0.6919836454761277, 0.6919836454761277, 0.6934208652070695, 0.6934208652070695, 0.6966186582256221, 0.6966186582256221, 0.6987319089070606, 0.6987319089070606, 0.7006400685834873, 0.7006400685834873, 0.7019180075617691, 0.7019180075617691, 0.7031559981242124, 0.7031559981242124, 0.7059672176792989, 0.7059672176792989, 0.7065287376535069, 0.7065287376535069, 0.7089861221020546, 0.7089861221020546, 0.7090670301005304, 0.7090670301005304, 0.7137549605791494, 0.7137549605791494, 0.7138443828951611, 0.7138443828951611, 0.714750798675225, 0.714750798675225, 0.7177334036753715, 0.7177334036753715, 0.7179877194525045, 0.7179877194525045, 0.7182300331193763, 0.7182300331193763, 0.7190432163896949, 0.7190432163896949, 0.7198977109528415, 0.7198977109528415, 0.726485887628594, 0.726485887628594, 0.7305841320085582, 0.7305841320085582, 0.7312437058530438, 0.7312437058530438, 0.7341905243412761, 0.7341905243412761, 0.7381671063044052, 0.7381671063044052, 0.7392281719862833, 0.7392281719862833, 0.7447708315015094, 0.7447708315015094, 0.7464255253670975, 0.7464255253670975, 0.7503212872592984, 0.7503212872592984, 0.7526480406811454, 0.7526480406811454, 0.7550117236730267, 0.7550117236730267, 0.7554420850552478, 0.7554420850552478, 0.7596261760309505, 0.7596261760309505, 0.7599370292212551, 0.7599370292212551, 0.7655051437615404, 0.7655051437615404, 0.7679624109733579, 0.7679624109733579, 0.7698587590492101, 0.7698587590492101, 0.7849542630206043, 0.7849542630206043, 0.7886710044256866, 0.7886710044256866, 0.7955142735719101, 0.7955142735719101, 0.7956147161405669, 0.7956147161405669, 0.7956279932002697, 0.7956279932002697, 0.7961491690846743, 0.7961491690846743, 0.8002691315689205, 0.8002691315689205, 0.8007394413669803, 0.8007394413669803, 0.8041629737096633, 0.8041629737096633, 0.8044922770303936, 0.8044922770303936, 0.808961531697881, 0.808961531697881, 0.8096013218441338, 0.8096013218441338, 0.8112376535068437, 0.8112376535068437, 0.8122172396611859, 0.8122172396611859, 0.8140908877751399, 0.8140908877751399, 0.8143407045927489, 0.8143407045927489, 0.8143465224654884, 0.8143465224654884, 0.8153438406752835, 0.8153438406752835, 0.8166833435915473, 0.8166833435915473, 0.817331867874205, 0.817331867874205, 0.8182471789911779, 0.8182471789911779, 0.8191967085787978, 0.8191967085787978, 0.8197465048799789, 0.8197465048799789, 0.8219524751604678, 0.8219524751604678, 0.8235552624637299, 0.8235552624637299, 0.8248258888009613, 0.8248258888009613, 0.8252639878073801, 0.8252639878073801, 0.8255509833230751, 0.8255509833230751, 0.8255654913684457, 0.8255654913684457, 0.8259011401272018, 0.8259011401272018, 0.8265796477036256, 0.8265796477036256, 0.8266468390046602, 0.8266468390046602, 0.8267087986166066],