{"title": "number_of_rect_100_1", "popultion": 10, "subpopulation": 15, "number_of_rect": 100, "scores": [0.6912072452299305, 0.6912072452299305, 0.6928425071074767, 0.6928425071074767, 0.6929471848530144, 0.6929471848530144, 0.6934705882352941, 0.6934705882352941, 0.695046425745186, 0.695046425745186, 0.695785544711158, 0.695785544711158, 0.6963258008734137, 0.6963258008734137, 0.696535156364489, 0.696535156364489, 0.6966056449485624, 0.6966056449485624, 0.6968715964711745, 0.6968715964711745, 0.6969548931680296, 0.6969548931680296, 0.6983011518508748, 0.6983011518508748, 0.6983114979923211, 0.6983114979923211, 0.6993128755239016, 0.6993128755239016, 0.7004889211289897, 0.7004889211289897, 0.7006451976904364, 0.7006451976904364, 0.7011194935373253, 0.7011194935373253, 0.7013496145842493, 0.7013496145842493, 0.703128066473226], "iters": [0, 9, 10, 36, 37, 42, 43, 45, 46, 61, 62, 148, 149, 152, 153, 210, 211, 243, 244, 301, 302, 310, 311, 580, 581, 595, 596, 629, 630, 630, 631, 659, 660, 704, 705, 805, 806], "finalScore": 0.703128066473226, "finalIter": 1000}