{"title": "number_of_rect_50_4", "popultion": 10, "subpopulation": 15, "number_of_rect": 50, "scores": [0.6637460359330578], "iters": [0], "finalScore": 0.6637460359330578, "finalIter": 2}