{"title": "number_of_rect_20_2", "popultion": 10, "subpopulation": 15, "number_of_rect": 20, "scores": [0.5437319382162431], "iters": [0], "finalScore": 0.5437319382162431, "finalIter": 5}