{"title": "number_of_rect_20_0", "popultion": 10, "subpopulation": 15, "number_of_rect": 20, "scores": [0.6466083853571324, 0.6466083853571324, 0.6471200357572027, 0.6471200357572027, 0.6483402063366452, 0.6483402063366452, 0.6487383569272254, 0.6487383569272254, 0.6501971921803101, 0.6501971921803101, 0.6518413787039479, 0.6518413787039479, 0.6531929276942466, 0.6531929276942466, 0.6532225446232305, 0.6532225446232305, 0.6542301650106979, 0.6542301650106979, 0.6553836571998007, 0.6553836571998007, 0.6574925554676281, 0.6574925554676281, 0.6586123127875964, 0.6586123127875964, 0.6588413933585393, 0.6588413933585393, 0.6593538057973563, 0.6593538057973563, 0.6604487382396905, 0.6604487382396905, 0.6616303086256925, 0.6616303086256925, 0.6644446642633137, 0.6644446642633137, 0.6649606670769952, 0.6649606670769952, 0.664962674756001, 0.664962674756001, 0.6655004982561037, 0.6655004982561037, 0.6668351358480612, 0.6668351358480612, 0.6687343415692137, 0.6687343415692137, 0.6712152466367713, 0.6712152466367713, 0.6728056654649902, 0.6728056654649902, 0.6735353175649932, 0.6735353175649932, 0.6737678566194789, 0.6737678566194789, 0.6773281309534277, 0.6773281309534277, 0.6799638178141212, 0.6799638178141212, 0.6824044227556494, 0.6824044227556494, 0.6827435593071309, 0.6827435593071309, 0.6855618570298074, 0.6855618570298074, 0.6875084996629444, 0.6875084996629444, 0.6875452533778832, 0.6875452533778832, 0.6906381048682553, 0.6906381048682553, 0.6923003458483543, 0.6923003458483543, 0.6942888713033794, 0.6942888713033794, 0.6998763592133416, 0.6998763592133416, 0.7017085494885548, 0.7017085494885548, 0.7020683783229287, 0.7020683783229287, 0.7032882118467716, 0.7032882118467716, 0.70562434420704, 0.70562434420704, 0.7080409009642721, 0.7080409009642721, 0.7092443506550602, 0.7092443506550602, 0.7102456402590931, 0.7102456402590931, 0.7107353820451947, 0.7107353820451947, 0.7107410094082476, 0.7107410094082476, 0.7120739910313901, 0.7120739910313901, 0.7121352325683636, 0.7121352325683636, 0.712639130689645, 0.712639130689645, 0.7170487558252001, 0.7170487558252001, 0.7175587062926815, 0.7175587062926815, 0.7186253846830212, 0.7186253846830212, 0.7189277382103814, 0.7189277382103814, 0.7200823148392392, 0.7200823148392392, 0.7214207626249304, 0.7214207626249304, 0.7221501802514728, 0.7221501802514728, 0.7257641929716581, 0.7257641929716581, 0.727359374542044, 0.727359374542044, 0.7283111023183564, 0.7283111023183564, 0.7288523989565932, 0.7288523989565932, 0.7290743134323984, 0.7290743134323984, 0.729199830006741, 0.729199830006741, 0.7307282452592397, 0.7307282452592397, 0.7319478003458484, 0.7319478003458484, 0.7342124769190187, 0.7342124769190187, 0.7354007444532372, 0.7354007444532372, 0.7366009554793517, 0.7366009554793517, 0.7388317359828834, 0.7388317359828834, 0.7390790908291567, 0.7390790908291567, 0.7441306163721093, 0.7441306163721093, 0.7460771857322899, 0.7460771857322899, 0.7468535859784871, 0.7468535859784871, 0.7468710395967058, 0.7468710395967058, 0.7471764852428266, 0.7471764852428266, 0.7476013804624989, 0.7476013804624989, 0.7493687974442393, 0.7493687974442393, 0.75076615668689, 0.75076615668689, 0.750855549693719, 0.750855549693719, 0.7522063659544536, 0.7522063659544536, 0.7522868782789648, 0.7522868782789648, 0.7528860605527712, 0.7528860605527712, 0.754307467979718, 0.754307467979718, 0.7546074328086989, 0.7546074328086989, 0.754838594331604, 0.754838594331604, 0.7556070517893256, 0.7556070517893256, 0.7560942436765439, 0.7560942436765439, 0.7565250446965034, 0.7565250446965034, 0.7597485858319412, 0.7597485858319412, 0.7611619918520472, 0.7611619918520472, 0.7648510360796037, 0.7648510360796037, 0.7665776693338022, 0.7665776693338022, 0.7686935431870805, 0.7686935431870805, 0.7744992086520707, 0.7744992086520707, 0.7750661068612796, 0.7750661068612796, 0.7757763709370146, 0.7757763709370146, 0.7768618511679709, 0.7768618511679709, 0.7769043787918755, 0.7769043787918755, 0.7779819455435388, 0.7779819455435388, 0.7782202731615815, 0.7782202731615815, 0.7792685014214954, 0.7792685014214954, 0.7798648407045927, 0.7798648407045927, 0.7798827046513672, 0.7798827046513672, 0.7805636009261702, 0.7805636009261702, 0.7807225885870043, 0.7807225885870043, 0.7811675166329611, 0.7811675166329611, 0.7823627744072218, 0.7823627744072218, 0.7824462616137636, 0.7824462616137636, 0.7827480289574724, 0.7827480289574724, 0.7829851402444385, 0.7829851402444385, 0.7832341070957531, 0.7832341070957531, 0.7836216917260177, 0.7836216917260177, 0.7840927928720068, 0.7840927928720068, 0.7865662680617838, 0.7865662680617838, 0.7877366276854538, 0.7877366276854538, 0.7886513233095929, 0.7886513233095929, 0.7903582314839239, 0.7903582314839239, 0.7910094668659691, 0.7910094668659691, 0.7910889387144993, 0.7910889387144993, 0.7928280283712887, 0.7928280283712887, 0.7934701046337818, 0.7934701046337818, 0.7951416219701632, 0.7951416219701632, 0.7958930654474047, 0.7958930654474047, 0.7960839268442803, 0.7960839268442803, 0.7969751897769571, 0.7969751897769571, 0.7989757906151997, 0.7989757906151997, 0.8000962367009584, 0.8000962367009584, 0.8002498754359741, 0.8002498754359741, 0.8023576599548639, 0.8023576599548639, 0.8027049591136903, 0.8027049591136903, 0.803591972214895, 0.803591972214895, 0.8043030129839679, 0.8043030129839679, 0.8047222661859961, 0.8047222661859961, 0.8055984055804684, 0.8055984055804684, 0.8062885195931886, 0.8062885195931886, 0.8074160585011284, 0.8074160585011284, 0.807946847797415, 0.807946847797415, 0.8084999560362262, 0.8084999560362262, 0.8085389958674053, 0.8085389958674053, 0.808842214015651, 0.808842214015651, 0.8090577830534307, 0.8090577830534307, 0.8091757525132623, 0.8091757525132623, 0.8093975644069287, 0.8093975644069287, 0.8094732407163164, 0.8094732407163164, 0.8096349980949031, 0.8096349980949031, 0.8097159207479703, 0.8097159207479703, 0.8101842814853893, 0.8101842814853893, 0.810978281895718, 0.810978281895718, 0.8114876608341394, 0.8114876608341394, 0.811657434274158, 0.811657434274158, 0.8117479849936986, 0.8117479849936986, 0.8121538292447024, 0.8121538292447024, 0.812548492042557, 0.812548492042557, 0.8126723086843108, 0.8126723086843108, 0.8128867346639702, 0.8128867346639702, 0.8138133884345966, 0.8138133884345966, 0.8142485711773498, 0.8142485711773498, 0.8152925496057915, 0.8152925496057915, 0.8155829889504382, 0.8155829889504382, 0.8157123157185147, 0.8157123157185147, 0.8158603857088426, 0.8158603857088426, 0.8161962835956506, 0.8161962835956506, 0.8163178287757554, 0.8163178287757554, 0.8167349863712301, 0.8167349863712301, 0.8168124651953457, 0.8168124651953457, 0.8179828541281984, 0.8179828541281984, 0.8181676924880565, 0.8181676924880565, 0.8183549342008851, 0.8183549342008851, 0.8183991764119699, 0.8183991764119699, 0.8184666754594214, 0.8184666754594214, 0.8196503707611595, 0.8196503707611595, 0.8203294059028694, 0.8203294059028694, 0.8207328468009027, 0.8207328468009027, 0.8209970251179695, 0.8209970251179695, 0.8219166153755972, 0.8219166153755972, 0.8227069961018787, 0.8227069961018787, 0.8234854040270817, 0.8234854040270817, 0.8236375626483777, 0.8236375626483777, 0.8237971511474544, 0.8237971511474544, 0.8245321521732759, 0.8245321521732759, 0.8254256132946453, 0.8254256132946453, 0.8275176734370878, 0.8275176734370878, 0.8309016970016706, 0.8309016970016706, 0.8315980978340514, 0.8315980978340514, 0.8327539640669421, 0.8327539640669421, 0.832976684545268, 0.832976684545268, 0.8335275213224304, 0.8335275213224304, 0.8378577332278203, 0.8378577332278203, 0.8381483484275624, 0.8381483484275624, 0.8384032210791641, 0.8384032210791641, 0.8385994314018582, 0.8385994314018582, 0.8401960051584161, 0.8401960051584161, 0.8403699844661332, 0.8403699844661332, 0.8407151000908585, 0.8407151000908585, 0.8408602245083385, 0.8408602245083385, 0.840962572173862, 0.840962572173862, 0.8409656056742577, 0.8409656056742577, 0.8410899791904803, 0.8410899791904803, 0.8415783580995926, 0.8415783580995926, 