{"title": "number_of_rect_20_3", "popultion": 10, "subpopulation": 15, "number_of_rect": 20, "scores": [0.5975743280869896], "iters": [0], "finalScore": 0.5975743280869896, "finalIter": 2}