{"title": "number_of_rect_300_4", "popultion": 10, "subpopulation": 15, "number_of_rect": 300, "scores": [0.7554882323631994], "iters": [0], "finalScore": 0.7554882323631994, "finalIter": 2}