{"title": "number_of_rect_300_1", "popultion": 10, "subpopulation": 15, "number_of_rect": 300, "scores": [0.7316229813300508, 0.7316229813300508, 0.7335057152906006, 0.7335057152906006, 0.7339194144025323, 0.7339194144025323, 0.7340700782555174, 0.7340700782555174, 0.7347326856003986, 0.7347326856003986, 0.7350816700372227, 0.7350816700372227, 0.7352308684310794, 0.7352308684310794, 0.7356326826694803, 0.7356326826694803, 0.7359719657668748, 0.7359719657668748, 0.7366952870834433, 0.7366952870834433, 0.7367722236876814, 0.7367722236876814, 0.7372550191975147], "iters": [0, 8, 9, 22, 23, 24, 25, 27, 28, 31, 32, 34, 35, 45, 46, 125, 126, 214, 215, 294, 295, 843, 844], "finalScore": 0.7372550191975147, "finalIter": 1000}