{"title": "number_of_rect_10_1", "popultion": 10, "subpopulation": 15, "number_of_rect": 10, "scores": [0.5452075383217563, 0.5452075383217563, 0.5457153492189103, 0.5457153492189103, 0.5466144083941499, 0.5466144083941499, 0.5472360121926199, 0.5472360121926199, 0.5472776019226824, 0.5472776019226824, 0.5479371757671678, 0.5479371757671678, 0.5486150678507576, 0.5486150678507576, 0.5492449514933029, 0.5492449514933029, 0.5499112371405961, 0.5499112371405961, 0.5501826548257569, 0.5501826548257569, 0.5512385034731382, 0.5512385034731382, 0.5519413376710924, 0.5519413376710924, 0.5524195462938538, 0.5524195462938538, 0.5531406987309124, 0.5531406987309124, 0.5536843694129371, 0.5536843694129371, 0.554407866584601, 0.554407866584601, 0.5551235821682934, 0.5551235821682934, 0.5554598024561095, 0.5554598024561095, 0.556154635247223, 0.556154635247223, 0.5566868167296815, 0.5566868167296815, 0.5573122453764765, 0.5573122453764765, 0.5579115155778305, 0.5579115155778305, 0.5586648348427563, 0.5586648348427563, 0.5590974383774436, 0.5590974383774436, 0.5602623464931563, 0.5602623464931563, 0.560829801576834, 0.560829801576834, 0.5615098039215687, 0.5615098039215687, 0.5626733931240657, 0.5626733931240657, 0.5633520912101762, 0.5633520912101762, 0.5634859462469591, 0.5634859462469591, 0.5635586330197251, 0.5635586330197251, 0.5637332131656848, 0.5637332131656848, 0.5637929159705737, 0.5637929159705737, 0.56385156364489, 0.56385156364489, 0.5639704709985638, 0.5639704709985638, 0.5639759664702951, 0.5639759664702951, 0.5639923649579413, 0.5639923649579413, 0.5643698525748118, 0.5643698525748118, 0.5645917963597995, 0.5645917963597995, 0.5646482605000147, 0.5646482605000147, 0.5646845013042586, 0.5646845013042586, 0.5649392274099476, 0.5649392274099476, 0.5651240218060318, 0.5651240218060318, 0.5654780181130747, 0.5654780181130747, 0.5655310530789297, 0.5655310530789297, 0.5664851402444386, 0.5664851402444386, 0.5669618247897066, 0.5669618247897066, 0.5669680090272282, 0.5669680090272282, 0.5670821389841437, 0.5670821389841437, 0.5671762947331399, 0.5671762947331399, 0.567432427679592, 0.567432427679592, 0.5674741932647498, 0.5674741932647498, 0.567737565579296, 0.567737565579296, 0.5681181013511534, 0.5681181013511534, 0.5682037574372051, 0.5682037574372051, 0.5686221606729389, 0.5686221606729389, 0.569137577302969, 0.569137577302969, 0.5693857088425804, 0.5693857088425804, 0.5694128784548199, 0.5694128784548199, 0.5696776722647205, 0.5696776722647205, 0.5702691169143292, 0.5702691169143292, 0.5705211758844047, 0.5705211758844047, 0.5707582138984144, 0.5707582138984144, 0.5709360766728215, 0.5709360766728215, 0.5709616635892025, 0.5709616635892025, 0.5710285911075941, 0.5710285911075941, 0.5711244760983616, 0.5711244760983616, 0.5715642017644128, 0.5715642017644128, 0.57178750842639, 0.57178750842639, 0.5718090506755766, 0.5718090506755766, 0.5718644157214455, 0.5718644157214455, 0.5718832468712447, 0.5718832468712447, 0.5723232363199391, 0.5723232363199391, 0.572540944928046, 0.572540944928046, 0.572582563967291, 0.572582563967291, 0.5729005685981419, 0.5729005685981419, 0.5729147542425042, 0.5729147542425042, 0.5730097306486122, 0.5730097306486122, 0.5732902781441426, 0.5732902781441426, 0.5733074386705355, 0.5733074386705355, 0.573498710395967, 0.573498710395967, 0.5737829361939095, 0.5737829361939095, 0.5744375567865412, 0.5744375567865412, 0.5745535918403235, 0.5745535918403235, 0.5745808347255195, 0.5745808347255195, 0.5748218294791758, 0.5748218294791758, 0.5749321785515402, 0.5749321785515402, 0.575198481784343, 0.575198481784343, 0.575380418535127, 0.575380418535127, 0.5757075529763476, 0.5757075529763476, 0.5759024297312347, 0.5759024297312347, 0.5764228435768927, 0.5764228435768927, 0.5772649550104048, 0.5772649550104048, 0.5777053987514289, 0.5777053987514289, 0.5777192033764178, 0.5777192033764178, 0.578206541809549, 0.578206541809549, 0.5787029807438671, 0.5787029807438671, 0.5789500278437234, 0.5789500278437234, 0.5789579413230165, 0.5789579413230165, 0.579029836747853, 0.579029836747853, 0.5790427914065477], "iters": [0, 13, 14, 17, 18, 19, 20, 20, 21, 21, 22, 22, 23, 23, 24, 24, 25, 25, 26, 26, 27, 27, 28, 28, 29, 29, 30, 30, 31, 31, 32, 32, 33, 33, 34, 34, 35, 35, 36, 36, 37, 37, 38, 38, 39, 39, 40, 40, 41, 41, 42, 42, 43, 43, 44, 45, 46, 46, 47, 47, 48, 48, 49, 50, 51, 51, 52, 53, 54, 54, 55, 56, 57, 59, 60, 63, 64, 64, 65, 65, 66, 67, 68, 68, 69, 69, 70, 71, 72, 73, 74, 74, 75, 76, 77, 78, 79, 79, 80, 80, 81, 83, 84, 85, 86, 88, 89, 92, 93, 94, 95, 97, 98, 99, 100, 100, 101, 102, 103, 106, 107, 107, 108, 113, 114, 114, 115, 116, 117, 117, 118, 118, 119, 119, 120, 120, 121, 122, 123, 126, 127, 127, 128, 128, 129, 132, 133, 135, 136, 136, 137, 137, 138, 139, 140, 141, 142, 145, 146, 146, 147, 148, 149, 149, 150, 151, 152, 152, 153, 153, 154, 154, 155, 156, 157, 158, 159, 160, 161, 161, 162, 162, 163, 165, 166, 166, 167, 167, 168, 168, 169, 170, 171, 171, 172, 172, 173, 175, 176, 201, 202], "finalScore": 0.5790427914065477, "finalIter": 1000}