{"title": "number_of_rect_20_4", "popultion": 10, "subpopulation": 15, "number_of_rect": 20, "scores": [0.6037991441718691], "iters": [0], "finalScore": 0.6037991441718691, "finalIter": 2}