{"title": "number_of_rect_100_2", "popultion": 10, "subpopulation": 15, "number_of_rect": 100, "scores": [0.7003654122336528, 0.7003654122336528, 0.7021551041941441, 0.7021551041941441, 0.7031672088865442, 0.7031672088865442, 0.7047377414343914, 0.7047377414343914, 0.7047524839532225, 0.7047524839532225, 0.7048381107300917, 0.7048381107300917, 0.7085867405258067, 0.7085867405258067, 0.7089703537618335, 0.7089703537618335, 0.7097889152671533, 0.7097889152671533, 0.7105093203200563, 0.7105093203200563, 0.7108382865851872, 0.7108382865851872, 0.7111160350537824, 0.7111160350537824, 0.7119060787244644, 0.7119060787244644, 0.7123987660834139, 0.7123987660834139, 0.7137611448166711, 0.7137611448166711, 0.7145293091825669, 0.7145293091825669, 0.7147009584102699, 0.7147009584102699, 0.716278774289985, 0.716278774289985, 0.7163658518713913, 0.7163658518713913, 0.7165736393211993, 0.7165736393211993, 0.7165797942495384, 0.7165797942495384, 0.7166487001377532, 0.7166487001377532, 0.7177513115859199, 0.7177513115859199, 0.7180173510360797, 0.7180173510360797, 0.7189108268120402, 0.7189108268120402, 0.7213530584132009, 0.7213530584132009, 0.7214990621061579, 0.7214990621061579, 0.7215077669333803, 0.7215077669333803, 0.7225182742753304, 0.7225182742753304, 0.7227824379378059, 0.7227824379378059, 0.7243679621325361, 0.7243679621325361, 0.725485008353117, 0.725485008353117, 0.7258094756587239, 0.7258094756587239, 0.7282309270494446, 0.7282309270494446, 0.729911383686509, 0.729911383686509, 0.7313926258096661, 0.7313926258096661, 0.731628535420147, 0.731628535420147, 0.7319820627802691, 0.7319820627802691, 0.7319890090565374, 0.7319890090565374, 0.7339794396084294, 0.7339794396084294, 0.7349957794777104, 0.7349957794777104, 0.7354069579999414, 0.7354069579999414, 0.7360894955889681, 0.7360894955889681, 0.7369375567865413, 0.7369375567865413, 0.7384566663735749, 0.7384566663735749, 0.738553459949002, 0.738553459949002, 0.7387216653477535, 0.7387216653477535, 0.7405658577332278, 0.7405658577332278, 0.741060230370175, 0.741060230370175, 0.7429827368914681, 0.7429827368914681, 0.7440303496585481, 0.7440303496585481, 0.7466622556346904, 0.7466622556346904, 0.7466826401711656, 0.7466826401711656, 0.7470151968111609, 0.7470151968111609, 0.7472153638735015, 0.7472153638735015, 0.7472306046484364, 0.7472306046484364, 0.7474594360913274, 0.7474594360913274, 0.7477455962953193, 0.7477455962953193, 0.7485990650370761, 0.7485990650370761, 0.7490699903279698, 0.7490699903279698, 0.749877678126557, 0.749877678126557, 0.750101746827281, 0.750101746827281, 0.750356736715613, 0.750356736715613, 0.7516477915530936, 0.7516477915530936, 0.7524013159822973, 0.7524013159822973, 0.7528808142090917, 0.7528808142090917, 0.7529113397227352, 0.7529113397227352, 0.7529465253964067, 0.7529465253964067, 0.7530025059351094], "iters": [0, 4, 5, 8, 9, 10, 11, 12, 13, 14, 15, 17, 18, 33, 34, 59, 60, 79, 80, 83, 84, 107, 108, 118, 119, 145, 146, 175, 176, 181, 182, 195, 196, 205, 206, 211, 212, 218, 219, 251, 252, 255, 256, 257, 258, 281, 282, 334, 335, 366, 367, 400, 401, 401, 402, 402, 403, 454, 455, 477, 478, 494, 495, 513, 514, 521, 522, 531, 532, 551, 552, 554, 555, 557, 558, 567, 568, 575, 576, 582, 583, 588, 589, 605, 606, 613, 614, 629, 630, 641, 642, 657, 658, 667, 668, 671, 672, 683, 684, 701, 702, 732, 733, 758, 759, 776, 777, 789, 790, 791, 792, 794, 795, 806, 807, 811, 812, 829, 830, 859, 860, 872, 873, 900, 901, 927, 928, 930, 931, 956, 957, 963, 964, 989, 990, 994, 995], "finalScore": 0.7530025059351094, "finalIter": 1000}