{"title": "number_of_rect_50_1", "popultion": 10, "subpopulation": 15, "number_of_rect": 50, "scores": [0.6686863917465342], "iters": [0], "finalScore": 0.6686863917465342, "finalIter": 5}