{"title": "number_of_rect_100_1", "popultion": 10, "subpopulation": 15, "number_of_rect": 100, "scores": [0.6875914446496088, 0.6875914446496088, 0.688471614056684, 0.688471614056684, 0.6888652510331487, 0.6888652510331487, 0.6902337700401535, 0.6902337700401535, 0.6906985404027082, 0.6906985404027082, 0.6918683724610921, 0.6918683724610921, 0.6935057299451919, 0.6935057299451919, 0.6941291069492072, 0.6941291069492072, 0.6944423781470734, 0.6944423781470734, 0.695294747794484, 0.695294747794484, 0.695705252205516, 0.695705252205516, 0.6959378791875495, 0.6959378791875495, 0.6978526187754623, 0.6978526187754623, 0.6981743749816818, 0.6981743749816818, 0.6983654855066093, 0.6983654855066093, 0.6987763855916058, 0.6987763855916058, 0.698813461707553, 0.698813461707553, 0.6990561270846156, 0.6990561270846156, 0.6991020399191067, 0.6991020399191067, 0.6991320085582813, 0.6991320085582813, 0.6993191330343796, 0.6993191330343796, 0.6996198159383336, 0.6996198159383336, 0.6999922916849849, 0.6999922916849849, 0.7000553797004602, 0.7000553797004602, 0.7001747120372812, 0.7001747120372812, 0.700669582930332, 0.700669582930332, 0.7017690729505555, 0.7017690729505555, 0.7024623963187666, 0.7024623963187666, 0.7026727776312318, 0.7026727776312318, 0.7038497904393446, 0.7038497904393446, 0.703867903514171, 0.703867903514171, 0.7050341891614643, 0.7050341891614643, 0.705216521586213, 0.705216521586213, 0.7057352208446906, 0.7057352208446906, 0.705748629795715, 0.705748629795715, 0.706265951522612, 0.706265951522612, 0.7064507605732876, 0.7064507605732876, 0.7066103051085906, 0.7066103051085906, 0.7069362232187344, 0.7069362232187344, 0.7073723292007386, 0.7073723292007386, 0.707765790322108, 0.707765790322108, 0.708090008499663, 0.708090008499663, 0.708105938040388, 0.708105938040388, 0.7084256572584191, 0.7084256572584191, 0.7084338198657639, 0.7084338198657639, 0.7085362994226091, 0.7085362994226091, 0.7088889328526627, 0.7088889328526627, 0.709151279345819, 0.709151279345819, 0.7095775227878895, 0.7095775227878895, 0.7102150854362672, 0.7102150854362672, 0.7102567337846948, 0.7102567337846948, 0.7104705003077465, 0.7104705003077465, 0.7104953251853805, 0.7104953251853805, 0.7109803188839063, 0.7109803188839063, 0.710987177232627, 0.710987177232627, 0.7111612151587092, 0.7111612151587092, 0.7114971277001085, 0.7114971277001085, 0.7118982824819016, 0.7118982824819016, 0.7120948445147864, 0.7120948445147864, 0.7122745244585129, 0.7122745244585129, 0.7124918373926552, 0.7124918373926552, 0.7128337876256632, 0.7128337876256632, 0.7131093818693397, 0.7131093818693397, 0.7131821126058795, 0.7131821126058795, 0.7131911544887013, 0.7131911544887013, 0.7132047392948211, 0.7132047392948211, 0.7137096192737185, 0.7137096192737185, 0.7137391189659721, 0.7137391189659721, 0.7142602948503767, 0.7142602948503767, 0.7143051672088865, 0.7143051672088865, 0.7154535302910402, 0.7154535302910402, 0.7155026817902048, 0.7155026817902048, 0.7162397637679885, 0.7162397637679885, 0.7163409097570268, 0.7163409097570268, 0.7179776664028841, 0.7179776664028841, 0.71797807673144, 0.71797807673144, 0.7187018376857469, 0.7187018376857469, 0.7190720859345233, 0.7190720859345233, 0.7193358539230341, 0.7193358539230341, 0.7205038541575075, 0.7205038541575075, 0.7205809812714323, 0.7205809812714323, 0.7206780825932765, 0.7206780825932765, 0.7210685395234326, 0.7210685395234326, 0.7212703918637708, 0.7212703918637708, 0.7213404408101058, 0.7213404408101058, 0.7219256719130104, 0.7219256719130104, 0.7220281954336294, 0.7220281954336294, 0.7230156950672646, 0.7230156950672646, 0.7234168058852839, 0.7234168058852839, 0.7246893812831561, 0.7246893812831561, 0.7258465957384448, 0.7258465957384448, 0.7259281192297546, 0.7259281192297546, 0.7265539435505144, 0.7265539435505144, 0.7277449808024854, 0.7277449808024854, 0.7281260734488115, 0.7281260734488115, 0.7288410563029397, 0.7288410563029397, 0.7294082182947917, 0.7294082182947917, 0.7294243529997948, 0.7294243529997948, 0.7315237550924705, 0.7315237550924705, 0.7317319089070606, 0.7317319089070606, 0.7321569799818283, 0.7321569799818283, 0.7326435124124389, 0.7326435124124389, 0.7329007444532372, 0.7329007444532372, 0.7341426624461445, 0.7341426624461445, 0.7360941410944049, 0.7360941410944049, 0.7367218118936663, 0.7367218118936663, 0.736958073214338, 0.736958073214338, 0.7388387848412907, 0.7388387848412907, 0.740276341627832, 0.740276341627832, 0.7404551569506727, 0.7404551569506727, 0.741852340338228, 0.741852340338228, 0.7427247721211055, 0.7427247721211055, 0.7428378616020399, 0.7428378616020399, 0.7446361118438407, 0.7446361118438407, 0.7461633986928105, 0.7461633986928105, 0.7462611301620798, 0.7462611301620798, 0.7472423429760544, 0.7472423429760544, 0.7488301532870248, 0.7488301532870248, 0.7490808786892933, 0.7490808786892933, 0.749520531082388, 0.749520531082388, 0.7499462176499898, 0.7499462176499898, 0.7508687681350568, 0.7508687681350568, 0.7513925965004836, 0.7513925965004836, 0.7514831179108414, 0.7514831179108414, 0.7518450130425862, 0.7518450130425862, 0.7518683578065007, 0.7518683578065007, 0.7521255898472992, 0.7521255898472992, 0.752812274685659, 0.752812274685659, 0.7530530056566722, 0.7530530056566722, 0.7532316744336001, 0.7532316744336001, 0.7535475541487148, 0.7535475541487148, 0.7537318942524693, 0.7537318942524693, 0.7542617016911398, 0.7542617016911398, 0.7544581611418857, 0.7544581611418857, 0.7546965327237023, 0.7546965327237023, 0.7547945719393886, 0.7547945719393886, 0.7551611858495266, 0.7551611858495266, 0.7553832322166535, 0.7553832322166535, 0.7557049591136903, 0.7557049591136903, 0.7560149769922917, 0.7560149769922917, 0.756406576980568, 0.756406576980568, 0.75672128432838, 0.75672128432838, 0.7569190626923414, 0.7569190626923414, 0.7570438465371201, 0.7570438465371201, 0.7573106333714352, 0.7573106333714352, 0.7574075002198188, 0.7574075002198188, 0.7575492394267124, 0.7575492394267124, 0.7577838008147952], "iters": [0, 12, 13, 21, 22, 35, 36, 37, 38, 39, 40, 42, 43, 51, 52, 55, 56, 66, 67, 74, 75, 75, 76, 76, 77, 87, 88, 89, 90, 91, 92, 95, 96, 98, 99, 103, 104, 105, 106, 107, 108, 108, 109, 111, 112, 112, 113, 114, 115, 115, 116, 118, 119, 119, 120, 122, 123, 124, 125, 125, 126, 128, 129, 131, 132, 133, 134, 134, 135, 136, 137, 137, 138, 138, 139, 142, 143, 143, 144, 145, 146, 149, 150, 152, 153, 155, 156, 160, 161, 163, 164, 167, 168, 176, 177, 180, 181, 187, 188, 202, 203, 204, 205, 207, 208, 212, 213, 220, 221, 238, 239, 261, 262, 262, 263, 272, 273, 274, 275, 275, 276, 296, 297, 312, 313, 319, 320, 332, 333, 336, 337, 339, 340, 343, 344, 354, 355, 369, 370, 377, 378, 386, 387, 391, 392, 393, 394, 400, 401, 402, 403, 406, 407, 412, 413, 414, 415, 417, 418, 419, 420, 421, 422, 422, 423, 423, 424, 424, 425, 430, 431, 433, 434, 434, 435, 435, 436, 442, 443, 445, 446, 451, 452, 457, 458, 460, 461, 461, 462, 463, 464, 468, 469, 469, 470, 470, 471, 473, 474, 474, 475, 475, 476, 476, 477, 477, 478, 478, 479, 480, 481, 482, 483, 483, 484, 486, 487, 487, 488, 489, 490, 490, 491, 491, 492, 492, 493, 493, 494, 494, 495, 495, 496, 496, 497, 497, 498, 498, 499, 499, 500, 501, 502, 505, 506, 508, 509, 509, 510, 510, 511, 511, 512, 514, 515, 520, 521, 521, 522, 522, 523, 526, 527, 528, 529, 539, 540, 541, 542, 544, 545, 553, 554, 556, 557, 557, 558, 558, 559, 576, 577, 598, 599, 602, 603, 605, 606, 634, 635, 648, 649, 704, 705, 781, 782], "finalScore": 0.7577838008147952, "finalIter": 1000}