{"title": "number_of_rect_20_4", "popultion": 10, "subpopulation": 15, "number_of_rect": 20, "scores": [0.6071897623025293, 0.6071897623025293, 0.6073619537501099, 0.6073619537501099, 0.6091636624754535, 0.6091636624754535, 0.6108010492687359, 0.6108010492687359, 0.6121774671004425, 0.6121774671004425, 0.613464741053372, 0.613464741053372, 0.6167189249391833, 0.6167189249391833, 0.6168664820188166, 0.6168664820188166, 0.6193961136023916, 0.6193961136023916, 0.6208658518713912, 0.6208658518713912, 0.6222587414637006, 0.6222587414637006, 0.6223499516398487, 0.6223499516398487, 0.622739529294528, 0.622739529294528, 0.6240599372783493, 0.6240599372783493, 0.6295626190685542, 0.6295626190685542, 0.630001963715232, 0.630001963715232, 0.6347375802338873, 0.6347375802338873, 0.6347854860927928, 0.6347854860927928, 0.6381566282716375, 0.6381566282716375, 0.6382282306046485, 0.6382282306046485, 0.6398713766523052, 0.6398713766523052, 0.6420864767431635, 0.6420864767431635, 0.6431376066121517, 0.6431376066121517, 0.6456005011870218, 0.6456005011870218, 0.6471830651543129, 0.6471830651543129, 0.6497576570239456, 0.6497576570239456, 0.6501227175474076, 0.6501227175474076, 0.6525046455054369, 0.6525046455054369, 0.6558487939271374, 0.6558487939271374, 0.657970221870512, 0.657970221870512, 0.6580956358627158, 0.6580956358627158, 0.6596149945778013, 0.6596149945778013, 0.6701135437732642, 0.6701135437732642, 0.6730470412380198, 0.6730470412380198, 0.678635247222955, 0.678635247222955, 0.6808306955069023, 0.6808306955069023, 0.6815772150414725, 0.6815772150414725, 0.6841179254960579, 0.6841179254960579, 0.6854673349160292, 0.6854673349160292, 0.6893873941205779, 0.6893873941205779, 0.6909891262932677, 0.6909891262932677, 0.695394223160116, 0.695394223160116, 0.6986017321726897, 0.6986017321726897, 0.7056250036636478, 0.7056250036636478, 0.7079244848911164, 0.7079244848911164, 0.7099237521615522, 0.7099237521615522, 0.7124532665083971, 0.7124532665083971, 0.7140608165538262, 0.7140608165538262, 0.7147518977695713, 0.7147518977695713, 0.7158444268589349, 0.7158444268589349, 0.7169486796213254, 0.7169486796213254, 0.7191542542278495, 0.7191542542278495, 0.7200400070342038, 0.7200400070342038, 0.7202888273396055, 0.7202888273396055, 0.7283240423224596, 0.7283240423224596, 0.7286358920249714, 0.7286358920249714, 0.729941264398136, 0.729941264398136, 0.7368393417157595, 0.7368393417157595, 0.7385391424133181, 0.7385391424133181, 0.7396597643541722, 0.7396597643541722, 0.7441725431577713, 0.7441725431577713, 0.7462827896479967, 0.7462827896479967, 0.7479546880037515, 0.7479546880037515, 0.7505733169201911, 0.7505733169201911, 0.7507165948591694, 0.7507165948591694, 0.751174389636273, 0.751174389636273, 0.7513035112400716, 0.7513035112400716, 0.752598698672294, 0.752598698672294, 0.7527397637679885, 0.7527397637679885, 0.7537887101028753, 0.7537887101028753, 0.7548882440868724, 0.7548882440868724, 0.7553988247017791, 0.7553988247017791, 0.7562546088689587, 0.7562546088689587, 0.7573192942348838, 0.7573192942348838, 0.7579987543597408, 0.7579987543597408, 0.7586338257276004, 0.7586338257276004, 0.7589656789472141, 0.7589656789472141, 0.7607170344969079, 0.7607170344969079, 0.7613481930888948, 0.7613481930888948, 0.7631145989038366, 0.7631145989038366, 0.7637902341803687, 0.7637902341803687, 0.7655247516046777, 0.7655247516046777, 0.765526524810223, 0.765526524810223, 0.7676631056009848, 0.7676631056009848, 0.7679436530965151, 0.7679436530965151, 0.768973533808142, 0.768973533808142, 0.7696075793546118, 0.7696075793546118, 0.7696551628125092, 0.7696551628125092, 0.7698321023476655, 0.7698321023476655, 0.7712739822386354, 0.7712739822386354, 0.7716786541223366, 0.7716786541223366, 0.7717502124915736, 0.7717502124915736, 0.7723759342301943, 0.7723759342301943, 0.7728792608224156, 0.7728792608224156, 0.7733655734341569, 0.7733655734341569, 0.7737507107476772, 0.7737507107476772, 0.7739743398106627, 0.7739743398106627, 0.7757575104780328, 0.7757575104780328, 0.7757614672176794, 0.7757614672176794, 0.7768664966734078, 0.7768664966734078, 0.7778478560332952, 0.7778478560332952, 0.7780123831296345, 0.7780123831296345, 0.7788896655822269, 0.7788896655822269, 0.7806358040974237, 0.7806358040974237, 0.781065037076116, 0.781065037076116, 0.7822914651660365, 0.7822914651660365, 0.7839814619420264, 0.7839814619420264, 0.7849962191154489, 0.7849962191154489, 0.785448562384595, 0.785448562384595, 0.7855268179020487, 0.7855268179020487, 0.786104384653712, 0.786104384653712, 0.7870097892669774, 0.7870097892669774, 0.7874296579618394, 0.7874296579618394, 0.788918051525543, 0.788918051525543, 0.7892509305665465, 0.7892509305665465, 0.7894439901521146, 0.7894439901521146, 0.7894576482311908, 0.7894576482311908, 0.7896236407866585, 0.7896236407866585, 0.789627025997245, 0.789627025997245, 0.7907437644714089, 0.7907437644714089, 0.791280474222574, 0.791280474222574, 0.7914363697646473, 0.7914363697646473, 0.792362833025587, 0.792362833025587, 0.7924706761628418, 0.7924706761628418, 0.7933691491544301, 0.7933691491544301, 0.7935840001172367, 0.7935840001172367, 0.7941727922858232, 0.7941727922858232, 0.794396699786043, 0.794396699786043, 0.794597042703479, 0.794597042703479, 0.7953335678067939, 0.7953335678067939, 0.795585773322782, 0.795585773322782, 0.7956089715407837, 0.7956089715407837, 0.7958897828189572, 0.7958897828189572, 0.7962700987719453, 0.7962700987719453, 0.7969547466221167, 0.7969547466221167, 0.7974057563234561, 0.7974057563234561, 0.7979101087370674, 0.7979101087370674, 0.7982364664849497, 0.7982364664849497, 0.7983613529118673, 0.7983613529118673, 0.7986118438406753, 0.7986118438406753, 0.7994824437996424, 0.7994824437996424, 0.7996332395439492, 0.7996332395439492, 0.7998755825200035, 0.7998755825200035, 0.7998978428441631, 0.7998978428441631, 0.8000922946159031, 0.8000922946159031, 0.800098596090155], "iters": [0, 4, 5, 7, 8, 9, 10, 11, 12, 12, 13, 13, 14, 14, 15, 15, 16, 19, 20, 21, 22, 23, 24, 24, 25, 26, 27, 29, 30, 37, 38, 39, 40, 44, 45, 45, 46, 48, 49, 50, 51, 51, 52, 53, 54, 57, 58, 59, 60, 60, 61, 66, 67, 68, 69, 70, 71, 73, 74, 75, 76, 77, 78, 78, 79, 84, 85, 86, 87, 91, 92, 92, 93, 94, 95, 95, 96, 97, 98, 100, 101, 101, 102, 103, 104, 107, 108, 112, 113, 113, 114, 117, 118, 119, 120, 121, 122, 122, 123, 123, 124, 124, 125, 125, 126, 128, 129, 129, 130, 131, 132, 135, 136, 139, 140, 144, 145, 149, 150, 150, 151, 153, 154, 157, 158, 158, 159, 226, 227, 227, 228, 277, 278, 340, 341, 366, 367, 389, 390, 393, 394, 399, 400, 404, 405, 410, 411, 413, 414, 414, 415, 415, 416, 423, 424, 427, 428, 432, 433, 435, 436, 444, 445, 451, 452, 452, 453, 459, 460, 461, 462, 464, 465, 466, 467, 467, 468, 470, 471, 475, 476, 477, 478, 481, 482, 483, 484, 488, 489, 489, 490, 493, 494, 495, 496, 509, 510, 510, 511, 511, 512, 514, 515, 515, 516, 519, 520, 521, 522, 528, 529, 529, 530, 536, 537, 538, 539, 539, 540, 541, 542, 545, 546, 554, 555, 556, 557, 594, 595, 608, 609, 613, 614, 622, 623, 625, 626, 627, 628, 639, 640, 647, 648, 652, 653, 654, 655, 657, 658, 665, 666, 666, 667, 667, 668, 671, 672, 672, 673, 675, 676, 677, 678, 679, 680, 682, 683, 683, 684, 685, 686, 687, 688, 696, 697, 699, 700, 709, 710, 716, 717, 835, 836, 883, 884, 890, 891, 916, 917, 925, 926], "finalScore": 0.800098596090155, "finalIter": 1000}