{"title": "number_of_rect_300_3", "popultion": 10, "subpopulation": 15, "number_of_rect": 300, "scores": [0.743218851666227], "iters": [0], "finalScore": 0.743218851666227, "finalIter": 2}