{"title": "number_of_rect_100_3", "popultion": 10, "subpopulation": 15, "number_of_rect": 100, "scores": [0.6933945015973504, 0.6933945015973504, 0.6935667809724786, 0.6935667809724786, 0.6937077141768516, 0.6937077141768516, 0.6943999384507167, 0.6943999384507167, 0.6949541750930567, 0.6949541750930567, 0.6958162753890793, 0.6958162753890793, 0.6958412175034439, 0.6958412175034439, 0.6970776693338023, 0.6970776693338023, 0.697080600252059, 0.697080600252059, 0.69891185263343, 0.69891185263343, 0.7017127553562531, 0.7017127553562531, 0.7019184911632814, 0.7019184911632814, 0.7021131627538908, 0.7021131627538908, 0.7025268179020487, 0.7025268179020487, 0.7026086637943667, 0.7026086637943667, 0.7033160848793927, 0.7033160848793927, 0.7037143380521117, 0.7037143380521117, 0.7039717019842316, 0.7039717019842316, 0.704358392684428, 0.704358392684428, 0.7043811805738738, 0.7043811805738738, 0.7046975438905009, 0.7046975438905009, 0.7047861308948093, 0.7047861308948093, 0.7047953339781354, 0.7047953339781354, 0.70507775726135, 0.70507775726135, 0.7055565520677628, 0.7055565520677628, 0.7060809226530672, 0.7060809226530672, 0.7062631964594508, 0.7062631964594508, 0.7067702306632668, 0.7067702306632668, 0.7069672616430728, 0.7069672616430728, 0.7070802778510508, 0.7070802778510508, 0.7073997039772562, 0.7073997039772562, 0.7079258917318796, 0.7079258917318796, 0.7083579383920983, 0.7083579383920983, 0.7087333157478237, 0.7087333157478237, 0.7089089363697647, 0.7089089363697647, 0.7092103520032826, 0.7092103520032826, 0.7093534247779829, 0.7093534247779829, 0.709805812010903, 0.709805812010903, 0.7099052727219437, 0.7099052727219437, 0.7101391306896451, 0.7101391306896451, 0.7110087634455875, 0.7110087634455875, 0.7112082124329553, 0.7112082124329553, 0.7114243383452036, 0.7114243383452036, 0.7118191183797884, 0.7118191183797884, 0.7129042908643278, 0.7129042908643278, 0.7130011284035289, 0.7130011284035289, 0.7136676631788739, 0.7136676631788739, 0.7143063981945543, 0.7143063981945543, 0.7146630030188458, 0.7146630030188458, 0.7147266479087898, 0.7147266479087898, 0.7147952753597702, 0.7147952753597702, 0.7150396992877869, 0.7150396992877869, 0.7154778276033882, 0.7154778276033882, 0.7155553210820951, 0.7155553210820951, 0.7156107887101029, 0.7156107887101029, 0.7165434068993816, 0.7165434068993816, 0.7166670916498139, 0.7166670916498139, 0.7169554940062721, 0.7169554940062721, 0.7171405668395908, 0.7171405668395908, 0.7172848266361851, 0.7172848266361851, 0.7174041443184149, 0.7174041443184149, 0.7180484920425569, 0.7180484920425569, 0.7185235352736012, 0.7185235352736012, 0.7186068612796389, 0.7186068612796389, 0.7192428265775668, 0.7192428265775668, 0.7194000703420381, 0.7194000703420381, 0.71976775403734, 0.71976775403734, 0.7198548316187461, 0.7198548316187461, 0.7204656349834403, 0.7204656349834403, 0.7207930038981213, 0.7207930038981213, 0.7211490811571265, 0.7211490811571265, 0.7219060787244643, 0.7219060787244643, 0.7220838242621413, 0.7220838242621413, 0.7221339869281045, 0.7221339869281045, 0.7222439696356868, 0.7222439696356868, 0.7240669128638002, 0.7240669128638002, 0.7243682259151792, 0.7243682259151792, 0.7251044432720771, 0.7251044432720771, 0.7252227497875083, 0.7252227497875083, 0.7254356956534482, 0.7254356956534482, 0.725565916351593, 0.725565916351593, 0.7266562179430816, 0.7266562179430816, 0.7267597526304992], "iters": [0, 14, 15, 15, 16, 22, 23, 23, 24, 24, 25, 61, 62, 64, 65, 69, 70, 71, 72, 73, 74, 81, 82, 85, 86, 87, 88, 90, 91, 101, 102, 109, 110, 122, 123, 129, 130, 153, 154, 155, 156, 159, 160, 167, 168, 170, 171, 188, 189, 192, 193, 228, 229, 231, 232, 248, 249, 261, 262, 263, 264, 268, 269, 269, 270, 283, 284, 295, 296, 309, 310, 330, 331, 344, 345, 352, 353, 358, 359, 373, 374, 380, 381, 383, 384, 388, 389, 407, 408, 415, 416, 433, 434, 462, 463, 477, 478, 488, 489, 494, 495, 498, 499, 499, 500, 505, 506, 512, 513, 523, 524, 551, 552, 555, 556, 564, 565, 604, 605, 612, 613, 621, 622, 655, 656, 668, 669, 682, 683, 692, 693, 696, 697, 715, 716, 722, 723, 728, 729, 731, 732, 737, 738, 745, 746, 746, 747, 751, 752, 760, 761, 786, 787, 793, 794, 827, 828, 838, 839, 856, 857, 860, 861, 954, 955], "finalScore": 0.7267597526304992, "finalIter": 1000}