{"title": "number_of_rect_10_3", "popultion": 10, "subpopulation": 15, "number_of_rect": 10, "scores": [0.560356165186553, 0.560356165186553, 0.5635755004542924, 0.5635755004542924, 0.5653260353468741, 0.5653260353468741, 0.5655849233564876, 0.5655849233564876, 0.5672652920660043, 0.5672652920660043, 0.567425188311498, 0.567425188311498, 0.568615756616548, 0.568615756616548, 0.5726224098009907, 0.5726224098009907, 0.5741610539582052, 0.5741610539582052, 0.5751384712330373, 0.5751384712330373, 0.5781809255839854, 0.5781809255839854, 0.5804917348105161, 0.5804917348105161, 0.5849729769336733, 0.5849729769336733, 0.5883913215510419, 0.5883913215510419, 0.5916699053313403, 0.5916699053313403, 0.5943098273689147, 0.5943098273689147, 0.5968254198540403, 0.5968254198540403, 0.6032328907646766, 0.6032328907646766, 0.6109286614496322, 0.6109286614496322, 0.611292315132331, 0.611292315132331, 0.6126630469826196, 0.6126630469826196, 0.6130913713766524, 0.6130913713766524, 0.6142699961898063, 0.6142699961898063, 0.6187743046396437, 0.6187743046396437, 0.6212778657053255, 0.6212778657053255, 0.6220529323837158, 0.6220529323837158, 0.6249100940824761, 0.6249100940824761, 0.6303360151235382, 0.6303360151235382, 0.6329789999706907, 0.6329789999706907, 0.6334857703918637, 0.6334857703918637, 0.6471297224420411, 0.6471297224420411, 0.6549949734751898, 0.6549949734751898, 0.6593540109616343, 0.6593540109616343, 0.6741036519241479, 0.6741036519241479, 0.6859751165040007, 0.6859751165040007, 0.6880777719159412, 0.6880777719159412, 0.6913976523344764, 0.6913976523344764, 0.6970555555555555, 0.6970555555555555, 0.7015245024766259, 0.7015245024766259, 0.7030969108121574, 0.7030969108121574, 0.7042522201705794, 0.7042522201705794, 0.706869559482986, 0.706869559482986, 0.7090965591019667, 0.7090965591019667, 0.7166011313344471, 0.7166011313344471, 0.7168406899381576, 0.7168406899381576, 0.7200242826577568, 0.7200242826577568, 0.721796506345438, 0.721796506345438, 0.7238239543949119, 0.7238239543949119, 0.72466430727747, 0.72466430727747, 0.7271402297839913, 0.7271402297839913, 0.7314878806530085, 0.7314878806530085, 0.7346770274627041, 0.7346770274627041, 0.7387179137723849, 0.7387179137723849, 0.7443553005656672, 0.7443553005656672, 0.755863609718925, 0.755863609718925, 0.7641541516457107, 0.7641541516457107, 0.7716819807145578, 0.7716819807145578, 0.7719720536944225, 0.7719720536944225, 0.7794995603622615, 0.7794995603622615, 0.7811473812245376, 0.7811473812245376, 0.783374468771066, 0.783374468771066, 0.7870403587443946, 0.7870403587443946, 0.7874330871361997, 0.7874330871361997, 0.7895373692077727, 0.7895373692077727, 0.7904586447433981, 0.7904586447433981, 0.7910618277206248, 0.7910618277206248, 0.7911542102640757, 0.7911542102640757, 0.7911977344001876, 0.7911977344001876, 0.7912863067499047, 0.7912863067499047, 0.7913177848119816, 0.7913177848119816, 0.791414593042, 0.791414593042, 0.7914519915589554, 0.7914519915589554, 0.7914801576834022, 0.7914801576834022, 0.7914831911837978, 0.7914831911837978, 0.7914832644567543, 0.7914832644567543, 0.7915008206571119, 0.7915008206571119, 0.791510492687359], "iters": [0, 15, 16, 16, 17, 19, 20, 20, 21, 22, 23, 23, 24, 24, 25, 28, 29, 31, 32, 32, 33, 33, 34, 36, 37, 37, 38, 38, 39, 39, 40, 40, 41, 41, 42, 42, 43, 52, 53, 61, 62, 62, 63, 63, 64, 67, 68, 69, 70, 70, 71, 72, 73, 74, 75, 76, 77, 77, 78, 78, 79, 81, 82, 82, 83, 83, 84, 84, 85, 86, 87, 88, 89, 90, 91, 91, 92, 92, 93, 93, 94, 94, 95, 95, 96, 97, 98, 101, 102, 102, 103, 107, 108, 108, 109, 109, 110, 110, 111, 112, 113, 113, 114, 114, 115, 116, 117, 119, 120, 120, 121, 122, 123, 124, 125, 125, 126, 126, 127, 129, 130, 130, 131, 132, 133, 133, 134, 135, 136, 136, 137, 141, 142, 142, 143, 143, 144, 158, 159, 159, 160, 168, 169, 184, 185, 188, 189, 193, 194, 198, 199, 200, 201], "finalScore": 0.791510492687359, "finalIter": 1000}