{"title": "number_of_rect_50_0", "popultion": 10, "subpopulation": 15, "number_of_rect": 50, "scores": [0.6297348984436824], "iters": [0], "finalScore": 0.6297348984436824, "finalIter": 5}