{"title": "number_of_rect_300_2", "popultion": 10, "subpopulation": 15, "number_of_rect": 300, "scores": [0.7145954160438466, 0.7145954160438466, 0.715096163428002, 0.715096163428002, 0.7173974618247897, 0.7173974618247897, 0.719861030510859, 0.719861030510859, 0.719957091356722, 0.719957091356722, 0.7199904745156658, 0.7199904745156658, 0.7212078607227645, 0.7212078607227645, 0.7214054046132654, 0.7214054046132654, 0.7225912834491046, 0.7225912834491046, 0.7225956798264896, 0.7225956798264896, 0.722779492364958, 0.722779492364958, 0.7235793399572086, 0.7235793399572086, 0.72440911222486, 0.72440911222486, 0.7257784958527507, 0.7257784958527507, 0.725900114305812, 0.725900114305812, 0.7265807614525631, 0.7265807614525631, 0.7280406811454028, 0.7280406811454028, 0.7284212755356253, 0.7284212755356253, 0.729097145285618, 0.729097145285618, 0.7304159266098069], "iters": [0, 0, 1, 1, 2, 5, 6, 6, 7, 8, 9, 9, 10, 21, 22, 30, 31, 68, 69, 69, 70, 173, 174, 174, 175, 275, 276, 276, 277, 296, 297, 298, 299, 352, 353, 404, 405, 409, 410], "finalScore": 0.7304159266098069, "finalIter": 1000}