{"title": "number_of_rect_300_2", "popultion": 10, "subpopulation": 15, "number_of_rect": 300, "scores": [0.7559887892376682], "iters": [0], "finalScore": 0.7559887892376682, "finalIter": 2}