{"title": "number_of_rect_200_4", "popultion": 10, "subpopulation": 15, "number_of_rect": 200, "scores": [0.7139718338755532], "iters": [0], "finalScore": 0.7139718338755532, "finalIter": 2}