{"title": "number_of_rect_100_4", "popultion": 10, "subpopulation": 15, "number_of_rect": 100, "scores": [0.7324571206659046, 0.7324571206659046, 0.732460916205047, 0.732460916205047, 0.7326289897124769, 0.7326289897124769, 0.7328764031771153, 0.7328764031771153, 0.7329206307336088, 0.7329206307336088, 0.733663530584132, 0.733663530584132, 0.7337473988100471, 0.7337473988100471, 0.7339341276121809, 0.7339341276121809, 0.7339929951053665, 0.7339929951053665, 0.7341571265277411, 0.7341571265277411, 0.7342965356546206, 0.7342965356546206, 0.7345055833992791, 0.7345055833992791, 0.734832278202761, 0.734832278202761, 0.7348723292007386, 0.7348723292007386, 0.7349156335179812, 0.7349156335179812, 0.7350356692751838, 0.7350356692751838, 0.735083604443272, 0.735083604443272, 0.735197441308362, 0.735197441308362, 0.7355731703742783, 0.7355731703742783, 0.735673818107213, 0.735673818107213, 0.7357881678829978, 0.7357881678829978, 0.7359539113104135, 0.7359539113104135, 0.7360402121984817, 0.7360402121984817, 0.7360498109557725, 0.7360498109557725, 0.7364848618072042, 0.7364848618072042, 0.7367336528034233, 0.7367336528034233, 0.7367975175122365, 0.7367975175122365, 0.7368181951405375, 0.7368181951405375, 0.737199566224098, 0.737199566224098, 0.7372946305577537, 0.7372946305577537, 0.7373695008646208, 0.7373695008646208, 0.7374604179489435, 0.7374604179489435, 0.737801825962074, 0.737801825962074, 0.737989917641197, 0.737989917641197, 0.7380736979395646, 0.7380736979395646, 0.7385655060230369, 0.7385655060230369, 0.7386451390720713, 0.7386451390720713, 0.7387068349013746, 0.7387068349013746, 0.7389078079662359, 0.7389078079662359, 0.7390447404671884, 0.7390447404671884, 0.7390740056859815, 0.7390740056859815, 0.7393113221372256, 0.7393113221372256, 0.7393140039274304, 0.7393140039274304, 0.7394067235264808, 0.7394067235264808, 0.7395141416805886], "iters": [0, 3, 4, 5, 6, 7, 8, 10, 11, 11, 12, 14, 15, 20, 21, 22, 23, 34, 35, 75, 76, 88, 89, 95, 96, 103, 104, 105, 106, 116, 117, 132, 133, 174, 175, 176, 177, 183, 184, 231, 232, 242, 243, 248, 249, 249, 250, 274, 275, 332, 333, 337, 338, 340, 341, 357, 358, 374, 375, 384, 385, 391, 392, 426, 427, 570, 571, 628, 629, 677, 678, 687, 688, 707, 708, 716, 717, 754, 755, 820, 821, 833, 834, 848, 849, 927, 928, 969, 970], "finalScore": 0.7395141416805886, "finalIter": 1000}