{"title": "number_of_rect_20_3", "popultion": 10, "subpopulation": 15, "number_of_rect": 20, "scores": [0.5702093701456666, 0.5702093701456666, 0.5724850230077083, 0.5724850230077083, 0.5725686274509804, 0.5725686274509804, 0.5731703156598962, 0.5731703156598962, 0.5736495207948651, 0.5736495207948651, 0.5743015035610657, 0.5743015035610657, 0.5743820451947594, 0.5743820451947594, 0.5748068378322928, 0.5748068378322928, 0.575194085406958, 0.575194085406958, 0.5756904657229109, 0.5756904657229109, 0.5760380286643806, 0.5760380286643806, 0.5766124593335091, 0.5766124593335091, 0.5772294615903162, 0.5772294615903162, 0.5778418769600515, 0.5778418769600515, 0.5797277323485448, 0.5797277323485448, 0.5799656936018054, 0.5799656936018054, 0.5809542044022392, 0.5809542044022392, 0.5815602889885401, 0.5815602889885401, 0.5825308772238342, 0.5825308772238342, 0.5836507224713503, 0.5836507224713503, 0.5840816553826313, 0.5840816553826313, 0.5861887511357309, 0.5861887511357309, 0.5867929452797561, 0.5867929452797561, 0.5869701632521469, 0.5869701632521469, 0.5873975204431549, 0.5873975204431549, 0.5874432720771418, 0.5874432720771418, 0.5885535771857323, 0.5885535771857323, 0.5887945865939799, 0.5887945865939799, 0.5888583487206542, 0.5888583487206542, 0.5892523960256748, 0.5892523960256748, 0.5893593305782702, 0.5893593305782702, 0.5896873003311938, 0.5896873003311938, 0.5922892230135701, 0.5922892230135701, 0.5942182801371669, 0.5942182801371669, 0.5951404056390868, 0.5951404056390868, 0.6025148597555614, 0.6025148597555614, 0.6049338931387204, 0.6049338931387204, 0.6083845071660952, 0.6083845071660952, 0.6104220375743721, 0.6104220375743721, 0.6126675605967349, 0.6126675605967349, 0.6128175796477036, 0.6128175796477036, 0.6158200123098567, 0.6158200123098567, 0.6167737477651749, 0.6167737477651749, 0.6176343532928867, 0.6176343532928867, 0.6176587824965563, 0.6176587824965563, 0.617773293472845, 0.617773293472845, 0.6180905507195404, 0.6180905507195404, 0.6182612767079927, 0.6182612767079927, 0.61866099533984, 0.61866099533984, 0.6187376535068436, 0.6187376535068436, 0.6189539552741874, 0.6189539552741874, 0.6191415633517982, 0.6191415633517982, 0.6192328028371289, 0.6192328028371289, 0.6194032943521206, 0.6194032943521206, 0.6195126029485037, 0.6195126029485037, 0.6196853073067792, 0.6196853073067792, 0.6199941528180779, 0.6199941528180779, 0.6200232568363668, 0.6200232568363668, 0.6204634807585216, 0.6204634807585216, 0.6204713795832234, 0.6204713795832234, 0.6206001787860137, 0.6206001787860137, 0.6208068671414755, 0.6208068671414755, 0.6209642427972684, 0.6209642427972684, 0.6210977607784519, 0.6210977607784519, 0.6213000381019373, 0.6213000381019373, 0.6215559805387028, 0.6215559805387028, 0.6216335033265923, 0.6216335033265923, 0.6217056625340719, 0.6217056625340719, 0.6217547114510977, 0.6217547114510977, 0.6219763474896685, 0.6219763474896685, 0.6222049737682815, 0.6222049737682815, 0.6222869662065125, 0.6222869662065125, 0.6230638060904481, 0.6230638060904481, 0.6230858612503297, 0.6230858612503297, 0.6233284093906621, 0.6233284093906621, 0.6234983000674111, 0.6234983000674111, 0.623606143204666, 0.623606143204666, 0.623643937395586, 0.623643937395586, 0.6236785515401975, 0.6236785515401975, 0.6236845892318064, 0.6236845892318064, 0.6239081596764267, 0.6239081596764267, 0.6241195521556904, 0.6241195521556904, 0.6242576423693543, 0.6242576423693543, 0.6243273102963158, 0.6243273102963158, 0.6245625164864153, 0.6245625164864153, 0.6246002813681526, 0.6246002813681526, 0.6246045751633987, 0.6246045751633987, 0.6248238225035904, 0.6248238225035904, 0.6249420997098392, 0.6249420997098392, 0.6249711597643541], "iters": [0, 2, 3, 12, 13, 16, 17, 17, 18, 33, 34, 34, 35, 40, 41, 42, 43, 44, 45, 45, 46, 46, 47, 48, 49, 49, 50, 53, 54, 55, 56, 57, 58, 59, 60, 60, 61, 61, 62, 62, 63, 63, 64, 65, 66, 68, 69, 69, 70, 70, 71, 71, 72, 72, 73, 73, 74, 75, 76, 76, 77, 77, 78, 80, 81, 82, 83, 83, 84, 84, 85, 85, 86, 86, 87, 88, 89, 90, 91, 92, 93, 93, 94, 95, 96, 117, 118, 152, 153, 155, 156, 160, 161, 164, 165, 187, 188, 193, 194, 196, 197, 197, 198, 226, 227, 245, 246, 268, 269, 285, 286, 405, 406, 443, 444, 482, 483, 540, 541, 567, 568, 627, 628, 629, 630, 684, 685, 703, 704, 728, 729, 774, 775, 775, 776, 807, 808, 815, 816, 825, 826, 838, 839, 845, 846, 886, 887, 905, 906, 946, 947, 950, 951, 951, 952, 954, 955, 961, 962, 964, 965, 968, 969, 970, 971, 978, 979, 979, 980, 980, 981, 981, 982, 989, 990, 993, 994, 994, 995], "finalScore": 0.6249711597643541, "finalIter": 1000}