{"title": "number_of_rect_300_2", "popultion": 10, "subpopulation": 15, "number_of_rect": 300, "scores": [0.7341780972478678, 0.7341780972478678, 0.7349025323133738, 0.7349025323133738, 0.7354998094903133, 0.7354998094903133, 0.7360228318532196, 0.7360228318532196, 0.7364478003458483, 0.7364478003458483, 0.7364878366892347, 0.7364878366892347, 0.7366656408452767, 0.7366656408452767, 0.7368145314927166, 0.7368145314927166, 0.7381167970925291, 0.7381167970925291, 0.7384448401184092, 0.7384448401184092, 0.7388731938216243, 0.7388731938216243, 0.7389591723086844, 0.7389591723086844, 0.7395549107535391, 0.7395549107535391, 0.7397370380140098, 0.7397370380140098, 0.7400958410269938, 0.7400958410269938, 0.7404458073214338, 0.7404458073214338, 0.7413032034936546, 0.7413032034936546, 0.7415693894897271, 0.7415693894897271, 0.7424096690993288, 0.7424096690993288, 0.7428907939857556, 0.7428907939857556, 0.7433863536445968], "iters": [0, 9, 10, 10, 11, 15, 16, 18, 19, 19, 20, 24, 25, 26, 27, 27, 28, 29, 30, 34, 35, 39, 40, 56, 57, 71, 72, 231, 232, 266, 267, 274, 275, 340, 341, 501, 502, 761, 762, 903, 904], "finalScore": 0.7433863536445968, "finalIter": 1000}