{"title": "number_of_rect_300_0", "popultion": 10, "subpopulation": 15, "number_of_rect": 300, "scores": [0.7269654005099797, 0.7269654005099797, 0.7281762947331399, 0.7281762947331399, 0.7290670594097131, 0.7290670594097131, 0.7301906269234151, 0.7301906269234151, 0.7319126732905419, 0.7319126732905419, 0.7334674668073508, 0.7334674668073508, 0.7340440077376242, 0.7340440077376242, 0.7341599841730415, 0.7341599841730415, 0.7346831384272693, 0.7346831384272693, 0.7353037310589408, 0.7353037310589408, 0.7363493654561974, 0.7363493654561974, 0.7364228875406664, 0.7364228875406664, 0.7368070283419796, 0.7368070283419796, 0.7389307424015944, 0.7389307424015944, 0.7391531551335033, 0.7391531551335033, 0.7395819777836397, 0.7395819777836397, 0.7397035669275184, 0.7397035669275184, 0.7404632169758786, 0.7404632169758786, 0.7416461355842785, 0.7416461355842785, 0.7423880096134119, 0.7423880096134119, 0.7432289779888039, 0.7432289779888039, 0.7450150502652482, 0.7450150502652482, 0.7452710366657873, 0.7452710366657873, 0.7452800345848354, 0.7452800345848354, 0.7453769600515842, 0.7453769600515842, 0.7458276473519154, 0.7458276473519154, 0.746097247867757, 0.746097247867757, 0.7461855271256485, 0.7461855271256485, 0.7463265189483865], "iters": [0, 7, 8, 8, 9, 11, 12, 12, 13, 13, 14, 15, 16, 18, 19, 19, 20, 22, 23, 26, 27, 28, 29, 35, 36, 40, 41, 79, 80, 85, 86, 115, 116, 155, 156, 177, 178, 215, 216, 244, 245, 251, 252, 352, 353, 399, 400, 571, 572, 590, 591, 810, 811, 929, 930, 945, 946], "finalScore": 0.7463265189483865, "finalIter": 1000}