{"title": "number_of_rect_10_2", "popultion": 10, "subpopulation": 15, "number_of_rect": 10, "scores": [0.5532104106216478, 0.5532104106216478, 0.5533347548286878, 0.5533347548286878, 0.553860561563938, 0.553860561563938, 0.5548369823265629, 0.5548369823265629, 0.555267035962367, 0.555267035962367, 0.5553407339019314, 0.5553407339019314, 0.5555467481461942, 0.5555467481461942, 0.55662262961986, 0.55662262961986, 0.5568997479410299, 0.5568997479410299, 0.5578618365133796, 0.5578618365133796, 0.5585434801723379, 0.5585434801723379, 0.5594255839854626, 0.5594255839854626, 0.5626996394970545, 0.5626996394970545, 0.5646918432544916, 0.5646918432544916, 0.565610905946833, 0.565610905946833, 0.5658391951698467, 0.5658391951698467, 0.5663726662563382, 0.5663726662563382, 0.5673142823646649, 0.5673142823646649, 0.5678313549635101, 0.5678313549635101, 0.5683003605029455, 0.5683003605029455, 0.5702792139277235, 0.5702792139277235, 0.5713721093818693, 0.5713721093818693, 0.5723334359154724, 0.5723334359154724, 0.5727332717840499, 0.5727332717840499, 0.5735532694393153, 0.5735532694393153, 0.5736971189073536, 0.5736971189073536, 0.5803551100559805, 0.5803551100559805, 0.5822944107388845, 0.5822944107388845, 0.5837829801576834, 0.5837829801576834, 0.5854703830710162, 0.5854703830710162, 0.5900061402737478, 0.5900061402737478, 0.5947655998124213, 0.5947655998124213, 0.597376168703655, 0.597376168703655, 0.5981775257188078, 0.5981775257188078, 0.5989342301943199, 0.5989342301943199, 0.6008955420733315, 0.6008955420733315, 0.6022488496145842, 0.6022488496145842, 0.6076765731703744, 0.6076765731703744, 0.6102369793956447, 0.6102369793956447, 0.6143807116269527, 0.6143807116269527, 0.6152895014508045, 0.6152895014508045, 0.6221668425217621, 0.6221668425217621, 0.6267754183885812, 0.6267754183885812, 0.6280122072745391, 0.6280122072745391, 0.6283611624021807, 0.6283611624021807, 0.6309278847562941, 0.6309278847562941, 0.637327324950907, 0.637327324950907, 0.6437651455200915, 0.6437651455200915, 0.649483660130719, 0.649483660130719, 0.657308347255195, 0.657308347255195, 0.6585849380110789, 0.6585849380110789, 0.6589506433365573, 0.6589506433365573, 0.6718417304141387, 0.6718417304141387, 0.674151587092236, 0.674151587092236, 0.6779613998065595, 0.6779613998065595, 0.6808258301825962, 0.6808258301825962, 0.6897476772472816, 0.6897476772472816, 0.7033009613411882, 0.7033009613411882, 0.709398253172719, 0.709398253172719, 0.719234620006448, 0.719234620006448, 0.7207900729798646, 0.7207900729798646, 0.7249150912981037, 0.7249150912981037, 0.7282909522553416, 0.7282909522553416, 0.7330091591195521, 0.7330091591195521, 0.7350259386265717, 0.7350259386265717, 0.7353464785017145, 0.7353464785017145, 0.7362186171927665, 0.7362186171927665, 0.7404060054515079, 0.7404060054515079, 0.7508381107300918, 0.7508381107300918, 0.7533795099504674, 0.7533795099504674, 0.7540795304668952, 0.7540795304668952, 0.7570238430200181, 0.7570238430200181, 0.7620324599196928, 0.7620324599196928, 0.7626792256513966, 0.7626792256513966, 0.7654754242504176, 0.7654754242504176, 0.7667783493068379, 0.7667783493068379, 0.7668577332278202, 0.7668577332278202, 0.7695683929775199, 0.7695683929775199, 0.77055309358422, 0.77055309358422, 0.7715627802690583, 0.7715627802690583, 0.773503824848325, 0.773503824848325, 0.7748651337964184, 0.7748651337964184, 0.7775154459392127, 0.7775154459392127, 0.7775620182303116, 0.7775620182303116, 0.7814847299158827, 0.7814847299158827, 0.7819068554178024, 0.7819068554178024, 0.7844592748908232, 0.7844592748908232, 0.7881189220082652, 0.7881189220082652, 0.7892157155836924, 0.7892157155836924, 0.7897225592778218, 0.7897225592778218, 0.7916475131158592, 0.7916475131158592, 0.7927498314722002, 0.7927498314722002, 0.7935690963979014, 0.7935690963979014, 0.7941767783346523, 0.7941767783346523, 0.7948398399718632, 0.7948398399718632, 0.798437234385533, 0.798437234385533, 0.7989465986693631, 0.7989465986693631, 0.7989744570473929, 0.7989744570473929, 0.8009844661332395, 0.8009844661332395, 0.8021041208710689, 0.8021041208710689, 0.8037072745391132, 0.8037072745391132, 0.804692429438143, 0.804692429438143, 0.8063359271959905, 0.8063359271959905, 0.8083316480553357, 0.8083316480553357, 0.8095333391951698, 0.8095333391951698, 0.8096944517717402, 0.8096944517717402, 0.8157996717371552, 0.8157996717371552, 0.8158117471203727, 0.8158117471203727, 0.8201055863301973, 0.8201055863301973, 0.8211289457487031, 0.8211289457487031, 0.8218943697060289, 0.8218943697060289, 0.8219933907793312, 0.8219933907793312, 0.8234426858934905, 0.8234426858934905, 0.8249053606494915, 0.8249053606494915, 0.8250097013394296, 0.8250097013394296, 0.8259841437322313, 0.8259841437322313, 0.8268723878191038, 0.8268723878191038, 0.8271204460857586, 0.8271204460857586, 0.8297561915648173, 0.8297561915648173, 0.830577244350655, 0.830577244350655, 0.831555936574929, 0.831555936574929, 0.8318596090155046, 0.8318596090155046, 0.8335194466426331, 0.8335194466426331, 0.8337316451244174, 0.8337316451244174, 0.8344170403587444, 0.8344170403587444, 0.8345935402561623, 0.8345935402561623, 0.8353729886573463, 0.8353729886573463, 0.8362305899938451, 0.8362305899938451, 0.8367497288900613, 0.8367497288900613, 0.838064524165421, 0.838064524165421, 0.8388697206834901, 0.8388697206834901, 0.8389024443858261, 0.8389024443858261, 0.8391716931914769, 0.8391716931914769, 0.8393280137166974, 0.8393280137166974, 0.840315791787567, 0.840315791787567, 0.840343401037545, 0.840343401037545, 0.8413585245757496, 0.8413585245757496, 0.8416881502974882, 0.8416881502974882, 0.8420855095401389, 0.8420855095401389, 0.8426004865324306, 0.8426004865324306, 0.8430736393211993, 0.8430736393211993, 0.8431841202848853, 0.8431841202848853, 0.8437471350274041, 0.8437471350274041, 0.8442869955156951, 0.8442869955156951, 0.8444088191330343, 0.8444088191330343, 0.8444918227380638, 0.8444918227380638, 0.844689483865295, 0.844689483865295, 0.8450114012720185, 0.8450114012720185, 0.8450151088836133, 0.8450151088836133, 0.8451876520413846], "iters": [0, 17, 18, 19, 20, 27, 28, 33, 34, 36, 37, 44, 45, 45, 46, 49, 50, 54, 55, 58, 59, 59, 60, 60, 61, 65, 66, 71, 72, 83, 84, 96, 97, 107, 108, 147, 148, 236, 237, 252, 253, 287, 288, 289, 290, 302, 303, 306, 307, 310, 311, 313, 314, 322, 323, 326, 327, 331, 332, 359, 360, 375, 376, 383, 384, 387, 388, 388, 389, 389, 390, 390, 391, 392, 393, 396, 397, 403, 404, 407, 408, 408, 409, 410, 411, 414, 415, 415, 416, 416, 417, 419, 420, 421, 422, 425, 426, 428, 429, 429, 430, 431, 432, 432, 433, 433, 434, 434, 435, 435, 436, 438, 439, 439, 440, 443, 444, 444, 445, 447, 448, 448, 449, 449, 450, 451, 452, 454, 455, 461, 462, 463, 464, 464, 465, 466, 467, 468, 469, 469, 470, 474, 475, 480, 481, 481, 482, 486, 487, 489, 490, 490, 491, 491, 492, 493, 494, 494, 495, 495, 496, 499, 500, 504, 505, 507, 508, 509, 510, 510, 511, 514, 515, 515, 516, 518, 519, 520, 521, 523, 524, 524, 525, 527, 528, 532, 533, 533, 534, 534, 535, 535, 536, 544, 545, 545, 546, 547, 548, 552, 553, 559, 560, 565, 566, 566, 567, 569, 570, 573, 574, 576, 577, 587, 588, 591, 592, 603, 604, 606, 607, 609, 610, 611, 612, 614, 615, 625, 626, 627, 628, 629, 630, 631, 632, 635, 636, 646, 647, 660, 661, 662, 663, 665, 666, 680, 681, 683, 684, 691, 692, 708, 709, 713, 714, 718, 719, 719, 720, 722, 723, 724, 725, 727, 728, 729, 730, 736, 737, 741, 742, 743, 744, 744, 745, 748, 749, 750, 751, 758, 759, 770, 771, 775, 776, 780, 781, 823, 824, 853, 854, 865, 866, 882, 883, 883, 884, 910, 911], "finalScore": 0.8451876520413846, "finalIter": 1000}