{"title": "number_of_rect_200_4", "popultion": 10, "subpopulation": 15, "number_of_rect": 200, "scores": [0.726365529470383], "iters": [0], "finalScore": 0.726365529470383, "finalIter": 5}