{"title": "number_of_rect_20_0", "popultion": 10, "subpopulation": 15, "number_of_rect": 20, "scores": [0.5841954336293561], "iters": [0], "finalScore": 0.5841954336293561, "finalIter": 5}