{"title": "number_of_rect_20_4", "popultion": 10, "subpopulation": 15, "number_of_rect": 20, "scores": [0.5941356428969196, 0.5941356428969196, 0.5953427122717547, 0.5953427122717547, 0.5968421700518772, 0.5968421700518772, 0.5969369999120724, 0.5969369999120724, 0.5981162695272428, 0.5981162695272428, 0.5987782613792901, 0.5987782613792901, 0.5989274890823295, 0.5989274890823295, 0.5997060875172191, 0.5997060875172191, 0.5998210088220639, 0.5998210088220639, 0.6013838770186699, 0.6013838770186699, 0.6018816788299775, 0.6018816788299775, 0.601886104516545, 0.601886104516545, 0.6023945015973504, 0.6023945015973504, 0.6026494035581347, 0.6026494035581347, 0.6036817315865061, 0.6036817315865061, 0.6039170550133357, 0.6039170550133357, 0.604518816495208, 0.604518816495208, 0.6048455992262376, 0.6048455992262376, 0.6056925173656906, 0.6056925173656906, 0.6057898678155866, 0.6057898678155866, 0.6067971951112283, 0.6067971951112283, 0.6071965913420675, 0.6071965913420675, 0.6072324364723467, 0.6072324364723467, 0.6084612092968728, 0.6084612092968728, 0.6104917787742901, 0.6104917787742901, 0.6106840323573376, 0.6106840323573376, 0.6117990708989126, 0.6117990708989126, 0.6141114481667107, 0.6141114481667107, 0.6158288490284006, 0.6158288490284006, 0.6166869779301856, 0.6166869779301856, 0.6174550397139424, 0.6174550397139424, 0.6180202379905624, 0.6180202379905624, 0.6206339869281046, 0.6206339869281046, 0.6233103402796096, 0.6233103402796096, 0.6240809373076585, 0.6240809373076585, 0.6254631437029221, 0.6254631437029221, 0.6266323602684721, 0.6266323602684721, 0.6269253348574109, 0.6269253348574109, 0.6300089539552742, 0.6300089539552742, 0.631870541340602, 0.631870541340602, 0.6326188780444914, 0.6326188780444914, 0.633903528825581, 0.633903528825581, 0.6343735308772238, 0.6343735308772238, 0.6351078284826637, 0.6351078284826637, 0.6361922975468215, 0.6361922975468215, 0.6366233770040153, 0.6366233770040153, 0.6367571734224333, 0.6367571734224333, 0.6377191007942788, 0.6377191007942788, 0.638124549371318, 0.638124549371318, 0.638988056508104, 0.638988056508104, 0.641055423664234, 0.641055423664234, 0.6416920923825434, 0.6416920923825434, 0.647046381781412, 0.647046381781412, 0.6501249596998739, 0.6501249596998739, 0.6503265482575691, 0.6503265482575691, 0.6508663208183123, 0.6508663208183123, 0.6516805445646121, 0.6516805445646121, 0.6522128579383921, 0.6522128579383921, 0.6522148069990328, 0.6522148069990328, 0.6522719012866731, 0.6522719012866731, 0.6530761745654914, 0.6530761745654914, 0.6541771886632082, 0.6541771886632082, 0.6553949851988627, 0.6553949851988627, 0.6556320232128726, 0.6556320232128726, 0.6557815000439637, 0.6557815000439637, 0.6557889445763357, 0.6557889445763357, 0.6559925847768106, 0.6559925847768106, 0.6581948034819309, 0.6581948034819309, 0.6587968434010376, 0.6587968434010376, 0.6593776488173745, 0.6593776488173745, 0.6593962601483044, 0.6593962601483044, 0.6599829567103374, 0.6599829567103374, 0.6603842140742695, 0.6603842140742695, 0.6605368269878953, 0.6605368269878953, 0.6611312758287171, 0.6611312758287171, 0.6611376945396993, 0.6611376945396993, 0.6612048272223687, 0.6612048272223687, 0.6616340162372871, 0.6616340162372871, 0.6631580644215833, 0.6631580644215833, 0.6636417245523023, 0.6636417245523023, 0.6636608487939271, 0.6636608487939271, 0.6649918960110203, 0.6649918960110203, 0.6662218558574402, 0.6662218558574402, 0.6668961136023916, 0.6668961136023916, 0.6686650400070342, 0.6686650400070342, 0.6693852838594332, 0.6693852838594332, 0.6694699141240951, 0.6694699141240951, 0.6710823441484217, 0.6710823441484217, 0.6712108502593863, 0.6712108502593863, 0.6713462879920279, 0.6713462879920279, 0.6731943784987837, 0.6731943784987837, 0.6733134030891879, 0.6733134030891879, 0.6741556464140215, 0.6741556464140215, 0.6748093144582197, 0.6748093144582197, 0.6752920073859141, 0.6752920073859141, 0.6754583223423899, 0.6754583223423899, 0.6757176206805593, 0.6757176206805593, 0.6757879627187198, 0.6757879627187198, 0.6760252498607814, 0.6760252498607814, 0.6760369588792169, 0.6760369588792169, 0.6761433951757085, 0.6761433951757085, 0.6764787654972303, 0.6764787654972303, 0.6766327852516193, 0.6766327852516193, 0.6768692077727952, 0.6768692077727952, 0.6768946334886721, 0.6768946334886721, 0.6770211319206307, 0.6770211319206307, 0.6778519886280372, 0.6778519886280372, 0.678178991177936, 0.678178991177936, 0.6784879246167825, 0.6784879246167825, 0.6786794747794485, 0.6786794747794485, 0.6807791699639497, 0.6807791699639497, 0.6811147307951582, 0.6811147307951582, 0.6819764793809902, 0.6819764793809902, 0.6820789882470177, 0.6820789882470177, 0.682190363140772, 0.682190363140772, 0.6823430932911281, 0.6823430932911281, 0.6824474632902489, 0.6824474632902489, 0.6827982209326182, 0.6827982209326182, 0.6835332219584396, 0.6835332219584396, 0.6844141387496703, 0.6844141387496703, 0.6844575896128257, 0.6844575896128257, 0.6847507840206337, 0.6847507840206337, 0.6850195785339547, 0.6850195785339547, 0.6853532928866614, 0.6853532928866614, 0.6858631114628213, 0.6858631114628213, 0.6858768574694452, 0.6858768574694452, 0.686120665904628, 0.686120665904628, 0.6861685424543509, 0.6861685424543509, 0.6872613060171752, 0.6872613060171752, 0.6880466455640553, 0.6880466455640553, 0.6882613060171752, 0.6882613060171752, 0.688712081245054, 0.688712081245054, 0.6888616313491016, 0.6888616313491016, 0.6888808142090916, 0.6888808142090916, 0.6893452328614555, 0.6893452328614555, 0.6893684017702746, 0.6893684017702746, 0.6912891204314312, 0.6912891204314312, 0.6914066942172983, 0.6914066942172983, 0.6920016706234063, 0.6920016706234063, 0.6921722500659457, 0.6921722500659457, 0.6940864181247985, 0.6940864181247985, 0.6945783580995926, 0.6945783580995926, 0.6946518215656965, 0.6946518215656965, 0.6957146604531199, 0.6957146604531199, 0.6962174887892376, 0.6962174887892376, 0.6962617456549136, 0.6962617456549136, 0.6973525161933234, 0.6973525161933234, 0.6977184559922623, 0.6977184559922623, 0.6983451888976816, 0.6983451888976816, 0.6988110730091738, 0.6988110730091738, 0.6995777279521673, 0.6995777279521673, 0.7006412849145638, 0.7006412849145638, 0.7010109176705062, 0.7010109176705062, 0.7010663120255576, 0.7010663120255576, 0.7044082622585657, 0.7044082622585657, 0.7050384243383452, 0.7050384243383452, 0.7052867903514171, 0.7052867903514171, 0.7054805533573669, 0.7054805533573669, 0.7063221079164101, 0.7063221079164101, 0.7063765057592544, 0.7063765057592544, 0.7070227878894457],