{"title": "number_of_rect_200_0", "popultion": 10, "subpopulation": 15, "number_of_rect": 200, "scores": [0.7628197778363961], "iters": [0], "finalScore": 0.7628197778363961, "finalIter": 2}