{"title": "number_of_rect_20_4", "popultion": 10, "subpopulation": 15, "number_of_rect": 20, "scores": [0.6050728186640875, 0.6050728186640875, 0.60551861133093], "iters": [0, 3, 4], "finalScore": 0.60551861133093, "finalIter": 5}