{"title": "number_of_rect_50_3", "popultion": 10, "subpopulation": 15, "number_of_rect": 50, "scores": [0.6622278202760925, 0.6622278202760925, 0.6623651044872358, 0.6623651044872358, 0.6630360209853747, 0.6630360209853747, 0.6642353673906034, 0.6642353673906034, 0.664798264896392, 0.664798264896392, 0.6671772912453472, 0.6671772912453472, 0.6672178258448371, 0.6672178258448371, 0.667371054251297, 0.667371054251297, 0.6692363492482194, 0.6692363492482194, 0.6697051056596032, 0.6697051056596032, 0.6700263929189014, 0.6700263929189014, 0.6710951815703861, 0.6710951815703861, 0.6716424279726838, 0.6716424279726838, 0.6721956827574078, 0.6721956827574078, 0.6725171898355755, 0.6725171898355755, 0.6726902312494505, 0.6726902312494505, 0.6727735719100795, 0.6727735719100795, 0.6734381136610099, 0.6734381136610099, 0.6745143321902751, 0.6745143321902751, 0.6754638471233038, 0.6754638471233038, 0.676465210000293, 0.676465210000293, 0.6764902986605703, 0.6764902986605703, 0.6768534394325743, 0.6768534394325743, 0.6772179870453413, 0.6772179870453413, 0.6773544505993727, 0.6773544505993727, 0.6776005744599782, 0.6776005744599782, 0.6781213400158269, 0.6781213400158269, 0.6785561270846157, 0.6785561270846157, 0.6792746710044257, 0.6792746710044257, 0.6805178199830006, 0.6805178199830006, 0.6806889709546, 0.6806889709546, 0.680909625135555, 0.680909625135555, 0.6813141651279346, 0.6813141651279346, 0.6818001113748937, 0.6818001113748937, 0.6843631554265952, 0.6843631554265952, 0.6848138866907002, 0.6848138866907002, 0.6849964242797268, 0.6849964242797268, 0.6852896186875348, 0.6852896186875348, 0.685840968375392, 0.685840968375392, 0.6875677628300947, 0.6875677628300947, 0.687915941264398, 0.687915941264398, 0.6884954131129283, 0.6884954131129283, 0.6895881034027961, 0.6895881034027961, 0.6897378293619392, 0.6897378293619392, 0.6912442187637386, 0.6912442187637386, 0.6916190538995868, 0.6916190538995868, 0.6916707552976348, 0.6916707552976348, 0.6925985814355637, 0.6925985814355637, 0.6928066180134236, 0.6928066180134236, 0.6928405140830622, 0.6928405140830622, 0.6935171312172104, 0.6935171312172104, 0.6939219496468243, 0.6939219496468243, 0.6947994812274685, 0.6947994812274685, 0.6949930097599577, 0.6949930097599577, 0.6954655030921189, 0.6954655030921189, 0.6957095753099446, 0.6957095753099446, 0.6971961663589202, 0.6971961663589202, 0.6980727453911311, 0.6980727453911311, 0.6981752396025674, 0.6981752396025674, 0.7021362144259796, 0.7021362144259796, 0.7047197455962952, 0.7047197455962952, 0.7064438436062017, 0.7064438436062017, 0.7066951845013043, 0.7066951845013043, 0.7067052815146986, 0.7067052815146986, 0.7084518889768164, 0.7084518889768164, 0.7098151909493244, 0.7098151909493244, 0.7111335179811835, 0.7111335179811835, 0.7111497552683256, 0.7111497552683256, 0.7118099592602363, 0.7118099592602363, 0.7131021571558369, 0.7131021571558369, 0.7133102816612444, 0.7133102816612444, 0.7139230194319881], "iters": [0, 0, 1, 4, 5, 8, 9, 9, 10, 15, 16, 19, 20, 21, 22, 24, 25, 34, 35, 42, 43, 56, 57, 90, 91, 101, 102, 120, 121, 124, 125, 131, 132, 134, 135, 141, 142, 153, 154, 173, 174, 175, 176, 180, 181, 185, 186, 198, 199, 227, 228, 234, 235, 238, 239, 278, 279, 280, 281, 334, 335, 335, 336, 345, 346, 360, 361, 379, 380, 431, 432, 444, 445, 456, 457, 459, 460, 474, 475, 478, 479, 496, 497, 503, 504, 525, 526, 532, 533, 571, 572, 577, 578, 584, 585, 640, 641, 647, 648, 651, 652, 659, 660, 690, 691, 695, 696, 697, 698, 711, 712, 716, 717, 718, 719, 731, 732, 738, 739, 755, 756, 809, 810, 855, 856, 934, 935, 938, 939, 949, 950, 954, 955, 966, 967, 969, 970, 971, 972, 990, 991, 993, 994], "finalScore": 0.7139230194319881, "finalIter": 1000}