{"title": "number_of_rect_10_2", "popultion": 10, "subpopulation": 15, "number_of_rect": 10, "scores": [0.5024260089686099, 0.5024260089686099, 0.5048150737125942, 0.5048150737125942, 0.5050076936604238, 0.5050076936604238, 0.505052580673525, 0.505052580673525, 0.5053447492599432, 0.5053447492599432, 0.5057047979131861, 0.5057047979131861, 0.5061309827368914, 0.5061309827368914, 0.5062163164219351, 0.5062163164219351, 0.5068611037838155, 0.5068611037838155, 0.5069322664790878, 0.5069322664790878, 0.507537691608781, 0.507537691608781, 0.5076555291772913, 0.5076555291772913, 0.508117207421085, 0.508117207421085, 0.5086278466543568, 0.5086278466543568, 0.5094532518538057, 0.5094532518538057, 0.5095006008382426, 0.5095006008382426, 0.51023875260119, 0.51023875260119, 0.5116304991353791, 0.5116304991353791, 0.5120235645827838, 0.5120235645827838, 0.5130127055306428, 0.5130127055306428, 0.5140138192795802, 0.5140138192795802, 0.5155893050792814, 0.5155893050792814, 0.516336674580146, 0.516336674580146, 0.5177813828072335, 0.5177813828072335, 0.5178618218587884, 0.5178618218587884, 0.5229274890823294, 0.5229274890823294, 0.5248327618042733, 0.5248327618042733, 0.5255705472024386, 0.5255705472024386, 0.5274973035552039, 0.5274973035552039, 0.5282865998417304, 0.5282865998417304, 0.528525279169964, 0.528525279169964, 0.5293212726047071, 0.5293212726047071, 0.5299690495032093, 0.5299690495032093, 0.530508118643571, 0.530508118643571, 0.5315469386558809, 0.5315469386558809, 0.5317491720155925, 0.5317491720155925, 0.5324469650341452, 0.5324469650341452, 0.5334267123889915, 0.5334267123889915, 0.5348679621325361, 0.5348679621325361, 0.5367661713414813, 0.5367661713414813, 0.5376816583135496, 0.5376816583135496, 0.5377978985316099, 0.5377978985316099, 0.5397846361264984, 0.5397846361264984, 0.5428874087751693, 0.5428874087751693, 0.5448680207509012, 0.5448680207509012, 0.5450765262756821, 0.5450765262756821, 0.5463467276297664, 0.5463467276297664, 0.5467849585275066, 0.5467849585275066, 0.5480338227966822, 0.5480338227966822, 0.5495614760104341, 0.5495614760104341, 0.5497391482751546, 0.5497391482751546, 0.5536058647674316, 0.5536058647674316, 0.5543291128110437, 0.5543291128110437, 0.5545283273249508, 0.5545283273249508, 0.5552597526304992, 0.5552597526304992, 0.5568318971833875, 0.5568318971833875, 0.5574512148656174, 0.5574512148656174, 0.5613148245845423, 0.5613148245845423, 0.5647845775081333, 0.5647845775081333, 0.5681108033646942, 0.5681108033646942, 0.5683624959699873, 0.5683624959699873, 0.5728086696562033, 0.5728086696562033, 0.5829090536064949, 0.5829090536064949, 0.5896676045605087, 0.5896676045605087, 0.5981428089920572, 0.5981428089920572, 0.5982532899557431, 0.5982532899557431, 0.5982875963539377, 0.5982875963539377, 0.5993821038131246, 0.5993821038131246, 0.5999984319587327, 0.5999984319587327, 0.6003211114042029, 0.6003211114042029, 0.6004557284797327, 0.6004557284797327, 0.6012728684896979, 0.6012728684896979, 0.6017917142940883, 0.6017917142940883, 0.6042647498461268, 0.6042647498461268, 0.6045525953281163, 0.6045525953281163, 0.605411896597204, 0.605411896597204, 0.6071743163633165, 0.6071743163633165, 0.608884140801313, 0.608884140801313, 0.6114712183827193, 0.6114712183827193, 0.6124698408511386, 0.6124698408511386, 0.6133773410709575, 0.6133773410709575, 0.6146766904071046, 0.6146766904071046, 0.615779594947097, 0.615779594947097, 0.6167881239192239, 0.6167881239192239, 0.6169675107711245, 0.6169675107711245, 0.6175810252352062, 0.6175810252352062, 0.6176649520794865, 0.6176649520794865, 0.6186337817638266, 0.6186337817638266, 0.6233311351446409, 0.6233311351446409, 0.625109762888713, 0.625109762888713, 0.6257602362320115, 0.6257602362320115, 0.628530349658548, 0.628530349658548, 0.6317319528708345, 0.6317319528708345, 0.6396767636800609, 0.6396767636800609, 0.6399520648319119, 0.6399520648319119, 0.6413390779331164, 0.6413390779331164, 0.6417162578035698, 0.6417162578035698, 0.6417703625545883, 0.6417703625545883, 0.641781206952138, 0.641781206952138, 0.6418740291333275, 0.6418740291333275, 0.6420951522612035, 0.6420951522612035, 0.642277792432369, 0.642277792432369, 0.6424076028019579, 0.6424076028019579, 0.6424908115712653, 0.6424908115712653, 0.6426537852809285, 0.6426537852809285, 0.6427089305079281, 0.6427089305079281, 0.642709546000762, 0.642709546000762, 0.6428055335736687, 0.6428055335736687, 0.6429726398780737, 0.6429726398780737, 0.6429805973211407, 0.6429805973211407, 0.6430594097130631, 0.6430594097130631, 0.6430885870043085, 0.6430885870043085, 0.643309534277089, 0.643309534277089, 0.6433465810838536, 0.6433465810838536, 0.6434105776839885, 0.6434105776839885, 0.6439404877047978, 0.6439404877047978, 0.6439616928983851, 0.6439616928983851, 0.644019490606407, 0.644019490606407, 0.6440275945953867, 0.6440275945953867, 0.6443914534423635, 0.6443914534423635, 0.6448110436999912, 0.6448110436999912, 0.6452654679210997, 0.6452654679210997, 0.6455404906357162, 0.6455404906357162, 0.6458739851695536, 0.6458739851695536, 0.6461654503355901, 0.6461654503355901, 0.6466321257950116, 0.6466321257950116, 0.6468846683665992, 0.6468846683665992, 0.647563850054222, 0.647563850054222, 0.648022128432838, 0.648022128432838, 0.6480743280869896, 0.6480743280869896, 0.6483589495588968, 0.6483589495588968, 0.6487851783463758, 0.6487851783463758, 0.648891116386764, 0.648891116386764, 0.649270245317858, 0.649270245317858, 0.6492762537002843, 0.6492762537002843, 0.6495273601219262, 0.6495273601219262, 0.6496685277997597, 0.6496685277997597, 0.6497587268091093, 0.6497587268091093, 0.6498130367244057, 0.6498130367244057, 0.649953471672675, 0.649953471672675, 0.6499968199536914, 0.6499968199536914, 0.6500465429819162, 0.6500465429819162, 0.6500737272487471, 0.6500737272487471, 0.6500903748644451, 0.6500903748644451, 0.6501165479644773, 0.6501165479644773, 0.6501167238195726, 0.6501167238195726, 0.6501185849526656], "iters": [0, 2, 3, 3, 4, 12, 13, 15, 16, 17, 18, 18, 19, 19, 20, 21, 22, 23, 24, 27, 28, 28, 29, 30, 31, 31, 32, 33, 34, 34, 35, 36, 37, 38, 39, 41, 42, 42, 43, 43, 44, 44, 45, 46, 47, 48, 49, 50, 51, 51, 52, 52, 53, 53, 54, 54, 55, 56, 57, 58, 59, 59, 60, 61, 62, 62, 63, 63, 64, 64, 65, 65, 66, 66, 67, 70, 71, 72, 73, 74, 75, 75, 76, 76, 77, 77, 78, 79, 80, 80, 81, 81, 82, 82, 83, 83, 84, 84, 85, 85, 86, 86, 87, 87, 88, 88, 89, 90, 91, 91, 92, 92, 93, 93, 94, 94, 95, 96, 97, 98, 99, 99, 100, 100, 101, 102, 103, 104, 105, 105, 106, 109, 110, 110, 111, 112, 113, 113, 114, 115, 116, 116, 117, 117, 118, 120, 121, 121, 122, 123, 124, 125, 126, 126, 127, 128, 129, 130, 131, 131, 132, 132, 133, 134, 135, 135, 136, 137, 138, 138, 139, 139, 140, 140, 141, 141, 142, 142, 143, 143, 144, 144, 145, 146, 147, 149, 150, 151, 152, 153, 154, 155, 156, 156, 157, 160, 161, 163, 164, 165, 166, 167, 168, 171, 172, 173, 174, 174, 175, 175, 176, 178, 179, 179, 180, 180, 181, 182, 183, 184, 185, 186, 187, 187, 188, 189, 190, 191, 192, 194, 195, 195, 196, 197, 198, 199, 200, 200, 201, 204, 205, 205, 206, 209, 210, 212, 213, 215, 216, 216, 217, 219, 220, 220, 221, 221, 222, 222, 223, 223, 224, 225, 226, 226, 227, 228, 229, 230, 231, 231, 232, 235, 236, 236, 237, 237, 238, 241, 242, 245, 246, 267, 268, 277, 278, 321, 322, 335, 336, 450, 451, 790, 791], "finalScore": 0.6501185849526656, "finalIter": 1000}