{"title": "number_of_rect_200_1", "popultion": 10, "subpopulation": 15, "number_of_rect": 200, "scores": [0.7307339165860665, 0.7307339165860665, 0.7324326621530526, 0.7324326621530526, 0.7338531903045225, 0.7338531903045225, 0.7345905653741317, 0.7345905653741317, 0.734935475834579, 0.734935475834579, 0.7355744599783112, 0.7355744599783112, 0.7357860576218529, 0.7357860576218529, 0.7359072804009497, 0.7359072804009497, 0.736448606348369, 0.736448606348369, 0.7375535332219585, 0.7375535332219585, 0.7385690670887188, 0.7385690670887188, 0.7387021893959378, 0.7387021893959378, 0.7389251003839503, 0.7389251003839503, 0.7390249714235471, 0.7390249714235471, 0.7391947008997919, 0.7391947008997919, 0.7392257686333128, 0.7392257686333128, 0.7396097921978956, 0.7396097921978956, 0.7396464140215129, 0.7396464140215129, 0.7399038072628155], "iters": [0, 4, 5, 9, 10, 15, 16, 36, 37, 43, 44, 45, 46, 51, 52, 106, 107, 135, 136, 148, 149, 174, 175, 202, 203, 229, 230, 255, 256, 261, 262, 294, 295, 358, 359, 372, 373], "finalScore": 0.7399038072628155, "finalIter": 1000}