{"title": "number_of_rect_200_3", "popultion": 10, "subpopulation": 15, "number_of_rect": 200, "scores": [0.7232681936750784, 0.7232681936750784, 0.7233091386031243, 0.7233091386031243, 0.7239998387994959, 0.7239998387994959, 0.7241373867932823, 0.7241373867932823, 0.7257772648670828, 0.7257772648670828, 0.7271359799525191, 0.7271359799525191, 0.727900011723673, 0.727900011723673, 0.7280962220463671, 0.7280962220463671, 0.7284992819250271, 0.7284992819250271, 0.728940077376242, 0.728940077376242, 0.7295041765585157, 0.7295041765585157, 0.7310273601219262, 0.7310273601219262, 0.7311174418945455, 0.7311174418945455, 0.7312211377824673, 0.7312211377824673, 0.7315396699786043, 0.7315396699786043, 0.7321104076907294, 0.7321104076907294, 0.7321407720038688, 0.7321407720038688, 0.7325025059351096, 0.7325025059351096, 0.7326144377033325, 0.7326144377033325, 0.7328549781646589, 0.7328549781646589, 0.7328981945543538, 0.7328981945543538, 0.7330219818869251, 0.7330219818869251, 0.7334373662768545, 0.7334373662768545, 0.7334999413816349, 0.7334999413816349, 0.7335302763855915, 0.7335302763855915, 0.7338934757759605, 0.7338934757759605, 0.7341838271930596, 0.7341838271930596, 0.7342263401623729, 0.7342263401623729, 0.7343385064040564, 0.7343385064040564, 0.7346550309211877, 0.7346550309211877, 0.734682449661479, 0.734682449661479, 0.7347281719862833, 0.7347281719862833, 0.7352743192942348, 0.7352743192942348, 0.7355625311410064, 0.7355625311410064, 0.7356107447463289, 0.7356107447463289, 0.7356699639497055, 0.7356699639497055, 0.7357038307101615, 0.7357038307101615, 0.7358268266948035, 0.7358268266948035, 0.7359531199624842, 0.7359531199624842, 0.7361119610774056, 0.7361119610774056, 0.7364725812597086, 0.7364725812597086, 0.7367752132243032], "iters": [0, 2, 3, 3, 4, 5, 6, 6, 7, 8, 9, 16, 17, 20, 21, 22, 23, 23, 24, 25, 26, 26, 27, 29, 30, 33, 34, 35, 36, 36, 37, 39, 40, 48, 49, 66, 67, 125, 126, 165, 166, 167, 168, 221, 222, 316, 317, 347, 348, 366, 367, 409, 410, 414, 415, 467, 468, 477, 478, 479, 480, 493, 494, 497, 498, 556, 557, 583, 584, 591, 592, 595, 596, 601, 602, 602, 603, 614, 615, 623, 624, 851, 852], "finalScore": 0.7367752132243032, "finalIter": 1000}