{"title": "number_of_rect_10_0", "popultion": 10, "subpopulation": 15, "number_of_rect": 10, "scores": [0.5432434713795833], "iters": [0], "finalScore": 0.5432434713795833, "finalIter": 2}