{"title": "number_of_rect_50_0", "popultion": 10, "subpopulation": 15, "number_of_rect": 50, "scores": [0.6738760514669246, 0.6738760514669246, 0.6746835780650078, 0.6746835780650078, 0.6769773440018758, 0.6769773440018758, 0.6777716521586213, 0.6777716521586213, 0.6780153433570737, 0.6780153433570737, 0.6790929101087371, 0.6790929101087371, 0.6793724171282863, 0.6793724171282863, 0.6802862627861308, 0.6802862627861308, 0.6806993170960463, 0.6806993170960463, 0.6807753158064422, 0.6807753158064422, 0.6816722061021718, 0.6816722061021718, 0.6823686069345526, 0.6823686069345526, 0.6828106040622527, 0.6828106040622527, 0.6831464140215129, 0.6831464140215129, 0.6833426683079808, 0.6833426683079808, 0.6852729271080629, 0.6852729271080629, 0.6870643629649169, 0.6870643629649169, 0.6876384126146722, 0.6876384126146722, 0.688389460417949, 0.688389460417949, 0.688778407925203, 0.688778407925203, 0.6891408013130513, 0.6891408013130513, 0.6897360121926199, 0.6897360121926199, 0.6906411237140596, 0.6906411237140596, 0.6910818019285443, 0.6910818019285443, 0.6911442451420029, 0.6911442451420029, 0.6916424719364578, 0.6916424719364578, 0.6921489932295788, 0.6921489932295788, 0.6930861983059293, 0.6930861983059293, 0.6939988422872886, 0.6939988422872886, 0.6973265629121603, 0.6973265629121603, 0.6987296521000029, 0.6987296521000029, 0.6994773733110584, 0.6994773733110584, 0.6996771153902518, 0.6996771153902518, 0.7002278056215012, 0.7002278056215012, 0.7018244526510156, 0.7018244526510156, 0.7024052287581699, 0.7024052287581699, 0.7030245904041736, 0.7030245904041736, 0.7031340015826959, 0.7031340015826959, 0.70314843635511, 0.70314843635511, 0.703394325742255, 0.703394325742255, 0.7036616547964477, 0.7036616547964477, 0.7042166974413084, 0.7042166974413084, 0.7046150678507577, 0.7046150678507577, 0.7049422902195257, 0.7049422902195257, 0.7058099006418711, 0.7058099006418711, 0.7062599284855946, 0.7062599284855946, 0.7068875846302647, 0.7068875846302647, 0.7076110524927459, 0.7076110524927459, 0.7099927166681321, 0.7099927166681321, 0.7103812978106041, 0.7103812978106041, 0.7107421085025939, 0.7107421085025939, 0.7116152876696269, 0.7116152876696269, 0.7120898326445675, 0.7120898326445675, 0.71756736715613, 0.71756736715613, 0.7175746504879978, 0.7175746504879978, 0.7176593100618425, 0.7176593100618425, 0.7177421231571851, 0.7177421231571851, 0.7180908145021836, 0.7180908145021836, 0.7185474369119845, 0.7185474369119845, 0.7214393299920865, 0.7214393299920865, 0.7232715202672997, 0.7232715202672997, 0.7242467540080307, 0.7242467540080307, 0.7245939652393094, 0.7245939652393094, 0.7252554881444357, 0.7252554881444357, 0.7253070136873883, 0.7253070136873883, 0.7270174096544448, 0.7270174096544448, 0.7278181365221724, 0.7278181365221724, 0.7280851285207655, 0.7280851285207655, 0.7291939974794104, 0.7291939974794104, 0.7305816700372227, 0.7305816700372227, 0.7306412409507899, 0.7306412409507899, 0.7319289545414578, 0.7319289545414578, 0.7324325449163223, 0.7324325449163223, 0.7326830798089041, 0.7326830798089041, 0.7344453090653302, 0.7344453090653302, 0.7362382836542689, 0.7362382836542689, 0.7362606612151588, 0.7362606612151588, 0.7369098449544242, 0.7369098449544242, 0.7371055423664234, 0.7371055423664234, 0.7378933438846391, 0.7378933438846391, 0.7397610861983059, 0.7397610861983059, 0.7406020252645154, 0.7406020252645154, 0.7419213194993992, 0.7419213194993992, 0.7428784694744863, 0.7428784694744863, 0.7431347636214426, 0.7431347636214426, 0.7437093554910754, 0.7437093554910754, 0.7439655030921187, 0.7439655030921187, 0.7443569125707084, 0.7443569125707084, 0.7452142647791553, 0.7452142647791553, 0.7457720771417685, 0.7457720771417685, 0.7471926785661948, 0.7471926785661948, 0.7485211612298133, 0.7485211612298133, 0.7497842990708989, 0.7497842990708989, 0.7497845335443595, 0.7497845335443595, 0.7502442480729212, 0.7502442480729212, 0.7508874967027169, 0.7508874967027169, 0.7512475893197339, 0.7512475893197339, 0.7519215393182684, 0.7519215393182684, 0.7527940590286937, 0.7527940590286937, 0.7531590609337906, 0.7531590609337906, 0.7532400128960404, 0.7532400128960404, 0.7537694539699288, 0.7537694539699288, 0.7543897974735485, 0.7543897974735485, 0.7551235382045195, 0.7551235382045195, 0.7568885811424719, 0.7568885811424719, 0.7576697587854275, 0.7576697587854275, 0.7604559336440107, 0.7604559336440107, 0.7614418359271959, 0.7614418359271959, 0.7623515782994812, 0.7623515782994812, 0.7639937864532959, 0.7639937864532959, 0.7643633312816905, 0.7643633312816905, 0.7646428676104223, 0.7646428676104223, 0.7646973680354054, 0.7646973680354054, 0.7662523667164922, 0.7662523667164922, 0.7670270230663266, 0.7670270230663266, 0.767288387701867, 0.767288387701867, 0.7674534570180838, 0.7674534570180838, 0.7694037632990416], "iters": [0, 12, 13, 19, 20, 23, 24, 26, 27, 28, 29, 37, 38, 39, 40, 53, 54, 84, 85, 85, 86, 93, 94, 142, 143, 148, 149, 153, 154, 163, 164, 180, 181, 207, 208, 237, 238, 244, 245, 269, 270, 275, 276, 276, 277, 287, 288, 292, 293, 293, 294, 294, 295, 296, 297, 305, 306, 321, 322, 326, 327, 341, 342, 354, 355, 360, 361, 376, 377, 400, 401, 443, 444, 454, 455, 456, 457, 465, 466, 468, 469, 471, 472, 477, 478, 522, 523, 544, 545, 552, 553, 555, 556, 576, 577, 579, 580, 591, 592, 593, 594, 594, 595, 595, 596, 596, 597, 597, 598, 600, 601, 602, 603, 603, 604, 604, 605, 607, 608, 611, 612, 616, 617, 619, 620, 628, 629, 630, 631, 633, 634, 647, 648, 651, 652, 668, 669, 671, 672, 689, 690, 695, 696, 705, 706, 716, 717, 717, 718, 721, 722, 725, 726, 726, 727, 730, 731, 733, 734, 735, 736, 745, 746, 756, 757, 757, 758, 760, 761, 765, 766, 772, 773, 776, 777, 777, 778, 778, 779, 780, 781, 784, 785, 786, 787, 803, 804, 807, 808, 818, 819, 820, 821, 830, 831, 832, 833, 835, 836, 838, 839, 839, 840, 844, 845, 849, 850, 851, 852, 854, 855, 870, 871, 889, 890, 892, 893, 901, 902, 929, 930, 939, 940, 952, 953, 955, 956, 962, 963, 971, 972, 972, 973, 984, 985], "finalScore": 0.7694037632990416, "finalIter": 1000}