{"title": "number_of_rect_100_2", "popultion": 10, "subpopulation": 15, "number_of_rect": 100, "scores": [0.6928197485272136], "iters": [0], "finalScore": 0.6928197485272136, "finalIter": 5}