{"title": "number_of_rect_300_1", "popultion": 10, "subpopulation": 15, "number_of_rect": 300, "scores": [0.7248866467364226], "iters": [0], "finalScore": 0.7248866467364226, "finalIter": 2}