{"title": "number_of_rect_50_0", "popultion": 10, "subpopulation": 15, "number_of_rect": 50, "scores": [0.6803363082153638, 0.6803363082153638, 0.6815838535713239, 0.6815838535713239, 0.6818432691462235, 0.6818432691462235, 0.6841047803276766, 0.6841047803276766, 0.6851097335795304, 0.6851097335795304, 0.6851845159588499, 0.6851845159588499, 0.6851966353058414, 0.6851966353058414, 0.6866451097628887, 0.6866451097628887, 0.6873007268677277, 0.6873007268677277, 0.6874125853629942, 0.6874125853629942, 0.6879183006535947, 0.6879183006535947, 0.6880140830622234, 0.6880140830622234, 0.6888033060757935, 0.6888033060757935, 0.6897914212022627, 0.6897914212022627, 0.6936662416835194, 0.6936662416835194, 0.6947900876344559, 0.6947900876344559, 0.6962686626219995, 0.6962686626219995, 0.6969193704387584, 0.6969193704387584, 0.6970600398604883, 0.6970600398604883, 0.7002206981447288, 0.7002206981447288, 0.7048131246519534, 0.7048131246519534, 0.705333157478238, 0.705333157478238, 0.7055085143175357, 0.7055085143175357, 0.7056799730355521, 0.7056799730355521, 0.7060395673964652, 0.7060395673964652, 0.7061663442656584, 0.7061663442656584, 0.707922081538146, 0.707922081538146, 0.7084895952401888, 0.7084895952401888, 0.7086491837392654, 0.7086491837392654, 0.7108551686743456, 0.7108551686743456, 0.7116219408540696, 0.7116219408540696, 0.7133801107887101, 0.7133801107887101, 0.7144813447052962, 0.7144813447052962, 0.7173116885020077, 0.7173116885020077, 0.7175073272956417, 0.7175073272956417, 0.7196957706849556, 0.7196957706849556, 0.7205086901726311, 0.7205086901726311, 0.7224696210322694, 0.7224696210322694, 0.7227087253436502, 0.7227087253436502, 0.7227867463876432, 0.7227867463876432, 0.723354201471321, 0.723354201471321, 0.7244832644567543, 0.7244832644567543, 0.7246107300917377, 0.7246107300917377, 0.7251831384272693, 0.7251831384272693, 0.7259256865676016, 0.7259256865676016, 0.7289273718455993, 0.7289273718455993, 0.7290029895366219, 0.7290029895366219, 0.7339729329698995, 0.7339729329698995, 0.7346018054456461, 0.7346018054456461, 0.7348829244702366, 0.7348829244702366, 0.7352473841554559, 0.7352473841554559, 0.7360700342917437, 0.7360700342917437, 0.7373686362437352, 0.7373686362437352, 0.738350742987778, 0.738350742987778, 0.7396445528884199, 0.7396445528884199, 0.7400794425393475, 0.7400794425393475, 0.7448728274568422, 0.7448728274568422, 0.7469319440780797, 0.7469319440780797, 0.7470264955010405, 0.7470264955010405, 0.7477250945221138, 0.7477250945221138, 0.7485940385122659, 0.7485940385122659, 0.7488125091591196, 0.7488125091591196, 0.7517141182332425, 0.7517141182332425, 0.7528056068466251, 0.7528056068466251, 0.7538505378235001, 0.7538505378235001, 0.7611388815615933, 0.7611388815615933, 0.7625109469796887, 0.7625109469796887, 0.766173305196518, 0.766173305196518, 0.7707090917084323, 0.7707090917084323, 0.7714354465253964, 0.7714354465253964, 0.7765155485213517, 0.7765155485213517, 0.7779150180251473, 0.7779150180251473, 0.7832593129927606, 0.7832593129927606, 0.784559248512559, 0.784559248512559, 0.7886511914182713, 0.7886511914182713, 0.7903761687036548, 0.7903761687036548, 0.7904297165802046, 0.7904297165802046, 0.7921318180485946, 0.7921318180485946, 0.7976145549400627, 0.7976145549400627, 0.8020449602860577, 0.8020449602860577, 0.8024401359946072, 0.8024401359946072, 0.8043040974237229, 0.8043040974237229, 0.8066266596324628, 0.8066266596324628, 0.8096533602977813, 0.8096533602977813, 0.8110207948650312, 0.8110207948650312, 0.813003619684047, 0.813003619684047, 0.8132493332160966, 0.8132493332160966, 0.8135935109469796, 0.8135935109469796, 0.8160992995105366, 0.8160992995105366, 0.817860766728216, 0.817860766728216, 0.8187830241214573, 0.8187830241214573, 0.819237052668601, 0.819237052668601, 0.8194784284416308, 0.8194784284416308, 0.8195400363433863, 0.8195400363433863, 0.8199117207421085, 0.8199117207421085, 0.8201845452680325, 0.8201845452680325, 0.8211528034233125], "iters": [0, 5, 6, 7, 8, 9, 10, 17, 18, 19, 20, 20, 21, 22, 23, 25, 26, 28, 29, 34, 35, 40, 41, 45, 46, 47, 48, 61, 62, 71, 72, 76, 77, 85, 86, 86, 87, 98, 99, 106, 107, 257, 258, 278, 279, 292, 293, 320, 321, 330, 331, 331, 332, 334, 335, 335, 336, 343, 344, 353, 354, 355, 356, 364, 365, 366, 367, 369, 370, 373, 374, 380, 381, 383, 384, 394, 395, 398, 399, 399, 400, 403, 404, 408, 409, 411, 412, 412, 413, 419, 420, 429, 430, 432, 433, 446, 447, 451, 452, 452, 453, 453, 454, 456, 457, 457, 458, 462, 463, 463, 464, 464, 465, 465, 466, 467, 468, 468, 469, 470, 471, 472, 473, 473, 474, 476, 477, 479, 480, 481, 482, 486, 487, 487, 488, 491, 492, 494, 495, 496, 497, 501, 502, 503, 504, 512, 513, 514, 515, 518, 519, 519, 520, 523, 524, 525, 526, 527, 528, 533, 534, 535, 536, 537, 538, 540, 541, 548, 549, 564, 565, 573, 574, 580, 581, 590, 591, 604, 605, 642, 643, 749, 750, 757, 758, 779, 780, 796, 797, 879, 880, 982, 983], "finalScore": 0.8211528034233125, "finalIter": 1000}