{"title": "number_of_rect_50_4", "popultion": 10, "subpopulation": 15, "number_of_rect": 50, "scores": [0.6659826489639205, 0.6659826489639205, 0.6661407426946861, 0.6661407426946861, 0.6663056801195815, 0.6663056801195815, 0.6682513995134676, 0.6682513995134676, 0.6687318649432867, 0.6687318649432867, 0.6696641753861485, 0.6696641753861485, 0.6704532665083971, 0.6704532665083971, 0.6706473812245377, 0.6706473812245377, 0.6727741580937308, 0.6727741580937308, 0.6730034584835429, 0.6730034584835429, 0.6730843811366101, 0.6730843811366101, 0.6733781470734781, 0.6733781470734781, 0.6742486151411238, 0.6742486151411238, 0.6748949265804977, 0.6748949265804977, 0.6750974530320349, 0.6750974530320349, 0.676587678419649, 0.676587678419649, 0.6783221225710014, 0.6783221225710014, 0.6791850435241361, 0.6791850435241361, 0.6795032240100823, 0.6795032240100823, 0.6799147688970955, 0.6799147688970955, 0.6803429613998065, 0.6803429613998065, 0.6808082593276474, 0.6808082593276474, 0.682006565256895, 0.682006565256895, 0.6823495120021102, 0.6823495120021102, 0.6828258448371874, 0.6828258448371874, 0.6828573082446731, 0.6828573082446731, 0.683778510507342, 0.683778510507342, 0.6856821565696533, 0.6856821565696533, 0.6857102347665524, 0.6857102347665524, 0.6867054427152026, 0.6867054427152026, 0.6885939066209443, 0.6885939066209443, 0.6904929804507752, 0.6904929804507752, 0.6907171224244556, 0.6907171224244556, 0.6929206307336089, 0.6929206307336089, 0.6940082651894839, 0.6940082651894839, 0.6950813622908056, 0.6950813622908056, 0.6963568832615259, 0.6963568832615259, 0.6969061519974208, 0.6969061519974208, 0.6971107300917377, 0.6971107300917377, 0.6983131246519535, 0.6983131246519535, 0.6986161083267388, 0.6986161083267388, 0.6986986576394385, 0.6986986576394385, 0.6989702804888771, 0.6989702804888771, 0.7011877985872974, 0.7011877985872974, 0.7017728831442891, 0.7017728831442891, 0.7023391218968903, 0.7023391218968903, 0.7033002872299892, 0.7033002872299892, 0.7052292124622644, 0.7052292124622644, 0.7066563351798119, 0.7066563351798119, 0.7085436560274334, 0.7085436560274334, 0.7093686655529177, 0.7093686655529177, 0.7113483396348076, 0.7113483396348076, 0.7118910431138076, 0.7118910431138076, 0.7138008294498666, 0.7138008294498666, 0.7140559219203376, 0.7140559219203376, 0.7141576394384361, 0.7141576394384361, 0.7145774202057504, 0.7145774202057504, 0.7147754330431724, 0.7147754330431724, 0.7150229783991324, 0.7150229783991324, 0.7157853542014714, 0.7157853542014714, 0.7186757964770363, 0.7186757964770363, 0.7197043143116738, 0.7197043143116738, 0.7199173774143439, 0.7199173774143439, 0.7202553562531141, 0.7202553562531141, 0.7210910196664615, 0.7210910196664615, 0.7215255869163809, 0.7215255869163809, 0.7244628359565052, 0.7244628359565052, 0.7247069814472874, 0.7247069814472874, 0.7265099211582988, 0.7265099211582988, 0.727655778305343, 0.727655778305343, 0.7282179870453414, 0.7282179870453414, 0.7282910108737067, 0.7282910108737067, 0.7305817726193616, 0.7305817726193616, 0.733302192326856, 0.733302192326856, 0.7367983088601658, 0.7367983088601658, 0.7401099973621735, 0.7401099973621735, 0.7402287288607521, 0.7402287288607521, 0.7420131744775638, 0.7420131744775638, 0.7451649667340778, 0.7451649667340778, 0.7460442422110847, 0.7460442422110847, 0.7479100501187022, 0.7479100501187022, 0.7481147014859755, 0.7481147014859755, 0.7490106099240892, 0.7490106099240892, 0.7508947946891761, 0.7508947946891761, 0.752630235352736, 0.752630235352736, 0.7560989184911633, 0.7560989184911633, 0.7568781470734781, 0.7568781470734781, 0.7595187871860254, 0.7595187871860254, 0.7600292359096105, 0.7600292359096105, 0.7628084351827428, 0.7628084351827428, 0.76324206453882, 0.76324206453882, 0.7637491133972274, 0.7637491133972274, 0.7668247603974325, 0.7668247603974325, 0.7672046660218647, 0.7672046660218647, 0.7673317652920659, 0.7673317652920659, 0.7691022304287933, 0.7691022304287933, 0.7691657873911897, 0.7691657873911897, 0.7708259913831004, 0.7708259913831004, 0.774054749553035, 0.774054749553035, 0.7748557988217708, 0.7748557988217708, 0.7764295993434743, 0.7764295993434743, 0.7788788211846771, 0.7788788211846771, 0.7800883964946217, 0.7800883964946217, 0.7809018582021747, 0.7809018582021747, 0.7819354611799877, 0.7819354611799877, 0.7825474222573933, 0.7825474222573933, 0.7864726105688913, 0.7864726105688913, 0.7878918637709194, 0.7878918637709194, 0.7892774114129957, 0.7892774114129957, 0.7899184325449163, 0.7899184325449163, 0.7903627450980392, 0.7903627450980392, 0.7920201207538322, 0.7920201207538322, 0.7920949910606994, 0.7920949910606994, 0.7921324188868373, 0.7921324188868373, 0.7930315220258507, 0.7930315220258507, 0.7936483630821536, 0.7936483630821536, 0.7943072041970749, 0.7943072041970749, 0.7952723848881855, 0.7952723848881855, 0.7954077493478707, 0.7954077493478707, 0.7957717254315777, 0.7957717254315777, 0.7966815557314106, 0.7966815557314106, 0.797338799495882, 0.797338799495882, 0.7980284299070899, 0.7980284299070899, 0.7991932940590287, 0.7991932940590287, 0.8006312758287171, 0.8006312758287171, 0.8011445382338287, 0.8011445382338287, 0.802078533954688, 0.802078533954688, 0.8061347050030775, 0.8061347050030775, 0.8075725109176706, 0.8075725109176706, 0.8084161757378587, 0.8084161757378587, 0.8100855241947302, 0.8100855241947302, 0.8103962748028958, 0.8103962748028958, 0.8118146047656731, 0.8118146047656731, 0.8119640815967643, 0.8119640815967643, 0.8130390398311791, 0.8130390398311791, 0.813142794337466, 0.813142794337466, 0.8137471789911779, 0.8137471789911779, 0.8138733989859023, 0.8138733989859023, 0.8144501011166798, 0.8144501011166798, 0.8168129927606319, 0.8168129927606319, 0.8190949617515167, 0.8190949617515167, 0.8228246431607023, 0.8228246431607023, 0.825082563967291, 0.825082563967291, 0.8254969225358305, 0.8254969225358305, 0.8261531404789121, 0.8261531404789121, 0.827070312728978, 0.827070312728978, 0.8272759166446848, 0.8272759166446848, 0.8274911779360474, 0.8274911779360474, 0.8284858436648201, 0.8284858436648201, 0.8309354611799877, 0.8309354611799877, 0.8312469738268999, 0.8312469738268999, 0.8314073976376799, 0.8314073976376799, 0.831466133239544, 0.831466133239544, 0.8324579852867904, 0.8324579852867904, 0.833492394267124, 0.833492394267124, 0.8347277470031361, 0.8347277470031361, 0.8353509188428735, 0.8353509188428735, 0.8361121808962748, 0.8361121808962748, 0.8362921832410094, 0.8362921832410094, 0.8385592631671502, 0.8385592631671502, 0.838891218968903, 0.838891218968903, 0.841918520472464, 0.841918520472464, 0.8443193235440664, 0.8443193235440664, 0.8476841495940678, 0.8476841495940678, 0.8484737682816026, 0.8484737682816026, 0.8497032445265101, 0.8497032445265101, 0.8527505348925819, 0.8527505348925819, 0.8537011049561828, 0.8537011049561828, 0.8549481227468566],