{"title": "number_of_rect_10_4", "popultion": 10, "subpopulation": 15, "number_of_rect": 10, "scores": [0.5866803540549255], "iters": [0], "finalScore": 0.5866803540549255, "finalIter": 2}