{"title": "number_of_rect_100_3", "popultion": 10, "subpopulation": 15, "number_of_rect": 100, "scores": [0.6740138778979454, 0.6740138778979454, 0.6757301943198804, 0.6757301943198804, 0.6767667282159501, 0.6767667282159501, 0.6770823294938304, 0.6770823294938304, 0.6783946041794895, 0.6783946041794895, 0.679605469093467, 0.679605469093467, 0.6803563263870571, 0.6803563263870571, 0.6811079164102114, 0.6811079164102114, 0.6815720419707494, 0.6815720419707494, 0.6828281016442452, 0.6828281016442452, 0.6832765028283361, 0.6832765028283361, 0.6839642867610423, 0.6839642867610423, 0.6842213576013365, 0.6842213576013365, 0.6860105073419502, 0.6860105073419502, 0.686221899821214, 0.686221899821214, 0.6876866115654034, 0.6876866115654034, 0.6889060933790556, 0.6889060933790556, 0.6901489639203963, 0.6901489639203963, 0.6903495706204754, 0.6903495706204754, 0.6916470002051642, 0.6916470002051642, 0.6917880506462675, 0.6917880506462675, 0.6925517160526393, 0.6925517160526393, 0.6932503736920778, 0.6932503736920778, 0.6962812948796858, 0.6962812948796858, 0.6976876373867933, 0.6976876373867933, 0.6986576247838447, 0.6986576247838447, 0.6995517746710045, 0.6995517746710045, 0.7003541135437732, 0.7003541135437732, 0.7004543069843783, 0.7004543069843783, 0.7006878572056625, 0.7006878572056625, 0.7009578973592427, 0.7009578973592427, 0.7010935109469797, 0.7010935109469797, 0.7014987836689235, 0.7014987836689235, 0.7018194114716141, 0.7018194114716141, 0.7020251179694599, 0.7020251179694599, 0.7033696620651251, 0.7033696620651251, 0.7053353410123392, 0.7053353410123392, 0.7058677423136669, 0.7058677423136669, 0.7058736774231367, 0.7058736774231367, 0.706040637181629, 0.706040637181629, 0.7061121222779096, 0.7061121222779096, 0.7062774993405434, 0.7062774993405434, 0.7078582754476977, 0.7078582754476977, 0.7088671561300155, 0.7088671561300155, 0.7105636302353527, 0.7105636302353527, 0.7115150209560656, 0.7115150209560656, 0.712148275154606, 0.712148275154606, 0.713329230047774, 0.713329230047774, 0.7133482077434861, 0.7133482077434861, 0.7134458073214338, 0.7134458073214338, 0.7135342038160555, 0.7135342038160555, 0.7150129546586945, 0.7150129546586945, 0.7152670799261409, 0.7152670799261409, 0.7153465810838535, 0.7153465810838535, 0.7157355139365164, 0.7157355139365164, 0.7165838242621414, 0.7165838242621414, 0.7173736627685454, 0.7173736627685454, 0.7186411530232422, 0.7186411530232422, 0.7207025704153112, 0.7207025704153112, 0.7218204372930039, 0.7218204372930039, 0.7242291245347168, 0.7242291245347168, 0.7253907500219818, 0.7253907500219818, 0.7257012515020956, 0.7257012515020956, 0.7261305137899704, 0.7261305137899704, 0.7265718221518802, 0.7265718221518802, 0.7290270377209179, 0.7290270377209179, 0.7320769659134208, 0.7320769659134208, 0.733624959699874, 0.733624959699874, 0.735280840587356, 0.735280840587356, 0.7365531668571763, 0.7365531668571763, 0.7368199536914916, 0.7368199536914916, 0.7380915911955216, 0.7380915911955216, 0.7407466074621178, 0.7407466074621178, 0.7416569067088719, 0.7416569067088719, 0.7434589817989976, 0.7434589817989976, 0.7435191535508074, 0.7435191535508074, 0.7441018201002374, 0.7441018201002374, 0.7453533515050266, 0.7453533515050266, 0.7538983997186318, 0.7538983997186318, 0.7545514669245874, 0.7545514669245874, 0.7546485975556142, 0.7546485975556142, 0.7587648231190832, 0.7587648231190832, 0.762468771065975, 0.762468771065975, 0.7631112430024327, 0.7631112430024327, 0.768829904158973, 0.768829904158973, 0.772962821301914, 0.772962821301914, 0.7737036402004748, 0.7737036402004748, 0.774961898062663, 0.774961898062663, 0.7762657610129253, 0.7762657610129253, 0.781529675547349, 0.781529675547349, 0.7821489053020312, 0.7821489053020312, 0.7854622790820364, 0.7854622790820364, 0.7861516750197837, 0.7861516750197837, 0.7862710806295612, 0.7862710806295612, 0.7871701104956182, 0.7871701104956182, 0.7903656173979308, 0.7903656173979308, 0.790537281280225, 0.790537281280225, 0.7908468009027227, 0.7908468009027227, 0.7918679621325362, 0.7918679621325362, 0.792656291216038, 0.792656291216038, 0.794592851490372, 0.794592851490372, 0.7948378762566312, 0.7948378762566312, 0.7949417479996483, 0.7949417479996483, 0.796428236466485, 0.796428236466485, 0.7964904745156658, 0.7964904745156658, 0.7970040300126029, 0.7970040300126029, 0.7971738620709868, 0.7971738620709868, 0.7980878103109704, 0.7980878103109704, 0.7981548843752748, 0.7981548843752748, 0.7992180603182977, 0.7992180603182977, 0.8002620534013306, 0.8002620534013306, 0.8011508250534892, 0.8011508250534892, 0.8012082270875466, 0.8012082270875466, 0.8016395703273835, 0.8016395703273835, 0.8018087136199772, 0.8018087136199772, 0.8019894047305021, 0.8019894047305021, 0.8023169641548697, 0.8023169641548697, 0.8032189982121398, 0.8032189982121398, 0.8038397373897241, 0.8038397373897241, 0.8038955713825141, 0.8038955713825141, 0.8051517629473314, 0.8051517629473314, 0.8053068378322928, 0.8053068378322928, 0.8062246255751927, 0.8062246255751927, 0.8064961018787187], "iters": [0, 3, 4, 7, 8, 9, 10, 10, 11, 11, 12, 17, 18, 20, 21, 22, 23, 29, 30, 34, 35, 35, 36, 44, 45, 47, 48, 55, 56, 59, 60, 73, 74, 98, 99, 109, 110, 117, 118, 118, 119, 119, 120, 128, 129, 142, 143, 170, 171, 176, 177, 198, 199, 216, 217, 232, 233, 242, 243, 245, 246, 278, 279, 280, 281, 291, 292, 299, 300, 304, 305, 305, 306, 316, 317, 317, 318, 323, 324, 325, 326, 335, 336, 349, 350, 356, 357, 385, 386, 411, 412, 493, 494, 503, 504, 508, 509, 512, 513, 520, 521, 523, 524, 543, 544, 558, 559, 559, 560, 563, 564, 579, 580, 590, 591, 612, 613, 624, 625, 630, 631, 634, 635, 637, 638, 638, 639, 640, 641, 641, 642, 651, 652, 656, 657, 657, 658, 658, 659, 659, 660, 670, 671, 671, 672, 678, 679, 682, 683, 684, 685, 686, 687, 690, 691, 694, 695, 706, 707, 708, 709, 709, 710, 711, 712, 717, 718, 719, 720, 720, 721, 721, 722, 724, 725, 727, 728, 730, 731, 737, 738, 747, 748, 748, 749, 757, 758, 758, 759, 765, 766, 770, 771, 772, 773, 774, 775, 779, 780, 782, 783, 783, 784, 791, 792, 792, 793, 804, 805, 810, 811, 813, 814, 833, 834, 842, 843, 855, 856, 874, 875, 876, 877, 896, 897, 899, 900, 908, 909, 910, 911, 915, 916, 921, 922, 944, 945, 962, 963, 964, 965, 970, 971, 986, 987, 998, 999], "finalScore": 0.8064961018787187, "finalIter": 1000}