{"title": "number_of_rect_200_4", "popultion": 10, "subpopulation": 15, "number_of_rect": 200, "scores": [0.7256568480905068, 0.7256568480905068, 0.7302696005158416, 0.7302696005158416, 0.7303898707465049, 0.7303898707465049, 0.7316445821976025, 0.7316445821976025, 0.7346148919956623, 0.7346148919956623, 0.7355049385972625, 0.7355049385972625, 0.7362064245728186, 0.7362064245728186, 0.7370810398897976, 0.7370810398897976, 0.7372536856297078, 0.7372536856297078, 0.738059351094698, 0.738059351094698, 0.738606040622527, 0.738606040622527, 0.7387674023271491, 0.7387674023271491, 0.7389765819631291, 0.7389765819631291, 0.7403523843020018, 0.7403523843020018, 0.7408289369559483, 0.7408289369559483, 0.7414019607843138, 0.7414019607843138, 0.741477197455963, 0.741477197455963, 0.7414909434625868, 0.7414909434625868, 0.7421749318561506], "iters": [0, 1, 2, 7, 8, 10, 11, 12, 13, 13, 14, 27, 28, 44, 45, 54, 55, 56, 57, 63, 64, 166, 167, 180, 181, 186, 187, 291, 292, 303, 304, 305, 306, 348, 349, 372, 373], "finalScore": 0.7421749318561506, "finalIter": 1000}