{"title": "number_of_rect_100_0", "popultion": 10, "subpopulation": 15, "number_of_rect": 100, "scores": [0.70189483865295, 0.70189483865295, 0.7021772619361646, 0.7021772619361646, 0.7027247867756967, 0.7027247867756967, 0.7033498783668923, 0.7033498783668923, 0.7036587385327824, 0.7036587385327824, 0.7037065271549576, 0.7037065271549576, 0.7041798557988218, 0.7041798557988218, 0.7046915061988921, 0.7046915061988921, 0.7050184501304259, 0.7050184501304259, 0.7075478032767666, 0.7075478032767666, 0.7086921363463172, 0.7086921363463172, 0.7102782027609249, 0.7102782027609249, 0.7103941059233858, 0.7103941059233858, 0.7108104282071572, 0.7108104282071572, 0.7110227292710807, 0.7110227292710807, 0.7113867200093789, 0.7113867200093789, 0.7131035200328263, 0.7131035200328263, 0.7147595181570385, 0.7147595181570385, 0.7151867141475424], "iters": [0, 9, 10, 13, 14, 32, 33, 42, 43, 45, 46, 59, 60, 65, 66, 75, 76, 87, 88, 90, 91, 97, 98, 143, 144, 148, 149, 149, 150, 194, 195, 201, 202, 465, 466, 493, 494], "finalScore": 0.7151867141475424, "finalIter": 1000}