{"title": "number_of_rect_10_4", "popultion": 10, "subpopulation": 15, "number_of_rect": 10, "scores": [0.5025396992877869, 0.5025396992877869, 0.5031508983264457, 0.5031508983264457, 0.5037205076350421, 0.5037205076350421, 0.5037774407221782, 0.5037774407221782, 0.5053116152290513, 0.5053116152290513, 0.5057108649139775, 0.5057108649139775, 0.5069060201060993, 0.5069060201060993, 0.5079879539259651, 0.5079879539259651, 0.5080160467774554, 0.5080160467774554, 0.5098659251443478, 0.5098659251443478, 0.5099446056449486, 0.5099446056449486, 0.5126724259210411, 0.5126724259210411, 0.5134240599079691, 0.5134240599079691, 0.5165300126029484, 0.5165300126029484, 0.5192125355373838, 0.5192125355373838, 0.5206289017849293, 0.5206289017849293, 0.5218072774700313, 0.5218072774700313, 0.5219633781763826, 0.5219633781763826, 0.522054544388757, 0.522054544388757, 0.5253179899762596, 0.5253179899762596, 0.5275087487909962, 0.5275087487909962, 0.5289126146721768, 0.5289126146721768, 0.53395238723292, 0.53395238723292, 0.5370125882939125, 0.5370125882939125, 0.5420274187402914, 0.5420274187402914, 0.5426202848852546, 0.5426202848852546, 0.5443992643395176, 0.5443992643395176, 0.5530481696415487, 0.5530481696415487, 0.5532848705999589, 0.5532848705999589, 0.5568218734429498, 0.5568218734429498, 0.5570438172279375, 0.5570438172279375, 0.5619601834754828, 0.5619601834754828, 0.5641432925935695, 0.5641432925935695, 0.575131583575134, 0.575131583575134, 0.5832291391893081, 0.5832291391893081, 0.5835996072569536, 0.5835996072569536, 0.5885965884111493, 0.5885965884111493, 0.5991229666754594, 0.5991229666754594, 0.6042528649725959, 0.6042528649725959, 0.6133657639438437, 0.6133657639438437, 0.6225750901257363, 0.6225750901257363, 0.6407014566663736, 0.6407014566663736, 0.6564693279404437, 0.6564693279404437, 0.6628869398282482, 0.6628869398282482, 0.6683886837246109, 0.6683886837246109, 0.6733007415223189, 0.6733007415223189, 0.6829661185849527, 0.6829661185849527, 0.6834769190187286, 0.6834769190187286, 0.6841126791523784, 0.6841126791523784, 0.7078392977519857, 0.7078392977519857, 0.7120608165538262, 0.7120608165538262, 0.7130593071309241, 0.7130593071309241, 0.7146394823998359, 0.7146394823998359, 0.7148264456754301, 0.7148264456754301, 0.7200057592543745, 0.7200057592543745, 0.7212739382748615, 0.7212739382748615, 0.7226964008323808, 0.7226964008323808, 0.725759899176412, 0.725759899176412, 0.7308474457047394, 0.7308474457047394, 0.7328747032445265, 0.7328747032445265, 0.7337974735484627, 0.7337974735484627, 0.7352879334095372, 0.7352879334095372, 0.7353868519007005, 0.7353868519007005, 0.7364655617104839, 0.7364655617104839, 0.7380020809519623, 0.7380020809519623, 0.7410548081714001, 0.7410548081714001, 0.7446592954072511, 0.7446592954072511, 0.7497515020956065, 0.7497515020956065, 0.7501492716668132, 0.7501492716668132, 0.7614022099123656, 0.7614022099123656, 0.765051803980187, 0.765051803980187, 0.7658950291626366, 0.7658950291626366, 0.774428236466485, 0.774428236466485, 0.782153653389607, 0.782153653389607, 0.7886398048008441, 0.7886398048008441, 0.7914934054339224, 0.7914934054339224, 0.7925656672235412, 0.7925656672235412, 0.792571807497289, 0.792571807497289, 0.7928577185732291, 0.7928577185732291, 0.7938930654474047, 0.7938930654474047, 0.7953786892933556, 0.7953786892933556, 0.7963017819983, 0.7963017819983, 0.7964467891790498, 0.7964467891790498, 0.7988556669304493, 0.7988556669304493, 0.7991732758873356, 0.7991732758873356, 0.8026634280019931, 0.8026634280019931, 0.8036706820246784, 0.8036706820246784, 0.8037519270787538, 0.8037519270787538, 0.8047220170579442, 0.8047220170579442, 0.8073275008060026, 0.8073275008060026, 0.8082181629004367, 0.8082181629004367, 0.8082883730472757, 0.8082883730472757, 0.8087019549224772, 0.8087019549224772, 0.809913244819602, 0.809913244819602, 0.8099645212345028, 0.8099645212345028, 0.8113769160878104, 0.8113769160878104, 0.8120695506902312, 0.8120695506902312, 0.8126292388405287, 0.8126292388405287, 0.8132115683343591, 0.8132115683343591, 0.813275359770216, 0.813275359770216, 0.8134438875699757, 0.8134438875699757, 0.8141563205252206, 0.8141563205252206, 0.8141690700196371, 0.8141690700196371, 0.8142418300653594, 0.8142418300653594, 0.8143705120314194, 0.8143705120314194, 0.8144285735220844, 0.8144285735220844, 0.8159308156745508, 0.8159308156745508, 0.8162632404232246, 0.8162632404232246, 0.8172048272223688, 0.8172048272223688, 0.8175125296755473, 0.8175125296755473, 0.8175745918696328, 0.8175745918696328, 0.8196223365280342, 0.8196223365280342, 0.8197650136287699, 0.8197650136287699, 0.8211377678126557, 0.8211377678126557, 0.8224229168498491, 0.8224229168498491, 0.8228312816905536, 0.8228312816905536, 0.8229772707289194, 0.8229772707289194, 0.8246906269234151, 0.8246906269234151, 0.8270860664146077, 0.8270860664146077, 0.8272039039831179, 0.8272039039831179, 0.8274716580204577, 0.8274716580204577, 0.8280668249362525, 0.8280668249362525, 0.8282715642310736, 0.8282715642310736, 0.8292495530349658, 0.8292495530349658, 0.8293278525161933, 0.8293278525161933, 0.8302192033764179, 0.8302192033764179, 0.8306016149359594, 0.8306016149359594, 0.8308608839649462, 0.8308608839649462, 0.832161772033178, 0.832161772033178, 0.8332603974325157, 0.8332603974325157, 0.83444907529529, 0.83444907529529, 0.8354627919927313, 0.8354627919927313, 0.8383279257891497, 0.8383279257891497, 0.8414289838506404, 0.8414289838506404, 0.8418982238635364, 0.8418982238635364, 0.8456208710689059, 0.8456208710689059, 0.8476868753480465, 0.8476868753480465, 0.8498051525542952, 0.8498051525542952, 0.8498474896685131, 0.8498474896685131, 0.8498870424103872, 0.8498870424103872, 0.8522980890412967, 0.8522980890412967, 0.8543597995251913, 0.8543597995251913, 0.8568820305401682, 0.8568820305401682, 0.8575332512676221, 0.8575332512676221, 0.857934596559102, 0.857934596559102, 0.8595176148187227, 0.8595176148187227, 0.8617027023066326, 0.8617027023066326, 0.861805812010903, 0.861805812010903, 0.8619950614027375, 0.8619950614027375, 0.862154122336528, 0.862154122336528, 0.862892303408658, 0.862892303408658, 0.8637881239192239, 0.8637881239192239, 0.8638184149594068, 0.8638184149594068, 0.8641426331369618, 0.8641426331369618, 0.8642701280811278], "iters": [0, 26, 27, 28, 29, 36, 37, 38, 39, 42, 43, 45, 46, 46, 47, 49, 50, 55, 56, 57, 58, 59, 60, 64, 65, 65, 66, 67, 68, 72, 73, 74, 75, 76, 77, 78, 79, 79, 80, 82, 83, 83, 84, 84, 85, 87, 88, 90, 91, 92, 93, 93, 94, 94, 95, 98, 99, 99, 100, 100, 101, 103, 104, 104, 105, 105, 106, 106, 107, 107, 108, 108, 109, 110, 111, 111, 112, 113, 114, 114, 115, 117, 118, 119, 120, 123, 124, 127, 128, 128, 129, 130, 131, 131, 132, 132, 133, 133, 134, 136, 137, 137, 138, 138, 139, 139, 140, 141, 142, 145, 146, 146, 147, 147, 148, 148, 149, 153, 154, 154, 155, 155, 156, 156, 157, 159, 160, 163, 164, 166, 167, 169, 170, 173, 174, 175, 176, 176, 177, 177, 178, 178, 179, 180, 181, 181, 182, 182, 183, 193, 194, 198, 199, 200, 201, 204, 205, 206, 207, 208, 209, 212, 213, 213, 214, 215, 216, 220, 221, 224, 225, 229, 230, 234, 235, 235, 236, 239, 240, 244, 245, 253, 254, 254, 255, 267, 268, 295, 296, 299, 300, 300, 301, 307, 308, 309, 310, 311, 312, 316, 317, 319, 320, 320, 321, 322, 323, 326, 327, 328, 329, 329, 330, 343, 344, 347, 348, 359, 360, 363, 364, 366, 367, 372, 373, 373, 374, 378, 379, 385, 386, 391, 392, 394, 395, 407, 408, 414, 415, 417, 418, 420, 421, 422, 423, 426, 427, 430, 431, 432, 433, 442, 443, 445, 446, 459, 460, 473, 474, 485, 486, 488, 489, 489, 490, 490, 491, 492, 493, 494, 495, 497, 498, 498, 499, 502, 503, 509, 510, 511, 512, 523, 524, 533, 534, 535, 536, 541, 542, 547, 548, 553, 554, 585, 586, 599, 600, 600, 601, 601, 602, 624, 625, 626, 627, 880, 881, 900, 901], "finalScore": 0.8642701280811278, "finalIter": 1000}