{"title": "number_of_rect_200_3", "popultion": 10, "subpopulation": 15, "number_of_rect": 200, "scores": [0.7122331545473197, 0.7122331545473197, 0.7129511122834784, 0.7129511122834784, 0.7134961165333098], "iters": [0, 0, 1, 2, 3], "finalScore": 0.7134961165333098, "finalIter": 5}