{"title": "number_of_rect_20_1", "popultion": 10, "subpopulation": 15, "number_of_rect": 20, "scores": [0.6478067059409713], "iters": [0], "finalScore": 0.6478067059409713, "finalIter": 2}