{"title": "number_of_rect_10_2", "popultion": 10, "subpopulation": 15, "number_of_rect": 10, "scores": [0.5616738034526216], "iters": [0], "finalScore": 0.5616738034526216, "finalIter": 2}