{"title": "number_of_rect_300_0", "popultion": 10, "subpopulation": 15, "number_of_rect": 300, "scores": [0.7392173568979161, 0.7392173568979161, 0.7404793956446555, 0.7404793956446555, 0.7406709311527302, 0.7406709311527302, 0.7409723614408394, 0.7409723614408394, 0.7419389050089393, 0.7419389050089393, 0.7425433336264251, 0.7425433336264251, 0.7429121017614819, 0.7429121017614819, 0.7430171019080278, 0.7430171019080278, 0.744543582754477, 0.744543582754477, 0.7449720536944224, 0.7449720536944224, 0.7449771534921891, 0.7449771534921891, 0.7457525132624051], "iters": [0, 7, 8, 13, 14, 21, 22, 46, 47, 52, 53, 166, 167, 178, 179, 183, 184, 190, 191, 602, 603, 749, 750], "finalScore": 0.7457525132624051, "finalIter": 1000}