{"title": "number_of_rect_50_1", "popultion": 10, "subpopulation": 15, "number_of_rect": 50, "scores": [0.6510377209179636, 0.6510377209179636, 0.6514751751223659, 0.6514751751223659, 0.6515135848061198, 0.6515135848061198, 0.6515219086139687, 0.6515219086139687, 0.6515464110905946, 0.6515464110905946, 0.6516402151294001, 0.6516402151294001, 0.6516814091854979, 0.6516814091854979, 0.6517037867463876, 0.6517037867463876, 0.6519857410826813, 0.6519857410826813, 0.6520592778217416], "iters": [0, 29, 30, 35, 36, 52, 53, 54, 55, 73, 74, 125, 126, 254, 255, 291, 292, 847, 848], "finalScore": 0.6520592778217416, "finalIter": 1000}