{"title": "number_of_rect_200_2", "popultion": 10, "subpopulation": 15, "number_of_rect": 200, "scores": [0.7184202936780093], "iters": [0], "finalScore": 0.7184202936780093, "finalIter": 5}