{"title": "number_of_rect_100_0", "popultion": 10, "subpopulation": 15, "number_of_rect": 100, "scores": [0.6946392186171928], "iters": [0], "finalScore": 0.6946392186171928, "finalIter": 5}