{"title": "number_of_rect_50_1", "popultion": 10, "subpopulation": 15, "number_of_rect": 50, "scores": [0.6640149183739266, 0.6640149183739266, 0.6653684603886397, 0.6653684603886397, 0.6677972976933673, 0.6677972976933673, 0.6681323456138808, 0.6681323456138808, 0.6694031771153902, 0.6694031771153902, 0.6695165889973329, 0.6695165889973329, 0.6696933233682112, 0.6696933233682112, 0.6703507869515519, 0.6703507869515519, 0.6706395703273835, 0.6706395703273835, 0.6707248893578359, 0.6707248893578359, 0.6711035493420088, 0.6711035493420088, 0.6718033060757935, 0.6718033060757935, 0.6718904276209736, 0.6718904276209736, 0.6721876227322019, 0.6721876227322019, 0.6722430757056186, 0.6722430757056186, 0.6722952020868138, 0.6722952020868138, 0.673202716961224, 0.673202716961224, 0.6733370116357456, 0.6733370116357456, 0.6739927020135408, 0.6739927020135408, 0.6744053313403089, 0.6744053313403089, 0.6747667135613588, 0.6747667135613588, 0.6749135965297928, 0.6749135965297928, 0.6749925261584455, 0.6749925261584455, 0.6757618335824613, 0.6757618335824613, 0.6761904217591371, 0.6761904217591371, 0.6763299481227468, 0.6763299481227468, 0.6769481667106305, 0.6769481667106305, 0.6772416835194466, 0.6772416835194466, 0.6774840851138662, 0.6774840851138662, 0.6780770978047422, 0.6780770978047422, 0.6783811659192824, 0.6783811659192824, 0.6801033734869135, 0.6801033734869135, 0.6804120871068906, 0.6804120871068906, 0.6813028371288725, 0.6813028371288725, 0.6820943316040915, 0.6820943316040915, 0.682547817931358, 0.682547817931358, 0.6849137284211143, 0.6849137284211143, 0.6851047363639028, 0.6851047363639028, 0.6852467246988481, 0.6852467246988481, 0.6858364987250506, 0.6858364987250506, 0.6870804976699201, 0.6870804976699201, 0.6881375626483777, 0.6881375626483777, 0.6883465957384449, 0.6883465957384449, 0.6892579794249538, 0.6892579794249538, 0.6895501626659633, 0.6895501626659633, 0.6917625663120255, 0.6917625663120255, 0.6917809871332689, 0.6917809871332689, 0.691884243383452, 0.691884243383452, 0.692023725783288, 0.692023725783288, 0.6921003986048828, 0.6921003986048828, 0.693103095049679, 0.693103095049679, 0.6931984964389344, 0.6931984964389344, 0.6937888126850142, 0.6937888126850142, 0.6949850230077084, 0.6949850230077084, 0.6960707230575339, 0.6960707230575339, 0.6964958527506668, 0.6964958527506668, 0.6972271901286673, 0.6972271901286673, 0.6984270054808172, 0.6984270054808172, 0.6988588176675752, 0.6988588176675752, 0.6998481198159383, 0.6998481198159383, 0.7002539933761247, 0.7002539933761247, 0.7003590814502183, 0.7003590814502183, 0.7009028400597908, 0.7009028400597908, 0.7021300155338668, 0.7021300155338668, 0.702813256543275, 0.702813256543275, 0.7033143996013951, 0.7033143996013951, 0.7035833260060377, 0.7035833260060377, 0.7043791875494593, 0.7043791875494593, 0.7051345731117559, 0.7051345731117559, 0.7062957882704651, 0.7062957882704651, 0.7079917934288813, 0.7079917934288813, 0.70890420293678, 0.70890420293678, 0.7094816231425306, 0.7094816231425306, 0.7095338374512734, 0.7095338374512734, 0.7098831589436971, 0.7098831589436971, 0.7102709780474222, 0.7102709780474222, 0.7102861602039919, 0.7102861602039919, 0.7110404173627598, 0.7110404173627598, 0.7125435094815206, 0.7125435094815206, 0.7128893724904013, 0.7128893724904013, 0.713415985228172, 0.713415985228172, 0.7152618482370526, 0.7152618482370526, 0.715319719218031, 0.715319719218031, 0.719267138544506, 0.719267138544506, 0.72087896773059, 0.72087896773059, 0.7227395586037105, 0.7227395586037105, 0.7253795685688326, 0.7253795685688326, 0.7262599284855945, 0.7262599284855945, 0.7315017878601366, 0.7315017878601366, 0.7326290190216596, 0.7326290190216596, 0.7335222896333422, 0.7335222896333422, 0.7344727424602128, 0.7344727424602128, 0.7381348222398078, 0.7381348222398078, 0.7423702775579588, 0.7423702775579588, 0.7454959846419884, 0.7454959846419884, 0.7494515226120344, 0.7494515226120344, 0.7497417274832205, 0.7497417274832205, 0.7505928954541458, 0.7505928954541458, 0.7514337905565813, 0.7514337905565813, 0.7535088220639526, 0.7535088220639526, 0.7538294645212344, 0.7538294645212344, 0.7552798880389227, 0.7552798880389227, 0.7559306984378206, 0.7559306984378206, 0.755959567982649, 0.755959567982649, 0.7569051408306222, 0.7569051408306222, 0.7574477417274832, 0.7574477417274832, 0.7576842961399807, 0.7576842961399807, 0.7596111404202937, 0.7596111404202937, 0.7596149213048449, 0.7596149213048449, 0.7606953163926258, 0.7606953163926258, 0.7613034379671151, 0.7613034379671151, 0.7617046074034995, 0.7617046074034995, 0.7627712271754741, 0.7627712271754741, 0.7628923034086579, 0.7628923034086579, 0.7631617427239954, 0.7631617427239954, 0.7635179079105484, 0.7635179079105484, 0.7635732729564172, 0.7635732729564172, 0.7638113367918169, 0.7638113367918169, 0.7643751282276737, 0.7643751282276737, 0.7650424103871742, 0.7650424103871742, 0.7658071602333011, 0.7658071602333011, 0.7668677276590756, 0.7668677276590756, 0.7675304082769132, 0.7675304082769132, 0.7679271373721387, 0.7679271373721387, 0.7690602596793575, 0.7690602596793575, 0.7696329464521234, 0.7696329464521234, 0.7706065974969958, 0.7706065974969958, 0.7713268853131686, 0.7713268853131686, 0.771345364752777, 0.771345364752777, 0.7735364899322958, 0.7735364899322958, 0.7739049649755269, 0.7739049649755269, 0.7745096280664732, 0.7745096280664732, 0.7746884433893139, 0.7746884433893139, 0.776217298279551, 0.776217298279551, 0.7777496556171049, 0.7777496556171049, 0.7783671414754243, 0.7783671414754243, 0.7785934376740233, 0.7785934376740233, 0.7786580204578094, 0.7786580204578094, 0.7787272927108063, 0.7787272927108063, 0.7794760983616167, 0.7794760983616167, 0.7808224156628272, 0.7808224156628272, 0.7819209091708432, 0.7819209091708432, 0.7822232187344295, 0.7822232187344295, 0.7836855271256484, 0.7836855271256484, 0.7841013218441337, 0.7841013218441337, 0.7845105219965416, 0.7845105219965416, 0.785095591898942, 0.785095591898942, 0.7853678595503971, 0.7853678595503971, 0.7856229373662769, 0.7856229373662769, 0.7863412028488526, 0.7863412028488526, 0.7869717752571881, 0.7869717752571881, 0.7885019930244146, 0.7885019930244146, 0.7894873677423137, 0.7894873677423137, 0.7900044843049328, 0.7900044843049328, 0.7905125589847299, 0.7905125589847299, 0.7905543685336616, 0.7905543685336616, 0.7910905653741317, 0.7910905653741317, 0.7911436736129429, 0.7911436736129429, 0.7917415809373076, 0.7917415809373076, 0.7922047832585949, 0.7922047832585949, 0.7944694012134002],