{"title": "number_of_rect_200_2", "popultion": 10, "subpopulation": 15, "number_of_rect": 200, "scores": [0.7250456930156217, 0.7250456930156217, 0.7269066649081157, 0.7269066649081157, 0.728988730619303, 0.728988730619303, 0.7312462704065184, 0.7312462704065184, 0.7330895542073332, 0.7330895542073332, 0.7355050118702189, 0.7355050118702189, 0.7360943316040915, 0.7360943316040915, 0.7373866027726487, 0.7373866027726487, 0.7381130601717518, 0.7381130601717518, 0.7389050822122571, 0.7389050822122571, 0.7396483044637885, 0.7396483044637885, 0.7409423341832997, 0.7409423341832997, 0.7413312230721885, 0.7413312230721885, 0.7416219701632522, 0.7416219701632522, 0.741824218177555, 0.741824218177555, 0.7423793780591459, 0.7423793780591459, 0.7427994812274685, 0.7427994812274685, 0.7430452826870658, 0.7430452826870658, 0.7430912981036959, 0.7430912981036959, 0.7432600750315073, 0.7432600750315073, 0.7444048330842052, 0.7444048330842052, 0.7444941674726692, 0.7444941674726692, 0.7461953603563997, 0.7461953603563997, 0.7476725138485887, 0.7476725138485887, 0.7479008763445587, 0.7479008763445587, 0.7480861396875641, 0.7480861396875641, 0.7483953662182361, 0.7483953662182361, 0.7486068026612738, 0.7486068026612738, 0.7496437615404907, 0.7496437615404907, 0.7496629883642545, 0.7496629883642545, 0.749884082182948, 0.749884082182948, 0.7505320642457282, 0.7505320642457282, 0.7511663003018846, 0.7511663003018846, 0.7515579149447522, 0.7515579149447522, 0.751700548081714, 0.751700548081714, 0.751712799320027, 0.751712799320027, 0.7518859286614497, 0.7518859286614497, 0.7519957501685278, 0.7519957501685278, 0.7520349218910285, 0.7520349218910285, 0.7523027345467335, 0.7523027345467335, 0.7524467891790498, 0.7524467891790498, 0.7528169348456871, 0.7528169348456871, 0.7532955391424133, 0.7532955391424133, 0.754606348368944, 0.754606348368944, 0.754982575690964, 0.754982575690964, 0.755002637826431, 0.755002637826431, 0.7557551217796535], "iters": [0, 0, 1, 3, 4, 4, 5, 6, 7, 8, 9, 11, 12, 17, 18, 19, 20, 28, 29, 30, 31, 35, 36, 37, 38, 50, 51, 54, 55, 61, 62, 63, 64, 67, 68, 78, 79, 82, 83, 87, 88, 112, 113, 114, 115, 131, 132, 145, 146, 153, 154, 167, 168, 182, 183, 213, 214, 356, 357, 375, 376, 410, 411, 431, 432, 468, 469, 504, 505, 516, 517, 544, 545, 553, 554, 564, 565, 566, 567, 591, 592, 648, 649, 660, 661, 666, 667, 738, 739, 908, 909, 911, 912], "finalScore": 0.7557551217796535, "finalIter": 1000}