{"title": "number_of_rect_20_3", "popultion": 10, "subpopulation": 15, "number_of_rect": 20, "scores": [0.603291641021132, 0.603291641021132, 0.6039369559482985, 0.6039369559482985, 0.6044126879451333, 0.6044126879451333, 0.6044603886397608, 0.6044603886397608, 0.6047833025586916, 0.6047833025586916, 0.6059297312347959, 0.6059297312347959, 0.6065618423752162, 0.6065618423752162, 0.6078129781060406, 0.6078129781060406, 0.6083591254139922, 0.6083591254139922, 0.6088279111345585, 0.6088279111345585, 0.6095472610568891, 0.6095472610568891, 0.6114306544740467, 0.6114306544740467, 0.6134191213107067, 0.6134191213107067, 0.6149732993346815, 0.6149732993346815, 0.6160317125355373, 0.6160317125355373, 0.6181418710982151, 0.6181418710982151, 0.6194818429613999, 0.6194818429613999, 0.6231278319997655, 0.6231278319997655, 0.6237798880389226, 0.6237798880389226, 0.6237824232832146, 0.6237824232832146, 0.6256658899733287, 0.6256658899733287, 0.6276431753568392, 0.6276431753568392, 0.6285410768193676, 0.6285410768193676, 0.6339558164072804, 0.6339558164072804, 0.6377086960344676, 0.6377086960344676, 0.6379091122248601, 0.6379091122248601, 0.6421165333098859, 0.6421165333098859, 0.6427029807438671, 0.6427029807438671, 0.6462962718719775, 0.6462962718719775, 0.6480719247340192, 0.6480719247340192, 0.6499239866350128, 0.6499239866350128, 0.6547013247750519, 0.6547013247750519, 0.6553943550514376, 0.6553943550514376, 0.6617071426477915, 0.6617071426477915, 0.6631842375216155, 0.6631842375216155, 0.6642766054104752, 0.6642766054104752, 0.6648910138046249, 0.6648910138046249, 0.6665999736217356, 0.6665999736217356, 0.6691274802895748, 0.6691274802895748, 0.6704249684926287, 0.6704249684926287, 0.6713156598962455, 0.6713156598962455, 0.6740697705091006, 0.6740697705091006, 0.6743499516398488, 0.6743499516398488, 0.6756429995017439, 0.6756429995017439, 0.6760173949998535, 0.6760173949998535, 0.676750183182391, 0.676750183182391, 0.6813513291714295, 0.6813513291714295, 0.6835411354377326, 0.6835411354377326, 0.683732597672851, 0.683732597672851, 0.6871652305167208, 0.6871652305167208, 0.6877598845218207, 0.6877598845218207, 0.6882685160760866, 0.6882685160760866, 0.6887177232626982, 0.6887177232626982, 0.6904477710366658, 0.6904477710366658, 0.6908424191799291, 0.6908424191799291, 0.6916410797502858, 0.6916410797502858, 0.694595753099446, 0.694595753099446, 0.6946482018816496, 0.6946482018816496, 0.6958940912687945, 0.6958940912687945, 0.6977040944928046, 0.6977040944928046, 0.697747955684516, 0.697747955684516, 0.6977976347489668, 0.6977976347489668, 0.6983761393944723, 0.6983761393944723, 0.7011471760602597, 0.7011471760602597, 0.7052846214719071, 0.7052846214719071, 0.7065365045868871, 0.7065365045868871, 0.7090660042791406, 0.7090660042791406, 0.7095116210908878, 0.7095116210908878, 0.711797385620915, 0.711797385620915, 0.7124210703713474, 0.7124210703713474, 0.7127479410299247, 0.7127479410299247, 0.7168141797825258, 0.7168141797825258, 0.7180084850083531, 0.7180084850083531, 0.7328449837334037, 0.7328449837334037, 0.7329888038922594, 0.7329888038922594, 0.7349974501011167, 0.7349974501011167, 0.7356258389753509, 0.7356258389753509, 0.7398794659866936, 0.7398794659866936, 0.7464495295876198, 0.7464495295876198, 0.7480343943257423, 0.7480343943257423, 0.7491130894809344, 0.7491130894809344, 0.7532642515900232, 0.7532642515900232, 0.7583239104311381, 0.7583239104311381, 0.7591074914270641, 0.7591074914270641, 0.7608448078783083, 0.7608448078783083, 0.7627002256807057, 0.7627002256807057, 0.7633889914710279, 0.7633889914710279, 0.7648744394618834, 0.7648744394618834, 0.7683002872299891, 0.7683002872299891, 0.7734014478736189, 0.7734014478736189, 0.7742043875846303, 0.7742043875846303, 0.7771118878044492, 0.7771118878044492, 0.777622995984642, 0.777622995984642, 0.7804595240188751, 0.7804595240188751, 0.7844710132184414, 0.7844710132184414, 0.7853015768340221, 0.7853015768340221, 0.7865704006565257, 0.7865704006565257, 0.7884133327471496, 0.7884133327471496, 0.7888404408101057, 0.7888404408101057, 0.7893215950057153, 0.7893215950057153, 0.7899719511122835, 0.7899719511122835, 0.7899918227380638, 0.7899918227380638, 0.7902142061607902, 0.7902142061607902, 0.7910818165831355, 0.7910818165831355, 0.7918923766816144, 0.7918923766816144, 0.792095958263724, 0.792095958263724, 0.79273110290454, 0.79273110290454, 0.7933066326680149, 0.7933066326680149, 0.794261349980949, 0.794261349980949, 0.7964860048653243, 0.7964860048653243, 0.7973785280928515, 0.7973785280928515, 0.7979107242299013, 0.7979107242299013, 0.7983391658606641, 0.7983391658606641, 0.7987627714763035, 0.7987627714763035, 0.7988879803042293, 0.7988879803042293, 0.7991817315865061, 0.7991817315865061, 0.8002010756470002, 0.8002010756470002, 0.8003472991588265, 0.8003472991588265, 0.8008333333333333, 0.8008333333333333, 0.800941528180779, 0.800941528180779, 0.8015872387819104, 0.8015872387819104, 0.8023360297781295, 0.8023360297781295, 0.8041773205545297, 0.8041773205545297, 0.804517116562619, 0.804517116562619, 0.8065073272956418, 0.8065073272956418, 0.8067024678331721, 0.8067024678331721, 0.8088900466016002, 0.8088900466016002, 0.8089406928690759, 0.8089406928690759, 0.810510082358803, 0.810510082358803, 0.8115734634661039, 0.8115734634661039, 0.8147293883173599, 0.8147293883173599, 0.8167069228289223, 0.8167069228289223, 0.8175454292329787, 0.8175454292329787, 0.8186197133561945, 0.8186197133561945, 0.8201426184823706, 0.8201426184823706, 0.8203445587502565, 0.8203445587502565, 0.8203950438172279, 0.8203950438172279, 0.8204662065125004, 0.8204662065125004, 0.8222674316363316, 0.8222674316363316, 0.8233208915853336, 0.8233208915853336, 0.8233453940619596, 0.8233453940619596, 0.8238875699756734, 0.8238875699756734, 0.8261904803775023, 0.8261904803775023, 0.8273760514669246, 0.8273760514669246, 0.8282578182244498, 0.8282578182244498, 0.8291886925173657, 0.8291886925173657, 0.8315298367478531, 0.8315298367478531, 0.8320582226911691, 0.8320582226911691, 0.8328291128110437, 0.8328291128110437, 0.8328379641841789, 0.8328379641841789, 0.8331911398341101, 0.8331911398341101, 0.8347480875758375, 0.8347480875758375, 0.8358063395761892, 0.8358063395761892, 0.8363912775872681, 0.8363912775872681, 0.8367851050734195, 0.8367851050734195, 0.8377241273190891, 0.8377241273190891, 0.8382757554441806, 0.8382757554441806, 0.8394012280547496, 0.8394012280547496, 0.8396604091561887, 0.8396604091561887, 0.8401605996658753, 0.8401605996658753, 0.8420800287229989, 0.8420800287229989, 0.843049942847094, 0.843049942847094, 0.844532415955919, 0.844532415955919, 0.8445644802016472, 0.8445644802016472, 0.8449073683284973, 0.8449073683284973, 0.8464427591664468, 0.8464427591664468, 0.8469053753040827, 0.8469053753040827, 0.8488344617368622, 0.8488344617368622, 0.8488351065388786, 0.8488351065388786, 0.849091869632756, 0.849091869632756, 0.849892303408658, 0.849892303408658, 0.8526623289076467, 0.8526623289076467, 0.8534783551686743, 0.8534783551686743, 0.8537935314634075, 0.8537935314634075, 0.854119171136317, 0.854119171136317, 0.8561133972273514, 0.8561133972273514, 0.8576678536885607, 0.8576678536885607, 0.85938170813916, 0.85938170813916, 0.8594693719042176, 0.8594693719042176, 0.8597606612151587, 0.8597606612151587, 0.8609885840733902, 0.8609885840733902, 0.8616758257862188, 0.8616758257862188, 0.8624178903250388, 0.8624178903250388, 0.8625244438582608, 0.8625244438582608, 0.862584425100384, 0.862584425100384, 0.8626609367214748, 0.8626609367214748, 0.8634620299539846, 0.8634620299539846, 0.8636635452387234, 0.8636635452387234, 0.8638097980597321, 0.8638097980597321, 0.8638922154811102, 0.8638922154811102, 0.8639791025528298, 0.8639791025528298, 0.863999223306662, 0.863999223306662, 0.8641132360268472, 0.8641132360268472, 0.8641749904745157, 0.8641749904745157, 0.8643318385650224, 0.8643318385650224, 0.8643959084381136, 0.8643959084381136, 0.8645566986136757, 0.8645566986136757, 0.8647257393241302],