{"title": "number_of_rect_100_4", "popultion": 10, "subpopulation": 15, "number_of_rect": 100, "scores": [0.7081087077581406], "iters": [0], "finalScore": 0.7081087077581406, "finalIter": 2}