{"title": "number_of_rect_300_3", "popultion": 10, "subpopulation": 15, "number_of_rect": 300, "scores": [0.7338623494240746, 0.7338623494240746, 0.7342222954951786, 0.7342222954951786, 0.7352431782877575, 0.7352431782877575, 0.7358931094111785, 0.7358931094111785, 0.7367924030598787, 0.7367924030598787, 0.7368679181687623, 0.7368679181687623, 0.7382455376769542, 0.7382455376769542, 0.7391679416161083, 0.7391679416161083, 0.7393345789735924, 0.7393345789735924, 0.7394253055482283, 0.7394253055482283, 0.7403460535185673, 0.7403460535185673, 0.7404022685307307, 0.7404022685307307, 0.7412625663120256, 0.7412625663120256, 0.7426960198130075, 0.7426960198130075, 0.7428840821829479, 0.7428840821829479, 0.742906782144846, 0.742906782144846, 0.7430149623377004, 0.7430149623377004, 0.7431452123450277, 0.7431452123450277, 0.7434390662094434, 0.7434390662094434, 0.7448984290278144, 0.7448984290278144, 0.7451269966880624, 0.7451269966880624, 0.7451950233008001], "iters": [0, 1, 2, 2, 3, 3, 4, 5, 6, 10, 11, 15, 16, 17, 18, 82, 83, 86, 87, 93, 94, 108, 109, 136, 137, 147, 148, 361, 362, 400, 401, 416, 417, 463, 464, 486, 487, 764, 765, 851, 852, 905, 906], "finalScore": 0.7451950233008001, "finalIter": 1000}