{"title": "number_of_rect_10_3", "popultion": 10, "subpopulation": 15, "number_of_rect": 10, "scores": [0.5153518127729417], "iters": [0], "finalScore": 0.5153518127729417, "finalIter": 2}