{"title": "number_of_rect_200_3", "popultion": 10, "subpopulation": 15, "number_of_rect": 200, "scores": [0.7305834285881767], "iters": [0], "finalScore": 0.7305834285881767, "finalIter": 2}