{"title": "number_of_rect_300_3", "popultion": 10, "subpopulation": 15, "number_of_rect": 300, "scores": [0.7495277851050735, 0.7495277851050735, 0.7506754594214368, 0.7506754594214368, 0.7544745303203494, 0.7544745303203494, 0.7553897535097747, 0.7553897535097747, 0.7565008353117032, 0.7565008353117032, 0.7571854831618746, 0.7571854831618746, 0.7586141153023243, 0.7586141153023243, 0.7595986693631115, 0.7595986693631115, 0.7596740086168996, 0.7596740086168996, 0.7602026290336763, 0.7602026290336763, 0.7611021278466543, 0.7611021278466543, 0.7625878982385181, 0.7625878982385181, 0.7627050323866468, 0.7627050323866468, 0.7627134587766348, 0.7627134587766348, 0.7627401301327705, 0.7627401301327705, 0.7631448899440194, 0.7631448899440194, 0.7635343503619684, 0.7635343503619684, 0.7639597291831531, 0.7639597291831531, 0.7642413025000733, 0.7642413025000733, 0.7642806061138955, 0.7642806061138955, 0.76429298924353], "iters": [0, 14, 15, 15, 16, 28, 29, 41, 42, 67, 68, 94, 95, 213, 214, 229, 230, 285, 286, 336, 337, 352, 353, 524, 525, 546, 547, 616, 617, 678, 679, 698, 699, 812, 813, 929, 930, 987, 988, 988, 989], "finalScore": 0.76429298924353, "finalIter": 1000}