{"title": "number_of_rect_300_1", "popultion": 10, "subpopulation": 15, "number_of_rect": 300, "scores": [0.7259350508514317, 0.7259350508514317, 0.7272080512324511, 0.7272080512324511, 0.7275336322869955, 0.7275336322869955, 0.7286972068349014, 0.7286972068349014, 0.7298090506755766, 0.7298090506755766, 0.7305716902605586, 0.7305716902605586, 0.7311179987690143, 0.7311179987690143, 0.7317225885870042, 0.7317225885870042, 0.731801679416161, 0.731801679416161, 0.7318953955274188, 0.7318953955274188, 0.732424103871743, 0.732424103871743, 0.7337814853893725, 0.7337814853893725, 0.7343041267329053, 0.7343041267329053, 0.7347045048213605, 0.7347045048213605, 0.7350678214484598, 0.7350678214484598, 0.7352454644039979, 0.7352454644039979, 0.7353935050851432, 0.7353935050851432, 0.7364425833113515, 0.7364425833113515, 0.7382126527741142, 0.7382126527741142, 0.7391400539288959, 0.7391400539288959, 0.7403249655617106, 0.7403249655617106, 0.7404580292505643, 0.7404580292505643, 0.7406326973240717, 0.7406326973240717, 0.7414386412262962, 0.7414386412262962, 0.741567469738269, 0.741567469738269, 0.7421433219027522, 0.7421433219027522, 0.7425317711539026, 0.7425317711539026, 0.7431233476948328, 0.7431233476948328, 0.7444125560538117, 0.7444125560538117, 0.7452116416073156, 0.7452116416073156, 0.7454218617192767, 0.7454218617192767, 0.745839209824438, 0.745839209824438, 0.7466539904452065, 0.7466539904452065, 0.7471207098684017, 0.7471207098684017, 0.7475530349658548, 0.7475530349658548, 0.7477257100149477, 0.7477257100149477, 0.7485052023799056, 0.7485052023799056, 0.7488772238342273, 0.7488772238342273, 0.751722207567631, 0.751722207567631, 0.7523664820188165, 0.7523664820188165, 0.7525938333479879, 0.7525938333479879, 0.7529843195873267, 0.7529843195873267, 0.7533239837040945, 0.7533239837040945, 0.7534676280078548, 0.7534676280078548, 0.754219467159061, 0.754219467159061, 0.7543510653887864, 0.7543510653887864, 0.7550477886221754, 0.7550477886221754, 0.7553822943228113, 0.7553822943228113, 0.7556408599314165, 0.7556408599314165, 0.756838594331604, 0.756838594331604, 0.7569303027638559, 0.7569303027638559, 0.7574887452738943, 0.7574887452738943, 0.7587955098332307], "iters": [0, 0, 1, 2, 3, 5, 6, 6, 7, 7, 8, 8, 9, 13, 14, 27, 28, 28, 29, 30, 31, 63, 64, 136, 137, 144, 145, 150, 151, 166, 167, 178, 179, 219, 220, 224, 225, 235, 236, 243, 244, 254, 255, 258, 259, 272, 273, 274, 275, 284, 285, 287, 288, 288, 289, 292, 293, 330, 331, 334, 335, 346, 347, 351, 352, 416, 417, 418, 419, 421, 422, 435, 436, 444, 445, 446, 447, 486, 487, 549, 550, 561, 562, 567, 568, 576, 577, 595, 596, 614, 615, 620, 621, 646, 647, 702, 703, 735, 736, 791, 792, 873, 874, 902, 903], "finalScore": 0.7587955098332307, "finalIter": 1000}