{"title": "number_of_rect_200_0", "popultion": 10, "subpopulation": 15, "number_of_rect": 200, "scores": [0.736336879744424, 0.736336879744424, 0.7365632785251619, 0.7365632785251619, 0.7367790966909933, 0.7367790966909933, 0.7370453559600223, 0.7370453559600223, 0.7372299305372374, 0.7372299305372374, 0.7385813329816231, 0.7385813329816231, 0.7387259591429995, 0.7387259591429995, 0.7398381693484568, 0.7398381693484568, 0.7404372636947156, 0.7404372636947156, 0.7410694041443184, 0.7410694041443184, 0.7411818048594625, 0.7411818048594625, 0.7413958498197486, 0.7413958498197486, 0.7414471262346494, 0.7414471262346494, 0.7416571411823324, 0.7416571411823324, 0.7418446173686216, 0.7418446173686216, 0.7420859052141036, 0.7420859052141036, 0.7421703889328526, 0.7421703889328526, 0.7422818810633371, 0.7422818810633371, 0.74239974794103, 0.74239974794103, 0.742574240159442, 0.742574240159442, 0.7428300946686597, 0.7428300946686597, 0.7429365602743339, 0.7429365602743339, 0.7432999794835722, 0.7432999794835722, 0.7436663882294323, 0.7436663882294323, 0.7436987748761688, 0.7436987748761688, 0.744156188633899, 0.744156188633899, 0.7443572935900817], "iters": [0, 17, 18, 22, 23, 26, 27, 31, 32, 32, 33, 34, 35, 35, 36, 38, 39, 40, 41, 75, 76, 104, 105, 129, 130, 137, 138, 213, 214, 228, 229, 261, 262, 287, 288, 293, 294, 413, 414, 433, 434, 455, 456, 487, 488, 622, 623, 740, 741, 825, 826, 993, 994], "finalScore": 0.7443572935900817, "finalIter": 1000}