{"title": "number_of_rect_100_4", "popultion": 10, "subpopulation": 15, "number_of_rect": 100, "scores": [0.6971791816876227, 0.6971791816876227, 0.698160892757701, 0.698160892757701, 0.6991268941059234, 0.6991268941059234, 0.7002927108062956, 0.7002927108062956, 0.7008776488173745, 0.7008776488173745, 0.7015597321140714, 0.7015597321140714, 0.7023729007297986, 0.7023729007297986, 0.7041214425979659, 0.7041214425979659, 0.7048264456754301, 0.7048264456754301, 0.7049580292505642, 0.7049580292505642, 0.7062334476391454, 0.7062334476391454, 0.7079865177760192, 0.7079865177760192, 0.7091348515489904, 0.7091348515489904, 0.7103454380257335, 0.7103454380257335, 0.7108057827017205, 0.7108057827017205, 0.7111987602215775, 0.7111987602215775, 0.7112087986166066, 0.7112087986166066, 0.7135982150707816, 0.7135982150707816, 0.7139902693513878, 0.7139902693513878, 0.7158687388258742, 0.7158687388258742, 0.7172047979131861, 0.7172047979131861, 0.7172662885782115, 0.7172662885782115, 0.7181959905038249, 0.7181959905038249, 0.7191299422609103, 0.7191299422609103, 0.7192808405873561, 0.7192808405873561, 0.7203648700137754, 0.7203648700137754, 0.7205440810105807, 0.7205440810105807, 0.7228241009408247, 0.7228241009408247, 0.7228410856121222, 0.7228410856121222, 0.7233645183035845, 0.7233645183035845, 0.7239733286438641, 0.7239733286438641, 0.7249007004894633, 0.7249007004894633, 0.7265285178346376, 0.7265285178346376, 0.7271178961868754, 0.7271178961868754, 0.7287244057563235, 0.7287244057563235, 0.729226398780738, 0.729226398780738, 0.7295548374805827, 0.7295548374805827, 0.731034951200211, 0.731034951200211, 0.7310871508543626, 0.7310871508543626, 0.7317347812069521, 0.7317347812069521, 0.7317697030979806, 0.7317697030979806, 0.7328487939271373, 0.7328487939271373, 0.733463656613617, 0.733463656613617, 0.7336291069492071, 0.7336291069492071, 0.7338726809109294, 0.7338726809109294, 0.7343525308479146, 0.7343525308479146, 0.7344697675781822, 0.7344697675781822, 0.7350335590140391, 0.7350335590140391, 0.7362003282628446, 0.7362003282628446, 0.7362587414637005, 0.7362587414637005, 0.7363430053635804, 0.7363430053635804, 0.7373195433629356, 0.7373195433629356, 0.737735396699786, 0.737735396699786, 0.7381088103402795, 0.7381088103402795, 0.7394869134499839, 0.7394869134499839, 0.7396409478589642, 0.7396409478589642, 0.7403977695712066, 0.7403977695712066, 0.7413441191125179], "iters": [0, 5, 6, 7, 8, 10, 11, 14, 15, 15, 16, 16, 17, 20, 21, 26, 27, 32, 33, 35, 36, 45, 46, 72, 73, 94, 95, 104, 105, 111, 112, 123, 124, 128, 129, 129, 130, 132, 133, 141, 142, 147, 148, 153, 154, 161, 162, 164, 165, 166, 167, 176, 177, 191, 192, 221, 222, 222, 223, 231, 232, 247, 248, 258, 259, 316, 317, 336, 337, 377, 378, 395, 396, 420, 421, 467, 468, 468, 469, 498, 499, 533, 534, 547, 548, 620, 621, 631, 632, 674, 675, 707, 708, 752, 753, 765, 766, 844, 845, 879, 880, 902, 903, 912, 913, 952, 953, 964, 965, 984, 985, 993, 994, 997, 998], "finalScore": 0.7413441191125179, "finalIter": 1000}