{"title": "number_of_rect_300_4", "popultion": 10, "subpopulation": 15, "number_of_rect": 300, "scores": [0.7407253436501656, 0.7407253436501656, 0.7413635657551512, 0.7413635657551512, 0.7418063102670067, 0.7418063102670067, 0.74332199067968, 0.74332199067968, 0.7433389313872036, 0.7433389313872036, 0.7443153521498285, 0.7443153521498285, 0.7450378674638765, 0.7450378674638765, 0.7461219555086609, 0.7461219555086609, 0.7461371816290043, 0.7461371816290043, 0.746598127143234, 0.746598127143234, 0.7478698965385855, 0.7478698965385855, 0.7481873296403763, 0.7481873296403763, 0.7488693103549342, 0.7488693103549342, 0.7505114452357924, 0.7505114452357924, 0.7506626073448811], "iters": [0, 6, 7, 20, 21, 21, 22, 28, 29, 30, 31, 44, 45, 119, 120, 126, 127, 210, 211, 241, 242, 482, 483, 532, 533, 579, 580, 807, 808], "finalScore": 0.7506626073448811, "finalIter": 1000}