{"title": "number_of_rect_10_4", "popultion": 10, "subpopulation": 15, "number_of_rect": 10, "scores": [0.6133971980421467], "iters": [0], "finalScore": 0.6133971980421467, "finalIter": 5}