{"title": "number_of_rect_300_4", "popultion": 10, "subpopulation": 15, "number_of_rect": 300, "scores": [0.7296073741903338, 0.7296073741903338, 0.7300924411618159, 0.7300924411618159, 0.7305372959348164, 0.7305372959348164, 0.7314531492716668, 0.7314531492716668, 0.7330286057621853, 0.7330286057621853, 0.7337872739529294, 0.7337872739529294, 0.733908438113661, 0.733908438113661, 0.7340884111492131, 0.7340884111492131, 0.734537120079721, 0.734537120079721, 0.7352011635745479, 0.7352011635745479, 0.7364077493478707, 0.7364077493478707, 0.7375970720126616, 0.7375970720126616, 0.73768565901697, 0.73768565901697, 0.7377176792989244, 0.7377176792989244, 0.7390181570386002, 0.7390181570386002, 0.7390531668571764, 0.7390531668571764, 0.7391114921304844, 0.7391114921304844, 0.7394565784460272, 0.7394565784460272, 0.7398108531903045], "iters": [0, 0, 1, 3, 4, 5, 6, 8, 9, 15, 16, 28, 29, 36, 37, 37, 38, 40, 41, 52, 53, 113, 114, 173, 174, 220, 221, 237, 238, 359, 360, 694, 695, 812, 813, 813, 814], "finalScore": 0.7398108531903045, "finalIter": 1000}