{"title": "number_of_rect_10_1", "popultion": 10, "subpopulation": 15, "number_of_rect": 10, "scores": [0.524841642486591, 0.524841642486591, 0.5260338814150474, 0.5260338814150474, 0.5275503385210587, 0.5275503385210587, 0.5281789325595709, 0.5281789325595709, 0.5298972713151031, 0.5298972713151031, 0.5338516222632551, 0.5338516222632551, 0.535698892112899, 0.535698892112899, 0.5368018552712565, 0.5368018552712565, 0.536949851988628, 0.536949851988628, 0.5374482692927693, 0.5374482692927693, 0.5385260118995281, 0.5385260118995281, 0.5394444590990357, 0.5394444590990357, 0.5412280400949618, 0.5412280400949618, 0.5423890061256191, 0.5423890061256191, 0.5435920894516252, 0.5435920894516252, 0.5458865001905097, 0.5458865001905097, 0.5474288812685014, 0.5474288812685014, 0.5479998827632697, 0.5479998827632697, 0.5508757437205076, 0.5508757437205076, 0.5518389753509775, 0.5518389753509775, 0.5561498871596471, 0.5561498871596471, 0.5592848266361852, 0.5592848266361852, 0.5630993581289018, 0.5630993581289018, 0.5641078431372548, 0.5641078431372548, 0.5679416600721006, 0.5679416600721006, 0.5719094785896421, 0.5719094785896421, 0.5746220873999824, 0.5746220873999824, 0.5776329024883495, 0.5776329024883495, 0.5783762126674287, 0.5783762126674287, 0.5815063454380258, 0.5815063454380258, 0.5850629561241536, 0.5850629561241536, 0.5907080805416337, 0.5907080805416337, 0.5917024678331722, 0.5917024678331722, 0.5978691931182039, 0.5978691931182039, 0.6003994695037955, 0.6003994695037955, 0.6071461648934611, 0.6071461648934611, 0.6126521732758874, 0.6126521732758874, 0.6248469767578182, 0.6248469767578182, 0.6323957618922008, 0.6323957618922008, 0.6368485741082681, 0.6368485741082681, 0.6394993991617575, 0.6394993991617575, 0.6498969782232773, 0.6498969782232773, 0.6511047656730853, 0.6511047656730853, 0.6547311468683139, 0.6547311468683139, 0.6569113250681438, 0.6569113250681438, 0.6606107300917377, 0.6606107300917377, 0.6636779507019549, 0.6636779507019549, 0.6663532049591137, 0.6663532049591137, 0.6675092177379173, 0.6675092177379173, 0.6677518391512061, 0.6677518391512061, 0.669119947829655, 0.669119947829655, 0.6711646443330695, 0.6711646443330695, 0.6716441132506814, 0.6716441132506814, 0.6722359535742548, 0.6722359535742548, 0.6727481901579765, 0.6727481901579765, 0.6782436472346787, 0.6782436472346787, 0.683813359125414, 0.683813359125414, 0.6843749670271696, 0.6843749670271696, 0.688222266185996, 0.688222266185996, 0.6883085231102904, 0.6883085231102904, 0.6887953925965005, 0.6887953925965005, 0.6924919985931592, 0.6924919985931592, 0.6940375157536857, 0.6940375157536857, 0.6958215803511241, 0.6958215803511241, 0.7038219613704974, 0.7038219613704974, 0.7038421847064685, 0.7038421847064685, 0.7054457926668425, 0.7054457926668425, 0.7073145608018993, 0.7073145608018993, 0.710558779565638, 0.710558779565638, 0.7135234473460534, 0.7135234473460534, 0.7159911486268649, 0.7159911486268649, 0.7168277206248718, 0.7168277206248718, 0.7182524106802661, 0.7182524106802661, 0.7197708315015094, 0.7197708315015094, 0.7202790380726282, 0.7202790380726282, 0.7230438905008939, 0.7230438905008939, 0.7230799554500424, 0.7230799554500424, 0.7238171986283302, 0.7238171986283302, 0.7249496761335326, 0.7249496761335326, 0.72539815059058, 0.72539815059058, 0.7259911046630909, 0.7259911046630909, 0.730218954248366, 0.730218954248366, 0.7320648026026554, 0.7320648026026554, 0.7358630088806823, 0.7358630088806823, 0.7373892552536709, 0.7373892552536709, 0.7383023388727689, 0.7383023388727689, 0.7423556083120841, 0.7423556083120841, 0.7460859638324687, 0.7460859638324687, 0.7474250564201764, 0.7474250564201764, 0.7561351006770421, 0.7561351006770421, 0.7571750637474721, 0.7571750637474721, 0.7583231483923913, 0.7583231483923913, 0.7605581787273953, 0.7605581787273953, 0.7633684457340485, 0.7633684457340485, 0.7642805914593042, 0.7642805914593042, 0.7643161581523491, 0.7643161581523491, 0.769934596559102, 0.769934596559102, 0.7734726252234825, 0.7734726252234825, 0.7770061109645652, 0.7770061109645652, 0.7797498754359741, 0.7797498754359741, 0.7801519827662007, 0.7801519827662007, 0.7804759664702952, 0.7804759664702952, 0.7804911486268649, 0.7804911486268649, 0.780611052492746, 0.780611052492746, 0.7814380696972362, 0.7814380696972362, 0.7819789999706908, 0.7819789999706908, 0.781987953925965, 0.781987953925965, 0.7838216829332629, 0.7838216829332629, 0.7852529089363698, 0.7852529089363698, 0.7857069814472875, 0.7857069814472875, 0.7866659046279199, 0.7866659046279199, 0.787266464433307, 0.787266464433307, 0.787790659163516, 0.787790659163516, 0.7892480289574724, 0.7892480289574724, 0.7901365368269879, 0.7901365368269879, 0.790202409214807, 0.790202409214807, 0.7909770802192326, 0.7909770802192326, 0.7910368562970779, 0.7910368562970779, 0.7911138222104985, 0.7911138222104985, 0.7912234971716638, 0.7912234971716638, 0.791357557372725, 0.791357557372725, 0.7913597262522348, 0.7913597262522348, 0.7913784255107126, 0.7913784255107126, 0.7914215539728597, 0.7914215539728597, 0.7915531082388112, 0.7915531082388112, 0.7915699170550133, 0.7915699170550133, 0.7915879568568832, 0.7915879568568832, 0.7916293267680764, 0.7916293267680764, 0.7916898062663033, 0.7916898062663033, 0.7917246109206014, 0.7917246109206014, 0.7917851050734195, 0.7917851050734195, 0.7918763152495677, 0.7918763152495677, 0.791920586769835, 0.791920586769835, 0.7919437996424279, 0.7919437996424279, 0.7921206512500366, 0.7921206512500366, 0.7922120372812802, 0.7922120372812802, 0.7923008147952754, 0.7923008147952754, 0.7923346815557314, 0.7923346815557314, 0.7924846712975175, 0.7924846712975175, 0.7925802631964595, 0.7925802631964595, 0.7926528180779038, 0.7926528180779038, 0.7927232333890207, 0.7927232333890207, 0.7927534218470647, 0.7927534218470647, 0.7928890061256192, 0.7928890061256192, 0.793149725959143, 0.793149725959143, 0.7931764412790527, 0.7931764412790527, 0.793190465722911, 0.793190465722911, 0.7938345789735924, 0.7938345789735924, 0.7938739118965972, 0.7938739118965972, 0.7941156686890003, 0.7941156686890003, 0.7941342946745216, 0.7941342946745216, 0.794385430405346, 0.794385430405346, 0.7948627890618131, 0.7948627890618131, 0.7950806442158328, 0.7950806442158328, 0.7951652744804947, 0.7951652744804947, 0.7951966939242064, 0.7951966939242064, 0.7957456402590932, 0.7957456402590932, 0.7960706497845775, 0.7960706497845775, 0.7967150707816759, 0.7967150707816759, 0.7970396992877868], "iters": [0, 1, 2, 4, 5, 8, 9, 10, 11, 12, 13, 15, 16, 16, 17, 18, 19, 19, 20, 20, 21, 21, 22, 22, 23, 23, 24, 24, 25, 26, 27, 27, 28, 28, 29, 29, 30, 30, 31, 31, 32, 32, 33, 35, 36, 39, 40, 40, 41, 42, 43, 45, 46, 46, 47, 47, 48, 49, 50, 54, 55, 56, 57, 58, 59, 59, 60, 61, 62, 64, 65, 69, 70, 70, 71, 73, 74, 76, 77, 77, 78, 79, 80, 82, 83, 84, 85, 86, 87, 88, 89, 89, 90, 93, 94, 95, 96, 96, 97, 98, 99, 105, 106, 109, 110, 113, 114, 122, 123, 123, 124, 126, 127, 128, 129, 130, 131, 147, 148, 149, 150, 152, 153, 154, 155, 166, 167, 172, 173, 173, 174, 178, 179, 180, 181, 184, 185, 185, 186, 189, 190, 192, 193, 194, 195, 196, 197, 199, 200, 200, 201, 201, 202, 202, 203, 203, 204, 204, 205, 205, 206, 206, 207, 207, 208, 211, 212, 212, 213, 215, 216, 216, 217, 217, 218, 218, 219, 220, 221, 227, 228, 228, 229, 229, 230, 230, 231, 232, 233, 233, 234, 234, 235, 238, 239, 240, 241, 242, 243, 244, 245, 247, 248, 251, 252, 252, 253, 253, 254, 257, 258, 261, 262, 263, 264, 264, 265, 267, 268, 268, 269, 269, 270, 270, 271, 272, 273, 274, 275, 275, 276, 276, 277, 285, 286, 289, 290, 294, 295, 303, 304, 332, 333, 333, 334, 334, 335, 336, 337, 365, 366, 415, 416, 424, 425, 443, 444, 445, 446, 462, 463, 468, 469, 479, 480, 494, 495, 499, 500, 506, 507, 533, 534, 561, 562, 592, 593, 602, 603, 618, 619, 651, 652, 656, 657, 659, 660, 662, 663, 675, 676, 677, 678, 689, 690, 746, 747, 748, 749, 757, 758, 760, 761, 764, 765, 832, 833, 851, 852, 870, 871, 874, 875, 917, 918, 996, 997, 997, 998], "finalScore": 0.7970396992877868, "finalIter": 1000}