{"title": "number_of_rect_50_2", "popultion": 10, "subpopulation": 15, "number_of_rect": 50, "scores": [0.6605203845364753, 0.6605203845364753, 0.6606850142149535, 0.6606850142149535, 0.6611911105249275, 0.6611911105249275, 0.6617263255077817, 0.6617263255077817, 0.6617939271373721, 0.6617939271373721, 0.6622075529763475, 0.6622075529763475, 0.662235030335004, 0.662235030335004, 0.6623772677980011, 0.6623772677980011, 0.6631365075178053, 0.6631365075178053, 0.6635356985843666, 0.6635356985843666, 0.6642656291216038, 0.6642656291216038, 0.664613279990621, 0.664613279990621, 0.665420117822914, 0.665420117822914, 0.6657321140713386, 0.6657321140713386, 0.6662873325712946, 0.6662873325712946, 0.6669054632316305, 0.6669054632316305, 0.667327368914681, 0.667327368914681, 0.6675738005217035, 0.6675738005217035, 0.6677344441513526, 0.6677344441513526, 0.6678441777308831, 0.6678441777308831, 0.6680718514610627, 0.6680718514610627, 0.6683536006330784, 0.6683536006330784, 0.6683839209824438, 0.6683839209824438, 0.6684186377091943, 0.6684186377091943, 0.6685267153199097, 0.6685267153199097, 0.6685546176617134, 0.6685546176617134, 0.6685588674931856, 0.6685588674931856, 0.6687330080014069, 0.6687330080014069, 0.668750593510947, 0.668750593510947, 0.669121134851549, 0.669121134851549, 0.6694112957589613, 0.6694112957589613, 0.6695132037867464, 0.6695132037867464, 0.6695358597848706, 0.6695358597848706, 0.6696718104282071, 0.6696718104282071, 0.6697808552419473, 0.6697808552419473, 0.6700511152143966, 0.6700511152143966, 0.6700807321433805, 0.6700807321433805, 0.670326489639204, 0.670326489639204, 0.6703856062604414, 0.6703856062604414, 0.6704952812216067, 0.6704952812216067, 0.6707300477739676, 0.6707300477739676, 0.6707934435358598, 0.6707934435358598, 0.670826592221343, 0.670826592221343, 0.6708418183416864, 0.6708418183416864, 0.6708952196723232, 0.6708952196723232, 0.6709765673085377, 0.6709765673085377, 0.6709782672411266, 0.6709782672411266, 0.6710857586681906, 0.6710857586681906, 0.671123362349424, 0.671123362349424, 0.6711658313549635, 0.6711658313549635, 0.67125633811073, 0.67125633811073, 0.6714019607843137, 0.6714019607843137, 0.6714248512558985, 0.6714248512558985, 0.671506257510478, 0.671506257510478, 0.6719288519593188, 0.6719288519593188, 0.6721608781031096, 0.6721608781031096, 0.6721915648172572, 0.6721915648172572, 0.6723408951024357, 0.6723408951024357, 0.6724143439139483, 0.6724143439139483, 0.6727472815733169, 0.6727472815733169, 0.6730085729359008, 0.6730085729359008, 0.6746070810985082, 0.6746070810985082, 0.6754446789179049, 0.6754446789179049, 0.6758880242680032, 0.6758880242680032, 0.6768804771534922, 0.6768804771534922, 0.6771367273366746, 0.6771367273366746, 0.6776455200914446, 0.6776455200914446, 0.6777065711187316, 0.6777065711187316, 0.6777465488437527, 0.6777465488437527, 0.6780568451595885, 0.6780568451595885, 0.6781557343415692, 0.6781557343415692, 0.6782408335531522, 0.6782408335531522, 0.6787056332248893, 0.6787056332248893, 0.6792424162490108, 0.6792424162490108, 0.6792627861308949, 0.6792627861308949, 0.6797458454233711], "iters": [0, 23, 24, 26, 27, 28, 29, 32, 33, 34, 35, 36, 37, 41, 42, 46, 47, 49, 50, 52, 53, 59, 60, 61, 62, 62, 63, 63, 64, 65, 66, 66, 67, 91, 92, 161, 162, 230, 231, 234, 235, 242, 243, 247, 248, 257, 258, 258, 259, 263, 264, 271, 272, 279, 280, 281, 282, 294, 295, 308, 309, 309, 310, 313, 314, 315, 316, 324, 325, 327, 328, 337, 338, 347, 348, 390, 391, 438, 439, 487, 488, 516, 517, 533, 534, 589, 590, 594, 595, 614, 615, 615, 616, 647, 648, 666, 667, 696, 697, 769, 770, 772, 773, 868, 869, 872, 873, 921, 922, 923, 924, 927, 928, 930, 931, 931, 932, 935, 936, 945, 946, 949, 950, 955, 956, 956, 957, 957, 958, 958, 959, 963, 964, 972, 973, 975, 976, 977, 978, 978, 979, 985, 986, 986, 987, 990, 991, 996, 997, 997, 998], "finalScore": 0.6797458454233711, "finalIter": 1000}