{"title": "number_of_rect_20_1", "popultion": 10, "subpopulation": 15, "number_of_rect": 20, "scores": [0.5667445851285208], "iters": [0], "finalScore": 0.5667445851285208, "finalIter": 5}