{"title": "number_of_rect_200_0", "popultion": 10, "subpopulation": 15, "number_of_rect": 200, "scores": [0.7364449573551393, 0.7364449573551393, 0.7365922946159031, 0.7365922946159031, 0.7367662739236203, 0.7367662739236203, 0.7382312494504528, 0.7382312494504528, 0.7389213341539904, 0.7389213341539904, 0.7404713649286321, 0.7404713649286321, 0.7415616372109382, 0.7415616372109382, 0.7416964447961546, 0.7416964447961546, 0.7430012309856678, 0.7430012309856678, 0.7430683197045634, 0.7430683197045634, 0.7431625047627421, 0.7431625047627421, 0.7432423283214631, 0.7432423283214631, 0.7433782496556172, 0.7433782496556172, 0.7438812685014216, 0.7438812685014216, 0.743978809461004, 0.743978809461004, 0.7442138544505994, 0.7442138544505994, 0.7442303115566107, 0.7442303115566107, 0.744362994226091, 0.744362994226091, 0.744386309680823, 0.744386309680823, 0.7445127348398253, 0.7445127348398253, 0.7450084703537618, 0.7450084703537618, 0.7455443301386324, 0.7455443301386324, 0.7458369090536066, 0.7458369090536066, 0.7462201705794426, 0.7462201705794426, 0.7466247252264134, 0.7466247252264134, 0.7468923180632492, 0.7468923180632492, 0.7471941147161405, 0.7471941147161405, 0.7471983352384302, 0.7471983352384302, 0.7472110847328468, 0.7472110847328468, 0.7477043582754477, 0.7477043582754477, 0.747747853102377, 0.747747853102377, 0.7478177555027989, 0.7478177555027989, 0.7479885108004338, 0.7479885108004338, 0.7480900378088455, 0.7480900378088455, 0.7481900700489463, 0.7481900700489463, 0.7484180661801343, 0.7484180661801343, 0.7486135144640815, 0.7486135144640815, 0.7487303115566106, 0.7487303115566106, 0.7489345232861455, 0.7489345232861455, 0.7489924821946716, 0.7489924821946716, 0.7491050148011371, 0.7491050148011371, 0.7492447609836161, 0.7492447609836161, 0.7493345643190011, 0.7493345643190011, 0.7493788211846771, 0.7493788211846771, 0.7493867639731528, 0.7493867639731528, 0.7497032152173275, 0.7497032152173275, 0.749729813300507, 0.749729813300507, 0.7500125882939125, 0.7500125882939125, 0.750504704123802, 0.750504704123802, 0.750506154928339, 0.750506154928339, 0.7506245493713181, 0.7506245493713181, 0.7508216096603065, 0.7508216096603065, 0.7513482223980773, 0.7513482223980773, 0.7515593657492893], "iters": [0, 10, 11, 11, 12, 12, 13, 23, 24, 34, 35, 37, 38, 43, 44, 46, 47, 53, 54, 54, 55, 55, 56, 62, 63, 68, 69, 70, 71, 77, 78, 78, 79, 80, 81, 81, 82, 85, 86, 91, 92, 123, 124, 134, 135, 141, 142, 151, 152, 161, 162, 164, 165, 211, 212, 225, 226, 307, 308, 377, 378, 440, 441, 454, 455, 469, 470, 472, 473, 506, 507, 542, 543, 625, 626, 633, 634, 658, 659, 675, 676, 678, 679, 688, 689, 689, 690, 701, 702, 713, 714, 725, 726, 745, 746, 778, 779, 854, 855, 857, 858, 873, 874, 954, 955, 964, 965], "finalScore": 0.7515593657492893, "finalIter": 1000}