{"title": "number_of_rect_100_2", "popultion": 10, "subpopulation": 15, "number_of_rect": 100, "scores": [0.6931216184530613], "iters": [0], "finalScore": 0.6931216184530613, "finalIter": 2}