{"title": "number_of_rect_100_4", "popultion": 10, "subpopulation": 15, "number_of_rect": 100, "scores": [0.7235502066297371], "iters": [0], "finalScore": 0.7235502066297371, "finalIter": 5}