{"title": "number_of_rect_20_0", "popultion": 10, "subpopulation": 15, "number_of_rect": 20, "scores": [0.6090195199155896, 0.6090195199155896, 0.6140480230956358, 0.6140480230956358, 0.6184030891878425, 0.6184030891878425, 0.6192820715730238, 0.6192820715730238, 0.6198252293443536, 0.6198252293443536, 0.6230465136727337, 0.6230465136727337, 0.6237115976435417, 0.6237115976435417, 0.6242369061226882, 0.6242369061226882, 0.6254574577215042, 0.6254574577215042, 0.6269900641871098, 0.6269900641871098, 0.6286845013042586, 0.6286845013042586, 0.6291733638148832, 0.6291733638148832, 0.6312953339781353, 0.6312953339781353, 0.6328410123391659, 0.6328410123391659, 0.6364769629825024, 0.6364769629825024, 0.6414774465840147, 0.6414774465840147, 0.6417731322723409, 0.6417731322723409, 0.6441625340719248, 0.6441625340719248, 0.6444037046806764, 0.6444037046806764, 0.6467718719774905, 0.6467718719774905, 0.6487854274744277, 0.6487854274744277, 0.649937395586037, 0.649937395586037, 0.6518163926258096, 0.6518163926258096, 0.6539594947096925, 0.6539594947096925, 0.654541208710689, 0.654541208710689, 0.657231571851461, 0.657231571851461, 0.6646057035669275, 0.6646057035669275, 0.666957706849556, 0.666957706849556, 0.6677774846859521, 0.6677774846859521, 0.6708379934933615, 0.6708379934933615, 0.671297283038776, 0.671297283038776, 0.6715057885635569, 0.6715057885635569, 0.6730998710395968, 0.6730998710395968, 0.6742278349306838, 0.6742278349306838, 0.677188604589818, 0.677188604589818, 0.6775239309475659, 0.6775239309475659, 0.6781893959377473, 0.6781893959377473, 0.6798328936955949, 0.6798328936955949, 0.687477871567162, 0.687477871567162, 0.69004658694569, 0.69004658694569, 0.6926748146194203, 0.6926748146194203, 0.6946138661742725, 0.6946138661742725, 0.6946801195814649, 0.6946801195814649, 0.6976096749611653, 0.6976096749611653, 0.6985995486385885, 0.6985995486385885, 0.6991997274246021, 0.6991997274246021, 0.6996274070166183, 0.6996274070166183, 0.7008380667663179, 0.7008380667663179, 0.7041467364225211, 0.7041467364225211, 0.7043890940531669, 0.7043890940531669, 0.704807101614936, 0.704807101614936, 0.7060904627919927, 0.7060904627919927, 0.7066102025264516, 0.7066102025264516, 0.7092413757730297, 0.7092413757730297, 0.7109925261584454, 0.7109925261584454, 0.711804156042088, 0.711804156042088, 0.7132719745596295, 0.7132719745596295, 0.7146345731117558, 0.7146345731117558, 0.7166207245229931, 0.7166207245229931, 0.7168298162314253, 0.7168298162314253, 0.717233945895249, 0.717233945895249, 0.720105366511328, 0.720105366511328, 0.7201531404789121, 0.7201531404789121, 0.7203450276971775, 0.7203450276971775, 0.7231339136551482, 0.7231339136551482, 0.7263622321873443, 0.7263622321873443, 0.7281459157654093, 0.7281459157654093, 0.7288300653594771, 0.7288300653594771, 0.7289706175444767, 0.7289706175444767, 0.7291512500366365, 0.7291512500366365, 0.7313037164043494, 0.7313037164043494, 0.7349036167531288, 0.7349036167531288, 0.735748629795715, 0.735748629795715, 0.7374433600046895, 0.7374433600046895, 0.7398152056039158, 0.7398152056039158, 0.7427988217708608, 0.7427988217708608, 0.7428818693396642, 0.7428818693396642, 0.7471448752894281, 0.7471448752894281, 0.7477386500190509, 0.7477386500190509, 0.7494693279404437, 0.7494693279404437, 0.7500821976025088, 0.7500821976025088, 0.7507418300653594, 0.7507418300653594, 0.7536813359125414, 0.7536813359125414, 0.7544798499369852, 0.7544798499369852, 0.7553905302031126, 0.7553905302031126, 0.7564499692253583, 0.7564499692253583, 0.7574063864708813, 0.7574063864708813, 0.7600366950965738, 0.7600366950965738, 0.7609887599284856, 0.7609887599284856, 0.7642107476772473, 0.7642107476772473, 0.7653710689058882, 0.7653710689058882, 0.7686579764940356, 0.7686579764940356, 0.7694532078900319, 0.7694532078900319, 0.7730830622233946, 0.7730830622233946, 0.7743690612268824, 0.7743690612268824, 0.7777906005451508, 0.7777906005451508, 0.7810840587356018, 0.7810840587356018, 0.7815140244438583, 0.7815140244438583, 0.7844555233154548, 0.7844555233154548, 0.7852759459538674, 0.7852759459538674, 0.7868144728743516, 0.7868144728743516, 0.7877381517629474, 0.7877381517629474, 0.7888740437879187, 0.7888740437879187, 0.7891993757144113, 0.7891993757144113, 0.7899745303203494, 0.7899745303203494, 0.7912592104106216, 0.7912592104106216, 0.7913113074826343, 0.7913113074826343, 0.7918755825200036, 0.7918755825200036, 0.7925438905008939, 0.7925438905008939, 0.7929238693982825, 0.7929238693982825, 0.7929590111081802, 0.7929590111081802, 0.795420176441279, 0.795420176441279, 0.7958981066268062, 0.7958981066268062, 0.7963320876930742, 0.7963320876930742, 0.7966553533221958, 0.7966553533221958, 0.7971908027785105, 0.7971908027785105, 0.7984146223511827, 0.7984146223511827, 0.8013868665552918, 0.8013868665552918, 0.8034313872036108, 0.8034313872036108, 0.8042897359242651, 0.8042897359242651, 0.8057786863624373, 0.8057786863624373, 0.806110275799408, 0.806110275799408, 0.8062240100823588, 0.8062240100823588, 0.807813930654474, 0.807813930654474, 0.8088621589143878, 0.8088621589143878, 0.8097359389196636, 0.8097359389196636, 0.8112076409038952, 0.8112076409038952, 0.8114308596383247, 0.8114308596383247, 0.8127380198716257, 0.8127380198716257, 0.8129330138632433, 0.8129330138632433, 0.814320290747091, 0.814320290747091, 0.8150877077288314, 0.8150877077288314, 0.8175176734370878, 0.8175176734370878, 0.8176779360473636, 0.8176779360473636, 0.8183207596940121, 0.8183207596940121, 0.819123977842258, 0.819123977842258, 0.8196493302851784, 0.8196493302851784, 0.8202762243911017, 0.8202762243911017, 0.8203416571411823, 0.8203416571411823, 0.8206720155924851, 0.8206720155924851, 0.8207405404613266, 0.8207405404613266, 0.8223108385357132, 0.8223108385357132, 0.8235050704885841, 0.8235050704885841, 0.8238021776722647, 0.8238021776722647, 0.8239480055101263, 0.8239480055101263, 0.8247062633723146, 0.8247062633723146, 0.8253526041208711, 0.8253526041208711, 0.8254849057709781, 0.8254849057709781, 0.8256228640933204, 0.8256228640933204, 0.8261891614642868, 0.8261891614642868, 0.8263428441630762, 0.8263428441630762, 0.826578739118966, 0.826578739118966, 0.8267660247955685, 0.8267660247955685, 0.8271157712711392, 0.8271157712711392, 0.8274239133620563, 0.8274239133620563, 0.8274770655646414, 0.8274770655646414, 0.8284315337495237, 0.8284315337495237, 0.8288739998241449, 0.8288739998241449, 0.8292435006887657, 0.8292435006887657, 0.8293737653506843, 0.8293737653506843, 0.8296087956856883, 0.8296087956856883, 0.8303980919722149, 0.8303980919722149, 0.8309679210996805, 0.8309679210996805, 0.8316606289750579, 0.8316606289750579, 0.8327658782496556, 0.8327658782496556, 0.8335405345994901, 0.8335405345994901, 0.8337496263079223, 0.8337496263079223, 0.8340127348398253, 0.8340127348398253, 0.8343750696093086, 0.8343750696093086, 0.8343843020018171, 0.8343843020018171, 0.8346948181365221, 0.8346948181365221, 0.8363942085055248, 0.8363942085055248, 0.8370341451976904, 0.8370341451976904, 0.8375896860986547, 0.8375896860986547, 0.8398761540490636, 0.8398761540490636, 0.8409243529997948, 0.8409243529997948, 0.8415162079779595, 0.8415162079779595, 0.8415635716169876, 0.8415635716169876, 0.8428038336410797, 0.8428038336410797, 0.8429865177760192, 0.8429865177760192, 0.8434378791875494, 0.8434378791875494, 0.8435754125267446, 0.8435754125267446, 0.8441404496028606, 0.8441404496028606, 0.844222984260969, 0.844222984260969, 0.8444526070517894, 0.8444526070517894, 0.8445231689088192, 0.8445231689088192, 0.844625428646795, 0.844625428646795, 0.8447515020956066, 0.8447515020956066, 0.8463703068671415, 0.8463703068671415, 0.8465586916380902, 0.8465586916380902, 0.8467113631700812, 0.8467113631700812, 0.8468530437586096, 0.8468530437586096, 0.8479977431929424, 0.8479977431929424, 0.8484160145373546, 0.8484160145373546, 0.8497286555877956, 0.8497286555877956, 0.8506565843078636, 0.8506565843078636, 0.8511066414607696, 0.8511066414607696, 0.8512797708021923, 0.8512797708021923, 0.8516917992907178, 