{"title": "best_fitting_crossing_0", "popultion": 20, "subpopulation": 30, "number_of_rect": 20, "scores": [0.60541619039245, 0.60541619039245, 0.6065925730531375, 0.6065925730531375, 0.6073372754183886, 0.6073372754183886, 0.6089138603124359, 0.6089138603124359, 0.6089692986312611, 0.6089692986312611, 0.6106125619156482, 0.6106125619156482, 0.6112977226765146, 0.6112977226765146, 0.6113015475248396, 0.6113015475248396, 0.6143860165889974, 0.6143860165889974, 0.6155221137782467, 0.6155221137782467, 0.6157312934142267, 0.6157312934142267, 0.6161571558369237, 0.6161571558369237, 0.6169246314370292, 0.6169246314370292, 0.6185482575690964, 0.6185482575690964, 0.6188129634514493, 0.6188129634514493, 0.6230067264573991, 0.6230067264573991, 0.6272504909288079, 0.6272504909288079, 0.6301123860605528, 0.6301123860605528, 0.6305656965327238, 0.6305656965327238, 0.6309872505055834, 0.6309872505055834, 0.6317190714850962, 0.6317190714850962, 0.6344140508221225, 0.6344140508221225, 0.635661772033178, 0.635661772033178, 0.636448459802456, 0.636448459802456, 0.6373949705442715, 0.6373949705442715, 0.6378595650517307, 0.6378595650517307, 0.6386837392655119, 0.6386837392655119, 0.6408512558984729, 0.6408512558984729, 0.6414997069081744, 0.6414997069081744, 0.641878865148451, 0.641878865148451, 0.6446621237433688, 0.6446621237433688, 0.6465086462088572, 0.6465086462088572, 0.6470761745654914, 0.6470761745654914, 0.64755309358422, 0.64755309358422, 0.6483597262522348, 0.6483597262522348, 0.6499270054808172, 0.6499270054808172, 0.6513010492687359, 0.6513010492687359, 0.6545332219584397, 0.6545332219584397, 0.6551058940766141, 0.6551058940766141, 0.657094404877048, 0.657094404877048, 0.6572250652129312, 0.6572250652129312, 0.6612455523315455, 0.6612455523315455, 0.6615833553152202, 0.6615833553152202, 0.6623827339605499, 0.6623827339605499, 0.6664542630206044, 0.6664542630206044, 0.667034848618072, 0.667034848618072, 0.6751308215363874, 0.6751308215363874, 0.6762374043787919, 0.6762374043787919, 0.6788708930507928, 0.6788708930507928, 0.6810417802397492, 0.6810417802397492, 0.6870063894017996, 0.6870063894017996, 0.6883869691374307, 0.6883869691374307, 0.6886959905038248, 0.6886959905038248, 0.6902620094375568, 0.6902620094375568, 0.6919569155016266, 0.6919569155016266, 0.6947058530437586, 0.6947058530437586, 0.6960343503619684, 0.6960343503619684, 0.6994286614496321, 0.6994286614496321, 0.7003781324188869, 0.7003781324188869, 0.7072677686919312, 0.7072677686919312, 0.7072694832791113, 0.7072694832791113, 0.7092968727102201, 0.7092968727102201, 0.717128579383921, 0.717128579383921, 0.7184260382777925, 0.7184260382777925, 0.7292537589026642, 0.7292537589026642, 0.7340520531082388, 0.7340520531082388, 0.7354692986312612, 0.7354692986312612, 0.739737096632375, 0.739737096632375, 0.7443893724904013, 0.7443893724904013, 0.7451950086462089, 0.7451950086462089, 0.7458506404056391, 0.7458506404056391, 0.7502559424367654, 0.7502559424367654, 0.7507907470910636, 0.7507907470910636, 0.7518324980216302, 0.7518324980216302, 0.7524765966177203, 0.7524765966177203, 0.7567669480348194, 0.7567669480348194, 0.7570292359096105, 0.7570292359096105, 0.7602526304991354, 0.7602526304991354, 0.7616808669656203, 0.7616808669656203, 0.764018977695712, 0.764018977695712, 0.7641108033646942, 0.7641108033646942, 0.7659849350801606, 0.7659849350801606, 0.7694621178815323, 0.7694621178815323, 0.7722383129634515, 0.7722383129634515, 0.776185556434831, 0.776185556434831, 0.7796369618101351, 0.7796369618101351, 0.7823663794366775, 0.7823663794366775, 0.7839350361968405, 0.7839350361968405, 0.783991163281456, 0.783991163281456, 0.7842850464550544, 0.7842850464550544, 0.7858907207127993, 0.7858907207127993, 0.7859079838213312, 0.7859079838213312, 0.7865608751721914, 0.7865608751721914, 0.7875432603534687, 0.7875432603534687, 0.7876462821301914, 0.7876462821301914, 0.7881069052434128, 0.7881069052434128, 0.7881108033646942, 0.7881108033646942, 0.7884116328145607, 0.7884116328145607, 0.7887505788563557, 0.7887505788563557, 0.7889960579149448, 0.7889960579149448, 0.7894619273718456, 0.7894619273718456, 0.7897370526686011, 0.7897370526686011, 0.7901666666666667, 0.7901666666666667, 0.7914075881473666, 0.7914075881473666, 0.7914491778774291, 0.7914491778774291, 0.7931208564143146, 0.7931208564143146, 0.7933697353380814, 0.7933697353380814, 0.7940878835839269, 0.7940878835839269, 0.796177848119816, 0.796177848119816, 0.7985412673290542, 0.7985412673290542, 0.8026234795861543, 0.8026234795861543, 0.8041559541604384, 0.8041559541604384, 0.8042352208446906, 0.8042352208446906, 0.8096980714557871, 0.8096980714557871, 0.8099070605820804, 0.8099070605820804, 0.8112003868812099, 0.8112003868812099, 0.8121318766669597, 0.8121318766669597, 0.8150062721650693, 0.8150062721650693, 0.8165084410445793, 0.8165084410445793, 0.818022025850699, 0.818022025850699, 0.8199043787918755, 0.8199043787918755, 0.8214600076203875, 0.8214600076203875, 0.822167252850318, 0.822167252850318, 0.8222294762449075, 0.8222294762449075, 0.8245346141446115, 0.8245346141446115, 0.825179870453413, 0.825179870453413, 0.825275359770216, 0.825275359770216, 0.8267285530056567, 0.8267285530056567, 0.8271866701837686, 0.8271866701837686, 0.8281534189161464, 0.8281534189161464, 0.8285262756821712, 0.8285262756821712, 0.8286174272399542, 0.8286174272399542, 0.828657947184853, 0.828657947184853, 0.8288294645212345, 0.8288294645212345, 0.8293754359740907, 0.8293754359740907, 0.8294702804888772, 0.8294702804888772, 0.8304745303203493, 0.8304745303203493, 0.8309673349160291, 0.8309673349160291, 0.8314829567103373, 0.8314829567103373, 0.8316263811952285, 0.8316263811952285, 0.8317104692400129, 0.8317104692400129, 0.8317758433717284, 0.8317758433717284, 0.8318795832234239, 0.8318795832234239, 0.8319745889387145, 0.8319745889387145, 0.8329962337700402, 0.8329962337700402, 0.8344487089305079], "iters": [0, 25, 26, 28, 29, 29, 30, 36, 37, 41, 42, 49, 50, 51, 52, 53, 54, 59, 60, 60, 61, 62, 63, 63, 64, 65, 66, 75, 76, 77, 78, 79, 80, 85, 86, 86, 87, 90, 91, 91, 92, 93, 94, 99, 100, 100, 101, 101, 102, 102, 103, 105, 106, 107, 108, 110, 111, 111, 112, 112, 113, 115, 116, 116, 117, 117, 118, 119, 120, 120, 121, 122, 123, 125, 126, 128, 129, 135, 136, 138, 139, 140, 141, 145, 146, 147, 148, 149, 150, 150, 151, 151, 152, 157, 158, 158, 159, 159, 160, 160, 161, 162, 163, 163, 164, 164, 165, 166, 167, 167, 168, 169, 170, 171, 172, 172, 173, 173, 174, 176, 177, 177, 178, 179, 180, 180, 181, 183, 184, 185, 186, 186, 187, 187, 188, 188, 189, 191, 192, 192, 193, 193, 194, 195, 196, 196, 197, 197, 198, 199, 200, 204, 205, 206, 207, 207, 208, 208, 209, 210, 211, 211, 212, 212, 213, 215, 216, 217, 218, 219, 220, 220, 221, 221, 222, 222, 223, 226, 227, 228, 229, 232, 233, 241, 242, 244, 245, 254, 255, 258, 259, 261, 262, 262, 263, 307, 308, 321, 322, 333, 334, 400, 401, 415, 416, 440, 441, 441, 442, 444, 445, 449, 450, 450, 451, 451, 452, 456, 457, 458, 459, 461, 462, 462, 463, 469, 470, 476, 477, 477, 478, 480, 481, 483, 484, 486, 487, 488, 489, 493, 494, 499, 500, 515, 516, 520, 521, 529, 530, 541, 542, 558, 559, 570, 571, 613, 614, 622, 623, 648, 649, 653, 654, 769, 770, 784, 785, 785, 786, 822, 823, 825, 826, 853, 854, 854, 855, 860, 861, 869, 870, 891, 892, 892, 893, 896, 897, 905, 906, 959, 960], "finalScore": 0.8344487089305079, "finalIter": 1000}