{"title": "best_fitting_picking_4", "popultion": 20, "subpopulation": 30, "number_of_rect": 20, "scores": [0.595663530584132, 0.595663530584132, 0.5964760690524341, 0.5964760690524341, 0.5972834051408307, 0.5972834051408307, 0.5973907939857557, 0.5973907939857557, 0.5982207714176851, 0.5982207714176851, 0.6016006770421173, 0.6016006770421173, 0.6016685277997597, 0.6016685277997597, 0.6017580966616841, 0.6017580966616841, 0.6039336879744424, 0.6039336879744424, 0.60462434420704, 0.60462434420704, 0.6076336645270963, 0.6076336645270963, 0.6078887130337934, 0.6078887130337934, 0.6092319968346083, 0.6092319968346083, 0.6099810369588792, 0.6099810369588792, 0.6101493009759957, 0.6101493009759957, 0.6104717312934143, 0.6104717312934143, 0.6105118702189396, 0.6105118702189396, 0.6114483572203171, 0.6114483572203171, 0.6116097042703479, 0.6116097042703479, 0.6128994548492042, 0.6128994548492042, 0.613437234385533, 0.613437234385533, 0.614431240657698, 0.614431240657698, 0.6144729769336733, 0.6144729769336733, 0.6151038717430171, 0.6151038717430171, 0.6160065359477125, 0.6160065359477125, 0.6168985462645447, 0.6168985462645447, 0.6170183622028782, 0.6170183622028782, 0.6188442803130221, 0.6188442803130221, 0.6200351270553064, 0.6200351270553064, 0.6203727541838858, 0.6203727541838858, 0.6206147307951582, 0.6206147307951582, 0.6213371142178845, 0.6213371142178845, 0.6221859374542045, 0.6221859374542045, 0.6223390779331164, 0.6223390779331164, 0.6232860136580791, 0.6232860136580791, 0.6244374102406284, 0.6244374102406284, 0.6246910958703362, 0.6246910958703362, 0.6250142149535449, 0.6250142149535449, 0.6253168322635482, 0.6253168322635482, 0.6257142940883379, 0.6257142940883379, 0.6266816436589584, 0.6266816436589584, 0.6277097951288139, 0.6277097951288139, 0.6278042732788183, 0.6278042732788183, 0.627931445821976, 0.627931445821976, 0.6302137079046866, 0.6302137079046866, 0.6308749377179871, 0.6308749377179871, 0.6328386969137431, 0.6328386969137431, 0.635003619684047, 0.635003619684047, 0.6372201266156687, 0.6372201266156687, 0.644573155719687, 0.644573155719687, 0.6455599372783494, 0.6455599372783494, 0.649520575046162, 0.649520575046162, 0.6526537999355198, 0.6526537999355198, 0.6608617192766494, 0.6608617192766494, 0.6622660247955685, 0.6622660247955685, 0.6725418242035229, 0.6725418242035229, 0.6742098244379964, 0.6742098244379964, 0.6742486004865325, 0.6742486004865325, 0.688399850523169, 0.688399850523169, 0.6939291743603271, 0.6939291743603271, 0.6939537501099095, 0.6939537501099095, 0.7121680881620212, 0.7121680881620212, 0.7188357366863039, 0.7188357366863039, 0.7224231366687184, 0.7224231366687184, 0.7347612180896275, 0.7347612180896275, 0.7348533368504353, 0.7348533368504353, 0.7381817169319148, 0.7381817169319148, 0.7395156071397169, 0.7395156071397169, 0.7401321404496028, 0.7401321404496028, 0.7434540725109177, 0.7434540725109177, 0.7443798176968844, 0.7443798176968844, 0.7443961282569829, 0.7443961282569829, 0.7505984055804684, 0.7505984055804684, 0.7542897212696738, 0.7542897212696738, 0.755243617925496, 0.755243617925496, 0.7556496087224127, 0.7556496087224127, 0.758884551129869, 0.758884551129869, 0.7604578094316949, 0.7604578094316949, 0.7645686127963891, 0.7645686127963891, 0.7650593950584719, 0.7650593950584719, 0.7699659134206747, 0.7699659134206747, 0.7714631583575134, 0.7714631583575134, 0.7720235645827838, 0.7720235645827838, 0.7745609630997392, 0.7745609630997392, 0.7773213458776635, 0.7773213458776635, 0.7781419004073976, 0.7781419004073976, 0.7833243500688766, 0.7833243500688766, 0.7847364371757671, 0.7847364371757671, 0.7866368445734049, 0.7866368445734049, 0.7938833494533837, 0.7938833494533837, 0.7953759342301943, 0.7953759342301943, 0.7969836454761277, 0.7969836454761277, 0.7976598522817199, 0.7976598522817199, 0.8012618335824614, 0.8012618335824614, 0.8028334066062898, 0.8028334066062898, 0.8049259063864709, 0.8049259063864709, 0.8081680588528386, 0.8081680588528386, 0.8087097072012661, 0.8087097072012661, 0.8094262434420704, 0.8094262434420704, 0.8096104956182772, 0.8096104956182772, 0.8109390808640347, 0.8109390808640347, 0.812240203405727, 0.812240203405727, 0.8136196107740555, 0.8136196107740555, 0.8143805943902225, 0.8143805943902225, 0.816282232773528, 0.816282232773528, 0.8164479908555351, 0.8164479908555351, 0.8187157595474662, 0.8187157595474662, 0.8187516193323369, 0.8187516193323369, 0.8189149447521908, 0.8189149447521908, 0.8191431020838829, 0.8191431020838829, 0.8193927137372139, 0.8193927137372139, 0.8213404847738797, 0.8213404847738797, 0.8222138984143732, 0.8222138984143732, 0.8223589935226706, 0.8223589935226706, 0.8224519769043641, 0.8224519769043641, 0.8225976435417216, 0.8225976435417216, 0.8226514112371406, 0.8226514112371406, 0.8237518098420236, 0.8237518098420236, 0.824168234707934, 0.824168234707934, 0.8247570561857029, 0.8247570561857029, 0.8249660160028136, 0.8249660160028136, 0.825317960667077, 0.825317960667077, 0.8259487528942818, 0.8259487528942818, 0.8261123860605528, 0.8261123860605528, 0.8270026817902049, 0.8270026817902049, 0.8273063688853718, 0.8273063688853718, 0.8273520179372198, 0.8273520179372198, 0.8273760807761071, 0.8273760807761071, 0.8275192707875377, 0.8275192707875377, 0.82888992936487, 0.82888992936487, 0.8293970808054163, 0.8293970808054163, 0.8296538732084762, 0.8296538732084762, 0.8310583838916732, 0.8310583838916732, 0.8318393417157596, 0.8318393417157596, 0.8320777865705326, 0.8320777865705326, 0.8333596383246871, 0.8333596383246871, 0.8345277704504821, 0.8345277704504821, 0.8348314722002403, 0.8348314722002403, 0.8365749728890062, 0.8365749728890062, 0.8366582842404525, 0.8366582842404525, 0.8379725079867523, 0.8379725079867523, 0.8380061988921129, 0.8380061988921129, 0.8380638353996307, 0.8380638353996307, 0.838161669451039, 0.838161669451039, 0.8394010375450629, 0.8394010375450629, 0.8395625751047804, 0.8395625751047804, 0.8400992262375803, 0.8400992262375803, 0.840889724200592, 0.840889724200592, 0.8419514933028518, 0.8419514933028518, 0.8430277411412995, 0.8430277411412995, 0.8431129722442041, 0.8431129722442041, 0.8449326768076438, 0.8449326768076438, 0.8451330929980363, 0.8451330929980363, 0.8461171781119025, 0.8461171781119025, 0.8462232333890207, 0.8462232333890207, 0.846366613910138, 0.846366613910138, 0.8463861631349101, 0.8463861631349101, 0.8478052697910256, 0.8478052697910256, 0.8481132653360298, 0.8481132653360298, 0.8487232626982033, 0.8487232626982033, 0.8489780034584835],