{"title": "best_fitting_picking_2", "popultion": 20, "subpopulation": 30, "number_of_rect": 20, "scores": [0.6026992438230898, 0.6026992438230898, 0.602732861455494, 0.602732861455494, 0.6033510067704212, 0.6033510067704212, 0.6034086286233477, 0.6034086286233477, 0.605502535244292, 0.605502535244292, 0.6059554793516808, 0.6059554793516808, 0.6071123274421877, 0.6071123274421877, 0.6077141182332425, 0.6077141182332425, 0.6090631612884316, 0.6090631612884316, 0.6118950145080454, 0.6118950145080454, 0.614908438113661, 0.614908438113661, 0.6163731352032592, 0.6163731352032592, 0.6186080043377591, 0.6186080043377591, 0.6200947565872388, 0.6200947565872388, 0.6203462733374365, 0.6203462733374365, 0.6205811278173452, 0.6205811278173452, 0.624256279492365, 0.624256279492365, 0.624569125707084, 0.624569125707084, 0.6251612005041179, 0.6251612005041179, 0.6256594419531639, 0.6256594419531639, 0.625751941733345, 0.625751941733345, 0.6260602010609924, 0.6260602010609924, 0.6280127788035992, 0.6280127788035992, 0.6281948181365222, 0.6281948181365222, 0.631845100970134, 0.631845100970134, 0.6342237902634895, 0.6342237902634895, 0.6401676778334653, 0.6401676778334653, 0.6405386588118057, 0.6405386588118057, 0.645294645212345, 0.645294645212345, 0.6488308713619977, 0.6488308713619977, 0.649827779243237, 0.649827779243237, 0.6501698320583839, 0.6501698320583839, 0.652235235499282, 0.652235235499282, 0.6543573375538556, 0.6543573375538556, 0.6569597145285618, 0.6569597145285618, 0.6609195609484451, 0.6609195609484451, 0.6634762302529382, 0.6634762302529382, 0.6697855300565667, 0.6697855300565667, 0.6700360942583312, 0.6700360942583312, 0.6721629297458894, 0.6721629297458894, 0.6760016559688151, 0.6760016559688151, 0.6776791670330314, 0.6776791670330314, 0.6806801635452386, 0.6806801635452386, 0.6856182625516574, 0.6856182625516574, 0.6862281280225094, 0.6862281280225094, 0.6904915882646033, 0.6904915882646033, 0.6932671238899146, 0.6932671238899146, 0.6951598815909024, 0.6951598815909024, 0.7000296169289839, 0.7000296169289839, 0.7022917729124535, 0.7022917729124535, 0.7023321902752132, 0.7023321902752132, 0.7032442920366951, 0.7032442920366951, 0.7037865412233653, 0.7037865412233653, 0.7052622732201999, 0.7052622732201999, 0.7073936662856473, 0.7073936662856473, 0.708215847475014, 0.708215847475014, 0.7093777807086961, 0.7093777807086961, 0.710173451742431, 0.710173451742431, 0.7184315337495237, 0.7184315337495237, 0.718847064685366, 0.718847064685366, 0.7205371933526774, 0.7205371933526774, 0.7207215334564319, 0.7207215334564319, 0.7244155162812509, 0.7244155162812509, 0.7263119083208769, 0.7263119083208769, 0.7285068143849468, 0.7285068143849468, 0.7292350742987778, 0.7292350742987778, 0.7334604326035348, 0.7334604326035348, 0.7354735044989595, 0.7354735044989595, 0.7368743808435183, 0.7368743808435183, 0.7375858612503297, 0.7375858612503297, 0.7401848969782232, 0.7401848969782232, 0.7407258712154519, 0.7407258712154519, 0.7428258301825962, 0.7428258301825962, 0.7446391893080102, 0.7446391893080102, 0.7472157595474662, 0.7472157595474662, 0.7477091356722061, 0.7477091356722061, 0.7488551540197543, 0.7488551540197543, 0.7502941469562414, 0.7502941469562414, 0.7515912981036958, 0.7515912981036958, 0.7526069638617778, 0.7526069638617778, 0.7534128491456373, 0.7534128491456373, 0.7570639819455436, 0.7570639819455436, 0.7592661273777075, 0.7592661273777075, 0.759899909141534, 0.759899909141534, 0.7607879920279024, 0.7607879920279024, 0.7617312934142266, 0.7617312934142266, 0.7619837920220405, 0.7619837920220405, 0.7640342331252381, 0.7640342331252381, 0.764538673466397, 0.764538673466397, 0.7674212901902165, 0.7674212901902165, 0.7688894750725402, 0.7688894750725402, 0.769466704768604, 0.769466704768604, 0.7707779682874645, 0.7707779682874645, 0.7744730795158123, 0.7744730795158123, 0.7747588293912483, 0.7747588293912483, 0.7824951786394677, 0.7824951786394677, 0.7829701485975556, 0.7829701485975556, 0.7837520589700753, 0.7837520589700753, 0.7858178727395293, 0.7858178727395293, 0.7906135877370379, 0.7906135877370379, 0.7947892230135701, 0.7947892230135701, 0.7981277587268091, 0.7981277587268091, 0.7986326826694803, 0.7986326826694803, 0.7990340279609601, 0.7990340279609601, 0.801869559482986, 0.801869559482986, 0.8019282511210762, 0.8019282511210762, 0.8023824408687241, 0.8023824408687241, 0.8033599607256954, 0.8033599607256954, 0.8053138134177438, 0.8053138134177438, 0.8054749406489053, 0.8054749406489053, 0.8080825786218823, 0.8080825786218823, 0.8080911955215568, 0.8080911955215568, 0.8106788885957971, 0.8106788885957971, 0.8111879451332102, 0.8111879451332102, 0.8112576423693543, 0.8112576423693543, 0.8122840206336646, 0.8122840206336646, 0.8135323426829626, 0.8135323426829626, 0.8139317682229843, 0.8139317682229843, 0.8144355344529441, 0.8144355344529441, 0.8148420674697383, 0.8148420674697383, 0.8154281485389372, 0.8154281485389372, 0.8162894574870307, 0.8162894574870307, 0.8168434743105015, 0.8168434743105015, 0.8177617896186875, 0.8177617896186875, 0.8185109469796887, 0.8185109469796887, 0.818538776048536, 0.818538776048536, 0.8212042850024913, 0.8212042850024913, 0.821460139511709, 0.821460139511709, 0.8220533280576805, 0.8220533280576805, 0.8236482751546059, 0.8236482751546059, 0.82431160057446, 0.82431160057446, 0.8263939740320643, 0.8263939740320643, 0.8280357278935491, 0.8280357278935491, 0.8312865119141828, 0.8312865119141828, 0.8334002315425423, 0.8334002315425423, 0.8343254931269967, 0.8343254931269967, 0.8347984993698525, 0.8347984993698525, 0.8358470207215921, 0.8358470207215921, 0.8383903690026085, 0.8383903690026085, 0.8387713590667957, 0.8387713590667957, 0.838924470236525, 0.838924470236525, 0.8389473900172925, 0.8389473900172925, 0.840563234561388, 0.840563234561388, 0.8412005627363053, 0.8412005627363053, 0.8415874439461883, 0.8415874439461883, 0.8427050030774641, 0.8427050030774641, 0.8445007620387468, 0.8445007620387468, 0.8447879627187198, 0.8447879627187198, 0.8456789179049796, 0.8456789179049796, 0.8465360649491486, 0.8465360649491486, 0.8490230809812714, 0.8490230809812714, 0.8491899235030335, 0.8491899235030335, 0.8498335384976113, 0.8498335384976113, 0.8530612561915648, 0.8530612561915648, 0.8552232333890207, 0.8552232333890207, 0.8563284093906621, 0.8563284093906621, 0.8571743749816818, 0.8571743749816818, 0.8572598698672294, 0.8572598698672294, 0.858518303584513, 0.858518303584513, 0.8589128491456374, 0.8589128491456374, 0.8592048125677775, 0.8592048125677775, 0.8601598229725373, 0.8601598229725373, 0.8607529382455523, 0.8607529382455523, 0.8624897710952841, 0.8624897710952841, 0.8651151118145315, 0.8651151118145315, 0.8655377209179635, 0.8655377209179635, 0.8671398780738006, 0.8671398780738006, 0.8671497992320994, 0.8671497992320994, 0.8672464462616137, 0.8672464462616137, 0.8687231308068818, 0.8687231308068818, 0.8703540842345907, 0.8703540842345907, 0.8727433248336705, 0.8727433248336705, 0.8737443066912864, 0.8737443066912864, 0.8742571294586594, 0.8742571294586594, 0.8754910460447258, 0.8754910460447258, 0.8762394999853454, 0.8762394999853454, 0.8763875260118995, 0.8763875260118995, 0.8764042615551453, 0.8764042615551453, 0.8770710308039509, 0.8770710308039509, 0.8771671063044052, 0.8771671063044052, 0.8781277587268091, 0.8781277587268091, 0.8782841085612122, 0.8782841085612122, 0.8794242650722471, 0.8794242650722471, 0.8797611155074885, 0.8797611155074885, 0.8801852926521879, 0.8801852926521879, 0.8801912863800229, 0.8801912863800229, 0.8806819660599666, 0.8806819660599666, 0.8821571558369237, 0.8821571558369237, 0.8823228553005656, 0.8823228553005656, 0.8836431460476567, 0.8836431460476567, 0.8838110583545825, 0.8838110583545825, 0.8840717342243325, 0.8840717342243325, 0.8844273132272341],