{"title": "best_fitting_crossing_0", "popultion": 20, "subpopulation": 30, "number_of_rect": 20, "scores": [0.6391921510009086, 0.6391921510009086, 0.6403450423517688, 0.6403450423517688, 0.6414049356663443, 0.6414049356663443, 0.6433064275037369, 0.6433064275037369, 0.6443348574108267, 0.6443348574108267, 0.644665186552947, 0.644665186552947, 0.6472460359330579, 0.6472460359330579, 0.6483338755532109, 0.6483338755532109, 0.6497232187344295], "iters": [0, 6, 7, 9, 10, 10, 11, 11, 12, 13, 14, 14, 15, 15, 16, 18, 19], "finalScore": 0.6497232187344295, "finalIter": 20}