{"title": "best_fitting_picking_3", "popultion": 20, "subpopulation": 30, "number_of_rect": 20, "scores": [0.6010860371054252, 0.6010860371054252, 0.6023871449925262, 0.6023871449925262, 0.6039627187197749, 0.6039627187197749, 0.6046264837773674, 0.6046264837773674, 0.6057616870365485, 0.6057616870365485, 0.6066534921891028, 0.6066534921891028, 0.6068922887540666, 0.6068922887540666, 0.60890305987866, 0.60890305987866, 0.6099247193645769, 0.6099247193645769, 0.6103346375919576, 0.6103346375919576, 0.6115983616166945, 0.6115983616166945, 0.6126723086843108, 0.6126723086843108, 0.6127736305284446, 0.6127736305284446, 0.6179542923297869, 0.6179542923297869, 0.618871361997714, 0.618871361997714, 0.6190657698056801, 0.6190657698056801, 0.620394017995838, 0.620394017995838, 0.6219832058383892, 0.6219832058383892, 0.6280377648817375, 0.6280377648817375, 0.6304842902781442, 0.6304842902781442, 0.6316785075764237, 0.6316785075764237, 0.6329648582901023, 0.6329648582901023, 0.6346998300067411, 0.6346998300067411, 0.6347486737594888, 0.6347486737594888, 0.6348780738005217, 0.6348780738005217, 0.6358115419560948, 0.6358115419560948, 0.6361818195140537, 0.6361818195140537, 0.6404951493302853, 0.6404951493302853, 0.6446185263343005, 0.6446185263343005, 0.644747647938099, 0.644747647938099, 0.6448919370438759, 0.6448919370438759, 0.6458766816143497, 0.6458766816143497, 0.6465353908379495, 0.6465353908379495, 0.6503522963744541, 0.6503522963744541, 0.6508662035815822, 0.6508662035815822, 0.6522940590286936, 0.6522940590286936, 0.6541891907734694, 0.6541891907734694, 0.6547747735865647, 0.6547747735865647, 0.6566804126732906, 0.6566804126732906, 0.6569981095577244, 0.6569981095577244, 0.657870072393681, 0.657870072393681, 0.6583315308186055, 0.6583315308186055, 0.6588360297781295, 0.6588360297781295, 0.661056713268267, 0.661056713268267, 0.6623809754095957, 0.6623809754095957, 0.6636311879011694, 0.6636311879011694, 0.6645093789384213, 0.6645093789384213, 0.6651580058032182, 0.6651580058032182, 0.6656944810809227, 0.6656944810809227, 0.6671799730355521, 0.6671799730355521, 0.6679640229783992, 0.6679640229783992, 0.6681350274040857, 0.6681350274040857, 0.670607535390838, 0.670607535390838, 0.671245420440224, 0.671245420440224, 0.674502637826431, 0.674502637826431, 0.6754574430669129, 0.6754574430669129, 0.6816207538321757, 0.6816207538321757, 0.6846514258917319, 0.6846514258917319, 0.6877251238312964, 0.6877251238312964, 0.6902403206424572, 0.6902403206424572, 0.6910082505348926, 0.6910082505348926, 0.6917764295553797, 0.6917764295553797, 0.6925666490811571, 0.6925666490811571, 0.6938384184765087, 0.6938384184765087, 0.6961573023828366, 0.6961573023828366, 0.6977422403939154, 0.6977422403939154, 0.6990520970720127, 0.6990520970720127, 0.6991546792109968, 0.6991546792109968, 0.7011476743163634, 0.7011476743163634, 0.7045993874380843, 0.7045993874380843, 0.7066145989038366, 0.7066145989038366, 0.7085032240100824, 0.7085032240100824, 0.7173549048917025, 0.7173549048917025, 0.7174053166857176, 0.7174053166857176, 0.7201003399865178, 0.7201003399865178, 0.7236577713297576, 0.7236577713297576, 0.72483409537208, 0.72483409537208, 0.725501699932589, 0.725501699932589, 0.7273996453588909, 0.7273996453588909, 0.7312056625340719, 0.7312056625340719, 0.7322458454233711, 0.7322458454233711, 0.7348829830886017, 0.7348829830886017, 0.7357894574870307, 0.7357894574870307, 0.7379449427005481, 0.7379449427005481, 0.7419178903250389, 0.7419178903250389, 0.7441181453149271, 0.7441181453149271, 0.7454439315337495, 0.7454439315337495, 0.7465242093848002, 0.7465242093848002, 0.7479854773000381, 0.7479854773000381, 0.7494812128139746, 0.7494812128139746, 0.7575108297429585, 0.7575108297429585, 0.7589699727424603, 0.7589699727424603, 0.7627204490166769, 0.7627204490166769, 0.7654383774436531, 0.7654383774436531, 0.7670379700460155, 0.7670379700460155, 0.7693657199800698, 0.7693657199800698, 0.7733152056039156, 0.7733152056039156, 0.7746496087224127, 0.7746496087224127, 0.7754123801987163, 0.7754123801987163, 0.7785890412966383, 0.7785890412966383, 0.7815127641490078, 0.7815127641490078, 0.7833247017790674, 0.7833247017790674, 0.7858880828863684, 0.7858880828863684, 0.786734722588587, 0.786734722588587, 0.7869671883701164, 0.7869671883701164, 0.7876666080483016, 0.7876666080483016, 0.7926660511738328, 0.7926660511738328, 0.7972249479762009, 0.7972249479762009, 0.7990083970808054, 0.7990083970808054, 0.80027004015358, 0.80027004015358, 0.801894941235089, 0.801894941235089, 0.8027362906298543, 0.8027362906298543, 0.8067058970075325, 0.8067058970075325, 0.8076697148216536, 0.8076697148216536, 0.8089948708930508, 0.8089948708930508, 0.8092602508866028, 0.8092602508866028, 0.809463085084557, 0.809463085084557, 0.8102646619185792, 0.8102646619185792, 0.8114501450804537, 0.8114501450804537, 0.8126806031829772, 0.8126806031829772, 0.8145204138456579, 0.8145204138456579, 0.8160586476743164, 0.8160586476743164, 0.8167299598464199, 0.8167299598464199, 0.8179753509774612, 0.8179753509774612, 0.8199832498021631, 0.8199832498021631, 0.8204030305694774, 0.8204030305694774, 0.8211380902136639, 0.8211380902136639, 0.8211933233682113, 0.8211933233682113, 0.8216305284445616, 0.8216305284445616, 0.8216730267592837, 0.8216730267592837, 0.8225892171517336, 0.8225892171517336, 0.8229076467657317, 0.8229076467657317, 0.8229096104809637, 0.8229096104809637, 0.8230515401975439, 0.8230515401975439, 0.8231965034145198, 0.8231965034145198, 0.8232197602508866, 0.8232197602508866, 0.8232706409918227, 0.8232706409918227, 0.8233939007591078, 0.8233939007591078, 0.8236353351505027, 0.8236353351505027, 0.8245574899616049], "iters": [0, 13, 14, 19, 20, 20, 21, 21, 22, 23, 24, 25, 26, 26, 27, 27, 28, 28, 29, 33, 34, 37, 38, 38, 39, 40, 41, 62, 63, 63, 64, 65, 66, 67, 68, 77, 78, 86, 87, 89, 90, 91, 92, 92, 93, 95, 96, 96, 97, 98, 99, 99, 100, 102, 103, 108, 109, 110, 111, 112, 113, 114, 115, 116, 117, 117, 118, 120, 121, 121, 122, 122, 123, 123, 124, 128, 129, 129, 130, 132, 133, 133, 134, 134, 135, 135, 136, 142, 143, 144, 145, 146, 147, 147, 148, 148, 149, 153, 154, 154, 155, 155, 156, 156, 157, 161, 162, 163, 164, 166, 167, 167, 168, 177, 178, 186, 187, 189, 190, 193, 194, 194, 195, 196, 197, 199, 200, 201, 202, 203, 204, 204, 205, 206, 207, 207, 208, 209, 210, 211, 212, 212, 213, 214, 215, 221, 222, 222, 223, 223, 224, 230, 231, 231, 232, 233, 234, 235, 236, 237, 238, 238, 239, 239, 240, 241, 242, 243, 244, 244, 245, 249, 250, 250, 251, 251, 252, 253, 254, 254, 255, 256, 257, 258, 259, 262, 263, 263, 264, 266, 267, 268, 269, 272, 273, 275, 276, 276, 277, 277, 278, 286, 287, 287, 288, 291, 292, 292, 293, 293, 294, 294, 295, 295, 296, 297, 298, 298, 299, 299, 300, 304, 305, 305, 306, 313, 314, 314, 315, 316, 317, 317, 318, 319, 320, 321, 322, 323, 324, 325, 326, 339, 340, 369, 370, 381, 382, 385, 386, 411, 412, 448, 449, 493, 494, 496, 497, 500, 501, 504, 505, 575, 576, 831, 832, 865, 866, 868, 869, 917, 918, 952, 953, 954, 955, 988, 989, 993, 994], "finalScore": 0.8245574899616049, "finalIter": 1000}