{"title": "best_fitting_crossing_4", "popultion": 20, "subpopulation": 30, "number_of_rect": 20, "scores": [0.5902423283214631, 0.5902423283214631, 0.5914528708344324, 0.5914528708344324, 0.5915450628681966, 0.5915450628681966, 0.5918607081098508, 0.5918607081098508, 0.5922030833260061, 0.5922030833260061, 0.5926325361235676, 0.5926325361235676, 0.593120768486767, 0.593120768486767, 0.5933172572466954, 0.5933172572466954, 0.5935484920425569, 0.5935484920425569, 0.5936068026612737, 0.5936068026612737, 0.5942664937424895, 0.5942664937424895, 0.5944866936311146, 0.5944866936311146, 0.5949902840059791, 0.5949902840059791, 0.595259283683578, 0.595259283683578, 0.5953620563322488, 0.5953620563322488, 0.5960577390896569, 0.5960577390896569, 0.596507810897154, 0.596507810897154, 0.5971348515489903, 0.5971348515489903, 0.5972364371757672, 0.5972364371757672, 0.5972697030979806, 0.5972697030979806, 0.5975263782643102, 0.5975263782643102, 0.5977953339781354, 0.5977953339781354, 0.5978377004015358, 0.5978377004015358, 0.5978982678273103, 0.5978982678273103, 0.5979946510741816, 0.5979946510741816, 0.59819113983411, 0.59819113983411, 0.5984773146926932, 0.5984773146926932, 0.5986425452094142, 0.5986425452094142, 0.5991285940385123, 0.5991285940385123, 0.5993907353673906, 0.5993907353673906, 0.5996745508367771, 0.5996745508367771, 0.5996956827574079, 0.5996956827574079, 0.6002302969020195, 0.6002302969020195, 0.6003634631730121, 0.6003634631730121, 0.6003757437205076, 0.6003757437205076, 0.6005604941528181, 0.6005604941528181, 0.6013721240364607, 0.6013721240364607, 0.6014643014156336, 0.6014643014156336, 0.6016553240130132, 0.6016553240130132, 0.6017683988393563, 0.6017683988393563, 0.6018144728743515, 0.6018144728743515, 0.6019661478941352, 0.6019661478941352, 0.6030054661625487, 0.6030054661625487, 0.603093217855154, 0.603093217855154, 0.6039338931387204, 0.6039338931387204, 0.604010184940942, 0.604010184940942, 0.6040835751340895, 0.6040835751340895, 0.6043081420909171, 0.6043081420909171, 0.6045687739968932, 0.6045687739968932, 0.6048099592602363, 0.6048099592602363, 0.6051511767636801, 0.6051511767636801, 0.6057752718426683, 0.6057752718426683, 0.606199976552654, 0.606199976552654, 0.6068183123772678, 0.6068183123772678, 0.6069326035346874, 0.6069326035346874, 0.6089151059526949, 0.6089151059526949, 0.6135295876198013, 0.6135295876198013, 0.6159299510536651, 0.6159299510536651, 0.6162708168469182, 0.6162708168469182, 0.6171811747120373, 0.6171811747120373, 0.6181364488994402, 0.6181364488994402, 0.6183199536914916, 0.6183199536914916, 0.6187653213751869, 0.6187653213751869, 0.6195691989800405, 0.6195691989800405, 0.6199134206746973, 0.6199134206746973, 0.6209118526334301, 0.6209118526334301, 0.6211553386676045, 0.6211553386676045, 0.6217347518977696, 0.6217347518977696, 0.6217564406928691, 0.6217564406928691, 0.6221608927577009, 0.6221608927577009, 0.6226544007737624, 0.6226544007737624, 0.6233600926170169, 0.6233600926170169, 0.6240267006653184, 0.6240267006653184, 0.6247230428793341, 0.6247230428793341, 0.6248659984173042, 0.6248659984173042, 0.6250264368826753, 0.6250264368826753, 0.6274116621237433, 0.6274116621237433, 0.6280676162841818, 0.6280676162841818, 0.6287181335912542, 0.6287181335912542, 0.6289415428353703, 0.6289415428353703, 0.6290386148480318, 0.6290386148480318, 0.6295712359682288, 0.6295712359682288, 0.6297374923063396, 0.6297374923063396, 0.6305278876872125, 0.6305278876872125, 0.6307583018259622, 0.6307583018259622, 0.6308009466865969, 0.6308009466865969, 0.6309821800169993, 0.6309821800169993, 0.6310006594566078, 0.6310006594566078, 0.6310370761159472, 0.6310370761159472, 0.6310438465371201, 0.6310438465371201, 0.6310981711070078, 0.6310981711070078, 0.6314491192590639, 0.6314491192590639, 0.6315309798059732, 0.6315309798059732, 0.6316619185790908, 0.6316619185790908, 0.6318783229285735, 0.6318783229285735, 0.632174389636273, 0.632174389636273, 0.6322848266361851, 0.6322848266361851, 0.6324225211758844, 0.6324225211758844, 0.6325708696034467, 0.6325708696034467, 0.6327229549517863, 0.6327229549517863, 0.6327514288226501, 0.6327514288226501, 0.6327952900143614, 0.6327952900143614, 0.6329781939681702, 0.6329781939681702, 0.6330343943257423, 0.6330343943257423, 0.6330848647381224, 0.6330848647381224, 0.633093320437293, 0.633093320437293, 0.6331847650869017, 0.6331847650869017, 0.6332681643658958, 0.6332681643658958, 0.6333121867581113, 0.6333121867581113, 0.6333306515431285, 0.6333306515431285, 0.633333934171576, 0.633333934171576, 0.6334048184296139, 0.6334048184296139, 0.6334304200005862, 0.6334304200005862, 0.6334311234209677, 0.6334311234209677, 0.633465048799789, 0.633465048799789, 0.6335329142120226, 0.6335329142120226, 0.6336187754623523, 0.6336187754623523, 0.6336252527916997, 0.6336252527916997, 0.6336756645857147, 0.6336756645857147, 0.6338173305196517, 0.6338173305196517, 0.6340030628095783, 0.6340030628095783, 0.6340986253993376, 0.6340986253993376, 0.6341154049063571, 0.6341154049063571, 0.6343541428529558, 0.6343541428529558, 0.6344851695536211, 0.6344851695536211, 0.6345822122571001, 0.6345822122571001, 0.6346336205633225, 0.6346336205633225, 0.6347638705706498, 0.6347638705706498, 0.6347655265394648, 0.6347655265394648, 0.6348963627304435, 0.6348963627304435, 0.6349057270142735, 0.6349057270142735, 0.6349111199038658, 0.6349111199038658, 0.634922916849849, 0.634922916849849, 0.634929687271022, 0.634929687271022, 0.6349401506491984, 0.6349401506491984, 0.6349411178522231, 0.6349411178522231, 0.6349642721064509, 0.6349642721064509, 0.6350195199155895, 0.6350195199155895, 0.6350279756147601, 0.6350279756147601, 0.6350703713473431], "iters": [0, 33, 34, 39, 40, 42, 43, 43, 44, 44, 45, 45, 46, 47, 48, 49, 50, 50, 51, 51, 52, 54, 55, 55, 56, 56, 57, 58, 59, 59, 60, 60, 61, 61, 62, 62, 63, 63, 64, 65, 66, 72, 73, 75, 76, 76, 77, 77, 78, 78, 79, 80, 81, 81, 82, 84, 85, 87, 88, 90, 91, 91, 92, 92, 93, 93, 94, 94, 95, 95, 96, 96, 97, 97, 98, 98, 99, 99, 100, 100, 101, 101, 102, 102, 103, 105, 106, 106, 107, 108, 109, 109, 110, 110, 111, 111, 112, 112, 113, 113, 114, 114, 115, 116, 117, 118, 119, 120, 121, 121, 122, 125, 126, 126, 127, 127, 128, 128, 129, 131, 132, 132, 133, 134, 135, 136, 137, 137, 138, 138, 139, 141, 142, 143, 144, 145, 146, 147, 148, 148, 149, 149, 150, 150, 151, 152, 153, 153, 154, 154, 155, 155, 156, 157, 158, 159, 160, 161, 162, 162, 163, 164, 165, 165, 166, 166, 167, 172, 173, 174, 175, 175, 176, 178, 179, 184, 185, 186, 187, 189, 190, 190, 191, 197, 198, 200, 201, 202, 203, 213, 214, 218, 219, 238, 239, 247, 248, 260, 261, 262, 263, 266, 267, 267, 268, 276, 277, 281, 282, 282, 283, 286, 287, 291, 292, 303, 304, 318, 319, 319, 320, 323, 324, 391, 392, 426, 427, 429, 430, 432, 433, 439, 440, 452, 453, 460, 461, 463, 464, 500, 501, 521, 522, 523, 524, 525, 526, 528, 529, 536, 537, 537, 538, 541, 542, 558, 559, 565, 566, 582, 583, 621, 622, 654, 655, 704, 705, 733, 734, 779, 780, 799, 800, 808, 809, 887, 888, 937, 938], "finalScore": 0.6350703713473431, "finalIter": 1000}