{"title": "best_fitting_crossing_3", "popultion": 20, "subpopulation": 30, "number_of_rect": 20, "scores": [0.6074641255605382, 0.6074641255605382, 0.6089626161376359, 0.6089626161376359, 0.6118515929540724, 0.6118515929540724, 0.6135997244936839, 0.6135997244936839, 0.6136779800111375, 0.6136779800111375, 0.6172679005832528, 0.6172679005832528, 0.618646575222017, 0.618646575222017, 0.6190464403997773, 0.6190464403997773, 0.6195989331457545, 0.6195989331457545, 0.6206923561651866, 0.6206923561651866, 0.6238248483249802, 0.6238248483249802, 0.6253665846009555, 0.6253665846009555, 0.6289098156452417, 0.6289098156452417, 0.6289312699668806, 0.6289312699668806, 0.629375816993464, 0.629375816993464, 0.6309441073888449, 0.6309441073888449, 0.6310176734370878, 0.6310176734370878, 0.6311161376359213, 0.6311161376359213, 0.6314351094697969, 0.6314351094697969, 0.631586081069199, 0.631586081069199, 0.6318493508016061, 0.6318493508016061, 0.6322584630264662, 0.6322584630264662, 0.6330765555848648, 0.6330765555848648, 0.6343987660834138, 0.6343987660834138, 0.6352798733843313, 0.6352798733843313, 0.6356321257950116, 0.6356321257950116, 0.6370602889885402, 0.6370602889885402, 0.6371950086462088, 0.6371950086462088, 0.6380240335297048, 0.6380240335297048, 0.6415730238283655, 0.6415730238283655, 0.6433298601951991, 0.6433298601951991, 0.6445060083824262, 0.6445060083824262, 0.6460903015914886, 0.6460903015914886, 0.647174902546968, 0.647174902546968, 0.6521221606729388, 0.6521221606729388, 0.6532470910636303, 0.6532470910636303, 0.6535130718954247, 0.6535130718954247, 0.6561626513086549, 0.6561626513086549, 0.6578630235352736, 0.6578630235352736, 0.6593093877311762, 0.6593093877311762, 0.6595990064187109, 0.6595990064187109, 0.6662975175122365, 0.6662975175122365, 0.6684681409185498, 0.6684681409185498, 0.6705344236349249, 0.6705344236349249, 0.6774609455142295, 0.6774609455142295, 0.678021967232334, 0.678021967232334, 0.6846121955508662, 0.6846121955508662, 0.6855838389167326, 0.6855838389167326, 0.6856320232128725, 0.6856320232128725, 0.6867698936076673, 0.6867698936076673, 0.6919292036695096, 0.6919292036695096, 0.6972594009203084, 0.6972594009203084, 0.7047162724581612, 0.7047162724581612, 0.7094021073302266, 0.7094021073302266, 0.7148237638852253, 0.7148237638852253, 0.717106656115361, 0.717106656115361, 0.71976341627832, 0.71976341627832, 0.7215966909932883, 0.7215966909932883, 0.7223719481813652, 0.7223719481813652, 0.7265118409097571, 0.7265118409097571, 0.7281764998974178, 0.7281764998974178, 0.7304960432603536, 0.7304960432603536, 0.7314322957882704, 0.7314322957882704, 0.7320376329904159, 0.7320376329904159, 0.733848207743486, 0.733848207743486, 0.7339844221694657, 0.7339844221694657, 0.7371789618687534, 0.7371789618687534, 0.7374657082563967, 0.7374657082563967, 0.7414969664996043, 0.7414969664996043, 0.7415894369706029, 0.7415894369706029, 0.7423756997567338, 0.7423756997567338, 0.7440652129312113, 0.7440652129312113, 0.7449210117529822, 0.7449210117529822, 0.7489070166183065, 0.7489070166183065, 0.7517489961604971, 0.7517489961604971, 0.7524246167824379, 0.7524246167824379, 0.7543860458981799, 0.7543860458981799, 0.7558030422931504, 0.7558030422931504, 0.7578625545883525, 0.7578625545883525, 0.7602504176558516, 0.7602504176558516, 0.7637771036665787, 0.7637771036665787, 0.7644989302148363, 0.7644989302148363, 0.7661923854743691, 0.7661923854743691, 0.7678869544828395, 0.7678869544828395, 0.7679563586271578, 0.7679563586271578, 0.7685306867141476, 0.7685306867141476, 0.7705883232216654, 0.7705883232216654, 0.7720942583311352, 0.7720942583311352, 0.7730759107828482, 0.7730759107828482, 0.7741194202643689, 0.7741194202643689, 0.7750172337993493, 0.7750172337993493, 0.7770899791904804, 0.7770899791904804, 0.7786706820246783, 0.7786706820246783, 0.7786960051584162, 0.7786960051584162, 0.7854130982736891, 0.7854130982736891, 0.787176250769366, 0.787176250769366, 0.7872905858905594, 0.7872905858905594, 0.7880063161288432, 0.7880063161288432, 0.7882638266068759, 0.7882638266068759, 0.7905757495823441, 0.7905757495823441, 0.7908299481227469, 0.7908299481227469, 0.7920525953281163, 0.7920525953281163, 0.7926203435036197, 0.7926203435036197, 0.7927681057475306, 0.7927681057475306, 0.7928718749084088, 0.7928718749084088, 0.7930376329904159, 0.7930376329904159, 0.7935569184325449, 0.7935569184325449, 0.7940745185966763, 0.7940745185966763, 0.7959628506110965, 0.7959628506110965, 0.7969967173715525, 0.7969967173715525, 0.7977792872006799, 0.7977792872006799, 0.7986948181365222, 0.7986948181365222, 0.7988627157888566, 0.7988627157888566, 0.7991502242152466, 0.7991502242152466, 0.7992557372724874, 0.7992557372724874, 0.7993125091591196, 0.7993125091591196, 0.7994922770303936, 0.7994922770303936, 0.8009683607374191, 0.8009683607374191, 0.8011011899528122, 0.8011011899528122, 0.8011256924294381, 0.8011256924294381, 0.8011956974119991, 0.8011956974119991, 0.8014345086315542, 0.8014345086315542, 0.801887086374161, 0.801887086374161, 0.802076570239456, 0.802076570239456, 0.8022960080893344, 0.8022960080893344, 0.8029063718162901, 0.8029063718162901, 0.8034566077552097, 0.8034566077552097, 0.8044706761628418, 0.8044706761628418, 0.8045579295993435, 0.8045579295993435, 0.8052674756001055, 0.8052674756001055, 0.8059977578475337, 0.8059977578475337, 0.8062692048418769, 0.8062692048418769, 0.8063549488554764, 0.8063549488554764, 0.8063578797737331, 0.8063578797737331, 0.8067645153726662, 0.8067645153726662, 0.8070679533397813, 0.8070679533397813, 0.8073136522172397, 0.8073136522172397, 0.8073569272252997, 0.8073569272252997, 0.8073672587121545, 0.8073672587121545, 0.8080116504000703, 0.8080116504000703, 0.8082066443916879, 0.8082066443916879, 0.808272927108063, 0.808272927108063, 0.8084009349629239, 0.8084009349629239, 0.808459875729066, 0.808459875729066, 0.808634939476538, 0.808634939476538, 0.8088074533251268, 0.8088074533251268, 0.808998505231689, 0.808998505231689, 0.8090301591488613, 0.8090301591488613, 0.809235909610481, 0.809235909610481, 0.8094736950086462, 0.8094736950086462, 0.8095892024971424, 0.8095892024971424, 0.8106918139453091, 0.8106918139453091, 0.8108254345086315, 0.8108254345086315, 0.8114654444737537, 0.8114654444737537, 0.8115892757700988, 0.8115892757700988, 0.8123545385269204, 0.8123545385269204, 0.8135957824086286, 0.8135957824086286, 0.8143568979161171, 0.8143568979161171, 0.8144882909815645, 0.8144882909815645, 0.8145591605850113, 0.8145591605850113, 0.8156647469152085, 0.8156647469152085, 0.8160037076115947, 0.8160037076115947, 0.8169412790527273, 0.8169412790527273, 0.8171031390134529, 0.8171031390134529, 0.8178231483923913, 0.8178231483923913, 0.8179465107418153, 0.8179465107418153, 0.8180643483103256, 0.8180643483103256, 0.8182265306720595, 0.8182265306720595, 0.8184567689557138, 0.8184567689557138, 0.8184700167062341, 0.8184700167062341, 0.8185986253993376, 0.8185986253993376, 0.8186114042029368, 0.8186114042029368, 0.8186202262668894, 0.8186202262668894, 0.8186581670037223, 0.8186581670037223, 0.8192103080395088, 0.8192103080395088, 0.8193195726721182],