{"title": "roulette_crossing_2", "popultion": 20, "subpopulation": 30, "number_of_rect": 20, "scores": [0.5594809636859228, 0.5594809636859228, 0.5409635686860693, 0.5409635686860693, 0.5173545971452856, 0.5173545971452856, 0.4800483601512354, 0.4800483601512354, 0.4742578621882235, 0.4742578621882235, 0.45935702980743875, 0.45935702980743875, 0.4527720624871773, 0.4527720624871773, 0.44953429174360326], "iters": [0, 2, 3, 5, 6, 6, 7, 7, 8, 13, 14, 16, 17, 18, 19], "finalScore": 0.44953429174360326, "finalIter": 20}