{"title": "ranking_crossing_3", "popultion": 20, "subpopulation": 30, "number_of_rect": 20, "scores": [0.6394226823763886, 0.6394226823763886, 0.6376342360561564, 0.6376342360561564, 0.6080453852692049, 0.6080453852692049, 0.6083064275037369, 0.6083064275037369, 0.5994009056537413, 0.5994009056537413, 0.5964009642721064], "iters": [0, 1, 2, 4, 5, 5, 6, 11, 12, 14, 15], "finalScore": 0.5964009642721064, "finalIter": 20}