{"title": "best_fitting_picking_0", "popultion": 20, "subpopulation": 30, "number_of_rect": 20, "scores": [0.5888589202497143, 0.5888589202497143, 0.5889790732436473, 0.5889790732436473, 0.5895967642662446, 0.5895967642662446, 0.5895987865998418, 0.5895987865998418, 0.5906381927958029, 0.5906381927958029, 0.5927613792901316, 0.5927613792901316, 0.5935711040769073, 0.5935711040769073, 0.5941361851167971, 0.5941361851167971, 0.5949271080629561, 0.5949271080629561, 0.5954639203962602, 0.5954639203962602, 0.5980000439637738, 0.5980000439637738, 0.5994315337495237, 0.5994315337495237, 0.5999493097687505, 0.5999493097687505, 0.6003646062311323, 0.6003646062311323, 0.6009130396553239, 0.6009130396553239, 0.6009800551012632, 0.6009800551012632, 0.6018115126469123, 0.6018115126469123, 0.602290922946159, 0.602290922946159, 0.6040580175268913, 0.6040580175268913, 0.6047033764178318, 0.6047033764178318, 0.6050917817052083, 0.6050917817052083, 0.6061791670330314, 0.6061791670330314, 0.606816671063044, 0.606816671063044, 0.609637987631525, 0.609637987631525, 0.6102386207098685, 0.6102386207098685, 0.6105719247340191, 0.6105719247340191, 0.6114789266977344, 0.6114789266977344, 0.6120279756147602, 0.6120279756147602, 0.6122912746563498, 0.6122912746563498, 0.6124764061080337, 0.6124764061080337, 0.6129373955860371, 0.6129373955860371, 0.6134660453119962, 0.6134660453119962, 0.6137099123655442, 0.6137099123655442, 0.6138054896098948, 0.6138054896098948, 0.614630601717518, 0.614630601717518, 0.6162406283888743, 0.6162406283888743, 0.6163698965385855, 0.6163698965385855, 0.6177821008822064, 0.6177821008822064, 0.6178688560626044, 0.6178688560626044, 0.619291025528298, 0.619291025528298, 0.6192917729124534, 0.6192917729124534, 0.6193310472170931, 0.6193310472170931, 0.6193642545209415, 0.6193642545209415, 0.6196345438025734, 0.6196345438025734, 0.6203081127817345, 0.6203081127817345, 0.6204268296257218, 0.6204268296257218, 0.6210633664527097, 0.6210633664527097, 0.6213004630850845, 0.6213004630850845, 0.6214057563234561, 0.6214057563234561, 0.6216770274627041, 0.6216770274627041, 0.6220524634367948, 0.6220524634367948, 0.6242560157097219, 0.6242560157097219, 0.6257181482458454, 0.6257181482458454, 0.6263233242474867, 0.6263233242474867, 0.6266363316627099, 0.6266363316627099, 0.6277859843488964, 0.6277859843488964, 0.6308810779917349, 0.6308810779917349, 0.6329192092382543, 0.6329192092382543, 0.6330001905096867, 0.6330001905096867, 0.6330207948650313, 0.6330207948650313, 0.6349422462557519, 0.6349422462557519, 0.6351003839502916, 0.6351003839502916, 0.6363771212520882, 0.6363771212520882, 0.6371871830944635, 0.6371871830944635, 0.6382338872768838, 0.6382338872768838, 0.6384542923297869, 0.6384542923297869, 0.6389805973211407, 0.6389805973211407, 0.6394206014244264, 0.6394206014244264, 0.6401283742196431, 0.6401283742196431, 0.6414834989302148, 0.6414834989302148, 0.6418166417538615, 0.6418166417538615, 0.641861646003693, 0.641861646003693, 0.6418771652158621, 0.6418771652158621, 0.6422203610891293, 0.6422203610891293, 0.6425281807790381, 0.6425281807790381, 0.6442502418007562, 0.6442502418007562, 0.6450082798440752, 0.6450082798440752, 0.6460935988745273, 0.6460935988745273, 0.6477959494709693, 0.6477959494709693, 0.6484950760573287, 0.6484950760573287, 0.6492043875846303, 0.6492043875846303, 0.6494115155778305, 0.6494115155778305, 0.6500389079398576, 0.6500389079398576, 0.6511564231073595, 0.6511564231073595, 0.6515206190099359, 0.6515206190099359, 0.6516598815909025, 0.6516598815909025, 0.6532302969020194, 0.6532302969020194, 0.6547482487763416, 0.6547482487763416, 0.654885430405346, 0.654885430405346, 0.656932427679592, 0.656932427679592, 0.6595643922740995, 0.6595643922740995, 0.6599264192971658, 0.6599264192971658, 0.6611986136756646, 0.6611986136756646, 0.6615298074386705, 0.6615298074386705, 0.6618541868167296, 0.6618541868167296, 0.6621613323954395, 0.6621613323954395, 0.6624153404261555, 0.6624153404261555, 0.6660750021981887, 0.6660750021981887, 0.666194759518157, 0.666194759518157, 0.6671961663589203, 0.6671961663589203, 0.6689866350127495, 0.6689866350127495, 0.6689895219672324, 0.6689895219672324, 0.6694428470939946, 0.6694428470939946, 0.6703018552712565, 0.6703018552712565, 0.670485316099534], "iters": [0, 28, 29, 30, 31, 31, 32, 33, 34, 36, 37, 39, 40, 40, 41, 41, 42, 43, 44, 44, 45, 45, 46, 46, 47, 47, 48, 48, 49, 50, 51, 52, 53, 53, 54, 54, 55, 55, 56, 58, 59, 60, 61, 63, 64, 64, 65, 65, 66, 66, 67, 69, 70, 71, 72, 75, 76, 79, 80, 80, 81, 84, 85, 85, 86, 87, 88, 88, 89, 91, 92, 96, 97, 100, 101, 102, 103, 106, 107, 115, 116, 119, 120, 121, 122, 124, 125, 127, 128, 129, 130, 132, 133, 135, 136, 138, 139, 140, 141, 143, 144, 144, 145, 150, 151, 154, 155, 155, 156, 156, 157, 157, 158, 158, 159, 166, 167, 167, 168, 168, 169, 169, 170, 173, 174, 177, 178, 183, 184, 189, 190, 191, 192, 192, 193, 201, 202, 206, 207, 216, 217, 219, 220, 223, 224, 224, 225, 226, 227, 232, 233, 235, 236, 236, 237, 238, 239, 244, 245, 246, 247, 258, 259, 260, 261, 272, 273, 275, 276, 277, 278, 278, 279, 279, 280, 280, 281, 281, 282, 282, 283, 283, 284, 286, 287, 287, 288, 288, 289, 290, 291, 291, 292, 294, 295, 324, 325, 331, 332, 345, 346, 362, 363, 363, 364, 416, 417, 979, 980], "finalScore": 0.670485316099534, "finalIter": 1000}