{"title": "roulette_crossing_3", "popultion": 20, "subpopulation": 30, "number_of_rect": 20, "scores": [0.6082188956300009, 0.6082188956300009, 0.5654912512090038, 0.5654912512090038, 0.5477144113250682, 0.5477144113250682, 0.5442088865441543, 0.5442088865441543, 0.5410323866467364, 0.5410323866467364, 0.5197359389196635, 0.5197359389196635, 0.5196112283478413, 0.5196112283478413, 0.5164782965503092, 0.5164782965503092, 0.5041275682171225, 0.5041275682171225, 0.501457340484774, 0.501457340484774, 0.49688899147102783, 0.49688899147102783, 0.49563835399630696], "iters": [0, 0, 1, 1, 2, 2, 3, 3, 4, 6, 7, 7, 8, 8, 9, 9, 10, 11, 12, 12, 13, 15, 16], "finalScore": 0.49563835399630696, "finalIter": 20}