{"title": "ranking_crossing_4", "popultion": 20, "subpopulation": 30, "number_of_rect": 20, "scores": [0.6353227380638353, 0.6353227380638353, 0.5880298367478531, 0.5880298367478531, 0.5661610099944312, 0.5661610099944312, 0.5543069550690232, 0.5543069550690232, 0.5475566253407192, 0.5475566253407192, 0.5402441894545561, 0.5402441894545561, 0.5289652246548844, 0.5289652246548844, 0.5288028078196899, 0.5288028078196899, 0.5278971687329641, 0.5278971687329641, 0.5281085612122278], "iters": [0, 0, 1, 2, 3, 3, 4, 4, 5, 7, 8, 13, 14, 14, 15, 16, 17, 18, 19], "finalScore": 0.5281085612122278, "finalIter": 20}