{"title": "best_fitting_crossing_1", "popultion": 20, "subpopulation": 30, "number_of_rect": 20, "scores": [0.6208940912687946, 0.6208940912687946, 0.6230304082769131], "iters": [0, 7, 8], "finalScore": 0.6230304082769131, "finalIter": 20}