{"title": "best_fitting_crossing_3", "popultion": 20, "subpopulation": 30, "number_of_rect": 20, "scores": [0.6357551950526099, 0.6357551950526099, 0.6358493361470149, 0.6358493361470149, 0.6358889328526627, 0.6358889328526627, 0.6362548726516017, 0.6362548726516017, 0.6371417978252587, 0.6371417978252587, 0.6382993639907383, 0.6382993639907383, 0.6385648172572467, 0.6385648172572467, 0.640167458014596, 0.640167458014596, 0.6405269791025527, 0.6405269791025527, 0.6440410914739588], "iters": [0, 6, 7, 8, 9, 10, 11, 11, 12, 12, 13, 13, 14, 14, 15, 15, 16, 17, 18], "finalScore": 0.6440410914739588, "finalIter": 20}