{"title": "roulette_crossing_1", "popultion": 20, "subpopulation": 30, "number_of_rect": 20, "scores": [0.6183715671619918, 0.6183715671619918, 0.5758301679416161, 0.5758301679416161, 0.5633701456666373, 0.5633701456666373, 0.558245684222867, 0.558245684222867, 0.4815158123039949, 0.4815158123039949, 0.4718579383920982, 0.4718579383920982, 0.46478265775667515, 0.46478265775667515, 0.4524679650634543, 0.4524679650634543, 0.45172362906298547, 0.45172362906298547, 0.4516165626190686, 0.4516165626190686, 0.4495213957032739, 0.4495213957032739, 0.4484724200592045, 0.4484724200592045, 0.44613265336029784], "iters": [0, 0, 1, 2, 3, 5, 6, 6, 7, 7, 8, 9, 10, 11, 12, 12, 13, 13, 14, 14, 15, 15, 16, 17, 18], "finalScore": 0.44613265336029784, "finalIter": 20}