{"title": "best_fitting_crossing_1", "popultion": 20, "subpopulation": 30, "number_of_rect": 20, "scores": [0.6013987660834139, 0.6013987660834139, 0.6037221929130396, 0.6037221929130396, 0.6057769571206659, 0.6057769571206659, 0.6066332541985404, 0.6066332541985404, 0.6068781177642956, 0.6068781177642956, 0.6075320642457283, 0.6075320642457283, 0.607752146897623, 0.607752146897623, 0.6088910724229901, 0.6088910724229901, 0.6090878103109705, 0.6090878103109705, 0.6093715818165832, 0.6093715818165832, 0.6094634514493391, 0.6094634514493391, 0.6096236847504324, 0.6096236847504324, 0.6098169934640523, 0.6098169934640523, 0.6101692019109588, 0.6101692019109588, 0.6112268237638852, 0.6112268237638852, 0.6114675254257158, 0.6114675254257158, 0.6121443184149594, 0.6121443184149594, 0.6173245698877459, 0.6173245698877459, 0.6179273278818254, 0.6179273278818254, 0.6198151469855506, 0.6198151469855506, 0.6214155455904335, 0.6214155455904335, 0.6217800199302441, 0.6217800199302441, 0.6225169553621149, 0.6225169553621149, 0.6268474163955567, 0.6268474163955567, 0.6306894985198863, 0.6306894985198863, 0.6307284797327002, 0.6307284797327002, 0.6309878366892347, 0.6309878366892347, 0.6397317037427825, 0.6397317037427825, 0.6441831823910431, 0.6441831823910431, 0.6462412438817081, 0.6462412438817081, 0.6474650634543803, 0.6474650634543803, 0.6478303437967114, 0.6478303437967114, 0.6497284357689264, 0.6497284357689264, 0.6522153785280929, 0.6522153785280929, 0.6551446994343328, 0.6551446994343328, 0.656716887950995, 0.656716887950995, 0.6621102318356341, 0.6621102318356341, 0.663009100501187, 0.663009100501187, 0.6690329874849791, 0.6690329874849791, 0.6709168058852839, 0.6709168058852839, 0.6720821682933262, 0.6720821682933262, 0.6734851988628037, 0.6734851988628037, 0.6744132301650108, 0.6744132301650108, 0.6752922711685572, 0.6752922711685572, 0.6790339986517776, 0.6790339986517776, 0.6800470119288373, 0.6800470119288373, 0.6800887921685864, 0.6800887921685864, 0.6802901902165949, 0.6802901902165949, 0.6820477300038101, 0.6820477300038101, 0.683240511152144, 0.683240511152144, 0.6845305255136434, 0.6845305255136434, 0.685653961136024, 0.685653961136024, 0.6870866232890764, 0.6870866232890764, 0.6886142178844632, 0.6886142178844632, 0.6908237931944079, 0.6908237931944079, 0.692327676661098, 0.692327676661098, 0.6945345701808376, 0.6945345701808376, 0.6976868020750902, 0.6976868020750902, 0.699655206776283, 0.699655206776283, 0.6997611448166711, 0.6997611448166711, 0.7012867024238694, 0.7012867024238694, 0.7017990562443214, 0.7017990562443214, 0.7041434831032563, 0.7041434831032563, 0.7082162578035698, 0.7082162578035698, 0.7096631495647587, 0.7096631495647587, 0.7102900290160907, 0.7102900290160907, 0.7122829215393183, 0.7122829215393183, 0.7155869310354934, 0.7155869310354934, 0.7163331428236466, 0.7163331428236466, 0.7199741053372022, 0.7199741053372022, 0.7201196400832381, 0.7201196400832381, 0.7209071192004455, 0.7209071192004455, 0.721325405199449, 0.721325405199449, 0.7230707084029426, 0.7230707084029426, 0.724590682610862, 0.724590682610862, 0.7246246079896832, 0.7246246079896832, 0.7250650224215247, 0.7250650224215247, 0.7263817374483426, 0.7263817374483426, 0.7264655030921188, 0.7264655030921188, 0.7281775257188077, 0.7281775257188077, 0.7293206864210557, 0.7293206864210557, 0.7309231073595357, 0.7309231073595357, 0.7315533720214543, 0.7315533720214543, 0.7354739148275155, 0.7354739148275155, 0.7358323368211261, 0.7358323368211261, 0.7367279961311879, 0.7367279961311879, 0.7397160233301092, 0.7397160233301092, 0.7400833553152202, 0.7400833553152202, 0.7401834754828688, 0.7401834754828688, 0.7405564787948065, 0.7405564787948065, 0.7439087898238518, 0.7439087898238518, 0.7448302998329377, 0.7448302998329377, 0.7457507693660423, 0.7457507693660423, 0.7464944312553123, 0.7464944312553123, 0.7498498783668923, 0.7498498783668923, 0.7517722969606377, 0.7517722969606377, 0.7530947272780562, 0.7530947272780562, 0.753572540226853, 0.753572540226853, 0.7552307511943492, 0.7552307511943492, 0.7557120519358715, 0.7557120519358715, 0.7558111023183564, 0.7558111023183564, 0.7562372431782878, 0.7562372431782878, 0.7563777074357396, 0.7563777074357396, 0.7578283214631144, 0.7578283214631144, 0.7581230839121897, 0.7581230839121897, 0.7587764149007884, 0.7587764149007884, 0.7593731938216244, 0.7593731938216244, 0.761361133092998, 0.761361133092998, 0.7615958117178112, 0.7615958117178112, 0.7617194378498784, 0.7617194378498784, 0.7628501861133093, 0.7628501861133093, 0.7639217884463202, 0.7639217884463202, 0.7640702980743868, 0.7640702980743868, 0.7643247164336586, 0.7643247164336586, 0.7652983235147571, 0.7652983235147571, 0.7678864562267358, 0.7678864562267358, 0.7692638705706498, 0.7692638705706498, 0.7726253553738387, 0.7726253553738387, 0.7736767490254697, 0.7736767490254697, 0.7756278173451743, 0.7756278173451743, 0.7763492335648758, 0.7763492335648758, 0.776388273396055, 0.776388273396055, 0.7771499018142384, 0.7771499018142384, 0.7778573375538556, 0.7778573375538556, 0.7816050734195024, 0.7816050734195024, 0.7828332893695595, 0.7828332893695595, 0.7863555350391278, 0.7863555350391278, 0.7913141944371171, 0.7913141944371171, 0.795298264896392, 0.795298264896392, 0.7976074474632903, 0.7976074474632903, 0.799308655001612, 0.799308655001612, 0.7995526686010728, 0.7995526686010728, 0.8021634573111756, 0.8021634573111756, 0.8046700225680705, 0.8046700225680705, 0.8047449954570767, 0.8047449954570767, 0.8052892230135702, 0.8052892230135702, 0.805579046865383, 0.805579046865383, 0.8058992496849263, 0.8058992496849263, 0.8065175122365837, 0.8065175122365837, 0.8072759899176412, 0.8072759899176412, 0.8073228259913832, 0.8073228259913832, 0.808442202291978, 0.808442202291978, 0.8089528268706586, 0.8089528268706586, 0.8089617075529764, 0.8089617075529764, 0.8102388258741464, 0.8102388258741464, 0.8110014214953545, 0.8110014214953545, 0.8122673876725578, 0.8122673876725578, 0.8140502359389197, 0.8140502359389197, 0.8141236554412498, 0.8141236554412498, 0.8155931445821976, 0.8155931445821976, 0.8156313491016736, 0.8156313491016736, 0.8159445323719922, 0.8159445323719922, 0.8163597262522349, 0.8163597262522349, 0.8167817784811982, 0.8167817784811982, 0.8183620563322489, 0.8183620563322489, 0.8198564582783786, 0.8198564582783786, 0.8198622761511182, 0.8198622761511182, 0.8207870248248776, 0.8207870248248776, 0.8211299422609104, 0.8211299422609104, 0.821426170169114, 0.821426170169114, 0.8217063952636361, 0.8217063952636361, 0.8219814619420265, 0.8219814619420265, 0.8229422022919781, 0.8229422022919781, 0.8237201705794426, 0.8237201705794426, 0.8238659544535303, 0.8238659544535303, 0.8242736158738533],