{"title": "best_fitting_crossing_2", "popultion": 20, "subpopulation": 30, "number_of_rect": 20, "scores": [0.6494586154342155, 0.6494586154342155, 0.6532110261144817, 0.6532110261144817, 0.6596783903396934, 0.6596783903396934, 0.6597001670623406, 0.6597001670623406, 0.6607641196987015, 0.6607641196987015, 0.6612476772472815, 0.6612476772472815, 0.661768794513321, 0.661768794513321, 0.6632252850318004, 0.6632252850318004, 0.6662118614261848, 0.6662118614261848, 0.6693683871156834, 0.6693683871156834, 0.6701584307863653, 0.6701584307863653, 0.6708224156628272, 0.6708224156628272, 0.672864181247985, 0.672864181247985, 0.6730088806823178, 0.6730088806823178, 0.6733836425452093, 0.6733836425452093, 0.6739955743134325, 0.6739955743134325, 0.6740318297722676, 0.6740318297722676, 0.6754990767607492, 0.6754990767607492, 0.6761439227409947, 0.6761439227409947, 0.6765721885166622, 0.6765721885166622, 0.6765870629268149, 0.6765870629268149, 0.6776481432632844, 0.6776481432632844, 0.6777862334769483, 0.6777862334769483, 0.6778335678067939, 0.6778335678067939, 0.6786407133855037, 0.6786407133855037, 0.6792539494123508, 0.6792539494123508, 0.6797403792608224, 0.6797403792608224, 0.6814144758052698, 0.6814144758052698, 0.6822999941381636, 0.6822999941381636, 0.6827200240335297, 0.6827200240335297, 0.6838306515431285, 0.6838306515431285, 0.6842316597790088, 0.6842316597790088, 0.6850014801137196, 0.6850014801137196, 0.6851658606641461, 0.6851658606641461, 0.6855055540900965, 0.6855055540900965, 0.6858613968756411, 0.6858613968756411, 0.686503253319265, 0.686503253319265, 0.6878811073009173, 0.6878811073009173, 0.6884622790820364, 0.6884622790820364, 0.6885132770597028, 0.6885132770597028, 0.6889529734165714, 0.6889529734165714, 0.6912345906972654, 0.6912345906972654, 0.6914139042762097, 0.6914139042762097, 0.6929633195580176, 0.6929633195580176, 0.6935931006184237, 0.6935931006184237, 0.6939302441454908, 0.6939302441454908, 0.6943453354435944, 0.6943453354435944, 0.6950771271139248, 0.6950771271139248, 0.6953664234004514, 0.6953664234004514, 0.695734927752865, 0.695734927752865, 0.6971626513086551, 0.6971626513086551, 0.6991845892318063, 0.6991845892318063, 0.7027379465986694, 0.7027379465986694, 0.7034045839561535, 0.7034045839561535, 0.7058602245083385, 0.7058602245083385, 0.7097501978369823, 0.7097501978369823, 0.7099236788885959, 0.7099236788885959, 0.7120143908086403, 0.7120143908086403, 0.7136778188106334, 0.7136778188106334, 0.7155910782848267, 0.7155910782848267, 0.717654122336528, 0.717654122336528, 0.7201558662328907, 0.7201558662328907, 0.7201941293707319, 0.7201941293707319, 0.7234012134001582, 0.7234012134001582, 0.7251695243119669, 0.7251695243119669, 0.7271794894340396, 0.7271794894340396, 0.7272485565227585, 0.7272485565227585, 0.7274080864034702, 0.7274080864034702, 0.7308996013951171, 0.7308996013951171, 0.7310057445997831, 0.7310057445997831, 0.7325073859140068, 0.7325073859140068, 0.7350749728890061, 0.7350749728890061, 0.7378485741082681, 0.7378485741082681, 0.7387990122805475, 0.7387990122805475, 0.7458617192766493, 0.7458617192766493, 0.7486447287435154, 0.7486447287435154, 0.7530844837187491, 0.7530844837187491, 0.7535251619332337, 0.7535251619332337, 0.7550240188751136, 0.7550240188751136, 0.7572182947917583, 0.7572182947917583, 0.7590497083736334, 0.7590497083736334, 0.7590866379436678, 0.7590866379436678, 0.7595830182596207, 0.7595830182596207, 0.7618696913743076, 0.7618696913743076, 0.7623925378821185, 0.7623925378821185, 0.763216213839796, 0.763216213839796, 0.7641473812245376, 0.7641473812245376, 0.765197397344588, 0.765197397344588, 0.7654931563058707, 0.7654931563058707, 0.769583912189689, 0.769583912189689, 0.7699723467862482, 0.7699723467862482, 0.7705463817814121, 0.7705463817814121, 0.773672367302676, 0.773672367302676, 0.7741337084908702, 0.7741337084908702, 0.7745072833318678, 0.7745072833318678, 0.7762361001201676, 0.7762361001201676, 0.7769047891204315, 0.7769047891204315, 0.7798670828570591, 0.7798670828570591, 0.7815285031800463, 0.7815285031800463, 0.7816548550660922, 0.7816548550660922, 0.7853085524194731, 0.7853085524194731, 0.7860399777250212, 0.7860399777250212, 0.789523418036871, 0.789523418036871, 0.7909166739939624, 0.7909166739939624, 0.7910471731293414, 0.7910471731293414, 0.7936653770626337, 0.7936653770626337, 0.7944312699668806, 0.7944312699668806, 0.7987077288314429, 0.7987077288314429, 0.7991135584278555, 0.7991135584278555, 0.7994558750256455, 0.7994558750256455, 0.7995064773293472, 0.7995064773293472, 0.7999517717400861, 0.7999517717400861, 0.801206234063132, 0.801206234063132, 0.8030715730238284, 0.8030715730238284, 0.8044386119171136, 0.8044386119171136, 0.8062915091298104, 0.8062915091298104, 0.8063703654855066, 0.8063703654855066, 0.8092511357308245, 0.8092511357308245, 0.8102177379172895, 0.8102177379172895, 0.8106304991353791, 0.8106304991353791, 0.8107308391218969, 0.8107308391218969, 0.8128027785105074, 0.8128027785105074, 0.8138028078196899, 0.8138028078196899, 0.8150742987778071, 0.8150742987778071, 0.8162522641343533, 0.8162522641343533, 0.8179959406782145, 0.8179959406782145, 0.8202757114804068, 0.8202757114804068, 0.8211724698848148, 0.8211724698848148, 0.8231581083853572, 0.8231581083853572, 0.8273979747354846, 0.8273979747354846, 0.8278977988803893, 0.8278977988803893, 0.8285014214953546, 0.8285014214953546, 0.8293802280254403, 0.8293802280254403, 0.8295558486473812, 0.8295558486473812, 0.8304914856824643, 0.8304914856824643, 0.8309580292505643, 0.8309580292505643, 0.8313265775667517, 0.8313265775667517, 0.8314037779536328, 0.8314037779536328, 0.8319726838418476, 0.8319726838418476, 0.8323589935226706, 0.8323589935226706, 0.8327233213165685, 0.8327233213165685, 0.8328267094580732, 0.8328267094580732, 0.8328357806500777, 0.8328357806500777, 0.8336143351211934, 0.8336143351211934, 0.8345792959934347, 0.8345792959934347, 0.8352056771886632, 0.8352056771886632, 0.8355595562589759, 0.8355595562589759, 0.8362056478794806, 0.8362056478794806, 0.8364250271109939, 0.8364250271109939, 0.83739541018201, 0.83739541018201, 0.8382727512529675, 0.8382727512529675, 0.8388065007766934, 0.8388065007766934, 0.8396492570122219, 0.8396492570122219, 0.8403229432281134, 0.8403229432281134, 0.8411075207362466, 0.8411075207362466, 0.8425908145021835, 0.8425908145021835, 0.8430802778510508, 0.8430802778510508, 0.8437585656086052, 0.8437585656086052, 0.8439652393094756, 0.8439652393094756, 0.8462641783170668, 0.8462641783170668, 0.8468191330343797, 0.8468191330343797, 0.8491083413933586, 0.8491083413933586, 0.8499807585216448, 0.8499807585216448, 0.8500761306017175, 0.8500761306017175, 0.8514607843137255, 0.8514607843137255, 0.85389266977344, 0.85389266977344, 0.8541668278671708, 0.8541668278671708, 0.8542582871713708, 0.8542582871713708, 0.855130030188458, 0.855130030188458, 0.8553645622673584, 0.8553645622673584, 0.8582356604824292, 0.8582356604824292, 0.8594276942466075, 0.8594276942466075, 0.8596659485916938, 0.8596659485916938, 0.860448767548873, 0.860448767548873, 0.8609672469884815, 0.8609672469884815, 0.86168565901697, 0.86168565901697, 0.8620716169876022],