{"title": "best_fitting_picking_1", "popultion": 20, "subpopulation": 30, "number_of_rect": 20, "scores": [0.6633752308098128, 0.6633752308098128, 0.6643674345672499, 0.6643674345672499, 0.6654656056742577, 0.6654656056742577, 0.6659409419971276, 0.6659409419971276, 0.6670183475482869, 0.6670183475482869, 0.6674939769629825, 0.6674939769629825, 0.6680509100501186, 0.6680509100501186, 0.6688299041589729, 0.6688299041589729, 0.6697086227615112, 0.6697086227615112, 0.6702375948884786, 0.6702375948884786, 0.6711026993757143, 0.6711026993757143, 0.6733571910079428, 0.6733571910079428, 0.6761035786511914, 0.6761035786511914, 0.6778926990826226, 0.6778926990826226, 0.6782631231864944, 0.6782631231864944, 0.68009362818371, 0.68009362818371, 0.6810662973709662, 0.6810662973709662, 0.6821782877575544, 0.6821782877575544, 0.6824410445792667, 0.6824410445792667, 0.684099783112049, 0.684099783112049, 0.6846410797502858, 0.6846410797502858, 0.6858596969430523, 0.6858596969430523, 0.6866811600574461, 0.6866811600574461, 0.6889297019256133, 0.6889297019256133, 0.69181982180017, 0.69181982180017, 0.6934619566810282, 0.6934619566810282, 0.6980303789677306, 0.6980303789677306, 0.6985952988071162, 0.6985952988071162, 0.7103770626337231, 0.7103770626337231, 0.7215488730619304, 0.7215488730619304, 0.7260250153873209, 0.7260250153873209, 0.7265211612298133, 0.7265211612298133, 0.7335283126703596, 0.7335283126703596, 0.7337003575720273, 0.7337003575720273, 0.7351868167296813, 0.7351868167296813, 0.7375796623582168, 0.7375796623582168, 0.7378006242855887, 0.7378006242855887, 0.7382203171253554, 0.7382203171253554, 0.7405626190685541, 0.7405626190685541, 0.7452152612913625, 0.7452152612913625, 0.7464022245669568, 0.7464022245669568, 0.7469236349248219, 0.7469236349248219, 0.7474859169377766, 0.7474859169377766, 0.7483416717957736, 0.7483416717957736, 0.7488823969049503, 0.7488823969049503, 0.7503140918549782, 0.7503140918549782, 0.7524231513233096, 0.7524231513233096, 0.7531618892699082, 0.7531618892699082, 0.7532210645095108, 0.7532210645095108, 0.754433101790791, 0.754433101790791, 0.7549933468155573, 0.7549933468155573, 0.7557344588059439, 0.7557344588059439, 0.7565401389255253, 0.7565401389255253, 0.7571351739499985, 0.7571351739499985, 0.7577880653008587, 0.7577880653008587, 0.7581907588147366, 0.7581907588147366, 0.7602583164805534, 0.7602583164805534, 0.7605172777631232, 0.7605172777631232, 0.7607570415311117, 0.7607570415311117, 0.762013027931651, 0.762013027931651, 0.7620311410064773, 0.7620311410064773, 0.7636058354582491, 0.7636058354582491, 0.7639945778012251, 0.7639945778012251, 0.7649965122072746, 0.7649965122072746, 0.7653109704270348, 0.7653109704270348, 0.7659130982736891, 0.7659130982736891, 0.7665934816377971, 0.7665934816377971, 0.7666210762331839, 0.7666210762331839, 0.7692606025967936, 0.7692606025967936, 0.769764398135936, 0.769764398135936, 0.7709942847093995, 0.7709942847093995, 0.7720502212843284, 0.7720502212843284, 0.773084322518245, 0.773084322518245, 0.7747259005246344, 0.7747259005246344, 0.7758002579208065, 0.7758002579208065, 0.7760505876491105, 0.7760505876491105, 0.7763657199800698, 0.7763657199800698, 0.7771854098889182, 0.7771854098889182, 0.7778169641548698, 0.7778169641548698, 0.7783078343445001, 0.7783078343445001, 0.7783780005275653, 0.7783780005275653, 0.7799242504176559, 0.7799242504176559, 0.780775052023799, 0.780775052023799, 0.7817722676514551, 0.7817722676514551, 0.7827658049766992, 0.7827658049766992, 0.7829960872241273, 0.7829960872241273, 0.7844948855476421, 0.7844948855476421, 0.7862136199771388, 0.7862136199771388, 0.7871419736803541, 0.7871419736803541, 0.7891811307482635, 0.7891811307482635, 0.7899006565256895, 0.7899006565256895, 0.7905773762419765, 0.7905773762419765, 0.7912522201705794, 0.7912522201705794, 0.7913686215891439, 0.7913686215891439, 0.7917635921334154, 0.7917635921334154, 0.7919423195287083, 0.7919423195287083, 0.7925118995281222, 0.7925118995281222, 0.7927787596353938, 0.7927787596353938, 0.7930593364401067, 0.7930593364401067, 0.7942895600691696, 0.7942895600691696, 0.7961510888361324, 0.7961510888361324, 0.7972696298250241, 0.7972696298250241, 0.7990642310735954, 0.7990642310735954, 0.8018101497699229, 0.8018101497699229, 0.8023209795128814, 0.8023209795128814, 0.8030816993464053, 0.8030816993464053, 0.8036215744892875, 0.8036215744892875, 0.8038722266185996, 0.8038722266185996, 0.8042316744336, 0.8042316744336, 0.8048315894369706, 0.8048315894369706, 0.8066837685746945, 0.8066837685746945, 0.8066930449309768, 0.8066930449309768, 0.806904510683197, 0.806904510683197, 0.8101730707230576, 0.8101730707230576, 0.8104097570268765, 0.8104097570268765, 0.811376491104663, 0.811376491104663, 0.8115466455640552, 0.8115466455640552, 0.8117214455288841, 0.8117214455288841, 0.8117367302675929, 0.8117367302675929, 0.814190363140772, 0.814190363140772, 0.8152105425129693, 0.8152105425129693, 0.8167815440077376, 0.8167815440077376, 0.8170252498607814, 0.8170252498607814, 0.8180970133942964, 0.8180970133942964, 0.8182739529294528, 0.8182739529294528, 0.8190805416336938, 0.8190805416336938, 0.8200655353322196, 0.8200655353322196, 0.8202938392098245, 0.8202938392098245, 0.821279389782819, 0.821279389782819, 0.8236630762918022, 0.8236630762918022, 0.8255576218529266, 0.8255576218529266, 0.8256278466543568, 0.8256278466543568, 0.8263918344617369, 0.8263918344617369, 0.8280389958674053, 0.8280389958674053, 0.8297344294967613, 0.8297344294967613, 0.8299709839092587, 0.8299709839092587, 0.830512925349512, 0.830512925349512, 0.8316164453823383, 0.8316164453823383, 0.8327904100354642, 0.8327904100354642, 0.8328561505319616, 0.8328561505319616, 0.8341191125179519, 0.8341191125179519, 0.8345469240012896, 0.8345469240012896, 0.8348986048829098, 0.8348986048829098, 0.8352794777103667, 0.8352794777103667, 0.8353696767197163, 0.8353696767197163, 0.836570986840177, 0.836570986840177, 0.8367493332160966, 0.8367493332160966, 0.8379328819719218, 0.8379328819719218, 0.8389452357923738, 0.8389452357923738, 0.8403768428148539, 0.8403768428148539, 0.8436443184149593, 0.8436443184149593, 0.84404053459949, 0.84404053459949, 0.8461254139922038, 0.8461254139922038, 0.8482451713121721, 0.8482451713121721, 0.8483097540959583, 0.8483097540959583, 0.8483103109704271, 0.8483103109704271, 0.8486477915530936, 0.8486477915530936, 0.848659705735807, 0.848659705735807, 0.8489293062516486], "iters": [0, 24, 25, 34, 35, 36, 37, 46, 47, 67, 68, 71, 72, 79, 80, 84, 85, 86, 87, 87, 88, 95, 96, 100, 101, 109, 110, 114, 115, 115, 116, 119, 120, 122, 123, 131, 132, 136, 137, 140, 141, 142, 143, 149, 150, 155, 156, 158, 159, 161, 162, 164, 165, 166, 167, 169, 170, 171, 172, 173, 174, 174, 175, 175, 176, 184, 185, 185, 186, 186, 187, 188, 189, 190, 191, 192, 193, 196, 197, 201, 202, 203, 204, 204, 205, 205, 206, 206, 207, 209, 210, 215, 216, 221, 222, 224, 225, 225, 226, 229, 230, 232, 233, 234, 235, 237, 238, 238, 239, 241, 242, 244, 245, 249, 250, 251, 252, 252, 253, 253, 254, 255, 256, 256, 257, 259, 260, 260, 261, 262, 263, 263, 264, 264, 265, 265, 266, 268, 269, 270, 271, 271, 272, 272, 273, 274, 275, 276, 277, 278, 279, 279, 280, 280, 281, 281, 282, 282, 283, 283, 284, 284, 285, 286, 287, 287, 288, 290, 291, 292, 293, 293, 294, 295, 296, 299, 300, 300, 301, 302, 303, 303, 304, 305, 306, 306, 307, 307, 308, 308, 309, 309, 310, 310, 311, 311, 312, 313, 314, 314, 315, 323, 324, 324, 325, 331, 332, 339, 340, 341, 342, 344, 345, 349, 350, 350, 351, 351, 352, 352, 353, 354, 355, 356, 357, 358, 359, 359, 360, 364, 365, 366, 367, 367, 368, 371, 372, 372, 373, 377, 378, 383, 384, 385, 386, 387, 388, 388, 389, 389, 390, 392, 393, 395, 396, 396, 397, 397, 398, 402, 403, 403, 404, 407, 408, 408, 409, 409, 410, 411, 412, 419, 420, 421, 422, 428, 429, 433, 434, 438, 439, 443, 444, 445, 446, 457, 458, 460, 461, 468, 469, 472, 473, 482, 483, 498, 499, 500, 501, 501, 502, 637, 638, 665, 666, 794, 795, 927, 928, 955, 956, 973, 974, 988, 989, 998, 999],