{"title": "roulette_crossing_4", "popultion": 20, "subpopulation": 30, "number_of_rect": 20, "scores": [0.6620565813769455, 0.6620565813769455, 0.5615515255429526, 0.5615515255429526, 0.5339922037574372, 0.5339922037574372, 0.5225854069579999, 0.5225854069579999, 0.5018591986869486, 0.5018591986869486, 0.49045665171898356, 0.49045665171898356, 0.48578491456373285, 0.48578491456373285, 0.4851602479556846, 0.4851602479556846, 0.48255450042498316, 0.48255450042498316, 0.47889922037574373, 0.47889922037574373, 0.477699302441455, 0.477699302441455, 0.4758885957970632], "iters": [0, 1, 2, 2, 3, 4, 5, 9, 10, 10, 11, 11, 12, 12, 13, 13, 14, 16, 17, 17, 18, 18, 19], "finalScore": 0.4758885957970632, "finalIter": 20}