{"title": "ranking_crossing_0", "popultion": 20, "subpopulation": 30, "number_of_rect": 20, "scores": [0.6214101233916586, 0.6214101233916586, 0.5869315044403411, 0.5869315044403411, 0.5856490371933527, 0.5856490371933527, 0.5859172748322049, 0.5859172748322049, 0.5873226794454702, 0.5873226794454702, 0.5876215891438787, 0.5876215891438787, 0.588288959230927, 0.588288959230927, 0.5876215891438787, 0.5876215891438787, 0.5875080160614321], "iters": [0, 0, 1, 3, 4, 6, 7, 9, 10, 12, 13, 13, 14, 17, 18, 18, 19], "finalScore": 0.5875080160614321, "finalIter": 20}