{"title": "ranking_crossing_2", "popultion": 20, "subpopulation": 30, "number_of_rect": 20, "scores": [0.62476889709546, 0.62476889709546, 0.581990796916674, 0.581990796916674, 0.5716147454497493, 0.5716147454497493, 0.5458817814121164, 0.5458817814121164, 0.5436051613470501, 0.5436051613470501, 0.5336415633517981, 0.5336415633517981, 0.5309012720185233, 0.5309012720185233, 0.5273228992643395], "iters": [0, 0, 1, 3, 4, 5, 6, 6, 7, 8, 9, 13, 14, 16, 17], "finalScore": 0.5273228992643395, "finalIter": 20}