{"title": "roulette_crossing_0", "popultion": 20, "subpopulation": 30, "number_of_rect": 20, "scores": [0.6214487382396905, 0.6214487382396905, 0.5576866115654034, 0.5576866115654034, 0.5163621589143879, 0.5163621589143879, 0.5157961106714734, 0.5157961106714734, 0.48865623259767277, 0.48865623259767277, 0.47948940473050217, 0.47948940473050217, 0.46487423429760544, 0.46487423429760544, 0.4631039303613822, 0.4631039303613822, 0.45739387144992527, 0.45739387144992527, 0.45347832585949177, 0.45347832585949177, 0.4513979600808934, 0.4513979600808934, 0.44979754682141915], "iters": [0, 0, 1, 1, 2, 2, 3, 3, 4, 4, 5, 7, 8, 8, 9, 13, 14, 15, 16, 16, 17, 18, 19], "finalScore": 0.44979754682141915, "finalIter": 20}