{"title": "ranking_crossing_1", "popultion": 20, "subpopulation": 30, "number_of_rect": 20, "scores": [0.5970483161874616, 0.5970483161874616, 0.5801376652305168, 0.5801376652305168, 0.5604760250886602, 0.5604760250886602, 0.5593413933585392, 0.5593413933585392, 0.5458955860371054, 0.5458955860371054, 0.5454513760661215, 0.5454513760661215, 0.5451775403733989, 0.5451775403733989, 0.5414515372666256, 0.5414515372666256, 0.5375961341188193, 0.5375961341188193, 0.5357202438523989, 0.5357202438523989, 0.5328971833875553], "iters": [0, 1, 2, 5, 6, 7, 8, 8, 9, 9, 10, 11, 12, 12, 13, 13, 14, 15, 16, 18, 19], "finalScore": 0.5328971833875553, "finalIter": 20}