{"title": "interpolate_crossing_1", "popultion": 20, "subpopulation": 30, "number_of_rect": 20, "scores": [0.7656451830358451, 0.7656451830358451, 0.7658011811600575, 0.7658011811600575, 0.7827563381107301, 0.7827563381107301, 0.7880883818400305, 0.7880883818400305, 0.7881403470207216, 0.7881403470207216, 0.7895674404290864, 0.7895674404290864, 0.7910555555555556, 0.7910555555555556, 0.791275257188077, 0.791275257188077, 0.7914098742636068], "iters": [0, 1, 2, 5, 6, 10, 11, 16, 17, 17, 18, 18, 19, 24, 25, 36, 37], "finalScore": 0.7914098742636068, "finalIter": 1000}