{"title": "mean_crossing_4", "popultion": 20, "subpopulation": 30, "number_of_rect": 20, "scores": [0.6830134089510244, 0.6830134089510244, 0.6863982824819016, 0.6863982824819016, 0.6880887921685864, 0.6880887921685864, 0.6885521996541517, 0.6885521996541517, 0.6891151850874879, 0.6891151850874879, 0.6900500747384155, 0.6900500747384155, 0.6904702365251033, 0.6904702365251033, 0.6909946071104077, 0.6909946071104077, 0.692188238225036, 0.692188238225036, 0.6944151938802428, 0.6944151938802428, 0.6959721269673789, 0.6959721269673789, 0.6964221108473285, 0.6964221108473285, 0.6965231542542278, 0.6965231542542278, 0.6967558984729916, 0.6967558984729916, 0.6980281954336294, 0.6980281954336294, 0.7007407895893784, 0.7007407895893784, 0.703105000146546, 0.703105000146546, 0.7036576540930273, 0.7036576540930273, 0.7038245259239719, 0.7038245259239719, 0.7056383246871245, 0.7056383246871245, 0.7062850171458719, 0.7062850171458719, 0.7069788680793693, 0.7069788680793693, 0.7072377414343914, 0.7072377414343914, 0.7108634045546469, 0.7108634045546469, 0.7110925877077288, 0.7110925877077288, 0.7175629121603798, 0.7175629121603798, 0.7188399572085935, 0.7188399572085935, 0.7204149154430083, 0.7204149154430083, 0.7226131041355257, 0.7226131041355257, 0.7236582256220874, 0.7236582256220874, 0.7282663471965767, 0.7282663471965767, 0.7287509891849117, 0.7287509891849117, 0.73369936105982, 0.73369936105982, 0.7393154693865588, 0.7393154693865588, 0.7407068202467832, 0.7407068202467832, 0.7446773791728949, 0.7446773791728949, 0.7447518684603887, 0.7447518684603887, 0.7487042410387175, 0.7487042410387175, 0.7497638412614672, 0.7497638412614672, 0.751205662534072, 0.751205662534072, 0.75250822122571, 0.75250822122571, 0.7545623992496849, 0.7545623992496849, 0.7556405082212257, 0.7556405082212257, 0.7568155573141065, 0.7568155573141065, 0.759259019900935, 0.759259019900935, 0.7604543069843782, 0.7604543069843782, 0.7610062135467042, 0.7610062135467042, 0.7628701896304112, 0.7628701896304112, 0.7630952988071162, 0.7630952988071162, 0.7635396406694217, 0.7635396406694217, 0.7653072335062575, 0.7653072335062575, 0.7655243119669393, 0.7655243119669393, 0.7696131627538908, 0.7696131627538908, 0.7728642252117588, 0.7728642252117588, 0.7775897300624286, 0.7775897300624286, 0.7789668952782907, 0.7789668952782907, 0.7793136961810135, 0.7793136961810135, 0.7810877077288314, 0.7810877077288314, 0.7834264486063484, 0.7834264486063484, 0.783467789208359, 0.783467789208359, 0.7863459069726546, 0.7863459069726546, 0.7874536475277705, 0.7874536475277705, 0.7882102347665524, 0.7882102347665524, 0.789073932413025, 0.789073932413025, 0.7903453061344119, 0.7903453061344119, 0.7904365749289253, 0.7904365749289253, 0.7907528503180046, 0.7907528503180046, 0.7912339898590228, 0.7912339898590228, 0.7912665963246285, 0.7912665963246285, 0.7912976347489669, 0.7912976347489669, 0.7913039069140362, 0.7913039069140362, 0.7913104282071572, 0.7913104282071572, 0.7913214191506199, 0.7913214191506199, 0.7913351651572438, 0.7913351651572438, 0.7913353996307043, 0.7913353996307043, 0.7913633312816906, 0.7913633312816906, 0.7913694862100296, 0.7913694862100296, 0.7913698232656291, 0.7913698232656291, 0.791376696268941, 0.791376696268941, 0.7913787918754946, 0.7913787918754946, 0.7913863829537794, 0.7913863829537794, 0.7913871596471174, 0.7913871596471174, 0.791389416454175, 0.791389416454175, 0.7913976083707025, 0.7913976083707025, 0.791399703977256, 0.791399703977256, 0.791404144318415, 0.791404144318415, 0.7914111931768223, 0.7914111931768223, 0.7914112517951875, 0.7914112517951875, 0.7914211143351212, 0.7914211143351212, 0.791423224596266, 0.791423224596266, 0.7914291890149183, 0.7914291890149183, 0.7914297165802046, 0.7914297165802046, 0.7914322664790878, 0.7914322664790878, 0.7914353292886661, 0.7914353292886661, 0.7914371024942115, 0.7914371024942115, 0.7914413962894575, 0.7914413962894575, 0.7914422316011607, 0.7914422316011607, 0.79144302294909, 0.79144302294909, 0.791445250446965, 0.791445250446965, 0.7914475658723878, 0.7914475658723878, 0.791448196019813, 0.791448196019813, 0.7914511562472523, 0.7914511562472523, 0.7914513760661215, 0.7914513760661215, 0.79145181570386, 0.79145181570386, 0.7914526070517893, 0.7914526070517893, 0.7914542923297869, 0.7914542923297869, 0.7914548052404818, 0.7914548052404818, 0.7914558603710542, 0.7914558603710542, 0.7914572085934524, 0.7914572085934524, 0.7914572379026349, 0.7914572379026349, 0.7914601688208915, 0.7914601688208915, 0.7915049239426712, 0.7915049239426712, 0.7915066971482165, 0.7915066971482165, 0.7915075617691023, 0.7915075617691023, 0.7915094229021953, 0.7915094229021953, 0.7915123831296345, 0.7915123831296345, 0.7915163105600984], "iters": [0, 4, 5, 18, 19, 26, 27, 27, 28, 30, 31, 31, 32, 33, 34, 34, 35, 39, 40, 40, 41, 45, 46, 46, 47, 47, 48, 53, 54, 54, 55, 58, 59, 61, 62, 62, 63, 64, 65, 66, 67, 67, 68, 68, 69, 71, 72, 74, 75, 75, 76, 78, 79, 79, 80, 80, 81, 81, 82, 83, 84, 84, 85, 85, 86, 86, 87, 88, 89, 90, 91, 91, 92, 92, 93, 93, 94, 95, 96, 97, 98, 99, 100, 101, 102, 104, 105, 105, 106, 106, 107, 108, 109, 110, 111, 111, 112, 112, 113, 113, 114, 116, 117, 117, 118, 121, 122, 124, 125, 126, 127, 127, 128, 129, 130, 130, 131, 132, 133, 133, 134, 135, 136, 136, 137, 137, 138, 138, 139, 139, 140, 140, 141, 141, 142, 169, 170, 177, 178, 182, 183, 230, 231, 234, 235, 371, 372, 425, 426, 438, 439, 478, 479, 481, 482, 491, 492, 494, 495, 532, 533, 534, 535, 536, 537, 540, 541, 573, 574, 585, 586, 612, 613, 624, 625, 628, 629, 629, 630, 638, 639, 643, 644, 649, 650, 656, 657, 658, 659, 668, 669, 676, 677, 686, 687, 693, 694, 696, 697, 703, 704, 707, 708, 709, 710, 712, 713, 726, 727, 728, 729, 731, 732, 732, 733, 734, 735, 735, 736, 738, 739, 742, 743, 745, 746, 748, 749, 788, 789, 799, 800, 830, 831], "finalScore": 0.7915163105600984, "finalIter": 1000}