{"title": "interpolate_crossing_4", "popultion": 20, "subpopulation": 30, "number_of_rect": 20, "scores": [0.6667991734810517, 0.6667991734810517, 0.6793326885313169, 0.6793326885313169, 0.705939403265043, 0.705939403265043, 0.7305873999824144, 0.7305873999824144, 0.7383726516017468, 0.7383726516017468, 0.7545199302441454, 0.7545199302441454, 0.7685077669333802, 0.7685077669333802, 0.7863539523432692, 0.7863539523432692, 0.7871159031624608, 0.7871159031624608, 0.7893950731264106, 0.7893950731264106, 0.7894360766728216, 0.7894360766728216, 0.7894978311204901, 0.7894978311204901, 0.7895382777924324, 0.7895382777924324, 0.7898374366188927, 0.7898374366188927, 0.7917727512529675, 0.7917727512529675, 0.7947558545092177, 0.7947558545092177, 0.7952640317711539, 0.7952640317711539, 0.7953741170608751, 0.7953741170608751, 0.7958852398956593, 0.7958852398956593, 0.7962725900524634, 0.7962725900524634, 0.7964546000762038, 0.7964546000762038, 0.796761144816671, 0.796761144816671, 0.7989637005773909, 0.7989637005773909, 0.7990349512002111, 0.7990349512002111, 0.8020928661449632, 0.8020928661449632, 0.8027213429467452, 0.8027213429467452, 0.8028514757173422, 0.8028514757173422, 0.8067374043787918, 0.8067374043787918, 0.8097299598464198, 0.8097299598464198, 0.8102216506931622, 0.8102216506931622, 0.8106413288783376, 0.8106413288783376, 0.8110719100794279, 0.8110719100794279, 0.8150106538878631, 0.8150106538878631, 0.8180783874087751, 0.8180783874087751, 0.8186360532254755, 0.8186360532254755, 0.8190132037867464, 0.8190132037867464, 0.8256236261320672, 0.8256236261320672, 0.8298823675957677, 0.8298823675957677, 0.830473533808142, 0.830473533808142, 0.8312302529382456, 0.8312302529382456, 0.8349462909229461, 0.8349462909229461, 0.837958014595973, 0.837958014595973, 0.838968771065975, 0.838968771065975, 0.8412483806676632, 0.8412483806676632, 0.8422966235821683, 0.8422966235821683, 0.8429333655734341, 0.8429333655734341, 0.8435044549957502, 0.8435044549957502, 0.8459507019549225, 0.8459507019549225, 0.8469349775784754], "iters": [0, 1, 2, 2, 3, 3, 4, 5, 6, 6, 7, 7, 8, 10, 11, 14, 15, 15, 16, 17, 18, 18, 19, 20, 21, 482, 483, 559, 560, 603, 604, 682, 683, 701, 702, 708, 709, 710, 711, 722, 723, 724, 725, 727, 728, 728, 729, 733, 734, 742, 743, 744, 745, 748, 749, 750, 751, 756, 757, 759, 760, 760, 761, 762, 763, 769, 770, 771, 772, 783, 784, 793, 794, 806, 807, 812, 813, 815, 816, 819, 820, 826, 827, 850, 851, 855, 856, 872, 873, 882, 883, 891, 892, 895, 896, 921, 922], "finalScore": 0.8469349775784754, "finalIter": 1000}