{"title": "interpolate_crossing_2", "popultion": 20, "subpopulation": 30, "number_of_rect": 20, "scores": [0.6459027228230605, 0.6459027228230605, 0.6726052785837803, 0.6726052785837803, 0.6788886690700197, 0.6788886690700197, 0.736078739118966, 0.736078739118966, 0.7361776869193117, 0.7361776869193117, 0.7527688384770949, 0.7527688384770949, 0.7555187871860254, 0.7555187871860254, 0.7641275095987573, 0.7641275095987573, 0.7663732231308069, 0.7663732231308069, 0.7778281749172016], "iters": [0, 0, 1, 1, 2, 2, 3, 3, 4, 6, 7, 7, 8, 8, 9, 13, 14, 14, 15], "finalScore": 0.7778281749172016, "finalIter": 20}