{"title": "mean_crossing_3", "popultion": 20, "subpopulation": 30, "number_of_rect": 20, "scores": [0.6250493713180338], "iters": [0], "finalScore": 0.6250493713180338, "finalIter": 20}