{"title": "mean_crossing_4", "popultion": 20, "subpopulation": 30, "number_of_rect": 20, "scores": [0.5829644479615463, 0.5829644479615463, 0.5834425246929863], "iters": [0, 16, 17], "finalScore": 0.5834425246929863, "finalIter": 20}