{"title": "interpolate_crossing_3", "popultion": 20, "subpopulation": 30, "number_of_rect": 20, "scores": [0.6733023095635863, 0.6733023095635863, 0.7827483953222545, 0.7827483953222545, 0.783262331838565, 0.783262331838565, 0.7860295876198014, 0.7860295876198014, 0.7862601336498725, 0.7862601336498725, 0.7866995955332805, 0.7866995955332805, 0.7880398165245172, 0.7880398165245172, 0.7896278759635393, 0.7896278759635393, 0.7903083179460125, 0.7903083179460125, 0.7904495588968024, 0.7904495588968024, 0.791487953925965, 0.791487953925965, 0.7941202409214807, 0.7941202409214807, 0.7942383862364079, 0.7942383862364079, 0.795295319323544, 0.795295319323544, 0.7972142354699727, 0.7972142354699727, 0.798757730296902, 0.798757730296902, 0.8015167062340631, 0.8015167062340631, 0.8088989565931006, 0.8088989565931006, 0.8095812303994842, 0.8095812303994842, 0.812057489961605, 0.812057489961605, 0.8120661508250535, 0.8120661508250535, 0.8127395732583018, 0.8127395732583018, 0.814144039977725, 0.814144039977725, 0.8156598229725373, 0.8156598229725373, 0.8162470031360826, 0.8162470031360826, 0.8165974823412174, 0.8165974823412174, 0.8167543304317243, 0.8167543304317243, 0.8171548550660922, 0.8171548550660922, 0.8175168820891585, 0.8175168820891585, 0.8178421260881034, 0.8178421260881034, 0.8183924939183447, 0.8183924939183447, 0.8184816524517131, 0.8184816524517131, 0.8185027550631613, 0.8185027550631613, 0.8185553064275037, 0.8185553064275037, 0.8186881649520795, 0.8186881649520795, 0.8188089774026203], "iters": [0, 0, 1, 34, 35, 35, 36, 41, 42, 42, 43, 44, 45, 48, 49, 49, 50, 50, 51, 52, 53, 62, 63, 88, 89, 96, 97, 129, 130, 292, 293, 343, 344, 367, 368, 368, 369, 370, 371, 374, 375, 410, 411, 413, 414, 415, 416, 600, 601, 633, 634, 722, 723, 754, 755, 755, 756, 792, 793, 800, 801, 809, 810, 909, 910, 916, 917, 935, 936, 986, 987], "finalScore": 0.8188089774026203, "finalIter": 1000}