{"title": "interpolate_crossing_3", "popultion": 20, "subpopulation": 30, "number_of_rect": 20, "scores": [0.6688810486825523, 0.6688810486825523, 0.7439434625868284, 0.7439434625868284, 0.7533305049972157, 0.7533305049972157, 0.7693231777015739, 0.7693231777015739, 0.7717525132624051, 0.7717525132624051, 0.7766140859931416, 0.7766140859931416, 0.7769793809900643, 0.7769793809900643, 0.7817395439491193, 0.7817395439491193, 0.7872080805416337, 0.7872080805416337, 0.7914587619801283, 0.7914587619801283, 0.7953801840616666, 0.7953801840616666, 0.8012148509628066, 0.8012148509628066, 0.8043739412057798, 0.8043739412057798, 0.8053170813916, 0.8053170813916, 0.8074809490313315, 0.8074809490313315, 0.8082734107095753, 0.8082734107095753, 0.8085112547261057, 0.8085112547261057, 0.8101099827075823, 0.8101099827075823, 0.8109990034877927, 0.8109990034877927, 0.8116044579266685, 0.8116044579266685, 0.8120787684281485, 0.8120787684281485, 0.8136143351211935, 0.8136143351211935, 0.8189316656408453, 0.8189316656408453, 0.8244651367273367, 0.8244651367273367, 0.8258775462352355, 0.8258775462352355, 0.8262416688648553, 0.8262416688648553, 0.8262514874410153, 0.8262514874410153, 0.8263140918549782, 0.8263140918549782, 0.8266802368181951, 0.8266802368181951, 0.8281265717049151, 0.8281265717049151, 0.8284288226501363, 0.8284288226501363, 0.8287352061900993, 0.8287352061900993, 0.8310754271813359, 0.8310754271813359, 0.833368885371787, 0.833368885371787, 0.8345663559893315, 0.8345663559893315, 0.8346111697294762, 0.8346111697294762, 0.837931812186758], "iters": [0, 0, 1, 1, 2, 14, 15, 15, 16, 21, 22, 23, 24, 30, 31, 33, 34, 51, 52, 111, 112, 119, 120, 152, 153, 164, 165, 165, 166, 169, 170, 226, 227, 267, 268, 270, 271, 302, 303, 310, 311, 317, 318, 345, 346, 354, 355, 370, 371, 475, 476, 523, 524, 554, 555, 561, 562, 591, 592, 720, 721, 727, 728, 742, 743, 750, 751, 790, 791, 828, 829, 953, 954], "finalScore": 0.837931812186758, "finalIter": 1000}