{"title": "mean_crossing_3", "popultion": 20, "subpopulation": 30, "number_of_rect": 20, "scores": [0.6369930097599579, 0.6369930097599579, 0.6370565960315366, 0.6370565960315366, 0.6374627040651837, 0.6374627040651837, 0.6385924997801812, 0.6385924997801812, 0.6389806705940971, 0.6389806705940971, 0.6401120783141359, 0.6401120783141359, 0.6406335326357748, 0.6406335326357748, 0.641030452240687, 0.641030452240687, 0.6428836865089833, 0.6428836865089833, 0.6451573610012016, 0.6451573610012016, 0.6459953251853806, 0.6459953251853806, 0.6465195931885459, 0.6465195931885459, 0.6470266713561359, 0.6470266713561359, 0.6473920249714236, 0.6473920249714236, 0.6495143028810926, 0.6495143028810926, 0.6524184911632814, 0.6524184911632814, 0.6524507605732877, 0.6524507605732877, 0.6707815293531463, 0.6707815293531463, 0.6726859374542045, 0.6726859374542045, 0.6735061256191565, 0.6735061256191565, 0.676490430551892, 0.676490430551892, 0.6769348456871538, 0.6769348456871538, 0.6784492364957941, 0.6784492364957941, 0.679776649374249, 0.679776649374249, 0.6811161522905127, 0.6811161522905127, 0.6867005041179401, 0.6867005041179401, 0.6870845423371142, 0.6870845423371142, 0.6900925730531375, 0.6900925730531375, 0.6947188077024532, 0.6947188077024532, 0.6952998036284768, 0.6952998036284768, 0.7021611272311615, 0.7021611272311615, 0.703300331193763, 0.703300331193763, 0.7059508778100179, 0.7059508778100179, 0.7063088894750725, 0.7063088894750725, 0.7091035200328263, 0.7091035200328263, 0.7091582402766787, 0.7091582402766787, 0.7116014976992292, 0.7116014976992292, 0.7183026612737771, 0.7183026612737771, 0.7184401799583809, 0.7184401799583809, 0.7254992379612533, 0.7254992379612533, 0.7335385855388493, 0.7335385855388493, 0.7355071074767725, 0.7355071074767725, 0.7435872241273191, 0.7435872241273191, 0.7441423546997274, 0.7441423546997274, 0.7463779419092001, 0.7463779419092001, 0.7583365426888244, 0.7583365426888244, 0.7601584307863654, 0.7601584307863654, 0.7625839561534629, 0.7625839561534629, 0.7664798792461678, 0.7664798792461678, 0.7680938333479879, 0.7680938333479879, 0.7748852398956593, 0.7748852398956593, 0.7784127172543158, 0.7784127172543158, 0.7799531492716668, 0.7799531492716668, 0.7818253905448578, 0.7818253905448578, 0.7823138866907002, 0.7823138866907002, 0.7828357659954863, 0.7828357659954863, 0.7836086344851843, 0.7836086344851843, 0.7839411618159969, 0.7839411618159969, 0.7853391951698467, 0.7853391951698467, 0.7856055130572408, 0.7856055130572408, 0.7866272458161142, 0.7866272458161142, 0.7881873589495589, 0.7881873589495589, 0.7888096075500455, 0.7888096075500455, 0.7890028283361177, 0.7890028283361177, 0.789148846683666, 0.789148846683666, 0.789298367478531, 0.789298367478531, 0.7894343181218676, 0.7894343181218676, 0.7896744482546382, 0.7896744482546382, 0.7902053840968375, 0.7902053840968375, 0.7905864181247985, 0.7905864181247985, 0.7920322547554148, 0.7920322547554148, 0.7923094463495413, 0.7923094463495413, 0.7928271051320379, 0.7928271051320379, 0.7932891937043876, 0.7932891937043876, 0.7942521029338492, 0.7942521029338492, 0.7948379934933615, 0.7948379934933615, 0.7950223775608898, 0.7950223775608898, 0.7960926170169114, 0.7960926170169114, 0.7963896655822269, 0.7963896655822269, 0.7965208827925789, 0.7965208827925789, 0.7969480055101263, 0.7969480055101263, 0.7973409976845746, 0.7973409976845746, 0.7976349687857206, 0.7976349687857206, 0.7982836103051085, 0.7982836103051085, 0.7986571998006976, 0.7986571998006976, 0.7996693338022802, 0.7996693338022802, 0.8007315571968698, 0.8007315571968698, 0.8007885635569624, 0.8007885635569624, 0.8020184354758346, 0.8020184354758346, 0.8025589993845071, 0.8025589993845071, 0.8030358011665055, 0.8030358011665055, 0.8037024385239896, 0.8037024385239896, 0.8046475863888156, 0.8046475863888156, 0.8051979395644655, 0.8051979395644655, 0.8064897857498754, 0.8064897857498754, 0.8072624930390692, 0.8072624930390692, 0.8073022509452211, 0.8073022509452211, 0.8084135818752015, 0.8084135818752015, 0.8094322664790878, 0.8094322664790878, 0.8098684457340485, 0.8098684457340485, 0.8125473489844368, 0.8125473489844368, 0.813750227146165, 0.813750227146165, 0.8144167912306925, 0.8144167912306925, 0.8151215012163311, 0.8151215012163311, 0.816200650663853, 0.816200650663853, 0.8166116093672148, 0.8166116093672148, 0.8189336586652598, 0.8189336586652598, 0.8202635042058677, 0.8202635042058677, 0.8212685600398605, 0.8212685600398605, 0.8213234561388083, 0.8213234561388083, 0.821585875904921, 0.821585875904921, 0.8230962367009584, 0.8230962367009584, 0.8242969606377678, 0.8242969606377678, 0.8245079867522495, 0.8245079867522495, 0.8261002667135613, 0.8261002667135613, 0.8262375948884786, 0.8262375948884786, 0.8270568158504059, 0.8270568158504059, 0.8280819045106832, 0.8280819045106832, 0.8286518655294703, 0.8286518655294703, 0.8287773088308568, 0.8287773088308568, 0.8291611858495267, 0.8291611858495267, 0.8295739031038425, 0.8295739031038425, 0.8305090125736393, 0.8305090125736393, 0.8337809285149037, 0.8337809285149037, 0.833913552566019, 0.833913552566019, 0.8340222163603858, 0.8340222163603858, 0.8348652217239662, 0.8348652217239662, 0.8365871361997714, 0.8365871361997714, 0.8381091034321053, 0.8381091034321053, 0.8386849555965884, 0.8386849555965884, 0.8390572554881445, 0.8390572554881445, 0.8405032386646736, 0.8405032386646736, 0.8415127055306427, 0.8415127055306427, 0.8424728743515344, 0.8424728743515344, 0.8433321170022567, 0.8433321170022567, 0.8443022362906298, 0.8443022362906298, 0.8458843899293649, 0.8458843899293649, 0.8467913479293062, 0.8467913479293062, 0.8476458864562267, 0.8476458864562267, 0.8490701515284739, 0.8490701515284739, 0.8533533808142091, 0.8533533808142091, 0.8553797883877019, 0.8553797883877019, 0.8556261906855418, 0.8556261906855418, 0.8558509774612386, 0.8558509774612386, 0.8577164043494827, 0.8577164043494827, 0.8593621296052053, 0.8593621296052053, 0.8613820598493508, 0.8613820598493508, 0.8630871215451801, 0.8630871215451801, 0.8682980743867054, 0.8682980743867054, 0.8715276678683431, 0.8715276678683431, 0.8735948591693777, 0.8735948591693777, 0.8740807321433806, 0.8740807321433806, 0.8747233359711597, 0.8747233359711597, 0.8752998769014332, 0.8752998769014332, 0.875534438289516, 0.875534438289516, 0.8757877868636244, 0.8757877868636244, 0.8778164219349922, 0.8778164219349922, 0.879833626425159, 0.879833626425159, 0.8811006770421173, 0.8811006770421173, 0.8812755502799027, 0.8812755502799027, 0.8819550983323076, 0.8819550983323076, 0.8828126410504411, 0.8828126410504411, 0.8837073917758433, 0.8837073917758433, 0.8850337788329083, 0.8850337788329083, 0.885735088953369, 0.885735088953369, 0.8869850962806647, 0.8869850962806647, 0.8875172484539406, 0.8875172484539406, 0.8877567337846948, 0.8877567337846948, 0.8878770186699493, 0.8878770186699493, 0.8879746622116709, 0.8879746622116709, 0.8881920484187696],