{"title": "mean_crossing_0", "popultion": 20, "subpopulation": 30, "number_of_rect": 20, "scores": [0.6148478999970691], "iters": [0], "finalScore": 0.6148478999970691, "finalIter": 20}