{"title": "mean_crossing_1", "popultion": 20, "subpopulation": 30, "number_of_rect": 20, "scores": [0.6577132829215393], "iters": [0], "finalScore": 0.6577132829215393, "finalIter": 20}