{"title": "interpolate_crossing_0", "popultion": 20, "subpopulation": 30, "number_of_rect": 20, "scores": [0.694447008997919, 0.694447008997919, 0.6948794220229197, 0.6948794220229197, 0.7022297253729594, 0.7022297253729594, 0.7272291098801255, 0.7272291098801255, 0.7272770743573962, 0.7272770743573962, 0.7390680705765116, 0.7390680705765116, 0.7429441220434363, 0.7429441220434363, 0.7535831794601249, 0.7535831794601249, 0.7535906386470881, 0.7535906386470881, 0.757659705735807, 0.757659705735807, 0.7750517600164131, 0.7750517600164131, 0.7761080776107154, 0.7761080776107154, 0.7837415223189426, 0.7837415223189426, 0.7859566077552097, 0.7859566077552097, 0.7874210703713473, 0.7874210703713473, 0.7918863829537794, 0.7918863829537794, 0.7940009232392509, 0.7940009232392509, 0.7956936457692195, 0.7956936457692195, 0.8028227820276093, 0.8028227820276093, 0.8055285471438202, 0.8055285471438202, 0.805872094727278, 0.805872094727278, 0.8094169231220141, 0.8094169231220141, 0.8099693572496263, 0.8099693572496263, 0.8105262903367625, 0.8105262903367625, 0.8107952900143615, 0.8107952900143615, 0.8115771710776987, 0.8115771710776987, 0.8118739265511885, 0.8118739265511885, 0.8130279463055775, 0.8130279463055775, 0.8132838154693866, 0.8132838154693866, 0.814811292828043, 0.814811292828043, 0.8163868958644743, 0.8163868958644743, 0.8187725753978722, 0.8187725753978722, 0.8192683402209913, 0.8192683402209913, 0.8200148157917876, 0.8200148157917876, 0.8202385620915033, 0.8202385620915033, 0.8214331750637475, 0.8214331750637475, 0.8259144318414959, 0.8259144318414959, 0.8260280928514904, 0.8260280928514904, 0.8262595181570386, 0.8262595181570386, 0.8266893080101996, 0.8266893080101996, 0.826883466690114, 0.826883466690114, 0.8272149828541282, 0.8272149828541282, 0.8273199830006741, 0.8273199830006741, 0.8282909815645242, 0.8282909815645242, 0.8291250476274217, 0.8291250476274217, 0.8298266508397081, 0.8298266508397081, 0.8301201823031156, 0.8301201823031156, 0.8309914270640992, 0.8309914270640992, 0.8318510214250124, 0.8318510214250124, 0.8323016354523872, 0.8323016354523872, 0.8336024942114364, 0.8336024942114364, 0.8342188956300008, 0.8342188956300008, 0.834567205955626, 0.834567205955626, 0.8357100735660482, 0.8357100735660482, 0.8357704944459099, 0.8357704944459099, 0.8359232832146312, 0.8359232832146312, 0.8359628359565052, 0.8359628359565052, 0.83610242093848, 0.83610242093848, 0.8365010404759812], "iters": [0, 0, 1, 1, 2, 2, 3, 4, 5, 5, 6, 6, 7, 7, 8, 11, 12, 14, 15, 16, 17, 17, 18, 19, 20, 28, 29, 29, 30, 30, 31, 31, 32, 37, 38, 42, 43, 49, 50, 60, 61, 61, 62, 66, 67, 70, 71, 71, 72, 76, 77, 81, 82, 82, 83, 83, 84, 88, 89, 127, 128, 131, 132, 140, 141, 148, 149, 154, 155, 165, 166, 170, 171, 216, 217, 223, 224, 235, 236, 266, 267, 267, 268, 306, 307, 328, 329, 375, 376, 385, 386, 389, 390, 391, 392, 397, 398, 405, 406, 409, 410, 434, 435, 436, 437, 560, 561, 620, 621, 819, 820, 955, 956, 962, 963, 993, 994], "finalScore": 0.8365010404759812, "finalIter": 1000}