{"title": "interpolate_crossing_0", "popultion": 20, "subpopulation": 30, "number_of_rect": 20, "scores": [0.6565079574430669, 0.6565079574430669, 0.6881910958703361, 0.6881910958703361, 0.7372113045517161, 0.7372113045517161, 0.7427576277147631, 0.7427576277147631, 0.7436268794513321, 0.7436268794513321, 0.7452297693367331, 0.7452297693367331, 0.7488766229959847, 0.7488766229959847, 0.7522909669099329, 0.7522909669099329, 0.7539685072833319, 0.7539685072833319, 0.755454248366013, 0.755454248366013, 0.7624278407925202, 0.7624278407925202, 0.7702769864298484, 0.7702769864298484, 0.7772895600691697, 0.7772895600691697, 0.7775056566722354, 0.7775056566722354, 0.7776802514727864, 0.7776802514727864, 0.7777338872768839, 0.7777338872768839, 0.7804508191916527, 0.7804508191916527, 0.7822948357220317, 0.7822948357220317, 0.7927482341217503, 0.7927482341217503, 0.795626044139629, 0.795626044139629, 0.7957260763797298, 0.7957260763797298, 0.7991425452094141, 0.7991425452094141, 0.8078300507048859, 0.8078300507048859, 0.809385840733902], "iters": [0, 0, 1, 2, 3, 6, 7, 9, 10, 12, 13, 14, 15, 15, 16, 16, 17, 18, 19, 21, 22, 27, 28, 40, 41, 100, 101, 128, 129, 153, 154, 191, 192, 258, 259, 327, 328, 526, 527, 691, 692, 743, 744, 830, 831, 945, 946], "finalScore": 0.809385840733902, "finalIter": 1000}