{"title": "mean_crossing_2", "popultion": 20, "subpopulation": 30, "number_of_rect": 20, "scores": [0.6523750842638998, 0.6523750842638998, 0.6531136756645857, 0.6531136756645857, 0.6531506785075765, 0.6531506785075765, 0.6532857645300272, 0.6532857645300272, 0.6533669363111463, 0.6533669363111463, 0.6534658254931269, 0.6534658254931269, 0.6536767197162872, 0.6536767197162872, 0.6538052844456168, 0.6538052844456168, 0.6538995281221607, 0.6538995281221607, 0.6540838242621414, 0.6540838242621414, 0.6545212345027698, 0.6545212345027698, 0.6546081362290805, 0.6546081362290805, 0.6546569067088719, 0.6546569067088719, 0.6553532635774788, 0.6553532635774788, 0.6554763328350772, 0.6554763328350772, 0.6555420733315748, 0.6555420733315748, 0.6557238049180809, 0.6557238049180809, 0.6560892171517336, 0.6560892171517336, 0.6569572525572261, 0.6569572525572261, 0.6573577039186377, 0.6573577039186377, 0.6582659661772032, 0.6582659661772032, 0.6589210410621649, 0.6589210410621649, 0.6590083677716229, 0.6590083677716229, 0.6604289398868666, 0.6604289398868666, 0.6617336674580145, 0.6617336674580145, 0.667493229578827, 0.667493229578827, 0.6678517248453941, 0.6678517248453941, 0.6680003956739646, 0.6680003956739646, 0.6682139716873297, 0.6682139716873297, 0.6682459773146927, 0.6682459773146927, 0.6683047129165567, 0.6683047129165567, 0.6687251238312963, 0.6687251238312963, 0.6689439168791582, 0.6689439168791582, 0.669159031624608, 0.669159031624608, 0.6693960842932091, 0.6693960842932091, 0.669544725812597, 0.669544725812597, 0.6698938714499253, 0.6698938714499253, 0.6700173949998535, 0.6700173949998535, 0.6703741463700577, 0.6703741463700577, 0.6704042908643277, 0.6704042908643277, 0.6708666725285032, 0.6708666725285032, 0.6708709370145667, 0.6708709370145667, 0.671136698027492, 0.671136698027492, 0.671149257012222, 0.671149257012222, 0.6712699082622586, 0.6712699082622586, 0.6714970983909259, 0.6714970983909259, 0.6717360854655764, 0.6717360854655764, 0.6718954688003751, 0.6718954688003751, 0.6720542512969313, 0.6720542512969313, 0.6720902576277148, 0.6720902576277148, 0.6723821184677159, 0.6723821184677159, 0.6725546323163047, 0.6725546323163047, 0.6729177877428998, 0.6729177877428998, 0.6732629473313989, 0.6732629473313989, 0.6734324130250007, 0.6734324130250007, 0.6734430962220463, 0.6734430962220463, 0.6734788241155953, 0.6734788241155953, 0.6738722266185996, 0.6738722266185996, 0.6738901198745567, 0.6738901198745567, 0.6739966294440047, 0.6739966294440047, 0.674604897564407, 0.674604897564407, 0.6746675752513263, 0.6746675752513263, 0.674903367625077, 0.674903367625077, 0.6753269146223512, 0.6753269146223512, 0.675729036607169, 0.675729036607169, 0.6759331310999737, 0.6759331310999737, 0.676074650487998, 0.676074650487998, 0.6772772941762655, 0.6772772941762655, 0.6775514522699961, 0.6775514522699961, 0.6780733022655998, 0.6780733022655998, 0.6783187813241889, 0.6783187813241889, 0.6791915208534833, 0.6791915208534833, 0.6793151616401418, 0.6793151616401418, 0.6802485272135761, 0.6802485272135761, 0.6809933614701486, 0.6809933614701486, 0.6825656379143585, 0.6825656379143585, 0.683577083150151, 0.683577083150151, 0.6860393182684135, 0.6860393182684135, 0.686093115273015, 0.686093115273015, 0.6866284328380081, 0.6866284328380081, 0.6869615610070635, 0.6869615610070635, 0.6869996189806267, 0.6869996189806267, 0.6871284621471907, 0.6871284621471907, 0.6871497845775081, 0.6871497845775081, 0.6871969137430758, 0.6871969137430758, 0.6876540783727543, 0.6876540783727543, 0.6886598815909024, 0.6886598815909024, 0.6888025733462293, 0.6888025733462293, 0.6891436736129429, 0.6891436736129429, 0.6891807057651163, 0.6891807057651163, 0.6892821595005716, 0.6892821595005716, 0.6893423312523814, 0.6893423312523814, 0.6894293355608312, 0.6894293355608312, 0.6896148919956622, 0.6896148919956622, 0.6896186875348047, 0.6896186875348047, 0.6896487147923445, 0.6896487147923445, 0.6897334036753715, 0.6897334036753715, 0.6897941616108327, 0.6897941616108327, 0.6898452768252293, 0.6898452768252293, 0.6900004396377385, 0.6900004396377385, 0.6900633811073009, 0.6900633811073009, 0.6901241536973534, 0.6901241536973534, 0.6903203933292301, 0.6903203933292301, 0.69033626425159, 0.69033626425159, 0.6903626425159002, 0.6903626425159002, 0.6904171136317008, 0.6904171136317008, 0.6905999150033706], "iters": [0, 4, 5, 33, 34, 35, 36, 39, 40, 41, 42, 47, 48, 48, 49, 49, 50, 50, 51, 55, 56, 57, 58, 59, 60, 60, 61, 64, 65, 65, 66, 66, 67, 67, 68, 69, 70, 73, 74, 74, 75, 75, 76, 76, 77, 77, 78, 78, 79, 80, 81, 88, 89, 94, 95, 96, 97, 97, 98, 98, 99, 100, 101, 105, 106, 114, 115, 122, 123, 123, 124, 130, 131, 131, 132, 133, 134, 135, 136, 143, 144, 148, 149, 153, 154, 155, 156, 173, 174, 175, 176, 182, 183, 190, 191, 196, 197, 201, 202, 202, 203, 204, 205, 205, 206, 215, 216, 222, 223, 224, 225, 225, 226, 228, 229, 230, 231, 233, 234, 235, 236, 237, 238, 239, 240, 241, 242, 247, 248, 249, 250, 250, 251, 251, 252, 255, 256, 258, 259, 259, 260, 260, 261, 261, 262, 262, 263, 264, 265, 268, 269, 269, 270, 270, 271, 274, 275, 275, 276, 276, 277, 282, 283, 283, 284, 284, 285, 285, 286, 286, 287, 289, 290, 297, 298, 306, 307, 308, 309, 309, 310, 319, 320, 326, 327, 335, 336, 347, 348, 349, 350, 368, 369, 386, 387, 436, 437, 458, 459, 664, 665, 722, 723, 744, 745, 778, 779, 786, 787, 835, 836, 843, 844], "finalScore": 0.6905999150033706, "finalIter": 1000}