{"title": "interpolate_crossing_4", "popultion": 20, "subpopulation": 30, "number_of_rect": 20, "scores": [0.662330109323251, 0.662330109323251, 0.7174536328731791, 0.7174536328731791, 0.7328142823646648, 0.7328142823646648, 0.7332961253260646, 0.7332961253260646, 0.7354690495032093, 0.7354690495032093, 0.7379047305020663, 0.7379047305020663, 0.7379359447815, 0.7379359447815, 0.7379499545707671, 0.7379499545707671, 0.7379688003751576, 0.7379688003751576, 0.7379752190861397, 0.7379752190861397, 0.7482800638940179, 0.7482800638940179, 0.7542641783170667, 0.7542641783170667, 0.7572531873736041, 0.7572531873736041, 0.7573102230428793, 0.7573102230428793, 0.7582025704153111, 0.7582025704153111, 0.7584679650634544, 0.7584679650634544, 0.7593380667663179, 0.7593380667663179, 0.7598764471408892, 0.7598764471408892, 0.760203391072423, 0.760203391072423, 0.777462572173862, 0.777462572173862, 0.7798913655148157, 0.7798913655148157, 0.7827357923737507, 0.7827357923737507, 0.7894154723174771, 0.7894154723174771, 0.7895078548609279, 0.7895078548609279, 0.7895401242709341, 0.7895401242709341, 0.7895450775227879], "iters": [0, 0, 1, 2, 3, 3, 4, 5, 6, 6, 7, 9, 10, 82, 83, 175, 176, 213, 214, 229, 230, 312, 313, 319, 320, 337, 338, 346, 347, 353, 354, 371, 372, 373, 374, 378, 379, 393, 394, 396, 397, 398, 399, 399, 400, 407, 408, 409, 410, 415, 416], "finalScore": 0.7895450775227879, "finalIter": 1000}