{"title": "mean_crossing_0", "popultion": 20, "subpopulation": 30, "number_of_rect": 20, "scores": [0.6091526568773997, 0.6091526568773997, 0.6106452563088016, 0.6106452563088016, 0.6123766523051672, 0.6123766523051672, 0.6140629268149711, 0.6140629268149711, 0.6140709282218119, 0.6140709282218119, 0.614730897740262, 0.614730897740262, 0.616190157976494, 0.616190157976494, 0.6165156511034907, 0.6165156511034907, 0.616588308567074, 0.616588308567074, 0.6167238195726721, 0.6167238195726721, 0.6189091854978164, 0.6189091854978164, 0.6195664439168791, 0.6195664439168791, 0.6198312377267798, 0.6198312377267798, 0.6217609982707581, 0.6217609982707581, 0.622012251238313, 0.622012251238313, 0.6225887628594038, 0.6225887628594038, 0.6255064773293473, 0.6255064773293473, 0.6276539611360239, 0.6276539611360239, 0.6287350449895952, 0.6287350449895952, 0.6295454292329787, 0.6295454292329787, 0.6296119024590404, 0.6296119024590404, 0.6301476010434068, 0.6301476010434068, 0.6314398282481901, 0.6314398282481901, 0.6373797590785193, 0.6373797590785193, 0.6414206453882001, 0.6414206453882001, 0.6427324511269381, 0.6427324511269381, 0.6449219789560069, 0.6449219789560069, 0.6474291743603271, 0.6474291743603271, 0.648574240159442, 0.648574240159442, 0.6502634748966851, 0.6502634748966851, 0.6519715407837275, 0.6519715407837275, 0.6533606934552595, 0.6533606934552595, 0.6555669128638002, 0.6555669128638002, 0.6563566634426565, 0.6563566634426565, 0.6620113279990621, 0.6620113279990621, 0.6660085875904922, 0.6660085875904922, 0.6669966147894135, 0.6669966147894135, 0.6670613148099299, 0.6670613148099299, 0.6671319645945075, 0.6671319645945075, 0.6708492775286496, 0.6708492775286496, 0.6731517189835576, 0.6731517189835576, 0.6749874703244527, 0.6749874703244527, 0.6780682757407896, 0.6780682757407896, 0.6794915589554207, 0.6794915589554207, 0.6821212960520531, 0.6821212960520531, 0.6884323837158182, 0.6884323837158182, 0.6920385415750754, 0.6920385415750754, 0.6922613060171752, 0.6922613060171752, 0.6931201676485244, 0.6931201676485244, 0.698473533808142, 0.698473533808142, 0.6996043113807555, 0.6996043113807555, 0.7015576071983353, 0.7015576071983353, 0.706136698027492, 0.706136698027492, 0.7070980978340514, 0.7070980978340514, 0.7141512940004103, 0.7141512940004103, 0.7154502476625927, 0.7154502476625927, 0.717883158943697, 0.717883158943697, 0.7186582695858612, 0.7186582695858612, 0.721107535390838, 0.721107535390838, 0.7221756206219409, 0.7221756206219409, 0.722395923092705, 0.722395923092705, 0.723938011078871, 0.723938011078871, 0.7242845188897682, 0.7242845188897682, 0.7264359008177261, 0.7264359008177261, 0.7266430288109265, 0.7266430288109265, 0.727932940590287, 0.727932940590287, 0.7315576218529265, 0.7315576218529265, 0.7341123127875964, 0.7341123127875964, 0.7347044608575867, 0.7347044608575867, 0.7369011987455669, 0.7369011987455669, 0.7399337759019902, 0.7399337759019902, 0.7410123977842258, 0.7410123977842258, 0.7434927020135409, 0.7434927020135409, 0.7460228465078109, 0.7460228465078109, 0.7484236349248219, 0.7484236349248219, 0.7510014508045371, 0.7510014508045371, 0.7515728040094962, 0.7515728040094962, 0.7567940883378763, 0.7567940883378763, 0.7628929482106744, 0.7628929482106744, 0.7665885137313521, 0.7665885137313521, 0.7737596647029514, 0.7737596647029514, 0.77659305665465, 0.77659305665465, 0.7796435124124388, 0.7796435124124388, 0.7837443653096515, 0.7837443653096515, 0.7889270640991823, 0.7889270640991823, 0.7946872856766025, 0.7946872856766025, 0.7950778158797152, 0.7950778158797152, 0.7966267035962367, 0.7966267035962367, 0.8005959582637241, 0.8005959582637241, 0.8025707523667165, 0.8025707523667165, 0.8030226706527155, 0.8030226706527155, 0.8113362349424075, 0.8113362349424075, 0.8181192883730473, 0.8181192883730473, 0.8231680735074298, 0.8231680735074298, 0.8301668132125795, 0.8301668132125795, 0.8308489404730502, 0.8308489404730502, 0.8344433600046894, 0.8344433600046894, 0.8394285442129019, 0.8394285442129019, 0.8408286145549401, 0.8408286145549401, 0.8414732993346815, 0.8414732993346815, 0.8419383627890619, 0.8419383627890619, 0.8424844514786483, 0.8424844514786483, 0.8425967056478795, 0.8425967056478795, 0.8429979776664028, 0.8429979776664028, 0.8487102494211436, 0.8487102494211436, 0.8499682874644626, 0.8499682874644626, 0.8513628330255869, 0.8513628330255869, 0.8515459861074475, 0.8515459861074475, 0.8523060025205897, 0.8523060025205897, 0.8525570649784577, 0.8525570649784577, 0.8529498373340367, 0.8529498373340367, 0.8549229461590316, 0.8549229461590316, 0.8554804214660453, 0.8554804214660453, 0.8561870365485507, 0.8561870365485507, 0.8565071514405463, 0.8565071514405463, 0.8571641900407397, 0.8571641900407397, 0.8594826050001465, 0.8594826050001465, 0.8598585099211583, 0.8598585099211583, 0.8606480113719628, 0.8606480113719628, 0.8619674521527595, 0.8619674521527595, 0.8623229139189308, 0.8623229139189308, 0.8631631788739412, 0.8631631788739412, 0.8632195990503825, 0.8632195990503825, 0.8635005861836513, 0.8635005861836513, 0.8637349424074563, 0.8637349424074563, 0.8639298777807087, 0.8639298777807087, 0.8643750842638999, 0.8643750842638999, 0.8644360327090478, 0.8644360327090478, 0.8647114950614028], "iters": [0, 7, 8, 10, 11, 16, 17, 25, 26, 26, 27, 27, 28, 28, 29, 32, 33, 33, 34, 35, 36, 39, 40, 44, 45, 45, 46, 47, 48, 49, 50, 54, 55, 57, 58, 60, 61, 61, 62, 64, 65, 65, 66, 67, 68, 68, 69, 76, 77, 79, 80, 81, 82, 82, 83, 84, 85, 85, 86, 86, 87, 87, 88, 88, 89, 89, 90, 90, 91, 92, 93, 95, 96, 96, 97, 98, 99, 99, 100, 103, 104, 107, 108, 108, 109, 111, 112, 113, 114, 115, 116, 121, 122, 122, 123, 123, 124, 124, 125, 127, 128, 128, 129, 129, 130, 131, 132, 132, 133, 137, 138, 139, 140, 140, 141, 141, 142, 145, 146, 146, 147, 147, 148, 148, 149, 150, 151, 151, 152, 152, 153, 153, 154, 155, 156, 157, 158, 159, 160, 160, 161, 162, 163, 164, 165, 165, 166, 166, 167, 169, 170, 171, 172, 172, 173, 173, 174, 176, 177, 178, 179, 181, 182, 182, 183, 184, 185, 185, 186, 188, 189, 190, 191, 191, 192, 193, 194, 194, 195, 197, 198, 198, 199, 199, 200, 203, 204, 204, 205, 205, 206, 206, 207, 207, 208, 219, 220, 221, 222, 226, 227, 227, 228, 229, 230, 230, 231, 234, 235, 245, 246, 254, 255, 257, 258, 268, 269, 270, 271, 271, 272, 276, 277, 285, 286, 287, 288, 288, 289, 296, 297, 301, 302, 306, 307, 316, 317, 329, 330, 367, 368, 368, 369, 445, 446, 460, 461, 465, 466, 485, 486, 612, 613, 895, 896, 985, 986], "finalScore": 0.8647114950614028, "finalIter": 1000}