{"title": "interpolate_crossing_1", "popultion": 20, "subpopulation": 30, "number_of_rect": 20, "scores": [0.7642593716111258, 0.7642593716111258, 0.7653653829244702, 0.7653653829244702, 0.7660494885547642, 0.7660494885547642, 0.7692538614848032, 0.7692538614848032, 0.7748609279287201, 0.7748609279287201, 0.7755908731205486, 0.7755908731205486, 0.7757910841466631, 0.7757910841466631, 0.7785702248014303, 0.7785702248014303, 0.7846976611272312, 0.7846976611272312, 0.7855860957237903, 0.7855860957237903, 0.7930792813388434, 0.7930792813388434, 0.8115735074298778, 0.8115735074298778, 0.816451405375304, 0.816451405375304, 0.8189177144699434, 0.8189177144699434, 0.820780781968991, 0.820780781968991, 0.830792578914974, 0.830792578914974, 0.8326370937014567, 0.8326370937014567, 0.8353671707846069, 0.8353671707846069, 0.8356490078841701, 0.8356490078841701, 0.839985887628594, 0.839985887628594, 0.8416579911486268, 0.8416579911486268, 0.844323236319939, 0.844323236319939, 0.8446797239075002, 0.8446797239075002, 0.8469325888800961, 0.8469325888800961, 0.8474337905565814, 0.8474337905565814, 0.8485094375567865, 0.8485094375567865, 0.8508915413699112, 0.8508915413699112, 0.8514751018494094, 0.8514751018494094, 0.8525132770597028, 0.8525132770597028, 0.8587796389108707], "iters": [0, 17, 18, 26, 27, 28, 29, 29, 30, 36, 37, 40, 41, 41, 42, 42, 43, 43, 44, 55, 56, 61, 62, 92, 93, 93, 94, 121, 122, 147, 148, 192, 193, 216, 217, 240, 241, 253, 254, 287, 288, 321, 322, 414, 415, 439, 440, 631, 632, 635, 636, 680, 681, 682, 683, 698, 699, 842, 843], "finalScore": 0.8587796389108707, "finalIter": 1000}