{"title": "interpolate_crossing_2", "popultion": 20, "subpopulation": 30, "number_of_rect": 20, "scores": [0.6892642515900231, 0.6892642515900231, 0.692437600750315, 0.692437600750315, 0.7138906327852517, 0.7138906327852517, 0.7568192942348838, 0.7568192942348838, 0.7597505055833993, 0.7597505055833993, 0.7760690963979014, 0.7760690963979014, 0.786041985404027, 0.786041985404027, 0.7918510360796037, 0.7918510360796037, 0.7951030071221313, 0.7951030071221313, 0.7976715759547466, 0.7976715759547466, 0.7994606817315866, 0.7994606817315866, 0.7995229197807674, 0.7995229197807674, 0.7999417186904657, 0.7999417186904657, 0.8006729534863273, 0.8006729534863273, 0.801777528649726], "iters": [0, 0, 1, 1, 2, 3, 4, 18, 19, 20, 21, 25, 26, 27, 28, 34, 35, 69, 70, 97, 98, 237, 238, 240, 241, 507, 508, 869, 870], "finalScore": 0.801777528649726, "finalIter": 1000}