{"title": "interpolate_crossing_3", "popultion": 20, "subpopulation": 30, "number_of_rect": 20, "scores": [0.7267638266068759, 0.7267638266068759, 0.7291201090301591, 0.7291201090301591, 0.7299793956446554, 0.7299793956446554, 0.7313111023183563, 0.7313111023183563, 0.7332213429467452, 0.7332213429467452, 0.7367511210762332], "iters": [0, 11, 12, 12, 13, 13, 14, 14, 15, 15, 16], "finalScore": 0.7367511210762332, "finalIter": 20}