{"title": "interpolate_crossing_4", "popultion": 20, "subpopulation": 30, "number_of_rect": 20, "scores": [0.6758137547993787, 0.6758137547993787, 0.7150021542249188, 0.7150021542249188, 0.7447862627861309, 0.7447862627861309, 0.7659144611506785, 0.7659144611506785, 0.7664820920894516, 0.7664820920894516, 0.7668015328702482, 0.7668015328702482, 0.7675657991148627, 0.7675657991148627, 0.7681147307951581, 0.7681147307951581, 0.7686162109088778, 0.7686162109088778, 0.7687240393915413, 0.7687240393915413, 0.7691411090594683, 0.7691411090594683, 0.7895363140772004, 0.7895363140772004, 0.7898109704270349, 0.7898109704270349, 0.7912052375509246, 0.7912052375509246, 0.7912153785280929, 0.7912153785280929, 0.7913192209619273, 0.7913192209619273, 0.7913270172044902, 0.7913270172044902, 0.7913945162519418, 0.7913945162519418, 0.7914048917025704, 0.7914048917025704, 0.7914389489727132, 0.7914389489727132, 0.7914579120138339, 0.7914579120138339, 0.7914857850464551, 0.7914857850464551, 0.7914891262932677, 0.7914891262932677, 0.7915004396377385, 0.7915004396377385, 0.7915023154254228, 0.7915023154254228, 0.7915060670007914, 0.7915060670007914, 0.7922432222515314, 0.7922432222515314, 0.7924691667399396, 0.7924691667399396, 0.7940438025733463, 0.7940438025733463, 0.8045022128432838, 0.8045022128432838, 0.8135550279902694, 0.8135550279902694, 0.8149251443477241], "iters": [0, 0, 1, 2, 3, 9, 10, 18, 19, 32, 33, 33, 34, 34, 35, 36, 37, 40, 41, 43, 44, 44, 45, 70, 71, 72, 73, 112, 113, 115, 116, 124, 125, 131, 132, 145, 146, 156, 157, 164, 165, 183, 184, 226, 227, 271, 272, 346, 347, 354, 355, 383, 384, 404, 405, 437, 438, 481, 482, 765, 766, 784, 785], "finalScore": 0.8149251443477241, "finalIter": 1000}