{"title": "interpolate_crossing_4", "popultion": 20, "subpopulation": 30, "number_of_rect": 20, "scores": [0.6164710864913978, 0.6164710864913978, 0.6580330900671181, 0.6580330900671181, 0.6696636917846361, 0.6696636917846361, 0.7034933907793312, 0.7034933907793312, 0.7200302910401829, 0.7200302910401829, 0.7307652187930479, 0.7307652187930479, 0.7430144933907793, 0.7430144933907793, 0.7546263225768634, 0.7546263225768634, 0.7563925232275271, 0.7563925232275271, 0.7602646765731704], "iters": [0, 0, 1, 1, 2, 2, 3, 3, 4, 4, 5, 5, 6, 7, 8, 11, 12, 13, 14], "finalScore": 0.7602646765731704, "finalIter": 20}