{"title": "interpolate_crossing_0", "popultion": 20, "subpopulation": 30, "number_of_rect": 20, "scores": [0.6541041648348428, 0.6541041648348428, 0.6572225592778218, 0.6572225592778218, 0.6790135115331632, 0.6790135115331632, 0.7050081772619361, 0.7050081772619361, 0.7123543333626425, 0.7123543333626425, 0.7187680471291655, 0.7187680471291655, 0.7212412585362994, 0.7212412585362994, 0.7320278730326211, 0.7320278730326211, 0.7381820246783317, 0.7381820246783317, 0.7459497054427152, 0.7459497054427152, 0.7461919604912219, 0.7461919604912219, 0.762320906239925, 0.762320906239925, 0.7637915237844016, 0.7637915237844016, 0.7708661596178082], "iters": [0, 0, 1, 1, 2, 2, 3, 3, 4, 4, 5, 5, 6, 6, 7, 10, 11, 13, 14, 14, 15, 15, 16, 16, 17, 18, 19], "finalScore": 0.7708661596178082, "finalIter": 20}