{"title": "interpolate_crossing_1", "popultion": 20, "subpopulation": 30, "number_of_rect": 20, "scores": [0.6418497171663883, 0.6418497171663883, 0.7008370262903367, 0.7008370262903367, 0.7088026466191858, 0.7088026466191858, 0.7117010903015915, 0.7117010903015915, 0.7121744042908643, 0.7121744042908643, 0.7429084234590697, 0.7429084234590697, 0.7434995017438963, 0.7434995017438963, 0.7443722998915561, 0.7443722998915561, 0.7465441689381282, 0.7465441689381282, 0.7478164805533574, 0.7478164805533574, 0.7489194144025324, 0.7489194144025324, 0.7509122922711685, 0.7509122922711685, 0.7513474457047393, 0.7513474457047393, 0.7552266918725636, 0.7552266918725636, 0.7604694891409478, 0.7604694891409478, 0.7606527887687212, 0.7606527887687212, 0.7618762712857938, 0.7618762712857938, 0.7642647938099006, 0.7642647938099006, 0.7644261115507489, 0.7644261115507489, 0.776810618716844, 0.776810618716844, 0.7855465429819163, 0.7855465429819163, 0.7895838535713239, 0.7895838535713239, 0.7897065125003664, 0.7897065125003664, 0.7900802631964594, 0.7900802631964594, 0.7906716052639292, 0.7906716052639292, 0.7912098390925877, 0.7912098390925877, 0.7943528972126968, 0.7943528972126968, 0.7956344412204344, 0.7956344412204344, 0.8009015358011665, 0.8009015358011665, 0.8025291040182889, 0.8025291040182889, 0.8069383920982444, 0.8069383920982444, 0.8079915736100121, 0.8079915736100121, 0.8091962689410592, 0.8091962689410592, 0.8129405023593892, 0.8129405023593892, 0.8146981447287436, 0.8146981447287436, 0.8156766757525132, 0.8156766757525132, 0.8173865734634661, 0.8173865734634661, 0.8195314487528943, 0.8195314487528943, 0.8196707699522261, 0.8196707699522261, 0.8216162988364255, 0.8216162988364255, 0.8232280107857792, 0.8232280107857792, 0.825132404232246, 0.825132404232246, 0.8273673612942936, 0.8273673612942936, 0.8285524927459773, 0.8285524927459773, 0.8308743222251531, 0.8308743222251531, 0.8327704797913187, 0.8327704797913187, 0.833432163896949, 0.833432163896949, 0.83383683578065, 0.83383683578065, 0.8339777396758404, 0.8339777396758404, 0.8360768047129166, 0.8360768047129166, 0.8375763650751781, 0.8375763650751781, 0.8378381400392743, 0.8378381400392743, 0.8378521205193588, 0.8378521205193588, 0.8389196488759929, 0.8389196488759929, 0.8410543245698877, 0.8410543245698877, 0.8466258536299422, 0.8466258536299422, 0.8482110554236643, 0.8482110554236643, 0.8488159383334799, 0.8488159383334799, 0.8492098244379964, 0.8492098244379964, 0.8498808728274568, 0.8498808728274568, 0.8499038805357718, 0.8499038805357718, 0.8499562267358363, 0.8499562267358363, 0.8505284152524986, 0.8505284152524986, 0.8505834432427679, 0.8505834432427679, 0.8508266215305255, 0.8508266215305255, 0.8513790996219115, 0.8513790996219115, 0.8520342770890119, 0.8520342770890119, 0.8526595005715291, 0.8526595005715291, 0.854183695301738, 0.854183695301738, 0.8555809519622498, 0.8555809519622498, 0.8556108033646941, 0.8556108033646941, 0.8558048741170609, 0.8558048741170609, 0.8561991998593159, 0.8561991998593159, 0.8562034203816056, 0.8562034203816056, 0.8587045487851344, 0.8587045487851344, 0.8591259269028987, 0.8591259269028987, 0.8591631788739412, 0.8591631788739412, 0.8592863360590873, 0.8592863360590873, 0.8596383100325332, 0.8596383100325332, 0.8598967144406342, 0.8598967144406342, 0.8599742665377063], "iters": [0, 0, 1, 1, 2, 3, 4, 4, 5, 7, 8, 10, 11, 11, 12, 12, 13, 13, 14, 14, 15, 16, 17, 17, 18, 18, 19, 19, 20, 22, 23, 23, 24, 24, 25, 25, 26, 26, 27, 28, 29, 31, 32, 35, 36, 40, 41, 44, 45, 48, 49, 56, 57, 84, 85, 134, 135, 136, 137, 138, 139, 143, 144, 151, 152, 153, 154, 156, 157, 158, 159, 159, 160, 162, 163, 166, 167, 170, 171, 175, 176, 179, 180, 183, 184, 187, 188, 194, 195, 207, 208, 209, 210, 215, 216, 221, 222, 224, 225, 226, 227, 240, 241, 246, 247, 259, 260, 264, 265, 277, 278, 294, 295, 385, 386, 475, 476, 599, 600, 629, 630, 638, 639, 645, 646, 647, 648, 651, 652, 656, 657, 659, 660, 678, 679, 680, 681, 697, 698, 703, 704, 735, 736, 747, 748, 769, 770, 802, 803, 825, 826, 832, 833, 846, 847, 921, 922, 956, 957, 966, 967], "finalScore": 0.8599742665377063, "finalIter": 1000}