{"title": "mean_crossing_1", "popultion": 20, "subpopulation": 30, "number_of_rect": 20, "scores": [0.6118429760543979, 0.6118429760543979, 0.6123510653887863, 0.6123510653887863, 0.6135539142413318, 0.6135539142413318, 0.6145546323163047, 0.6145546323163047, 0.6157370087048273, 0.6157370087048273, 0.6171720742108503, 0.6171720742108503, 0.6172501978369823, 0.6172501978369823, 0.6174541604384653, 0.6174541604384653, 0.6179670271696123, 0.6179670271696123, 0.6186352472229549, 0.6186352472229549, 0.6186685717635335, 0.6186685717635335, 0.6206224391101732, 0.6206224391101732, 0.6209718045663706, 0.6209718045663706, 0.6213081127817346, 0.6213081127817346, 0.6216067880066825, 0.6216067880066825, 0.6226780386295026, 0.6226780386295026, 0.622987279814766, 0.622987279814766, 0.6229963216975878, 0.6229963216975878, 0.6235921187608078, 0.6235921187608078, 0.624014214953545, 0.624014214953545, 0.6240695946540051, 0.6240695946540051, 0.6240978487059996, 0.6240978487059996, 0.6245360649491486, 0.6245360649491486, 0.6249991793428882, 0.6249991793428882, 0.6275999443125531, 0.6275999443125531, 0.6293541575075472, 0.6293541575075472, 0.6305846742284358, 0.6305846742284358, 0.6313981798997625, 0.6313981798997625, 0.6325013482223981, 0.6325013482223981, 0.6333394589524899, 0.6333394589524899, 0.6336290190216595, 0.6336290190216595, 0.634322664790879, 0.634322664790879, 0.6345825932764735, 0.6345825932764735, 0.6350317271901287, 0.6350317271901287, 0.6361125179518743, 0.6361125179518743, 0.6370850552478091, 0.6370850552478091, 0.6383011371962836, 0.6383011371962836, 0.6411514112371406, 0.6411514112371406, 0.6416144816671063, 0.6416144816671063, 0.6430702541106128, 0.6430702541106128, 0.6435759840558046, 0.6435759840558046, 0.6447107476772473, 0.6447107476772473, 0.6461184823705266, 0.6461184823705266, 0.6469841144230488, 0.6469841144230488, 0.6500328262844749, 0.6500328262844749, 0.6552140009965122, 0.6552140009965122, 0.6568033940033413, 0.6568033940033413, 0.6629147835516868, 0.6629147835516868, 0.6637344881151265, 0.6637344881151265, 0.6655529323837158, 0.6655529323837158, 0.6672185292652189, 0.6672185292652189, 0.6693698818839943, 0.6693698818839943, 0.6700796770128081, 0.6700796770128081, 0.6708011371962836, 0.6708011371962836, 0.6784595386734664, 0.6784595386734664, 0.6827363199390368, 0.6827363199390368, 0.6870199888625106, 0.6870199888625106, 0.6907006067000792, 0.6907006067000792, 0.6951552947038306, 0.6951552947038306, 0.6996860400363434, 0.6996860400363434, 0.7043346229373663, 0.7043346229373663, 0.7067830827398224, 0.7067830827398224, 0.7070289281631935, 0.7070289281631935, 0.7106230252938246, 0.7106230252938246, 0.7117029221255019, 0.7117029221255019, 0.713883466690114, 0.713883466690114, 0.71524423341833, 0.71524423341833, 0.7207052082417421, 0.7207052082417421, 0.7211518508748791, 0.7211518508748791, 0.7217359389196636, 0.7217359389196636, 0.7231695243119669, 0.7231695243119669, 0.7234698701603213, 0.7234698701603213, 0.7276630762918022, 0.7276630762918022, 0.7283536006330784, 0.7283536006330784, 0.729785852457575, 0.729785852457575, 0.7311623142530554, 0.7311623142530554, 0.7318261379290132, 0.7318261379290132, 0.7337280107857792, 0.7337280107857792, 0.7353459216272458, 0.7353459216272458, 0.7363265336029778, 0.7363265336029778, 0.7370750608165538, 0.7370750608165538, 0.7381929276942466, 0.7381929276942466, 0.7420094961751518, 0.7420094961751518, 0.7427282892230136, 0.7427282892230136, 0.7440662094434186, 0.7440662094434186, 0.7507630206043554, 0.7507630206043554, 0.7527143966704768, 0.7527143966704768, 0.7539718045663706, 0.7539718045663706, 0.7542947331398927, 0.7542947331398927, 0.755378191037252, 0.755378191037252, 0.7570911075940092, 0.7570911075940092, 0.7605347753451156, 0.7605347753451156, 0.7614906210615786, 0.7614906210615786, 0.7620879715114746, 0.7620879715114746, 0.7665826079310648, 0.7665826079310648, 0.7694304639643601, 0.7694304639643601, 0.7715144054632317, 0.7715144054632317, 0.7720512471057182, 0.7720512471057182, 0.7728482370526686, 0.7728482370526686, 0.7733284386998447, 0.7733284386998447, 0.776118189278701, 0.776118189278701, 0.7786014976992292, 0.7786014976992292, 0.7790299100208096, 0.7790299100208096, 0.7803030422931504, 0.7803030422931504, 0.7823601219261995, 0.7823601219261995, 0.7825507635042058, 0.7825507635042058, 0.782899235030335, 0.782899235030335, 0.7844877780708697, 0.7844877780708697, 0.7854211143351212, 0.7854211143351212, 0.7883208476215599, 0.7883208476215599, 0.789108517248454, 0.789108517248454, 0.7896405668395908, 0.7896405668395908, 0.7905012309856678, 0.7905012309856678, 0.7907068935197398, 0.7907068935197398, 0.7909531932354407, 0.7909531932354407, 0.7911856443623787, 0.7911856443623787, 0.7920774788241156, 0.7920774788241156, 0.7942698056801196, 0.7942698056801196, 0.7943026612737771, 0.7943026612737771, 0.794764295553797, 0.794764295553797, 0.7953758756118292, 0.7953758756118292, 0.7974156628271638, 0.7974156628271638, 0.7984445616811747, 0.7984445616811747, 0.7998455845716463, 0.7998455845716463, 0.8009837040944928, 0.8009837040944928, 0.8014886866555292, 0.8014886866555292, 0.8033946921070372, 0.8033946921070372, 0.8036872563674199, 0.8036872563674199, 0.8041471320964858, 0.8041471320964858, 0.8046087663765058, 0.8046087663765058, 0.8061884580439052, 0.8061884580439052, 0.806830680852311, 0.806830680852311, 0.8092491133972274, 0.8092491133972274, 0.8096654796447726, 0.8096654796447726, 0.8113910284592163, 0.8113910284592163, 0.8125299832937659, 0.8125299832937659, 0.8128552272927108, 0.8128552272927108, 0.8163298748497905, 0.8163298748497905, 0.8168306515431285, 0.8168306515431285, 0.8208433863829538, 0.8208433863829538, 0.8211111697294763, 0.8211111697294763, 0.8211627392362026, 0.8211627392362026, 0.8230125882939126, 0.8230125882939126, 0.8254191066561154, 0.8254191066561154, 0.8258145754564905, 0.8258145754564905, 0.8260156804126733, 0.8260156804126733, 0.8270421026407574, 0.8270421026407574, 0.8272369793956447, 0.8272369793956447, 0.8278742782613793, 0.8278742782613793, 0.8280566986136757, 0.8280566986136757, 0.828385327823207, 0.828385327823207, 0.8289681848823236, 0.8289681848823236, 0.830472551950526, 0.830472551950526, 0.8306001494768311, 0.8306001494768311, 0.8312632550778158, 0.8312632550778158, 0.831559043348281, 0.831559043348281, 0.8315970280488877, 0.8315970280488877, 0.8321146575222017, 0.8321146575222017, 0.8325525513643425, 0.8325525513643425, 0.8325893783522378, 0.8325893783522378, 0.8328817814121164, 0.8328817814121164, 0.8340848500835312, 0.8340848500835312, 0.834735499281925, 0.834735499281925, 0.834853014449427, 0.834853014449427, 0.8348662182361734, 0.8348662182361734, 0.8351768222984262, 0.8351768222984262, 0.8356815117676368, 0.8356815117676368, 0.83630121046924, 0.83630121046924, 0.8366532723702336, 0.8366532723702336, 0.8375807907617456, 0.8375807907617456, 0.8377743046396436, 0.8377743046396436, 0.8384429057123597, 0.8384429057123597, 0.8388669656203288, 0.8388669656203288, 0.8393171253553738, 0.8393171253553738, 0.8403660277264867, 0.8403660277264867, 0.8436815850405932, 0.8436815850405932, 0.8439281045751634, 0.8439281045751634, 0.8445563615580761, 0.8445563615580761, 0.8446320085582812, 0.8446320085582812, 0.8446611272311615, 0.8446611272311615, 0.8455084703537619, 0.8455084703537619, 0.8457813974618248, 0.8457813974618248, 0.8458209648582902, 0.8458209648582902, 0.8461718983557549, 0.8461718983557549, 0.8469402092675635, 0.8469402092675635, 0.8472584776810574, 0.8472584776810574, 0.8472815879715114, 0.8472815879715114, 0.8480504997215628, 0.8480504997215628, 0.8484804654298191, 0.8484804654298191, 0.8492012954658694, 0.8492012954658694, 0.850171751809842],