{"title": "mean_crossing_1", "popultion": 20, "subpopulation": 30, "number_of_rect": 20, "scores": [0.6043551686743457, 0.6043551686743457, 0.6059034848618072, 0.6059034848618072, 0.6064511562472523, 0.6064511562472523, 0.6072439110173218, 0.6072439110173218, 0.6077508279844075, 0.6077508279844075, 0.6099446642633137, 0.6099446642633137, 0.6103063102670067, 0.6103063102670067, 0.610528488525455, 0.610528488525455, 0.6120752513262405, 0.6120752513262405, 0.6125896860986547, 0.6125896860986547, 0.6134243383452036, 0.6134243383452036, 0.6138370702541106, 0.6138370702541106, 0.6141699199859316, 0.6141699199859316, 0.6155322401008236, 0.6155322401008236, 0.6163694715554384, 0.6163694715554384, 0.6169187549459245, 0.6169187549459245, 0.6190928954541457, 0.6190928954541457, 0.6197669773440019, 0.6197669773440019, 0.6216683079808905, 0.6216683079808905, 0.6247549312699668, 0.6247549312699668, 0.6278135203259181, 0.6278135203259181, 0.6297348837890911, 0.6297348837890911, 0.6304372197309417, 0.6304372197309417, 0.6306600867551804, 0.6306600867551804, 0.6325872387819104, 0.6325872387819104, 0.6338366452709634, 0.6338366452709634, 0.6363554471115801, 0.6363554471115801, 0.6367575837509891, 0.6367575837509891, 0.6374873530877223, 0.6374873530877223, 0.6388453647527771, 0.6388453647527771, 0.6397933849174946, 0.6397933849174946, 0.640514009789267, 0.640514009789267, 0.6423862803716405, 0.6423862803716405, 0.6433412028488525, 0.6433412028488525, 0.6447734546733492, 0.6447734546733492, 0.6455180104926874, 0.6455180104926874, 0.6461483630821536, 0.6461483630821536, 0.6481205047041239, 0.6481205047041239, 0.6516428089920572, 0.6516428089920572, 0.6517128432838009, 0.6517128432838009, 0.6527293150444033, 0.6527293150444033, 0.6541153169788094, 0.6541153169788094, 0.6560953427708902, 0.6560953427708902, 0.6564392860283127, 0.6564392860283127, 0.6588981798997626, 0.6588981798997626, 0.6619968346082827, 0.6619968346082827, 0.6653288050646268, 0.6653288050646268, 0.6693938274861514, 0.6693938274861514, 0.6695135994607111, 0.6695135994607111, 0.671009100501187, 0.671009100501187, 0.6750824027667868, 0.6750824027667868, 0.6772141915061989, 0.6772141915061989, 0.6778786453295818, 0.6778786453295818, 0.6796060845863009, 0.6796060845863009, 0.6810431870805124, 0.6810431870805124, 0.6834722735132917, 0.6834722735132917, 0.6866162402180602, 0.6866162402180602, 0.6902903953808728, 0.6902903953808728, 0.6965129106949207, 0.6965129106949207, 0.6982426800316539, 0.6982426800316539, 0.6993956006916967, 0.6993956006916967, 0.7004337612473988, 0.7004337612473988, 0.7084755707963304, 0.7084755707963304, 0.7155175415457663, 0.7155175415457663, 0.7217760192268238, 0.7217760192268238, 0.7230912834491046, 0.7230912834491046, 0.7264637298865735, 0.7264637298865735, 0.7286659925554676, 0.7286659925554676, 0.7290435094815205, 0.7290435094815205, 0.7349484744570474, 0.7349484744570474, 0.736647659661772, 0.736647659661772, 0.7404533544359448, 0.7404533544359448, 0.7421531844426859, 0.7421531844426859, 0.7438688120988306, 0.7438688120988306, 0.7449552302236291, 0.7449552302236291, 0.7456142618482371, 0.7456142618482371, 0.7457875230809812, 0.7457875230809812, 0.7458799642427973, 0.7458799642427973, 0.7491350567132682, 0.7491350567132682, 0.7516621677071427, 0.7516621677071427, 0.7580527418740292, 0.7580527418740292, 0.7602221636038571, 0.7602221636038571, 0.7626119171136316, 0.7626119171136316, 0.7641441279052728, 0.7641441279052728, 0.7682025557607198, 0.7682025557607198, 0.7684010815088367, 0.7684010815088367, 0.7689008470353762, 0.7689008470353762, 0.77063747472083, 0.77063747472083, 0.7736623142530554, 0.7736623142530554, 0.7750213957032739, 0.7750213957032739, 0.7769230340865794, 0.7769230340865794, 0.7774122189982121, 0.7774122189982121, 0.7787651015563176, 0.7787651015563176, 0.7792780855241948, 0.7792780855241948, 0.7827024385239896, 0.7827024385239896, 0.7849135232568364, 0.7849135232568364, 0.7875909317389138, 0.7875909317389138, 0.7902920366950966, 0.7902920366950966, 0.7930844544095665, 0.7930844544095665, 0.794212960520531, 0.794212960520531, 0.7965235645827837, 0.7965235645827837, 0.7973309006711803, 0.7973309006711803, 0.797622014127026, 0.797622014127026, 0.7987459186963275, 0.7987459186963275, 0.7992907617456549, 0.7992907617456549, 0.7999509950467482, 0.7999509950467482, 0.7999665728772825, 0.7999665728772825, 0.8005354934200886, 0.8005354934200886, 0.8005394208505525, 0.8005394208505525, 0.801057651162109, 0.801057651162109, 0.8043566487880653, 0.8043566487880653, 0.8049686245200621, 0.8049686245200621, 0.8066416366247545, 0.8066416366247545, 0.8073178873941206, 0.8073178873941206, 0.8073394589524898, 0.8073394589524898, 0.8078949705442715, 0.8078949705442715, 0.8096177936047364, 0.8096177936047364, 0.8101471467510771, 0.8101471467510771, 0.8106236261320672, 0.8106236261320672, 0.8116027433394882, 0.8116027433394882, 0.8119096984085115, 0.8119096984085115, 0.813414124095079, 0.813414124095079, 0.8135836923708197, 0.8135836923708197, 0.8139941528180779, 0.8139941528180779, 0.8153126410504411, 0.8153126410504411, 0.8162976494035581, 0.8162976494035581, 0.8169413816348662, 0.8169413816348662, 0.8172950848500835, 0.8172950848500835, 0.8175552771183212, 0.8175552771183212, 0.8185591312758287, 0.8185591312758287, 0.8202825405199449, 0.8202825405199449, 0.8204265365338961, 0.8204265365338961, 0.8218287611008529, 0.8218287611008529, 0.822626718250828, 0.822626718250828, 0.8229477710366658, 0.8229477710366658, 0.8234622351182626, 0.8234622351182626, 0.8236080629561242, 0.8236080629561242, 0.824625736393212, 0.824625736393212, 0.8259873530877224, 0.8259873530877224, 0.8265598640053928, 0.8265598640053928, 0.827739631876667, 0.827739631876667, 0.8289831032562502, 0.8289831032562502, 0.8292826284474926, 0.8292826284474926, 0.8302584630264662, 0.8302584630264662, 0.8310988745273895, 0.8310988745273895, 0.8328727248747032, 0.8328727248747032, 0.8329628066473226, 0.8329628066473226, 0.8330737272487471, 0.8330737272487471, 0.833352032591811, 0.833352032591811, 0.8351244174799964, 0.8351244174799964, 0.8371336938362789, 0.8371336938362789, 0.838066077552097, 0.838066077552097, 0.838218793047862, 0.838218793047862, 0.8393991031390134, 0.8393991031390134, 0.8411604970837363, 0.8411604970837363, 0.8421014097716815, 0.8421014097716815, 0.8428563263870571, 0.8428563263870571, 0.8430754418359272, 0.8430754418359272, 0.8431879597878015, 0.8431879597878015, 0.8437679592016178, 0.8437679592016178, 0.8445956065535332, 0.8445956065535332, 0.8453458043905155, 0.8453458043905155, 0.8455229344353585, 0.8455229344353585, 0.846432163896949, 0.846432163896949, 0.846509203083326, 0.846509203083326, 0.8466332395439491, 0.8466332395439491, 0.8476854245435095, 0.8476854245435095, 0.8479048477387966, 0.8479048477387966, 0.848145901110818, 0.848145901110818, 0.8486079896831678, 0.8486079896831678, 0.8486665933937103, 0.8486665933937103, 0.8487498461267915, 0.8487498461267915, 0.8488650458688707, 0.8488650458688707, 0.8492490547788623, 0.8492490547788623, 0.849381239192239, 0.849381239192239, 0.8497255634690348, 0.8497255634690348, 0.8499615756616548, 0.8499615756616548, 0.8500751927078753, 0.8500751927078753, 0.8500827105132038, 0.8500827105132038, 0.8503703947946892, 0.8503703947946892, 0.8504525191242416, 0.8504525191242416, 0.850868475043231, 0.850868475043231, 0.8511891468096955, 0.8511891468096955, 0.8516029778129488, 0.8516029778129488, 0.8518172425921041, 0.8518172425921041, 0.8524723028224743, 0.8524723028224743, 0.8529937717987045, 0.8529937717987045, 0.8532785691257071, 0.8532785691257071, 0.853742474867376, 0.853742474867376, 0.8540016120050412, 0.8540016120050412, 0.8547345027697177, 0.8547345027697177, 0.8552327442187637, 0.8552327442187637, 0.8557878015182157, 0.8557878015182157, 0.8579457193938861, 0.8579457193938861, 0.858392874937718, 0.858392874937718, 0.8592942202291978, 0.8592942202291978, 0.8594153843899294, 0.8594153843899294, 0.8598179313578944, 0.8598179313578944, 0.8599582930332073, 