{"title": "mean_crossing_2", "popultion": 20, "subpopulation": 30, "number_of_rect": 20, "scores": [0.6487066883554617, 0.6487066883554617, 0.6502664204695331, 0.6502664204695331, 0.6517527623904569, 0.6517527623904569, 0.6517814560801899, 0.6517814560801899, 0.6519208652070694, 0.6519208652070694, 0.6519367800932032, 0.6519367800932032, 0.6520375597174595, 0.6520375597174595, 0.652055995193294, 0.652055995193294, 0.652076570239456, 0.652076570239456, 0.6521366833729008, 0.6521366833729008, 0.652158152349131, 0.652158152349131, 0.6522393680940239, 0.6522393680940239, 0.6523134177437792, 0.6523134177437792, 0.6524332336821126, 0.6524332336821126, 0.6524708520179372, 0.6524708520179372, 0.6525359623670096, 0.6525359623670096, 0.6527221049854919, 0.6527221049854919, 0.6527843430346727, 0.6527843430346727, 0.653045912834491, 0.653045912834491, 0.6536404935666345, 0.6536404935666345, 0.6536589143878777, 0.6536589143878777, 0.653741287845482, 0.653741287845482, 0.6545886309680823, 0.6545886309680823, 0.6546521439667048, 0.6546521439667048, 0.6554301122541693, 0.6554301122541693, 0.6554800257920808, 0.6554800257920808, 0.6555176001641314, 0.6555176001641314, 0.6555782115536797, 0.6555782115536797, 0.6555883671854392, 0.6555883671854392, 0.6556169143292594, 0.6556169143292594, 0.6556726164307277, 0.6556726164307277, 0.6580779917348105, 0.6580779917348105, 0.6587489961604971, 0.6587489961604971, 0.659172631085319, 0.659172631085319, 0.6604955743134324, 0.6604955743134324, 0.6609034848618072, 0.6609034848618072, 0.6623631114628212, 0.6623631114628212, 0.6625672938831736, 0.6625672938831736, 0.6652535683929776, 0.6652535683929776, 0.6656129868987954, 0.6656129868987954, 0.6671898209208945, 0.6671898209208945, 0.6699775345115624, 0.6699775345115624, 0.6708653389606964, 0.6708653389606964, 0.6713542307805036, 0.6713542307805036, 0.6716030657404966, 0.6716030657404966, 0.671763211114042, 0.671763211114042, 0.6721638969489141, 0.6721638969489141, 0.6724145051144523, 0.6724145051144523, 0.6725460300712214, 0.6725460300712214, 0.6727463876432487, 0.6727463876432487, 0.6727711832117003, 0.6727711832117003, 0.6728692517365691, 0.6728692517365691, 0.6729087165508953, 0.6729087165508953, 0.6730775374424807, 0.6730775374424807, 0.6733066326680148, 0.6733066326680148, 0.673366819074416, 0.673366819074416, 0.6733730619303028, 0.6733730619303028, 0.673575896128257, 0.673575896128257, 0.673597453032035, 0.673597453032035, 0.673777220903309, 0.673777220903309, 0.6737821741551628, 0.6737821741551628, 0.6742231161522905, 0.6742231161522905, 0.6743522377560889, 0.6743522377560889, 0.6744253641665934, 0.6744253641665934, 0.6744343327764588, 0.6744343327764588, 0.6747427093408365, 0.6747427093408365, 0.6754953544945631, 0.6754953544945631, 0.6763662035815821, 0.6763662035815821, 0.6787749494416601, 0.6787749494416601, 0.6794056390867258, 0.6794056390867258, 0.6805068583487206, 0.6805068583487206, 0.6805929394179197, 0.6805929394179197, 0.6857263694715554, 0.6857263694715554, 0.6868550954013892, 0.6868550954013892, 0.6892492745977314, 0.6892492745977314, 0.6899902107330227, 0.6899902107330227, 0.6901058208036578, 0.6901058208036578, 0.6903044930976875, 0.6903044930976875, 0.690312787596354, 0.690312787596354, 0.6904761569799818, 0.6904761569799818, 0.6905846742284358, 0.6905846742284358, 0.6906043113807556, 0.6906043113807556, 0.6907297400275506, 0.6907297400275506, 0.6907861748585833, 0.6907861748585833, 0.6908070283419796, 0.6908070283419796, 0.6909552595328117, 0.6909552595328117, 0.6910926756352765, 0.6910926756352765, 0.6914894633488673, 0.6914894633488673, 0.6914911193176823, 0.6914911193176823, 0.6917528942817786, 0.6917528942817786, 0.6923204666021865, 0.6923204666021865, 0.6925675283566342, 0.6925675283566342, 0.6929857264280899, 0.6929857264280899, 0.6930868431079458, 0.6930868431079458, 0.6935467041824204, 0.6935467041824204, 0.6939178170520824, 0.6939178170520824, 0.6939988862510624, 0.6939988862510624, 0.694409786336059, 0.694409786336059, 0.6951864503648993, 0.6951864503648993, 0.6963664380550426, 0.6963664380550426, 0.6964094932442334, 0.6964094932442334, 0.7106443184149593, 0.7106443184149593, 0.7111653770626337, 0.7111653770626337, 0.7117293590081772, 0.7117293590081772, 0.7153628037164044, 0.7153628037164044, 0.7157663325419854, 0.7157663325419854, 0.7157921392772355, 0.7157921392772355, 0.7158347987924616, 0.7158347987924616, 0.7159961311879012, 0.7159961311879012, 0.7160009818576161, 0.7160009818576161, 0.7162190714850962, 0.7162190714850962, 0.7162218265482576, 0.7162218265482576, 0.7162284211143352, 0.7162284211143352, 0.7162924323690611, 0.7162924323690611, 0.7163499076760749, 0.7163499076760749, 0.7163538790703128, 0.7163538790703128, 0.716418154107682, 0.716418154107682, 0.7164294821067441, 0.7164294821067441, 0.7164385532987485, 0.7164385532987485, 0.716463290248835, 0.716463290248835, 0.7164707640903896, 0.7164707640903896, 0.7166640288402357, 0.7166640288402357, 0.7169138896216185, 0.7169138896216185, 0.7171207098684018, 0.7171207098684018, 0.7171899967759898, 0.7171899967759898, 0.7173109557724435, 0.7173109557724435, 0.7175197543890501, 0.7175197543890501, 0.7177290952255342, 0.7177290952255342, 0.7180287962718719, 0.7180287962718719, 0.7181366247545355, 0.7181366247545355, 0.7188401184090976, 0.7188401184090976, 0.7189101380462499, 0.7189101380462499, 0.7191915208534834, 0.7191915208534834, 0.7192551657434274, 0.7192551657434274, 0.7193571323895777, 0.7193571323895777, 0.7194998827632697, 0.7194998827632697, 0.7196619332336821, 0.7196619332336821, 0.7196660072100589, 0.7196660072100589, 0.7196836806471467, 0.7196836806471467, 0.7197084175972333, 0.7197084175972333, 0.7197088425803804, 0.7197088425803804, 0.719712286409332, 0.719712286409332, 0.7197129458659397, 0.7197129458659397, 0.7197130191388962, 0.7197130191388962, 0.7197136785955041, 0.7197136785955041, 0.7197137225592778, 0.7197137225592778, 0.719713781177643], "iters": [0, 30, 31, 31, 32, 47, 48, 57, 58, 81, 82, 83, 84, 85, 86, 88, 89, 94, 95, 95, 96, 100, 101, 102, 103, 104, 105, 107, 108, 114, 115, 119, 120, 121, 122, 123, 124, 125, 126, 138, 139, 139, 140, 143, 144, 148, 149, 149, 150, 155, 156, 158, 159, 172, 173, 192, 193, 193, 194, 226, 227, 240, 241, 251, 252, 252, 253, 253, 254, 254, 255, 256, 257, 257, 258, 258, 259, 259, 260, 261, 262, 262, 263, 263, 264, 264, 265, 265, 266, 269, 270, 270, 271, 272, 273, 285, 286, 292, 293, 301, 302, 311, 312, 314, 315, 317, 318, 323, 324, 327, 328, 331, 332, 333, 334, 334, 335, 336, 337, 341, 342, 342, 343, 343, 344, 344, 345, 346, 347, 347, 348, 351, 352, 352, 353, 360, 361, 362, 363, 363, 364, 364, 365, 365, 366, 366, 367, 367, 368, 370, 371, 372, 373, 373, 374, 376, 377, 379, 380, 380, 381, 382, 383, 383, 384, 384, 385, 385, 386, 386, 387, 387, 388, 390, 391, 395, 396, 396, 397, 397, 398, 399, 400, 400, 401, 403, 404, 405, 406, 407, 408, 409, 410, 411, 412, 412, 413, 414, 415, 415, 416, 416, 417, 418, 419, 419, 420, 420, 421, 428, 429, 432, 433, 435, 436, 441, 442, 451, 452, 468, 469, 495, 496, 497, 498, 500, 501, 514, 515, 526, 527, 527, 528, 530, 531, 532, 533, 535, 536, 546, 547, 547, 548, 555, 556, 570, 571, 579, 580, 583, 584, 588, 589, 597, 598, 614, 615, 617, 618, 622, 623, 628, 629, 629, 630, 632, 633, 638, 639, 641, 642, 644, 645, 647, 648, 655, 656, 658, 659, 678, 679, 680, 681, 796, 797, 811, 812, 823, 824, 912, 913, 963, 964], "finalScore": 0.719713781177643, "finalIter": 1000}