{"title": "mean_crossing_0", "popultion": 20, "subpopulation": 30, "number_of_rect": 20, "scores": [0.645288182537589, 0.645288182537589, 0.6455966030657405, 0.6455966030657405, 0.6468379641841788, 0.6468379641841788, 0.6473205398751429, 0.6473205398751429, 0.6482335502212844, 0.6482335502212844, 0.6503945309065331, 0.6503945309065331, 0.6520153726662563, 0.6520153726662563, 0.6526244028254052, 0.6526244028254052, 0.6534666901140127, 0.6534666901140127, 0.6541726750490928, 0.6541726750490928, 0.6561487294469357, 0.6561487294469357, 0.6565055540900965, 0.6565055540900965, 0.6573383012397784, 0.6573383012397784, 0.6594308889475073, 0.6594308889475073, 0.6595197104252762, 0.6595197104252762, 0.6613556083120842, 0.6613556083120842, 0.6616470734781207, 0.6616470734781207, 0.6622129898297137, 0.6622129898297137, 0.670351255898473, 0.670351255898473, 0.6717762537002843, 0.6717762537002843, 0.6838711421788446, 0.6838711421788446, 0.6883121867581112, 0.6883121867581112, 0.6904111345584572, 0.6904111345584572, 0.6946063044051701, 0.6946063044051701, 0.7027111580058032, 0.7027111580058032, 0.7066297077874498, 0.7066297077874498, 0.7083098127143234, 0.7083098127143234, 0.7092501538732086, 0.7092501538732086, 0.71027928720068, 0.71027928720068, 0.71057284797327, 0.71057284797327, 0.710658049766992, 0.710658049766992, 0.7108947507254022, 0.7108947507254022, 0.7127431196693925, 0.7127431196693925, 0.7136355696239631, 0.7136355696239631, 0.714153448225329, 0.714153448225329, 0.7145987572906591, 0.7145987572906591, 0.7171192883730473, 0.7171192883730473, 0.7177805035317565, 0.7177805035317565, 0.7180060816553826, 0.7180060816553826, 0.7190655499868108, 0.7190655499868108, 0.7197977080219233, 0.7197977080219233, 0.7200914153404261, 0.7200914153404261, 0.7214102406283889, 0.7214102406283889, 0.7223331574782379, 0.7223331574782379, 0.7231242709340837, 0.7231242709340837, 0.7235660042791406, 0.7235660042791406, 0.7246432339752045, 0.7246432339752045, 0.7257083003605029, 0.7257083003605029, 0.7285444473753626, 0.7285444473753626, 0.7288097687505495, 0.7288097687505495, 0.7291016149359595, 0.7291016149359595, 0.7327051056596032, 0.7327051056596032, 0.7345679679943726, 0.7345679679943726, 0.7362335502212843, 0.7362335502212843, 0.7364996482898092, 0.7364996482898092, 0.7383713766523052, 0.7383713766523052, 0.7388742342976055, 0.7388742342976055, 0.739389563000088, 0.739389563000088, 0.7394528854890237, 0.7394528854890237, 0.7440851724845394, 0.7440851724845394, 0.7449936252527917, 0.7449936252527917, 0.7455038101937337, 0.7455038101937337, 0.7476400246197134, 0.7476400246197134, 0.7477671385445059, 0.7477671385445059, 0.7523806236994051, 0.7523806236994051, 0.7527853542014713, 0.7527853542014713, 0.754669480348193, 0.754669480348193, 0.7573402796096017, 0.7573402796096017, 0.7574668366599255, 0.7574668366599255, 0.7575014068407632, 0.7575014068407632, 0.758706497845775, 0.758706497845775, 0.7597496702716962, 0.7597496702716962, 0.7645919575603036, 0.7645919575603036, 0.767574240159442, 0.767574240159442, 0.7681506638529851, 0.7681506638529851, 0.7689189161464287, 0.7689189161464287, 0.7696564084527683, 0.7696564084527683, 0.7719651660365192, 0.7719651660365192, 0.7723858553884932, 0.7723858553884932, 0.7739098596090155, 0.7739098596090155, 0.7786291655675723, 0.7786291655675723, 0.7858241449045986, 0.7858241449045986, 0.7887866731146869, 0.7887866731146869, 0.7913415105952695, 0.7913415105952695, 0.795295421905683, 0.795295421905683, 0.7960511005598054, 0.7960511005598054, 0.7967702013540843, 0.7967702013540843, 0.7986762947331398, 0.7986762947331398, 0.7986920337641783, 0.7986920337641783, 0.7994672909522553, 0.7994672909522553, 0.8001158298895044, 0.8001158298895044, 0.800891687915824, 0.800891687915824, 0.8018518567367157, 0.8018518567367157, 0.802377516926053, 0.802377516926053, 0.8031299276063191, 0.8031299276063191, 0.8044640229783991, 0.8044640229783991, 0.8054410445792667, 0.8054410445792667, 0.8060854069579999, 0.8060854069579999, 0.8072642662446144, 0.8072642662446144, 0.8077514288226502, 0.8077514288226502, 0.8082314399601396, 0.8082314399601396, 0.8083736334593628, 0.8083736334593628, 0.8100066092206688, 0.8100066092206688, 0.8103944869427592, 0.8103944869427592, 0.8113067645593364, 0.8113067645593364, 0.8135511152143966, 0.8135511152143966, 0.8143122453764764, 0.8143122453764764, 0.8149109000849966, 0.8149109000849966, 0.8149508045370615, 0.8149508045370615, 0.8156848676690407, 0.8156848676690407, 0.8159615610070635, 0.8159615610070635, 0.8165242093848003, 0.8165242093848003, 0.8167547993786453, 0.8167547993786453, 0.8171939974794102, 0.8171939974794102, 0.8175062721650693, 0.8175062721650693, 0.8180840587356019, 0.8180840587356019, 0.8181426624461443, 0.8181426624461443, 0.8186481432632844, 0.8186481432632844, 0.8187259591429995, 0.8187259591429995, 0.8194770216008676, 0.8194770216008676, 0.819767241126645, 0.819767241126645, 0.8200831794601249, 0.8200831794601249, 0.8201347050030775, 0.8201347050030775, 0.8222582578621882, 0.8222582578621882, 0.8225495471731293, 0.8225495471731293, 0.8226768955713826, 0.8226768955713826, 0.8232025264515372, 0.8232025264515372, 0.8236630469826196, 0.8236630469826196, 0.8237955684515958, 0.8237955684515958, 0.8245559805387028, 0.8245559805387028, 0.8250703420381605, 0.8250703420381605, 0.8252502271461649, 0.8252502271461649, 0.8262459333509189, 0.8262459333509189, 0.8268198511093525, 0.8268198511093525, 0.8271665347753451, 0.8271665347753451, 0.8285098625399338, 0.8285098625399338, 0.8293524136111844, 0.8293524136111844, 0.8297877428998506, 0.8297877428998506, 0.8304005099797767, 0.8304005099797767, 0.8311575661654796, 0.8311575661654796, 0.831351768809168, 0.831351768809168, 0.8315286204167766, 0.8315286204167766, 0.832029675547349, 0.832029675547349, 0.8333880389225945, 0.8333880389225945, 0.8341578885664879, 0.8341578885664879, 0.8341593540256163, 0.8341593540256163, 0.834267446290923, 0.834267446290923, 0.8352095020369882, 0.8352095020369882, 0.8353631261174126, 0.8353631261174126, 0.8354472581259709, 0.8354472581259709, 0.8356959318854598, 0.8356959318854598, 0.8368494826929277, 0.8368494826929277, 0.8374980509393593, 0.8374980509393593, 0.837714557870981, 0.837714557870981, 0.8377527184266831, 0.8377527184266831, 0.838359579706322, 0.838359579706322, 0.8388907353673907, 0.8388907353673907, 0.8392269703097981, 0.8392269703097981, 0.8393231337378, 0.8393231337378, 0.8399368240569771, 0.8399368240569771, 0.8400200328262845, 0.8400200328262845, 0.8407058530437586, 0.8407058530437586, 0.8407091649813887],