{"title": "interpolate_crossing_2", "popultion": 20, "subpopulation": 30, "number_of_rect": 20, "scores": [0.7358445880594391, 0.7358445880594391, 0.7367294908994988, 0.7367294908994988, 0.7391085612122278, 0.7391085612122278, 0.7394659866936311, 0.7394659866936311, 0.7418769014332189, 0.7418769014332189, 0.7420402561622557, 0.7420402561622557, 0.7434787068788651, 0.7434787068788651, 0.7435569477417274, 0.7435569477417274, 0.7446777162284943, 0.7446777162284943, 0.7464194437117149, 0.7464194437117149, 0.7466439960139513, 0.7466439960139513, 0.7518939300682904, 0.7518939300682904, 0.7521854685072833, 0.7521854685072833, 0.7568821770860811, 0.7568821770860811, 0.7574183299627774, 0.7574183299627774, 0.7576958293033207, 0.7576958293033207, 0.757886207098684, 0.757886207098684, 0.7596248278085524, 0.7596248278085524, 0.760143732231308, 0.760143732231308, 0.7610719100794279, 0.7610719100794279, 0.7616735543245698, 0.7616735543245698, 0.7616779946657288, 0.7616779946657288, 0.7625315073712594, 0.7625315073712594, 0.7639357982355872, 0.7639357982355872, 0.7648056361558075, 0.7648056361558075, 0.7654078958937836, 0.7654078958937836, 0.7674124827808553, 0.7674124827808553, 0.7685459567982649, 0.7685459567982649, 0.7688047715349219, 0.7688047715349219, 0.7693226794454703, 0.7693226794454703, 0.7694655910196665, 0.7694655910196665, 0.769545546469709, 0.769545546469709, 0.7696222046367127, 0.7696222046367127, 0.7697465928075267, 0.7697465928075267, 0.7698300653594772, 0.7698300653594772, 0.7701654210264075, 0.7701654210264075, 0.7787934874996336, 0.7787934874996336, 0.7790224068700724, 0.7790224068700724, 0.7792477798294206, 0.7792477798294206, 0.7792726779800111, 0.7792726779800111, 0.7793500981857616, 0.7793500981857616, 0.7794286467950409, 0.7794286467950409, 0.7798671854391981, 0.7798671854391981, 0.7804048477387966, 0.7804048477387966, 0.7804318708051232, 0.7804318708051232, 0.7804401653037897, 0.7804401653037897, 0.7804404583956154], "iters": [0, 5, 6, 6, 7, 7, 8, 8, 9, 9, 10, 11, 12, 12, 13, 14, 15, 16, 17, 18, 19, 19, 20, 21, 22, 22, 23, 24, 25, 25, 26, 27, 28, 29, 30, 36, 37, 38, 39, 41, 42, 42, 43, 44, 45, 47, 48, 49, 50, 51, 52, 52, 53, 61, 62, 65, 66, 70, 71, 73, 74, 78, 79, 79, 80, 81, 82, 82, 83, 83, 84, 85, 86, 90, 91, 91, 92, 103, 104, 106, 107, 107, 108, 108, 109, 109, 110, 110, 111, 113, 114, 118, 119], "finalScore": 0.7804404583956154, "finalIter": 1000}