{"title": "interpolate_crossing_3", "popultion": 20, "subpopulation": 30, "number_of_rect": 20, "scores": [0.6970709428764033, 0.6970709428764033, 0.6987757407895894, 0.6987757407895894, 0.748575793546118, 0.748575793546118, 0.7491272751252968, 0.7491272751252968, 0.7516602626102757, 0.7516602626102757, 0.7520796916673994, 0.7520796916673994, 0.7537726926346024, 0.7537726926346024, 0.7618333479879247, 0.7618333479879247, 0.7789024736950086, 0.7789024736950086, 0.7877788475629415, 0.7877788475629415, 0.7893580702834198, 0.7893580702834198, 0.7908907646765732, 0.7908907646765732, 0.7964819455435388, 0.7964819455435388, 0.797403836571998, 0.797403836571998, 0.7999123215803511, 0.7999123215803511, 0.8028605615639379, 0.8028605615639379, 0.8050672499193997, 0.8050672499193997, 0.8083460095547935, 0.8083460095547935, 0.8098439432574225, 0.8098439432574225, 0.8101152290512618, 0.8101152290512618, 0.8105342917436033, 0.8105342917436033, 0.8125847035376184, 0.8125847035376184, 0.8134148861338257, 0.8134148861338257, 0.8146896304112079, 0.8146896304112079, 0.8156651572437645, 0.8156651572437645, 0.8165355227292711, 0.8165355227292711, 0.8214868987953926, 0.8214868987953926, 0.8240590433482811, 0.8240590433482811, 0.8252532020281954, 0.8252532020281954, 0.8262418447199508, 0.8262418447199508, 0.8266000762038747, 0.8266000762038747, 0.8275457076702131, 0.8275457076702131, 0.8282939271373722, 0.8282939271373722, 0.8285800580321815, 0.8285800580321815, 0.8285842492452886, 0.8285842492452886, 0.8290940238576746, 0.8290940238576746, 0.8300965884111492, 0.8300965884111492, 0.8314772267651456, 0.8314772267651456, 0.8323925818458924, 0.8323925818458924, 0.8327024971423547, 0.8327024971423547, 0.8328466103930361, 0.8328466103930361, 0.833193777660541, 0.833193777660541, 0.8344726398780737, 0.8344726398780737, 0.8348443682405697, 0.8348443682405697, 0.8378164512441748, 0.8378164512441748, 0.8389524018875114, 0.8389524018875114, 0.8417925056420177, 0.8417925056420177, 0.8423938274861514, 0.8423938274861514, 0.8425603476069052], "iters": [0, 0, 1, 1, 2, 7, 8, 9, 10, 12, 13, 13, 14, 14, 15, 16, 17, 24, 25, 27, 28, 28, 29, 29, 30, 33, 34, 37, 38, 42, 43, 50, 51, 52, 53, 58, 59, 60, 61, 61, 62, 65, 66, 68, 69, 76, 77, 79, 80, 82, 83, 88, 89, 128, 129, 139, 140, 145, 146, 155, 156, 168, 169, 193, 194, 195, 196, 218, 219, 239, 240, 314, 315, 317, 318, 324, 325, 507, 508, 520, 521, 527, 528, 531, 532, 641, 642, 643, 644, 725, 726, 770, 771, 833, 834, 900, 901], "finalScore": 0.8425603476069052, "finalIter": 1000}