{"title": "interpolate_crossing_2", "popultion": 20, "subpopulation": 30, "number_of_rect": 20, "scores": [0.6771149506140274, 0.6771149506140274, 0.7349524018875113, 0.7349524018875113, 0.7462624051115214, 0.7462624051115214, 0.7544884375274774, 0.7544884375274774, 0.7561501069785164, 0.7561501069785164, 0.7598321609660307, 0.7598321609660307, 0.7627599724493683, 0.7627599724493683, 0.7645396260148305, 0.7645396260148305, 0.7661610393036138, 0.7661610393036138, 0.7667549166153755, 0.7667549166153755, 0.7679726105688912, 0.7679726105688912, 0.7688650312142795, 0.7688650312142795, 0.7768702189395937, 0.7768702189395937, 0.7811850142149536, 0.7811850142149536, 0.7845070635129986, 0.7845070635129986, 0.7936890881913303, 0.7936890881913303, 0.8036134411911252, 0.8036134411911252, 0.8058057827017204, 0.8058057827017204, 0.8281291216037985, 0.8281291216037985, 0.8301505759254375, 0.8301505759254375, 0.8318492482194672, 0.8318492482194672, 0.8390909610480963, 0.8390909610480963, 0.8392107183680647, 0.8392107183680647, 0.8402929452797562, 0.8402929452797562, 0.8425234180368709, 0.8425234180368709, 0.846225153140479, 0.846225153140479, 0.8470309944605645, 0.8470309944605645, 0.8471615229051261, 0.8471615229051261, 0.8479020926756353, 0.8479020926756353, 0.848391995662241, 0.848391995662241, 0.8507147483806676, 0.8507147483806676, 0.8525507928133884, 0.8525507928133884, 0.8526668132125795, 0.8526668132125795, 0.8537123303731059, 0.8537123303731059, 0.853874776517483, 0.853874776517483, 0.8558685483161874, 0.8558685483161874, 0.8569103725197105, 0.8569103725197105, 0.8570809373076584, 0.8570809373076584, 0.8571218236173394, 0.8571218236173394, 0.8591021718104281, 0.8591021718104281, 0.8601234942407456, 0.8601234942407456, 0.8605891438787772, 0.8605891438787772, 0.8609824437996424, 0.8609824437996424, 0.8611655382631378, 0.8611655382631378, 0.8612837275418388], "iters": [0, 0, 1, 2, 3, 3, 4, 4, 5, 9, 10, 11, 12, 12, 13, 16, 17, 19, 20, 20, 21, 21, 22, 22, 23, 28, 29, 29, 30, 30, 31, 31, 32, 34, 35, 36, 37, 44, 45, 50, 51, 61, 62, 72, 73, 74, 75, 75, 76, 79, 80, 97, 98, 99, 100, 127, 128, 132, 133, 134, 135, 166, 167, 177, 178, 178, 179, 201, 202, 215, 216, 217, 218, 221, 222, 273, 274, 447, 448, 455, 456, 533, 534, 561, 562, 877, 878, 882, 883], "finalScore": 0.8612837275418388, "finalIter": 1000}