{"title": "interpolate_crossing_0", "popultion": 20, "subpopulation": 30, "number_of_rect": 20, "scores": [0.6733362642515901, 0.6733362642515901, 0.696091356722061, 0.696091356722061, 0.736074196195668, 0.736074196195668, 0.7705463671268208, 0.7705463671268208, 0.7711558515782995, 0.7711558515782995, 0.7748522963744542, 0.7748522963744542, 0.776873281749172, 0.776873281749172, 0.7773847856033296, 0.7773847856033296, 0.7775553064275037], "iters": [0, 0, 1, 2, 3, 5, 6, 63, 64, 64, 65, 66, 67, 67, 68, 73, 74], "finalScore": 0.7775553064275037, "finalIter": 1000}