{"title": "mean_crossing_4", "popultion": 20, "subpopulation": 30, "number_of_rect": 20, "scores": [0.6001545473196752, 0.6001545473196752, 0.6004638324687125, 0.6004638324687125, 0.6011113602391629, 0.6011113602391629, 0.6016198305929248, 0.6016198305929248, 0.6030966763386969, 0.6030966763386969, 0.6032453618218587, 0.6032453618218587, 0.6035734048477388, 0.6035734048477388, 0.6041341627832, 0.6041341627832, 0.6042368181951405, 0.6042368181951405, 0.6052016471760602, 0.6052016471760602, 0.6065210293384917, 0.6065210293384917, 0.6065468360737419, 0.6065468360737419, 0.607162548726516, 0.607162548726516, 0.6078958644743399, 0.6078958644743399, 0.6084685512471057, 0.6084685512471057, 0.6086991705501335, 0.6086991705501335, 0.6108646648494973, 0.6108646648494973, 0.6122199507605732, 0.6122199507605732, 0.6132260177613647, 0.6132260177613647, 0.613373589495589, 0.613373589495589, 0.6137352648084645, 0.6137352648084645, 0.6138239250857294, 0.6138239250857294, 0.6141317594302296, 0.6141317594302296, 0.6143754799378645, 0.6143754799378645, 0.6152321580351123, 0.6152321580351123, 0.6157419033383159, 0.6157419033383159, 0.6160457223248044, 0.6160457223248044, 0.6173459362818371, 0.6173459362818371, 0.6178242181775551, 0.6178242181775551, 0.6181522905126176, 0.6181522905126176, 0.6203637855740203, 0.6203637855740203, 0.6209450599372783, 0.6209450599372783, 0.6216253114100647, 0.6216253114100647, 0.6239810369588792, 0.6239810369588792, 0.6243437820569184, 0.6243437820569184, 0.6249036020985375, 0.6249036020985375, 0.6261602626102758, 0.6261602626102758, 0.6263354435944781, 0.6263354435944781, 0.6283786306749904, 0.6283786306749904, 0.6286676924880565, 0.6286676924880565, 0.6288413054309916, 0.6288413054309916, 0.6291458424924529, 0.6291458424924529, 0.6294686977930186, 0.6294686977930186, 0.630454658694569, 0.630454658694569, 0.6306330636888537, 0.6306330636888537, 0.6316995222603241, 0.6316995222603241, 0.6317723555790029, 0.6317723555790029, 0.632046689527829, 0.632046689527829, 0.6360607432808698, 0.6360607432808698, 0.6364218031009115, 0.6364218031009115, 0.6369829127465635, 0.6369829127465635, 0.6379920425569331, 0.6379920425569331, 0.6408770333245406, 0.6408770333245406, 0.6408974178610158, 0.6408974178610158, 0.6424997655265394, 0.6424997655265394, 0.6440327530115185, 0.6440327530115185, 0.6461421202262669, 0.6461421202262669, 0.6472612327442188, 0.6472612327442188, 0.6480820364020048, 0.6480820364020048, 0.6531902752132243, 0.6531902752132243, 0.6542086960344676, 0.6542086960344676, 0.6574765086901726, 0.6574765086901726, 0.659377985872974, 0.659377985872974, 0.6610213370849087, 0.6610213370849087, 0.6650465136727337, 0.6650465136727337, 0.6650647879480642, 0.6650647879480642, 0.6667811922975468, 0.6667811922975468, 0.6685417069667927, 0.6685417069667927, 0.6741699639497054, 0.6741699639497054, 0.6824493097687505, 0.6824493097687505, 0.6908368943990152, 0.6908368943990152, 0.6909733286438642, 0.6909733286438642, 0.6925245171312172, 0.6925245171312172, 0.6931930009672029, 0.6931930009672029, 0.6952191447580527, 0.6952191447580527, 0.6960882059849351, 0.6960882059849351, 0.6979405023593892, 0.6979405023593892, 0.6988318532196137, 0.6988318532196137, 0.6998602245083385, 0.6998602245083385, 0.7022353527360121, 0.7022353527360121, 0.7032871420616079, 0.7032871420616079, 0.7039170110495618, 0.7039170110495618, 0.7059347870687886, 0.7059347870687886, 0.7061668278671708, 0.7061668278671708, 0.7067523374073097, 0.7067523374073097, 0.7075064187109821, 0.7075064187109821, 0.708065916351593, 0.708065916351593, 0.7110450628681966, 0.7110450628681966, 0.7140802192326856, 0.7140802192326856, 0.7151251209003782, 0.7151251209003782, 0.7186527594595387, 0.7186527594595387, 0.7193405873560186, 0.7193405873560186, 0.719434127612181, 0.719434127612181, 0.7246077552097072, 0.7246077552097072, 0.7275212345027697, 0.7275212345027697, 0.7319331017907911, 0.7319331017907911, 0.7358483835985814, 0.7358483835985814, 0.7385449602860577, 0.7385449602860577, 0.7404078372754184, 0.7404078372754184, 0.7417855740203405, 0.7417855740203405, 0.7443117178111902, 0.7443117178111902, 0.7446829332629913, 0.7446829332629913, 0.7449487235850992, 0.7449487235850992, 0.7456912717254316, 0.7456912717254316, 0.7474411031976318, 0.7474411031976318, 0.7478640493566635, 0.7478640493566635, 0.7488485301444943, 0.7488485301444943, 0.7499545854216125, 0.7499545854216125, 0.7507376095430699, 0.7507376095430699, 0.7515422198774876, 0.7515422198774876, 0.7519350948152056, 0.7519350948152056, 0.7531432486297958, 0.7531432486297958, 0.7536944224625575, 0.7536944224625575, 0.755206336645271, 0.755206336645271, 0.7555735660482429, 0.7555735660482429, 0.756334608282775, 0.756334608282775, 0.7566835194466426, 0.7566835194466426, 0.7574359154723175, 0.7574359154723175, 0.7580161347050031, 0.7580161347050031, 0.758692634602421, 0.758692634602421, 0.7594093320437293, 0.7594093320437293, 0.7601035786511914, 0.7601035786511914, 0.7613939740320643, 0.7613939740320643, 0.7618639321199332, 0.7618639321199332, 0.7619737975907852, 0.7619737975907852, 0.7621073888449251, 0.7621073888449251, 0.763386104516545, 0.763386104516545, 0.7639533544359448, 0.7639533544359448, 0.7645764383481345, 0.7645764383481345, 0.7649766259269029, 0.7649766259269029, 0.7663828658518714, 0.7663828658518714, 0.7670604648436355, 0.7670604648436355, 0.7671286526568775, 0.7671286526568775, 0.7674168791582403, 0.7674168791582403, 0.7683170374278261, 0.7683170374278261, 0.7695699170550133, 0.7695699170550133, 0.7699253934757759, 0.7699253934757759, 0.7700038688120988, 0.7700038688120988, 0.770038981212814, 0.770038981212814, 0.7701411530232422, 0.7701411530232422, 0.7704441513526188, 0.7704441513526188, 0.77063690319177, 0.77063690319177, 0.7707914651660365, 0.7707914651660365, 0.771171854391981, 0.771171854391981, 0.7712978252586535, 0.7712978252586535, 0.7713529411764706, 0.7713529411764706, 0.7714918520472465, 0.7714918520472465, 0.7723275008060025, 0.7723275008060025, 0.7725621354670418, 0.7725621354670418, 0.772613118790117, 0.772613118790117, 0.7728490137460067, 0.7728490137460067, 0.772916292974589, 0.772916292974589, 0.7739191652744805, 0.7739191652744805, 0.7744424807292125, 0.7744424807292125, 0.7748335091884287, 0.7748335091884287, 0.7749581904510683, 0.7749581904510683, 0.7753400451361412, 0.7753400451361412, 0.7755702687652042, 0.7755702687652042, 0.77557832879041, 0.77557832879041, 0.7763039069140362, 0.7763039069140362, 0.7770659896245493, 0.7770659896245493, 0.7777507254022685, 0.7777507254022685, 0.7777723116152291, 0.7777723116152291, 0.7784059907969167, 0.7784059907969167, 0.7784501890442276, 0.7784501890442276, 0.778539186377092, 0.778539186377092, 0.7787372871420616, 0.7787372871420616, 0.7788918051525543, 0.7788918051525543, 0.7792550045429233, 0.7792550045429233, 0.7793789823851813, 0.7793789823851813, 0.7795063894017996, 0.7795063894017996, 0.7798113221372256, 0.7798113221372256, 0.779848720654181, 0.779848720654181, 0.7801761481872271, 0.7801761481872271, 0.7807321287259299, 0.7807321287259299, 0.7813832322166535, 0.7813832322166535, 0.7815503971394238, 0.7815503971394238, 0.781769673788798, 0.781769673788798, 0.7823306808523111, 0.7823306808523111, 0.7829935812890179, 0.7829935812890179, 0.7834112078314136, 0.7834112078314136, 0.7835569477417275, 0.7835569477417275, 0.7841054837480583, 0.7841054837480583, 0.7844762742167121, 0.7844762742167121, 0.7847683695301738, 0.7847683695301738, 0.7854000703420382, 0.7854000703420382, 0.7855687446877107, 0.7855687446877107, 0.7856872563674199, 0.7856872563674199, 0.7862059995896714, 0.7862059995896714, 0.7866386763973152, 0.7866386763973152, 0.7867075676309387, 0.7867075676309387, 0.7876601307189542, 0.7876601307189542, 0.7886089568861925, 0.7886089568861925, 0.7891394823998359, 0.7891394823998359, 0.7899709692546675, 0.7899709692546675, 0.790780943169495, 0.790780943169495, 0.7912624051115215, 0.7912624051115215, 0.7912952753597702, 0.7912952753597702, 0.7916209003780884, 