{"title": "interpolate_crossing_1", "popultion": 20, "subpopulation": 30, "number_of_rect": 20, "scores": [0.7103344910460447, 0.7103344910460447, 0.7237358363375246, 0.7237358363375246, 0.7533654122336528, 0.7533654122336528, 0.7641288578211554, 0.7641288578211554, 0.7654504381722793, 0.7654504381722793, 0.7668727248747033, 0.7668727248747033, 0.7672886221753276, 0.7672886221753276, 0.7693402063366452, 0.7693402063366452, 0.7729297312347958, 0.7729297312347958, 0.7761317008118643], "iters": [0, 0, 1, 1, 2, 2, 3, 4, 5, 12, 13, 14, 15, 15, 16, 16, 17, 17, 18], "finalScore": 0.7761317008118643, "finalIter": 20}