{"title": "mean_crossing_2", "popultion": 20, "subpopulation": 30, "number_of_rect": 20, "scores": [0.6056795920161786], "iters": [0], "finalScore": 0.6056795920161786, "finalIter": 20}