{"title": "mean_crossing_3", "popultion": 20, "subpopulation": 30, "number_of_rect": 20, "scores": [0.6098719188721826, 0.6098719188721826, 0.6102279228582315, 0.6102279228582315, 0.6114559043348281, 0.6114559043348281, 0.6130817726193616, 0.6130817726193616, 0.6140613001553387, 0.6140613001553387, 0.6146273190890705, 0.6146273190890705, 0.6148344617368622, 0.6148344617368622, 0.6152895161053957, 0.6152895161053957, 0.6157801518215658, 0.6157801518215658, 0.6158111169729477, 0.6158111169729477, 0.6161251502095606, 0.6161251502095606, 0.6164107535390838, 0.6164107535390838, 0.6166901872856766, 0.6166901872856766, 0.6168004777396758, 0.6168004777396758, 0.616812113485155, 0.616812113485155, 0.6172296960637768, 0.6172296960637768, 0.6178240862862334, 0.6178240862862334, 0.6178540695799994, 0.6178540695799994, 0.6181471467510771, 0.6181471467510771, 0.6190328409390662, 0.6190328409390662, 0.6191717371552508, 0.6191717371552508, 0.619319045106832, 0.619319045106832, 0.6194746622116709, 0.6194746622116709, 0.6195579882177086, 0.6195579882177086, 0.6198369530173804, 0.6198369530173804, 0.6199047451566576, 0.6199047451566576, 0.6199538966558222, 0.6199538966558222, 0.6201083120841759, 0.6201083120841759, 0.6205494592455816, 0.6205494592455816, 0.6206936311146283, 0.6206936311146283, 0.6207670066531844, 0.6207670066531844, 0.6211442597965943, 0.6211442597965943, 0.6214807731762361, 0.6214807731762361, 0.6216604970837363, 0.6216604970837363, 0.6218386089861954, 0.6218386089861954, 0.621954658694569, 0.621954658694569, 0.6219730208974472, 0.6219730208974472, 0.6219787508426391, 0.6219787508426391, 0.6220351124007151, 0.6220351124007151, 0.6221285647293296, 0.6221285647293296, 0.6222058823529412, 0.6222058823529412, 0.6224522113778246, 0.6224522113778246, 0.6224735338081422, 0.6224735338081422, 0.6225039860488291, 0.6225039860488291, 0.622523110290454, 0.622523110290454, 0.6227825698291274, 0.6227825698291274, 0.6228171107007825, 0.6228171107007825, 0.623567777484686, 0.623567777484686, 0.623688340807175, 0.623688340807175, 0.6243549635100677, 0.6243549635100677, 0.6244194290571237, 0.6244194290571237, 0.6244469650341451, 0.6244469650341451, 0.62445455611243, 0.62445455611243, 0.6246216331076526, 0.6246216331076526, 0.6246545033559014, 0.6246545033559014, 0.6247178404994285, 0.6247178404994285, 0.6248247164336587, 0.6248247164336587, 0.6251542835370321, 0.6251542835370321, 0.6253196899088485, 0.6253196899088485, 0.6253270904774466, 0.6253270904774466, 0.6256245640259093, 0.6256245640259093, 0.6257567044755121, 0.6257567044755121, 0.6257861308948094, 0.6257861308948094, 0.6262437498168176, 0.6262437498168176, 0.6263834227263401, 0.6263834227263401, 0.626581948474457, 0.626581948474457, 0.6267795802925056, 0.6267795802925056, 0.6268864269175533, 0.6268864269175533, 0.6272241859374542, 0.6272241859374542, 0.6272670066531845, 0.6272670066531845, 0.6274632462850611, 0.6274632462850611, 0.6275154312846214, 0.6275154312846214, 0.6276155367976788, 0.6276155367976788, 0.6278442216946569, 0.6278442216946569, 0.628174433600047, 0.628174433600047, 0.6281780679386852, 0.6281780679386852, 0.628222984260969, 0.628222984260969, 0.6282977959494709, 0.6282977959494709, 0.6283378029836748, 0.6283378029836748, 0.628520062135467], "iters": [0, 22, 23, 23, 24, 24, 25, 25, 26, 26, 27, 27, 28, 45, 46, 59, 60, 67, 68, 68, 69, 70, 71, 72, 73, 82, 83, 83, 84, 87, 88, 97, 98, 102, 103, 106, 107, 111, 112, 119, 120, 125, 126, 126, 127, 132, 133, 135, 136, 138, 139, 139, 140, 147, 148, 148, 149, 153, 154, 156, 157, 157, 158, 161, 162, 162, 163, 165, 166, 172, 173, 175, 176, 178, 179, 194, 195, 197, 198, 205, 206, 209, 210, 287, 288, 297, 298, 298, 299, 303, 304, 315, 316, 318, 319, 321, 322, 323, 324, 336, 337, 339, 340, 343, 344, 344, 345, 347, 348, 348, 349, 349, 350, 350, 351, 353, 354, 354, 355, 355, 356, 356, 357, 357, 358, 358, 359, 359, 360, 360, 361, 363, 364, 364, 365, 365, 366, 374, 375, 381, 382, 384, 385, 399, 400, 420, 421, 433, 434, 496, 497, 503, 504, 509, 510, 563, 564, 638, 639], "finalScore": 0.628520062135467, "finalIter": 1000}