{"title": "population_size_100_0", "popultion": 100, "subpopulation": 150, "number_of_rect": 20, "scores": [0.6226403909844955], "iters": [0], "finalScore": 0.6226403909844955, "finalIter": 5}