{"title": "population_size_10_1", "popultion": 10, "subpopulation": 15, "number_of_rect": 20, "scores": [0.6139119259063865], "iters": [0], "finalScore": 0.6139119259063865, "finalIter": 5}