{"title": "subpopulation_size_3_3", "popultion": 40, "subpopulation": 120, "number_of_rect": 20, "scores": [0.6521212520882793, 0.6521212520882793, 0.6528982092089451, 0.6528982092089451, 0.6565564934493977, 0.6565564934493977, 0.6576972654532665, 0.6576972654532665, 0.6579222134294676, 0.6579222134294676, 0.6580412673290542, 0.6580412673290542, 0.6593640200474808, 0.6593640200474808, 0.6601803247457428, 0.6601803247457428, 0.6602586242269703, 0.6602586242269703, 0.6609423341832996, 0.6609423341832996, 0.6621799437263695, 0.6621799437263695, 0.6623370116357454, 0.6623370116357454, 0.6628038922594449], "iters": [0, 16, 17, 17, 18, 19, 20, 20, 21, 21, 22, 24, 25, 25, 26, 580, 581, 721, 722, 778, 779, 903, 904, 957, 958], "finalScore": 0.6628038922594449, "finalIter": 1000}