{"title": "subpopulation_size_2_2", "popultion": 50, "subpopulation": 100, "number_of_rect": 20, "scores": [0.6375557753744248], "iters": [0], "finalScore": 0.6375557753744248, "finalIter": 5}