{"title": "subpopulation_size_1.1_2", "popultion": 50, "subpopulation": 55, "number_of_rect": 20, "scores": [0.6403037017497581, 0.6403037017497581, 0.6413147513115859], "iters": [0, 2, 3], "finalScore": 0.6413147513115859, "finalIter": 5}