{"title": "population_size_100_0", "popultion": 100, "subpopulation": 150, "number_of_rect": 20, "scores": [0.6219359740906827, 0.6219359740906827, 0.6238072921246227, 0.6238072921246227, 0.6278457018083765, 0.6278457018083765, 0.6279518450130426, 0.6279518450130426, 0.6281324921597937, 0.6281324921597937, 0.6293025880008207, 0.6293025880008207, 0.6294766552360855, 0.6294766552360855, 0.630449383041707, 0.630449383041707, 0.6305601864064011, 0.6305601864064011, 0.63130611975732, 0.63130611975732, 0.6324822386353645, 0.6324822386353645, 0.632928133884346, 0.632928133884346, 0.633302192326856, 0.633302192326856, 0.6337441161815998, 0.6337441161815998, 0.634554031478062, 0.634554031478062, 0.6352210938186934, 0.6352210938186934, 0.6366876960051584, 0.6366876960051584, 0.6390162812509159, 0.6390162812509159, 0.6398880828863683, 0.6398880828863683, 0.6407130191388962, 0.6407130191388962, 0.641635554969372, 0.641635554969372, 0.6419052873765351, 0.6419052873765351, 0.6423427415809373, 0.6423427415809373, 0.6424661918579091, 0.6424661918579091, 0.6432961253260646, 0.6432961253260646, 0.644205354787655, 0.644205354787655, 0.6450664292622879, 0.6450664292622879, 0.6459603739851696, 0.6459603739851696, 0.648613485154899, 0.648613485154899, 0.6506350567132683, 0.6506350567132683, 0.6513439579120138, 0.6513439579120138, 0.6531401418564435, 0.6531401418564435, 0.6555132624051114, 0.6555132624051114, 0.6580279023418036, 0.6580279023418036, 0.6609727571148041, 0.6609727571148041, 0.6616427943374659, 0.6616427943374659, 0.6617873472258858, 0.6617873472258858, 0.6632555907265747, 0.6632555907265747, 0.6654421876373868, 0.6654421876373868, 0.6676594712623465, 0.6676594712623465, 0.6687687798587297, 0.6687687798587297, 0.670541355256602, 0.670541355256602, 0.6706738327618043, 0.6706738327618043, 0.6723543040534599, 0.6723543040534599, 0.6740380726281544, 0.6740380726281544, 0.6747267651455201, 0.6747267651455201, 0.6755101409771682, 0.6755101409771682, 0.6774029279873385, 0.6774029279873385, 0.6791797971804566, 0.6791797971804566, 0.6795244292036695, 0.6795244292036695, 0.6822962718719775, 0.6822962718719775, 0.6823441923854743, 0.6823441923854743, 0.6839004806705941, 0.6839004806705941, 0.6878849614584249, 0.6878849614584249, 0.6880751633986928, 0.6880751633986928, 0.6912999062106158, 0.6912999062106158, 0.6918679181687624, 0.6918679181687624, 0.6936525103314868, 0.6936525103314868, 0.6938722412731909, 0.6938722412731909, 0.6999685365925143, 0.6999685365925143, 0.7007522641343533, 0.7007522641343533, 0.7015937747296228, 0.7015937747296228, 0.7031478501714588, 0.7031478501714588, 0.7058304610334418, 0.7058304610334418, 0.7059918080834726, 0.7059918080834726, 0.709132199067968, 0.709132199067968, 0.7139705589261116, 0.7139705589261116, 0.7142890325038835, 0.7142890325038835, 0.7177377560889826, 0.7177377560889826, 0.7239113690319177, 0.7239113690319177, 0.7256444209970985, 0.7256444209970985, 0.7269653858553885, 0.7269653858553885, 0.728149989741786, 0.728149989741786, 0.7348917025704154, 0.7348917025704154, 0.7379593628183709, 0.7379593628183709, 0.7453782056918432, 0.7453782056918432, 0.7469045253377883, 0.7469045253377883, 0.7514821360532254, 0.7514821360532254, 0.7536090008499663, 0.7536090008499663, 0.7571124300243266, 0.7571124300243266, 0.7586204900495325, 0.7586204900495325, 0.7652047246402298, 0.7652047246402298, 0.7667334622937366, 0.7667334622937366, 0.7686454321638969, 0.7686454321638969, 0.7727508719481814, 0.7727508719481814, 0.7732904833084205, 0.7732904833084205, 0.7747493478706879, 0.7747493478706879, 0.7771487880653009, 0.7771487880653009, 0.7780274187402914, 0.7780274187402914, 0.7789382015885578, 0.7789382015885578, 0.7809292329786922, 0.7809292329786922, 0.7818092265306721, 0.7818092265306721, 0.7835796916673994, 0.7835796916673994, 0.7836783610305109, 0.7836783610305109, 0.7839503942085055, 0.7839503942085055, 0.784423122014127, 0.784423122014127, 0.785242372285237, 0.785242372285237, 0.7859995750168528, 0.7859995750168528, 0.7868857674609455, 0.7868857674609455, 0.7894429057123598, 0.7894429057123598, 0.7908747325537091, 0.7908747325537091, 0.794994314018582, 0.794994314018582, 0.7974674961165333, 0.7974674961165333, 0.7991818927870102, 0.7991818927870102, 0.7992307658489405, 0.7992307658489405, 0.7998872475746651, 0.7998872475746651, 0.8052020868137988, 0.8052020868137988, 0.809377311761775, 0.809377311761775, 0.8094486649667341, 0.8094486649667341, 0.8109697822327735, 0.8109697822327735, 0.812371112869662, 0.812371112869662, 0.8190718368064714, 0.8190718368064714, 0.8224959992965796, 0.8224959992965796, 0.8292520003517102, 0.8292520003517102, 0.8323176382660687, 0.8323176382660687, 0.8350218353410124, 0.8350218353410124, 0.8388520032826284, 0.8388520032826284, 0.8422411412995692, 0.8422411412995692, 0.8428193235440664, 0.8428193235440664, 0.8430815381459011, 0.8430815381459011, 0.8453594038512267, 0.8453594038512267, 0.8462127113924793, 0.8462127113924793, 0.8480945953867347, 0.8480945953867347, 0.8496066121515871, 0.8496066121515871, 0.8498794513321023, 0.8498794513321023, 0.8503462293736628, 0.8503462293736628, 0.8515107564700021, 0.8515107564700021, 0.8523051965180691, 0.8523051965180691, 0.8527713004484305, 0.8527713004484305, 0.853405536504587, 0.853405536504587, 0.8537183680647147, 0.8537183680647147, 0.8548782203464346, 0.8548782203464346, 0.8559324569887746, 0.8559324569887746, 0.8563480025792081, 0.8563480025792081, 0.8590965591019666, 0.8590965591019666, 0.8595491368445733, 0.8595491368445733, 0.860990591752396, 0.860990591752396, 0.8621862745098039, 0.8621862745098039, 0.8653039215686275, 0.8653039215686275, 0.8659618687534805, 0.8659618687534805, 0.86680337934875, 0.86680337934875, 0.8668134323983704, 0.8668134323983704, 0.8697868489697822, 0.8697868489697822, 0.8699559776077845, 0.8699559776077845, 0.8711610539582051, 0.8711610539582051, 0.8720054515079574, 0.8720054515079574, 0.8725237697470618, 0.8725237697470618, 0.8728622761511181, 0.8728622761511181, 0.8732789208358979, 0.8732789208358979, 0.8748140772003868, 0.8748140772003868, 0.8754319880418535, 0.8754319880418535, 0.8761363756264837, 0.8761363756264837, 0.8762926082241567, 0.8762926082241567, 0.8775018464785017, 0.8775018464785017, 0.8780208534833963, 0.8780208534833963, 0.8786076965913421, 0.8786076965913421, 0.8798197631818049, 0.8798197631818049, 0.8805821389841437, 0.8805821389841437, 0.8816118584952666, 0.8816118584952666, 0.8830709721855857, 0.8830709721855857, 0.8833306075793546, 0.8833306075793546, 0.8838263577478824, 0.8838263577478824, 0.8838974618247897, 0.8838974618247897, 0.8839689322664791, 0.8839689322664791, 0.884804727571148, 0.884804727571148, 0.8849366335472904, 0.8849366335472904, 0.8856538878630675, 0.8856538878630675, 0.886886001934406, 0.886886001934406, 0.8869788094610042, 0.8869788094610042, 0.8877250945221138, 0.8877250945221138, 0.8884573404847739, 0.8884573404847739, 0.8885470119288373, 0.8885470119288373, 0.8887266918725637, 0.8887266918725637, 0.8892440429086432, 0.8892440429086432, 0.8894386558808874, 0.8894386558808874, 0.8903767695418975, 0.8903767695418975, 0.8915845716462968, 0.8915845716462968, 0.8940937161112577, 0.8940937161112577, 0.8944417040358744, 0.8944417040358744, 0.8947454644039978, 0.8947454644039978, 0.894985887628594],