{"title": "subpopulation_size_1.3_3", "popultion": 40, "subpopulation": 52, "number_of_rect": 20, "scores": [0.6571066707699522, 0.6571066707699522, 0.6578444854773, 0.6578444854773, 0.6591541516457107, 0.6591541516457107, 0.6597747003136083, 0.6597747003136083, 0.6602114510976289, 0.6602114510976289, 0.6608186494328674, 0.6608186494328674, 0.6637971218382719, 0.6637971218382719, 0.6653271344412204, 0.6653271344412204, 0.6680058618365134, 0.6680058618365134, 0.6697143966704768, 0.6697143966704768, 0.6747029953984583, 0.6747029953984583, 0.6759987250505584, 0.6759987250505584, 0.6773591547231748, 0.6773591547231748, 0.6793860752073624, 0.6793860752073624, 0.6895932032005627, 0.6895932032005627, 0.6920245610949911, 0.6920245610949911, 0.6934577361587385, 0.6934577361587385, 0.6938776195081919, 0.6938776195081919, 0.695223658372168, 0.695223658372168, 0.6977361587385328, 0.6977361587385328, 0.698509100501187, 0.698509100501187, 0.6995617544476684, 0.6995617544476684, 0.7008562091503268, 0.7008562091503268, 0.7050235499281925, 0.7050235499281925, 0.707145080453706, 0.707145080453706, 0.7079292329786921, 0.7079292329786921, 0.7087164483132565, 0.7087164483132565, 0.7093057827017204, 0.7093057827017204, 0.7170957384448547, 0.7170957384448547, 0.7177187930478619, 0.7177187930478619, 0.7222690876051467, 0.7222690876051467, 0.7250167648524283, 0.7250167648524283, 0.7269161171194936, 0.7269161171194936, 0.7292647351915356, 0.7292647351915356, 0.7324742665377062, 0.7324742665377062, 0.7342604560508807, 0.7342604560508807, 0.735487851343826, 0.735487851343826, 0.7364415867991442, 0.7364415867991442, 0.7388452328614554, 0.7388452328614554, 0.740306280957824, 0.740306280957824, 0.7447275418388581, 0.7447275418388581, 0.7470258506990239, 0.7470258506990239, 0.7497770597028048, 0.7497770597028048, 0.7501218529265219, 0.7501218529265219, 0.7540165303789678, 0.7540165303789678, 0.7557479410299247, 0.7557479410299247, 0.7576405814941821, 0.7576405814941821, 0.76107067909376, 0.76107067909376, 0.7625555555555555, 0.7625555555555555, 0.7631789765233448, 0.7631789765233448, 0.7633036577859843, 0.7633036577859843, 0.7652199947243472, 0.7652199947243472, 0.7680814209091709, 0.7680814209091709, 0.7687444239280167, 0.7687444239280167, 0.7688269292769425, 0.7688269292769425, 0.7707546821419151, 0.7707546821419151, 0.7711858495266567, 0.7711858495266567, 0.7758913508602245, 0.7758913508602245, 0.7764070459274891, 0.7764070459274891, 0.7778789823851813, 0.7778789823851813, 0.7784736070810985, 0.7784736070810985, 0.7785873999824144, 0.7785873999824144, 0.7786902898678156, 0.7786902898678156, 0.779004191213107, 0.779004191213107, 0.7807667135613587, 0.7807667135613587, 0.7814366482018816, 0.7814366482018816, 0.7821076233183857, 0.7821076233183857, 0.7837255488144436, 0.7837255488144436, 0.7841347050030775, 0.7841347050030775, 0.7856230106392332, 0.7856230106392332, 0.7863508309153258, 0.7863508309153258, 0.7865259679357542, 0.7865259679357542, 0.7867580820070929, 0.7867580820070929, 0.7871829332629913, 0.7871829332629913, 0.7888048154986957, 0.7888048154986957, 0.7896819074416015, 0.7896819074416015, 0.7904205281514699, 0.7904205281514699, 0.7928118936662856, 0.7928118936662856, 0.793131686157273, 0.793131686157273, 0.7932741874029133, 0.7932741874029133, 0.7932863067499047, 0.7932863067499047, 0.7936890588821478, 0.7936890588821478, 0.7937084322518245, 0.7937084322518245, 0.7957498607813829, 0.7957498607813829, 0.7978874527389431, 0.7978874527389431, 0.7979685952108796, 0.7979685952108796, 0.7988566780972479, 0.7988566780972479, 0.7995963832468712, 0.7995963832468712, 0.8012228963334213, 0.8012228963334213, 0.8013092118760807, 0.8013092118760807, 0.8014174653418916, 0.8014174653418916, 0.8027686186582257, 0.8027686186582257, 0.804880315952988, 0.804880315952988, 0.8062821008822064, 0.8062821008822064, 0.8098776488173745, 0.8098776488173745, 0.812551598815909, 0.812551598815909, 0.8128851812772941, 0.8128851812772941, 0.8151819660599666, 0.8151819660599666, 0.8163827339605498, 0.8163827339605498, 0.8172493625252792, 0.8172493625252792, 0.8176879158240277, 0.8176879158240277, 0.820788021337085, 0.820788021337085, 0.8215780063894018, 0.8215780063894018, 0.8233934025030042, 0.8233934025030042, 0.8234273865001905, 0.8234273865001905, 0.8252614085993142, 0.8252614085993142, 0.8271433219027522, 0.8271433219027522, 0.8277584776810575, 0.8277584776810575, 0.828250696093086, 0.828250696093086, 0.8298961282569829, 0.8298961282569829, 0.8314368387115684, 0.8314368387115684, 0.8318601072716082, 0.8318601072716082, 0.8319121750344383, 0.8319121750344383, 0.8320115478179314, 0.8320115478179314, 0.8328466250476274, 0.8328466250476274, 0.8330857147044168, 0.8330857147044168, 0.833334139335854, 0.833334139335854, 0.833609088777514, 0.833609088777514, 0.8337235850992116, 0.8337235850992116, 0.8346087077581407, 0.8346087077581407, 0.8346639555672792, 0.8346639555672792, 0.8357542425041766, 0.8357542425041766, 0.8363204812567777, 0.8363204812567777, 0.838670667370087, 0.838670667370087, 0.8401187754623524, 0.8401187754623524, 0.840199771388376, 0.840199771388376, 0.8402079779594946, 0.8402079779594946, 0.8402284064597438, 0.8402284064597438, 0.8409192385474369, 0.8409192385474369, 0.8410734488115127, 0.8410734488115127, 0.841082358803013, 0.841082358803013, 0.8415508953955274, 0.8415508953955274, 0.8416097335795305, 0.8416097335795305, 0.8418190157976494, 0.8418190157976494, 0.8420467628007855, 0.8420467628007855, 0.8422501538732085, 0.8422501538732085, 0.842287611008529, 0.842287611008529, 0.8423155133503326, 0.8423155133503326, 0.8427133122307219, 0.8427133122307219, 0.8427942935021542, 0.8427942935021542, 0.8433882294322811, 0.8433882294322811, 0.8436423400451362, 0.8436423400451362, 0.8439689615756616, 0.8439689615756616, 0.843979732700255, 0.843979732700255, 0.8440304375860957, 0.8440304375860957, 0.8442428119229755, 0.8442428119229755, 0.8443702629033676, 0.8443702629033676, 0.8443745566986136, 0.8443745566986136, 0.8445161786687769, 0.8445161786687769, 0.8445339986517776, 0.8445339986517776, 0.8446037251971042, 0.8446037251971042, 0.8446775550279902, 0.8446775550279902, 0.8448701310120461, 0.8448701310120461, 0.8448964799671738, 0.8448964799671738, 0.8453948533075413, 0.8453948533075413, 0.8461773791728948, 0.8461773791728948, 0.8464517570854949, 0.8464517570854949, 0.846626410504411, 0.846626410504411, 0.8466735396699786], "iters": [0, 43, 44, 46, 47, 49, 50, 50, 51, 52, 53, 53, 54, 56, 57, 59, 60, 60, 61, 61, 62, 64, 65, 66, 67, 68, 69, 69, 70, 77, 78, 78, 79, 79, 80, 80, 81, 81, 82, 83, 84, 84, 85, 85, 86, 87, 88, 89, 90, 91, 92, 93, 94, 94, 95, 95, 96, 96, 97, 98, 99, 100, 101, 101, 102, 102, 103, 103, 104, 105, 106, 106, 107, 108, 109, 109, 110, 110, 111, 111, 112, 112, 113, 113, 114, 114, 115, 115, 116, 117, 118, 121, 122, 122, 123, 125, 126, 126, 127, 129, 130, 131, 132, 133, 134, 134, 135, 138, 139, 139, 140, 141, 142, 142, 143, 148, 149, 149, 150, 154, 155, 156, 157, 157, 158, 161, 162, 164, 165, 166, 167, 169, 170, 172, 173, 178, 179, 179, 180, 188, 189, 191, 192, 192, 193, 193, 194, 195, 196, 202, 203, 211, 212, 213, 214, 222, 223, 224, 225, 225, 226, 227, 228, 228, 229, 229, 230, 230, 231, 237, 238, 239, 240, 240, 241, 241, 242, 243, 244, 244, 245, 245, 246, 246, 247, 252, 253, 254, 255, 258, 259, 259, 260, 263, 264, 264, 265, 265, 266, 267, 268, 270, 271, 271, 272, 272, 273, 275, 276, 277, 278, 280, 281, 284, 285, 287, 288, 288, 289, 291, 292, 299, 300, 324, 325, 325, 326, 352, 353, 400, 401, 401, 402, 431, 432, 451, 452, 454, 455, 466, 467, 467, 468, 479, 480, 482, 483, 499, 500, 508, 509, 510, 511, 512, 513, 514, 515, 519, 520, 525, 526, 530, 531, 543, 544, 555, 556, 561, 562, 563, 564, 576, 577, 580, 581, 581, 582, 592, 593, 603, 604, 614, 615, 619, 620, 625, 626, 627, 628, 637, 638, 642, 643, 658, 659, 663, 664, 688, 689, 691, 692, 711, 712, 712, 713, 713, 714, 725, 726, 743, 744, 873, 874, 934, 935, 983, 984], "finalScore": 0.8466735396699786, "finalIter": 1000}