{"title": "population_size_15_3", "popultion": 15, "subpopulation": 22, "number_of_rect": 20, "scores": [0.6814700313608253, 0.6814700313608253, 0.6834687564113837], "iters": [0, 3, 4], "finalScore": 0.6834687564113837, "finalIter": 5}