{"title": "subpopulation_size_3_4", "popultion": 40, "subpopulation": 120, "number_of_rect": 20, "scores": [0.6344159998827632, 0.6344159998827632, 0.6345718221518801, 0.6345718221518801, 0.6347488496145842, 0.6347488496145842, 0.6348499369852575, 0.6348499369852575, 0.6350134382602068, 0.6350134382602068, 0.635195741375773, 0.635195741375773, 0.6354129077640025, 0.6354129077640025, 0.63554544388757, 0.63554544388757, 0.6357084908701895, 0.6357084908701895, 0.635790922946159, 0.635790922946159, 0.6359288226501363, 0.6359288226501363, 0.636231308068818, 0.636231308068818, 0.6362966528913508, 0.6362966528913508, 0.6364064011254726, 0.6364064011254726, 0.6365652129312114, 0.6365652129312114, 0.6369078079662358, 0.6369078079662358, 0.6371325654327501, 0.6371325654327501, 0.6372441894545562, 0.6372441894545562, 0.6375754711451098, 0.6375754711451098, 0.6376835047920513, 0.6376835047920513, 0.6379252029660893, 0.6379252029660893, 0.6380609484451478, 0.6380609484451478, 0.6382675781822444, 0.6382675781822444, 0.638800331193763, 0.638800331193763, 0.6388426976171635, 0.6388426976171635, 0.6389573111755913, 0.6389573111755913, 0.6389903572789355, 0.6389903572789355, 0.6390991236554413, 0.6390991236554413, 0.6392275418388582, 0.6392275418388582, 0.6393838184003049, 0.6393838184003049, 0.6395874439461884, 0.6395874439461884, 0.6397670506169583, 0.6397670506169583, 0.6398732231308069, 0.6398732231308069, 0.6399079838213313, 0.6399079838213313, 0.640002842990709, 0.640002842990709, 0.6400630147425188, 0.6400630147425188, 0.6402724435065505, 0.6402724435065505, 0.6403419648875992, 0.6403419648875992, 0.6403852545502506, 0.6403852545502506, 0.6406515138192796, 0.6406515138192796, 0.6407421378117764, 0.6407421378117764, 0.640920953134617, 0.640920953134617, 0.641189952812216, 0.641189952812216, 0.6412670799261408, 0.6412670799261408, 0.6412880066824935, 0.6412880066824935, 0.6413879509950468, 0.6413879509950468, 0.6414883056361558, 0.6414883056361558, 0.6415258067352501, 0.6415258067352501, 0.6416053665113279, 0.6416053665113279, 0.641694656936018, 0.641694656936018, 0.641717664644333, 0.641717664644333, 0.641747384155456, 0.641747384155456, 0.6417703185908146, 0.6417703185908146, 0.6417721504147249, 0.6417721504147249, 0.6418018259620739, 0.6418018259620739, 0.6418031595298808, 0.6418031595298808, 0.6418590667956271, 0.6418590667956271, 0.6419814179782526, 0.6419814179782526, 0.6420279316509863, 0.6420279316509863, 0.6420591312758287, 0.6420591312758287, 0.6421095577244351, 0.6421095577244351, 0.6421454614730795, 0.6421454614730795, 0.6422612767079927, 0.6422612767079927, 0.6431118731498578, 0.6431118731498578, 0.6431356575515108, 0.6431356575515108, 0.6431641460769659, 0.6431641460769659, 0.6432679445470266, 0.6432679445470266, 0.6433407632111141, 0.6433407632111141, 0.6433471379583223, 0.6433471379583223, 0.6433818986488467, 0.6433818986488467, 0.6433971833875554, 0.6433971833875554, 0.6434165274480494, 0.6434165274480494, 0.6435895542073331, 0.6435895542073331, 0.643633547290366, 0.643633547290366, 0.643791597057358, 0.643791597057358, 0.6438914974061374, 0.6438914974061374, 0.6440134236056156, 0.6440134236056156, 0.6440223482517073, 0.6440223482517073, 0.6440769219496468, 0.6440769219496468, 0.6440781089715408, 0.6440781089715408, 0.6440841466631495, 0.6440841466631495, 0.6441068319704564, 0.6441068319704564, 0.6442138397960081, 0.6442138397960081, 0.6442360708109851, 0.6442360708109851, 0.6443700870482723, 0.6443700870482723, 0.6444195756030364, 0.6444195756030364, 0.6444968932266479, 0.6444968932266479, 0.6445541926785663, 0.6445541926785663, 0.6446856150531961, 0.6446856150531961, 0.6447451713121721, 0.6447451713121721, 0.644948196019813, 0.644948196019813, 0.6449501304258625, 0.6449501304258625, 0.6451449485623846, 0.6451449485623846, 0.6451523051672089, 0.6451523051672089, 0.6452108062956123, 0.6452108062956123, 0.6452358949558896, 0.6452358949558896, 0.6452806500776693, 0.6452806500776693, 0.6453818253758903, 0.6453818253758903, 0.6454070019637153, 0.6454070019637153, 0.645491676192151, 0.645491676192151, 0.6455582226911691, 0.6455582226911691, 0.6455741229227117, 0.6455741229227117, 0.6455978340514084, 0.6455978340514084, 0.6456074034995164, 0.6456074034995164, 0.6456927078753774, 0.6456927078753774, 0.6457087839620153, 0.6457087839620153, 0.6457148802719892, 0.6457148802719892, 0.6457600457223248, 0.6457600457223248, 0.6458385943316041, 0.6458385943316041, 0.6459083501861134, 0.6459083501861134, 0.6459621911544887, 0.6459621911544887, 0.6460032679738562, 0.6460032679738562, 0.646013233095929, 0.646013233095929, 0.6460584718192209, 0.6460584718192209, 0.6460642310735953, 0.6460642310735953, 0.6460718368064715, 0.6460718368064715, 0.6461847504323104, 0.6461847504323104, 0.6462300624285588, 0.6462300624285588, 0.6462359682288461, 0.6462359682288461, 0.6462626688941646, 0.6462626688941646, 0.6462941323016501, 0.6462941323016501, 0.6463699551569506, 0.6463699551569506, 0.6464072217825845, 0.6464072217825845, 0.6464379378059146, 0.6464379378059146, 0.6464624256279492, 0.6464624256279492, 0.6464827808552419, 0.6464827808552419, 0.6464881737448342, 0.6464881737448342, 0.646503414519769, 0.646503414519769, 0.6466116972947624, 0.6466116972947624, 0.646619171136317, 0.646619171136317, 0.6466204753949412, 0.6466204753949412, 0.6466278466543568, 0.6466278466543568, 0.6467388258741464, 0.6467388258741464, 0.646767915237844, 0.646767915237844, 0.6468660423810779, 0.6468660423810779, 0.6471891175005129, 0.6471891175005129, 0.6471945836630617, 0.6471945836630617, 0.6471972507986752, 0.6471972507986752, 0.647387291538439, 0.647387291538439, 0.6474367800932033, 0.6474367800932033, 0.647475131158592, 0.647475131158592, 0.6475761599109, 0.6475761599109, 0.6476037984700607, 0.6476037984700607, 0.6476354963510067, 0.6476354963510067, 0.6478103549342009, 0.6478103549342009, 0.6478854157507548, 0.6478854157507548, 0.6480172044901669, 0.6480172044901669, 0.6481301327705971, 0.6481301327705971, 0.6481695682757408, 0.6481695682757408, 0.6481978809461004, 0.6481978809461004, 0.6482309710132185, 0.6482309710132185, 0.6482722823060465, 0.6482722823060465, 0.6483799935519798, 0.6483799935519798, 0.6484043201735104, 0.6484043201735104, 0.6484587766347196, 0.6484587766347196, 0.648501289604033, 0.648501289604033, 0.6485401682347078, 0.6485401682347078, 0.6485491661537559, 0.6485491661537559, 0.6487260617251385, 0.6487260617251385, 0.6487798001113749, 0.6487798001113749, 0.6488733989859023, 0.6488733989859023, 0.6488979747354846, 0.6488979747354846, 0.6489178170520824, 0.6489178170520824, 0.6491435856853952, 0.6491435856853952, 0.649184208212433, 0.649184208212433, 0.6491954922477212, 0.6491954922477212, 0.6493370702541106, 0.6493370702541106, 0.6496108180192854, 0.6496108180192854, 0.6499949734751898, 0.6499949734751898, 0.6500967349570621, 0.6500967349570621, 0.6501713707904686, 0.6501713707904686, 0.6505200035171019, 0.6505200035171019, 0.6508409244116182, 0.6508409244116182, 0.6511057035669275, 0.6511057035669275, 0.6512273220199889, 0.6512273220199889, 0.6516833729007299, 0.6516833729007299, 0.6517907470910637, 0.6517907470910637, 0.6518047129165567, 0.6518047129165567, 0.65208655001612, 0.65208655001612, 0.6522953339781353, 0.6522953339781353, 0.6523263724024737, 0.6523263724024737, 0.6524521527594596, 0.6524521527594596, 0.652606656115361, 0.652606656115361, 0.6528472551950526, 0.6528472551950526, 0.6528679474779449, 0.6528679474779449, 0.6530677335209121, 0.6530677335209121, 0.6532686919311821, 0.6532686919311821, 0.6533150297488204, 0.6533150297488204, 0.6534917201559249, 0.6534917201559249, 0.6535471584747501, 0.6535471584747501, 0.6535680119581464, 0.6535680119581464, 0.6536206072862627, 0.6536206072862627, 0.6537447170198423, 0.6537447170198423, 0.6541958879216858, 0.6541958879216858, 0.6545769659134206, 0.6545769659134206, 0.6546629004367068, 0.6546629004367068, 0.6548364694158679, 0.6548364694158679, 0.6548859579706322, 0.6548859579706322, 0.655098698672294, 