{"title": "subpopulation_size_2.5_3", "popultion": 40, "subpopulation": 100, "number_of_rect": 20, "scores": [0.6308605322547554, 0.6308605322547554, 0.6318810926463261, 0.6318810926463261, 0.6342275418388581, 0.6342275418388581, 0.6354828687827896, 0.6354828687827896, 0.6363803306075794, 0.6363803306075794, 0.6385638940179958, 0.6385638940179958, 0.6393975057885636, 0.6393975057885636, 0.6413410563029397, 0.6413410563029397, 0.6442518684603886, 0.6442518684603886, 0.6445442568656761, 0.6445442568656761, 0.6469896978223277, 0.6469896978223277, 0.6473581435563762, 0.6473581435563762, 0.6496591048975644, 0.6496591048975644, 0.6513659544535303, 0.6513659544535303, 0.6520928368357806, 0.6520928368357806, 0.6522652041384566, 0.6522652041384566, 0.6543712594155748, 0.6543712594155748, 0.6543745860077963, 0.6543745860077963, 0.654735968228846, 0.654735968228846, 0.6550327237023359, 0.6550327237023359, 0.6582219877487616, 0.6582219877487616, 0.6595228904715847, 0.6595228904715847, 0.6610408570004982, 0.6610408570004982, 0.6619237081977783, 0.6619237081977783, 0.6619785896421349, 0.6619785896421349, 0.6655894809343768, 0.6655894809343768, 0.6697082124329552, 0.6697082124329552, 0.6715708696034468, 0.6715708696034468, 0.6722388258741463, 0.6722388258741463, 0.6737384595093643, 0.6737384595093643, 0.6752369207772795, 0.6752369207772795, 0.6776387203610892, 0.6776387203610892, 0.6822282306046484, 0.6822282306046484, 0.6849220082651895, 0.6849220082651895, 0.6929591869632756, 0.6929591869632756, 0.6941283888742342, 0.6941283888742342, 0.6942795363287317, 0.6942795363287317, 0.6958601365807908, 0.6958601365807908, 0.6997804888771653, 0.6997804888771653, 0.7002306779213927, 0.7002306779213927, 0.7025377062633723, 0.7025377062633723, 0.7033873061930302, 0.7033873061930302, 0.7044713795832234, 0.7044713795832234, 0.7077258712154518, 0.7077258712154518, 0.7090080453706146, 0.7090080453706146, 0.7109579852867904, 0.7109579852867904, 0.7126911691432927, 0.7126911691432927, 0.7141858788358393, 0.7141858788358393, 0.7203247457428412, 0.7203247457428412, 0.7204341862305461, 0.7204341862305461, 0.7215470119288373, 0.7215470119288373, 0.7258387115683343, 0.7258387115683343, 0.7272095899645359, 0.7272095899645359, 0.728365573434157, 0.728365573434157, 0.7289219349922331, 0.7289219349922331, 0.7314457926668425, 0.7314457926668425, 0.7334227263401624, 0.7334227263401624, 0.7335415897300624, 0.7335415897300624, 0.735814135818752, 0.735814135818752, 0.7367069667926962, 0.7367069667926962, 0.7391433951757085, 0.7391433951757085, 0.744434186230546, 0.744434186230546, 0.7450024473167444, 0.7450024473167444, 0.7488752894281778, 0.7488752894281778, 0.7506877692781149, 0.7506877692781149, 0.7516276414900789, 0.7516276414900789, 0.7545161493595944, 0.7545161493595944, 0.756778202760925, 0.756778202760925, 0.7586074034995164, 0.7586074034995164, 0.7614106363023535, 0.7614106363023535, 0.7615884551129869, 0.7615884551129869, 0.7639874703244527, 0.7639874703244527, 0.7649214367361294, 0.7649214367361294, 0.7687042410387175, 0.7687042410387175, 0.7688608106919899, 0.7688608106919899, 0.7708042879334095, 0.7708042879334095, 0.7717405551159178, 0.7717405551159178, 0.7720461033441778, 0.7720461033441778, 0.774810823881122, 0.774810823881122, 0.7792234385532988, 0.7792234385532988, 0.7805629121603799, 0.7805629121603799, 0.7827395586037105, 0.7827395586037105, 0.7841202848852545, 0.7841202848852545, 0.7856008968609866, 0.7856008968609866, 0.7858990591752396, 0.7858990591752396, 0.7861147454497495, 0.7861147454497495, 0.7883328350772296, 0.7883328350772296, 0.7885054221987748, 0.7885054221987748, 0.7909357689264046, 0.7909357689264046, 0.7926529353146341, 0.7926529353146341, 0.7930022274978751, 0.7930022274978751, 0.7943511972801078, 0.7943511972801078, 0.7955661654796448, 0.7955661654796448, 0.7967541252674463, 0.7967541252674463, 0.7972410533720214, 0.7972410533720214, 0.7996136463554031, 0.7996136463554031, 0.7999910313901345, 0.7999910313901345, 0.8001735396699786, 0.8001735396699786, 0.8003071309241185, 0.8003071309241185, 0.8016979542190569, 0.8016979542190569, 0.8019876461795481, 0.8019876461795481, 0.8037543011225416, 0.8037543011225416, 0.8042236876813506, 0.8042236876813506, 0.8043081274363258, 0.8043081274363258, 0.8063340074445324, 0.8063340074445324, 0.8085237697470617, 0.8085237697470617, 0.8092120958996454, 0.8092120958996454, 0.8094252176206805, 0.8094252176206805, 0.8097251384858877, 0.8097251384858877, 0.8100010697851637, 0.8100010697851637, 0.8107424602127846, 0.8107424602127846, 0.8111045018904423, 0.8111045018904423, 0.8113843752747736, 0.8113843752747736, 0.8119284269761716, 0.8119284269761716, 0.8123382133122308, 0.8123382133122308, 0.8129563293179753, 0.8129563293179753, 0.8133914534423635, 0.8133914534423635, 0.8141798997625956, 0.8141798997625956, 0.8149347431050148, 0.8149347431050148, 0.816088411149213, 0.816088411149213, 0.8168655441249744, 0.8168655441249744, 0.817462982502418, 0.817462982502418, 0.8175323573375539, 0.8175323573375539, 0.819815117676368, 0.819815117676368, 0.8198606201823031, 0.8198606201823031, 0.8230917670506169, 0.8230917670506169, 0.8244417479996483, 0.8244417479996483, 0.8263583194114716, 0.8263583194114716, 0.8284728303877604, 0.8284728303877604, 0.8311502095606553, 0.8311502095606553, 0.8339351973973446, 0.8339351973973446, 0.8358349746475571, 0.8358349746475571, 0.8371033148685483, 0.8371033148685483, 0.837156598962455, 0.837156598962455, 0.840873648113954, 0.840873648113954, 0.8423269878953076, 0.8423269878953076, 0.8429349775784754, 0.8429349775784754, 0.8459295114159266, 0.8459295114159266, 0.8464514786482605, 0.8464514786482605, 0.8468082593276474, 0.8468082593276474, 0.8500566986136757, 0.8500566986136757, 0.8505092910108737, 0.8505092910108737, 0.85209419971277, 0.85209419971277, 0.8528090213663941, 0.8528090213663941, 0.8540047920513497, 0.8540047920513497, 0.8545167062340632, 0.8545167062340632, 0.8558093584219936, 0.8558093584219936, 0.8578437674023272, 0.8578437674023272, 0.858076365075178, 0.858076365075178, 0.8585174536182186, 0.8585174536182186, 0.8593229578827046, 0.8593229578827046, 0.8618147806207686, 0.8618147806207686, 0.8627243911017322, 0.8627243911017322, 0.8633109997362174, 0.8633109997362174, 0.8633454380257335, 0.8633454380257335, 0.8641502535244292, 0.8641502535244292, 0.8645315073712594, 0.8645315073712594, 0.8647110114598904, 0.8647110114598904, 0.8647702160086755, 0.8647702160086755, 0.8655618130660336, 0.8655618130660336, 0.8656623728714206, 0.8656623728714206, 0.8665570356692751],