{"title": "population_size_100_0", "popultion": 100, "subpopulation": 150, "number_of_rect": 20, "scores": [0.6418767988510801], "iters": [0], "finalScore": 0.6418767988510801, "finalIter": 5}