{"title": "population_size_10_4", "popultion": 10, "subpopulation": 15, "number_of_rect": 20, "scores": [0.6293825581054544], "iters": [0], "finalScore": 0.6293825581054544, "finalIter": 5}