{"title": "population_size_30_3", "popultion": 30, "subpopulation": 45, "number_of_rect": 20, "scores": [0.6334991646882968, 0.6334991646882968, 0.6357101321844134, 0.6357101321844134, 0.6379064597438378, 0.6379064597438378, 0.6385880301298397, 0.6385880301298397, 0.6389315337495237, 0.6389315337495237, 0.6398770772883144, 0.6398770772883144, 0.6400230956358628, 0.6400230956358628, 0.640841378703948, 0.640841378703948, 0.6411168850200768, 0.6411168850200768, 0.6418582168293326, 0.6418582168293326, 0.6424536182185878, 0.6424536182185878, 0.6432582285530057, 0.6432582285530057, 0.6452110700782556, 0.6452110700782556, 0.6473705120314195, 0.6473705120314195, 0.6491960344675987, 0.6491960344675987, 0.6503953515636449, 0.6503953515636449, 0.6521511914182714, 0.6521511914182714, 0.6552590052463437, 0.6552590052463437, 0.6559428910577684, 0.6559428910577684, 0.6577188223570445, 0.6577188223570445, 0.6577941323016501, 0.6577941323016501, 0.6578314868548316, 0.6578314868548316, 0.6600740349951639, 0.6600740349951639, 0.6631789325595709, 0.6631789325595709, 0.6636742723995428, 0.6636742723995428, 0.6671108033646942, 0.6671108033646942, 0.6700171019080278, 0.6700171019080278, 0.6712243031741845, 0.6712243031741845, 0.677357513408951, 0.677357513408951, 0.680820803657786, 0.680820803657786, 0.6808700723936809, 0.6808700723936809, 0.6823993229578826, 0.6823993229578826, 0.6857302382836543, 0.6857302382836543, 0.6860447551217796, 0.6860447551217796, 0.6894783112049006, 0.6894783112049006, 0.6922155543831883, 0.6922155543831883, 0.6958772384888186, 0.6958772384888186, 0.6965326650839707, 0.6965326650839707, 0.698272824525924, 0.698272824525924, 0.7025136873882587, 0.7025136873882587, 0.704015460593804, 0.704015460593804, 0.7044486942759166, 0.7044486942759166, 0.7054711890735368, 0.7054711890735368, 0.7106788739412058, 0.7106788739412058, 0.713261188780445, 0.713261188780445, 0.7134978897388552, 0.7134978897388552, 0.7177577889152671, 0.7177577889152671, 0.7209697675781823, 0.7209697675781823, 0.7242038893285265, 0.7242038893285265, 0.7282719012866732, 0.7282719012866732, 0.7365024766259269, 0.7365024766259269, 0.7414116621237434, 0.7414116621237434, 0.7467057797708022, 0.7467057797708022, 0.7489083501861133, 0.7489083501861133, 0.7494028547143821, 0.7494028547143821, 0.7524020194026788, 0.7524020194026788, 0.7543686508983265, 0.7543686508983265, 0.7547568949851988, 0.7547568949851988, 0.758321008822064, 0.758321008822064, 0.7607370380140097, 0.7607370380140097, 0.763616635892025, 0.763616635892025, 0.7639953105307893, 0.7639953105307893, 0.76649725959143, 0.76649725959143, 0.7670318297722676, 0.7670318297722676, 0.7695378674638764, 0.7695378674638764, 0.7699513907207128, 0.7699513907207128, 0.7718665113279991, 0.7718665113279991, 0.7722147337260764, 0.7722147337260764, 0.7725665758082008, 0.7725665758082008, 0.7741376212667429, 0.7741376212667429, 0.7775142589173188, 0.7775142589173188, 0.7785275945953867, 0.7785275945953867, 0.7788330988598728, 0.7788330988598728, 0.7794064157800639, 0.7794064157800639, 0.7805935549107536, 0.7805935549107536, 0.7813491602919195, 0.7813491602919195, 0.7814719511122834, 0.7814719511122834, 0.7836358480611976, 0.7836358480611976, 0.7841614203229872, 0.7841614203229872, 0.785099783112049, 0.785099783112049, 0.785133547290366, 0.785133547290366, 0.786074709106363, 0.786074709106363, 0.7866294440048067, 0.7866294440048067, 0.7875830475688033, 0.7875830475688033, 0.7881190245904042, 0.7881190245904042, 0.7886113016207978, 0.7886113016207978, 0.7899066355989331, 0.7899066355989331, 0.7927032738356927, 0.7927032738356927, 0.7935783141358188, 0.7935783141358188, 0.7950372519710426, 0.7950372519710426, 0.7956394091268795, 0.7956394091268795, 0.7996764852428266, 0.7996764852428266, 0.7999115155778306, 0.7999115155778306, 0.8026033148685483, 0.8026033148685483, 0.8038855183328937, 0.8038855183328937, 0.8050693748351359, 0.8050693748351359, 0.8056868313842727, 0.8056868313842727, 0.8057889885401096, 0.8057889885401096, 0.8069144464960872, 0.8069144464960872, 0.8069489140947859, 0.8069489140947859, 0.8070424250417656, 0.8070424250417656, 0.8073193235440663, 0.8073193235440663, 0.8087479410299248, 0.8087479410299248, 0.8095958996453589, 0.8095958996453589, 0.8097761218089627, 0.8097761218089627, 0.8099781353498051, 0.8099781353498051, 0.8115154019754389, 0.8115154019754389, 0.8130093789384214, 0.8130093789384214, 0.8153709370145666, 0.8153709370145666, 0.8158304463788505, 0.8158304463788505, 0.8167733227820276, 0.8167733227820276, 0.8174892142208154, 0.8174892142208154, 0.8176772033177995, 0.8176772033177995, 0.818260001758551, 0.818260001758551, 0.8193148538937249, 0.8193148538937249, 0.8196654210264076, 0.8196654210264076, 0.8196857322899265, 0.8196857322899265, 0.8200067850757642, 0.8200067850757642, 0.8201398048008441, 0.8201398048008441, 0.820273601219262, 0.820273601219262, 0.8202775139951347, 0.8202775139951347, 0.8202910401828893, 0.8202910401828893, 0.8204995310530789], "iters": [0, 22, 23, 26, 27, 37, 38, 46, 47, 49, 50, 55, 56, 60, 61, 62, 63, 68, 69, 89, 90, 93, 94, 103, 104, 127, 128, 160, 161, 168, 169, 170, 171, 177, 178, 179, 180, 182, 183, 183, 184, 187, 188, 189, 190, 190, 191, 191, 192, 194, 195, 197, 198, 199, 200, 203, 204, 204, 205, 207, 208, 209, 210, 211, 212, 212, 213, 213, 214, 214, 215, 216, 217, 218, 219, 219, 220, 220, 221, 224, 225, 225, 226, 226, 227, 227, 228, 229, 230, 230, 231, 231, 232, 233, 234, 235, 236, 236, 237, 237, 238, 243, 244, 248, 249, 253, 254, 255, 256, 258, 259, 260, 261, 261, 262, 263, 264, 264, 265, 267, 268, 268, 269, 269, 270, 270, 271, 271, 272, 273, 274, 275, 276, 278, 279, 279, 280, 280, 281, 284, 285, 287, 288, 288, 289, 291, 292, 292, 293, 295, 296, 299, 300, 300, 301, 305, 306, 306, 307, 308, 309, 309, 310, 311, 312, 314, 315, 315, 316, 319, 320, 323, 324, 324, 325, 328, 329, 335, 336, 339, 340, 342, 343, 351, 352, 352, 353, 357, 358, 365, 366, 368, 369, 369, 370, 380, 381, 388, 389, 390, 391, 393, 394, 403, 404, 415, 416, 423, 424, 427, 428, 432, 433, 438, 439, 447, 448, 458, 459, 464, 465, 475, 476, 477, 478, 486, 487, 495, 496, 562, 563, 693, 694, 694, 695, 749, 750, 813, 814, 933, 934, 974, 975, 996, 997], "finalScore": 0.8204995310530789, "finalIter": 1000}