{"title": "subpopulation_size_2.5_4", "popultion": 50, "subpopulation": 125, "number_of_rect": 20, "scores": [0.6058372314546148], "iters": [0], "finalScore": 0.6058372314546148, "finalIter": 5}