{"title": "population_size_10_1", "popultion": 10, "subpopulation": 15, "number_of_rect": 20, "scores": [0.590999794835722], "iters": [0], "finalScore": 0.590999794835722, "finalIter": 5}