{"title": "subpopulation_size_3_3", "popultion": 40, "subpopulation": 120, "number_of_rect": 20, "scores": [0.6506702863507137, 0.6506702863507137, 0.6509536621823617, 0.6509536621823617, 0.6518144582197603, 0.6518144582197603, 0.6522266479087898, 0.6522266479087898, 0.6533274421876374, 0.6533274421876374, 0.6540669568275741, 0.6540669568275741, 0.654328248190158, 0.654328248190158, 0.6557262815440077, 0.6557262815440077, 0.6574828101644246, 0.6574828101644246, 0.6583995720859346, 0.6583995720859346, 0.6611150678507576, 0.6611150678507576, 0.6616874029133327, 0.6616874029133327, 0.6634584981974853, 0.6634584981974853, 0.6641704622058091, 0.6641704622058091, 0.6646133092998037, 0.6646133092998037, 0.6661293707318503, 0.6661293707318503, 0.6662373897242007, 0.6662373897242007, 0.6675772003868812, 0.6675772003868812, 0.6677254608868959, 0.6677254608868959, 0.6682042556933088, 0.6682042556933088, 0.6686060259679357, 0.6686060259679357, 0.6688752161552214, 0.6688752161552214, 0.6689391834461736, 0.6689391834461736, 0.6696385738151762, 0.6696385738151762, 0.6705897886807937, 0.6705897886807937, 0.6710048213605322, 0.6710048213605322, 0.6711131774084821, 0.6711131774084821, 0.6717472669187257, 0.6717472669187257, 0.6723764471408893, 0.6723764471408893, 0.672862378733257, 0.672862378733257, 0.6728888742342976, 0.6728888742342976, 0.6733509921158298, 0.6733509921158298, 0.6735926756352766, 0.6735926756352766, 0.6736594419531639, 0.6736594419531639, 0.673731205486679, 0.673731205486679, 0.6742064538820012, 0.6742064538820012, 0.6743055042644861, 0.6743055042644861, 0.6747543450863156, 0.6747543450863156, 0.6748627597526304, 0.6748627597526304, 0.6749754535596002, 0.6749754535596002, 0.6749876168703655, 0.6749876168703655, 0.6751333128169056, 0.6751333128169056, 0.675335795304669, 0.675335795304669, 0.6755224215246637, 0.6755224215246637, 0.675533808142091, 0.675533808142091, 0.6756402444385826, 0.6756402444385826, 0.6757493625252792, 0.6757493625252792, 0.6758159236788885, 0.6758159236788885, 0.675848412907764, 0.675848412907764, 0.6759604326035347, 0.6759604326035347, 0.6760538263137841, 0.6760538263137841, 0.6763800814795276, 0.6763800814795276, 0.676538673466397, 0.676538673466397, 0.6771525542952608, 0.6771525542952608, 0.6771982326562913, 0.6771982326562913, 0.6777330080014068, 0.6777330080014068, 0.6778224449720097, 0.6778224449720097, 0.6780059497640611, 0.6780059497640611, 0.6780100530496205, 0.6780100530496205, 0.6785018904422755, 0.6785018904422755, 0.6786576540930274, 0.6786576540930274, 0.678793663354729, 0.678793663354729, 0.6797115829889504, 0.6797115829889504, 0.6802549459245582, 0.6802549459245582, 0.6810003370555995, 0.6810003370555995, 0.6810469093466984, 0.6810469093466984, 0.6817446730560686, 0.6817446730560686, 0.6818645622673584, 0.6818645622673584, 0.6820204285002491, 0.6820204285002491, 0.6826041062164776, 0.6826041062164776, 0.6827245229930538, 0.6827245229930538, 0.6833003751575368, 0.6833003751575368, 0.6834208798616607, 0.6834208798616607, 0.683913962894575, 0.683913962894575, 0.6839205281514699, 0.6839205281514699, 0.6840340426155515, 0.6840340426155515, 0.6848132711978663, 0.6848132711978663, 0.6853498197485273, 0.6853498197485273, 0.6853693103549342, 0.6853693103549342, 0.6854169524311967, 0.6854169524311967, 0.6858129634514494, 0.6858129634514494, 0.6858859872798148, 0.6858859872798148, 0.6868754652832733, 0.6868754652832733, 0.6870290893636977, 0.6870290893636977, 0.6877176353351505, 0.6877176353351505, 0.6883367478531024, 0.6883367478531024, 0.6886708139159998, 0.6886708139159998, 0.6894461736862159, 0.6894461736862159, 0.6910130865500161, 0.6910130865500161, 0.6931501802514728, 0.6931501802514728, 0.6933629062985434, 0.6933629062985434, 0.694002476625927, 0.694002476625927, 0.6951384858876286, 0.6951384858876286, 0.695443697060289, 0.695443697060289, 0.6958736774231367, 0.6958736774231367, 0.6959301122541692, 0.6959301122541692, 0.6961689381283156, 0.6961689381283156, 0.6966106714733726, 0.6966106714733726, 0.6967931357894428, 0.6967931357894428, 0.6968862657170491, 0.6968862657170491, 0.6968867639731529, 0.6968867639731529, 0.6971082241566282, 0.6971082241566282, 0.6974066942172983, 0.6974066942172983, 0.6976070957530994, 0.6976070957530994, 0.6978439286028313, 0.6978439286028313, 0.6978574840997684, 0.6978574840997684, 0.697963085084557, 0.697963085084557, 0.6983831296345145, 0.6983831296345145, 0.6988028957472376, 0.6988028957472376, 0.7009082476039743, 0.7009082476039743, 0.70127985872974, 0.70127985872974, 0.7013695887921686, 0.7013695887921686, 0.7018458630088806, 0.7018458630088806, 0.7019296579618395, 0.7019296579618395, 0.703063073360884, 0.703063073360884, 0.703417948943404, 0.703417948943404, 0.7038033793487499, 0.7038033793487499, 0.7044662944400482, 0.7044662944400482, 0.7046272458161142, 0.7046272458161142, 0.7055566693044931, 0.7055566693044931, 0.7057613646355403, 0.7057613646355403, 0.706928031302207, 0.706928031302207, 0.7080007327295641, 0.7080007327295641, 0.7086932207860723, 0.7086932207860723, 0.7089959846419883, 0.7089959846419883, 0.7091908760514669, 0.7091908760514669, 0.7094776957120665, 0.7094776957120665, 0.7097464609162051, 0.7097464609162051, 0.7102458454233711, 0.7102458454233711, 0.7111766757525133, 0.7111766757525133, 0.7116758257862188, 0.7116758257862188, 0.7118632433541429, 0.7118632433541429, 0.712021615522143, 0.712021615522143, 0.7136661977197456, 0.7136661977197456, 0.7139737243178288, 0.7139737243178288, 0.7143353117031566, 0.7143353117031566, 0.7154938011078871, 0.7154938011078871, 0.715907866584601, 0.715907866584601, 0.7170504411031977, 0.7170504411031977, 0.7178868079369266, 0.7178868079369266, 0.7187084469064158, 0.7187084469064158, 0.7192408188985608, 0.7192408188985608, 0.7208874673935344, 0.7208874673935344, 0.7227823500102583, 0.7227823500102583, 0.7230664585714704, 0.7230664585714704, 0.7239204109147397, 0.7239204109147397, 0.7247592836835781, 0.7247592836835781, 0.7255365338960696, 0.7255365338960696, 0.7261195961194642, 0.7261195961194642, 0.726533397813535, 0.726533397813535, 0.7273924792637534, 0.7273924792637534, 0.7291439227409947, 0.7291439227409947, 0.7293317213282922, 0.7293317213282922, 0.7294331750637475, 0.7294331750637475, 0.7304839092587707, 0.7304839092587707, 0.7308697793018553, 0.7308697793018553, 0.7310660922066883, 0.7310660922066883, 0.7313298601951992, 0.7313298601951992, 0.7317686919311821, 0.7317686919311821, 0.7321613470500308, 0.7321613470500308, 0.7323888595797063, 0.7323888595797063, 0.7336972801078578, 0.7336972801078578, 0.7346121076233184, 0.7346121076233184, 0.7351707259884521, 0.7351707259884521, 0.735541619039245, 0.735541619039245, 0.7366500483601512, 0.7366500483601512, 0.7366590023154254, 0.7366590023154254, 0.7384291597057357, 0.7384291597057357, 0.7387025411061285, 0.7387025411061285, 0.7393845218206865, 0.7393845218206865, 0.7403586711216624, 0.7403586711216624, 0.7408521205193588, 0.7408521205193588, 0.7427460359330578, 0.7427460359330578, 0.7439297458893872, 0.7439297458893872, 0.7453934318121868, 0.7453934318121868, 0.7457746416952431, 0.7457746416952431, 0.7459393739558604, 0.7459393739558604, 0.7464395351563645, 0.7464395351563645, 0.746484539406196, 0.746484539406196, 0.7466412702599725, 0.7466412702599725, 0.7466489932295788, 0.7466489932295788, 0.7467766640288402, 0.7467766640288402, 0.7468006682493625, 0.7468006682493625, 0.7472630352589467, 0.7472630352589467, 0.7477246109206015, 0.7477246109206015, 0.7478230604648436, 0.7478230604648436, 0.7480163252146897, 0.7480163252146897, 0.7486480992995106, 0.7486480992995106, 0.7487251384858876, 0.7487251384858876, 0.7492322166534775, 0.7492322166534775, 0.7492950115771271, 0.7492950115771271, 0.7495741522318943, 0.7495741522318943, 0.7499399894486942, 0.7499399894486942, 0.7502132243031742, 0.7502132243031742, 0.7503692663911603, 0.7503692663911603, 0.7507231747706556, 0.7507231747706556, 0.7507937366276854, 0.7507937366276854, 0.7510153140478912, 0.7510153140478912, 