{"title": "population_size_30_1", "popultion": 30, "subpopulation": 45, "number_of_rect": 20, "scores": [0.6476281250915912], "iters": [0], "finalScore": 0.6476281250915912, "finalIter": 5}