{"title": "population_size_100_2", "popultion": 100, "subpopulation": 150, "number_of_rect": 20, "scores": [0.6331881209883057, 0.6331881209883057, 0.6347225739324129], "iters": [0, 3, 4], "finalScore": 0.6347225739324129, "finalIter": 5}