{"title": "population_size_15_3", "popultion": 15, "subpopulation": 22, "number_of_rect": 20, "scores": [0.6249378645329582, 0.6249378645329582, 0.6267300624285589, 0.6267300624285589, 0.6279662358216829, 0.6279662358216829, 0.6287420791934113, 0.6287420791934113, 0.6295111814531493, 0.6295111814531493, 0.6304915736100121, 0.6304915736100121, 0.6316622556346904, 0.6316622556346904, 0.6319912658635951, 0.6319912658635951, 0.6332935900817727, 0.6332935900817727, 0.634480919722149, 0.634480919722149, 0.6346828453354436, 0.6346828453354436, 0.6354142120226267, 0.6354142120226267, 0.6357301503561066, 0.6357301503561066, 0.6361576101292535, 0.6361576101292535, 0.6367516339869281, 0.6367516339869281, 0.6372921246226443, 0.6372921246226443, 0.6388044784430962, 0.6388044784430962, 0.6398370849087018, 0.6398370849087018, 0.6417272194378498, 0.6417272194378498, 0.6434452651015563, 0.6434452651015563, 0.6446890588821478, 0.6446890588821478, 0.6452353527360122, 0.6452353527360122, 0.6467652041384566, 0.6467652041384566, 0.6482320554529735, 0.6482320554529735, 0.649738239690495, 0.649738239690495, 0.6590240042205223, 0.6590240042205223, 0.6618965532401302, 0.6618965532401302, 0.6625764383481345, 0.6625764383481345, 0.666066590462792, 0.666066590462792, 0.6687271315103023, 0.6687271315103023, 0.6724037779536329, 0.6724037779536329, 0.6727034203816056, 0.6727034203816056, 0.6743984290278144, 0.6743984290278144, 0.6744476537999355, 0.6744476537999355, 0.6777620973651045, 0.6777620973651045, 0.679437908496732, 0.679437908496732, 0.6827393827486152, 0.6827393827486152, 0.6854935959436091, 0.6854935959436091, 0.6888003751575369, 0.6888003751575369, 0.6940826958586125, 0.6940826958586125, 0.6950221577420206, 0.6950221577420206, 0.704838740877517, 0.704838740877517, 0.7083816788299775, 0.7083816788299775, 0.708583135496351, 0.708583135496351, 0.7108848588762859, 0.7108848588762859, 0.7174661478941352, 0.7174661478941352, 0.7175173510360796, 0.7175173510360796, 0.7235107418154108, 0.7235107418154108, 0.7252965210000293, 0.7252965210000293, 0.7339469503795539, 0.7339469503795539, 0.737851827427533, 0.737851827427533, 0.7391190245904042, 0.7391190245904042, 0.7421607315571969, 0.7421607315571969, 0.7462732788182538, 0.7462732788182538, 0.7517930771710777, 0.7517930771710777, 0.7527197749054779, 0.7527197749054779, 0.7552983235147572, 0.7552983235147572, 0.7557228377150561, 0.7557228377150561, 0.7582917582578622, 0.7582917582578622, 0.7591707846068173, 0.7591707846068173, 0.7595705178932559, 0.7595705178932559, 0.7607184120284886, 0.7607184120284886, 0.7633923766816144, 0.7633923766816144, 0.7644516251941733, 0.7644516251941733, 0.7664610920601425, 0.7664610920601425, 0.7665573287611008, 0.7665573287611008, 0.7677053840968375, 0.7677053840968375, 0.7678350625751048, 0.7678350625751048, 0.7683516955362115, 0.7683516955362115, 0.7703153668044198, 0.7703153668044198, 0.7707594155748996, 0.7707594155748996, 0.7733478413787039, 0.7733478413787039, 0.7742073917758434, 0.7742073917758434, 0.7743602684721123, 0.7743602684721123, 0.7760842638998798, 0.7760842638998798, 0.7769881883994255, 0.7769881883994255, 0.7771876813505671, 0.7771876813505671, 0.7800477886221753, 0.7800477886221753, 0.7828579530466895, 0.7828579530466895, 0.7843309153257716, 0.7843309153257716, 0.7854542044022392, 0.7854542044022392, 0.7862344734605352, 0.7862344734605352, 0.7877046660218646, 0.7877046660218646, 0.7896149213048448, 0.7896149213048448, 0.7914823558720947, 0.7914823558720947, 0.7918456138808289, 0.7918456138808289, 0.7928707171956975, 0.7928707171956975, 0.7931792842697617, 0.7931792842697617, 0.7942404525337788, 0.7942404525337788, 0.7943850786951552, 0.7943850786951552, 0.7957219730941704, 0.7957219730941704, 0.7970613294645212, 0.7970613294645212, 0.7978454233711422, 0.7978454233711422, 0.8006537559717459, 0.8006537559717459, 0.8015111814531493, 0.8015111814531493, 0.8039655910196665, 0.8039655910196665, 0.8045583252733082, 0.8045583252733082, 0.8047778657053255, 0.8047778657053255, 0.8069983733403676, 0.8069983733403676, 0.8099136698027491, 0.8099136698027491, 0.8123462733374367, 0.8123462733374367, 0.8125798528679036, 0.8125798528679036, 0.8139705589261115, 0.8139705589261115, 0.8154215393182684, 0.8154215393182684, 0.8169054192678566, 0.8169054192678566, 0.8185184354758346, 0.8185184354758346, 0.8217985433336265, 0.8217985433336265, 0.8218249509071192, 0.8218249509071192, 0.8222437644714089, 0.8222437644714089, 0.8231338843459656, 0.8231338843459656, 0.8246936750784021, 0.8246936750784021, 0.825070986840177, 0.825070986840177, 0.8262076555584865, 0.8262076555584865, 0.8264732993346815, 0.8264732993346815, 0.8278784841290776, 0.8278784841290776, 0.8309630264661918, 0.8309630264661918, 0.8317932676807644, 0.8317932676807644, 0.832028019578534, 0.832028019578534, 0.8345993141651279, 0.8345993141651279, 0.8359400480670593, 0.8359400480670593, 0.8360522875816994, 0.8360522875816994, 0.8397008265189484, 0.8397008265189484, 0.8421212667428706, 0.8421212667428706, 0.8428154400773762, 0.8428154400773762, 0.8429287933409537, 0.8429287933409537, 0.8452147337260764, 0.8452147337260764, 0.8472590345555262, 0.8472590345555262, 0.8475899791904804, 0.8475899791904804, 0.8483342272634016, 0.8483342272634016, 0.848642178844632, 0.848642178844632, 0.8489008616899675, 0.8489008616899675, 0.8490464550543686, 0.8490464550543686, 0.8498625692429438, 0.8498625692429438, 0.8504263167150268, 0.8504263167150268, 0.8512140303056948, 0.8512140303056948, 0.8526309534277089, 0.8526309534277089, 0.8531238606055277, 0.8531238606055277, 0.8543468741756792, 0.8543468741756792, 0.8545152407749348, 0.8545152407749348, 0.856641196987016, 0.856641196987016, 0.8570328262844749, 0.8570328262844749, 0.8574354025616225, 0.8574354025616225, 0.8579110759400921, 0.8579110759400921, 0.8589310941117853, 0.8589310941117853, 0.8589939916175737, 0.8589939916175737, 0.8602267651455201, 0.8602267651455201, 0.8649290571235968, 0.8649290571235968, 0.8656320964858291, 0.8656320964858291, 0.8658989859022832, 0.8658989859022832, 0.8661689820920895, 0.8661689820920895, 0.8668315747823794, 0.8668315747823794, 0.8673684896978223, 0.8673684896978223, 0.8677602508866028, 0.8677602508866028, 0.8679934054339224, 0.8679934054339224, 0.8685847621559835, 0.8685847621559835, 0.868926844280313, 0.868926844280313, 0.869231982180017, 0.869231982180017, 0.8696621383979601, 0.8696621383979601, 0.8701320085582813, 0.8701320085582813, 0.8701449925261584, 0.8701449925261584, 0.8705307599871039, 0.8705307599871039, 0.8721622116709165],