{"title": "population_size_2_0", "popultion": 2, "subpopulation": 3, "number_of_rect": 20, "scores": [0.6030819338198657, 0.6030819338198657, 0.6035193147513116, 0.6035193147513116, 0.6043185615053197, 0.6043185615053197, 0.6102871420616078, 0.6102871420616078, 0.6112520003517101, 0.6112520003517101, 0.6120945807321434, 0.6120945807321434, 0.6137888859579707, 0.6137888859579707, 0.6139766112723116, 0.6139766112723116, 0.6190780943169495, 0.6190780943169495, 0.621476010434069, 0.621476010434069, 0.6249111638676397, 0.6249111638676397, 0.6278086110378381, 0.6278086110378381, 0.628841539904452, 0.628841539904452, 0.6299693572496263, 0.6299693572496263, 0.6300842052815148, 0.6300842052815148, 0.6304490020223337, 0.6304490020223337, 0.6306144230487412, 0.6306144230487412, 0.6359990327969753, 0.6359990327969753, 0.6366479820627803, 0.6366479820627803, 0.6369705003077464, 0.6369705003077464, 0.6412259005246344, 0.6412259005246344, 0.641890911222486, 0.641890911222486, 0.6433887276883847, 0.6433887276883847, 0.6436057182215188, 0.6436057182215188, 0.6447770157390311, 0.6447770157390311, 0.6461139541018202, 0.6461139541018202, 0.6473853864415722, 0.6473853864415722, 0.6476090594683315, 0.6476090594683315, 0.6478051085905214, 0.6478051085905214, 0.6503522084469064, 0.6503522084469064, 0.6539770802192326, 0.6539770802192326, 0.654038468302119, 0.654038468302119, 0.6562113338608986, 0.6562113338608986, 0.6573889768164366], "iters": [0, 3, 4, 6, 7, 9, 10, 11, 12, 13, 14, 16, 17, 22, 23, 23, 24, 24, 25, 25, 26, 26, 27, 30, 31, 31, 32, 35, 36, 36, 37, 40, 41, 46, 47, 83, 84, 159, 160, 162, 163, 165, 166, 175, 176, 191, 192, 195, 196, 204, 205, 324, 325, 590, 591, 710, 711, 717, 718, 767, 768, 791, 792, 820, 821, 938, 939], "finalScore": 0.6573889768164366, "finalIter": 1000}