{"title": "subpopulation_size_100_0", "popultion": 30, "subpopulation": 100, "number_of_rect": 20, "scores": [0.6067580087341364], "iters": [0], "finalScore": 0.6067580087341364, "finalIter": 5}