{"title": "subpopulation_size_3_2", "popultion": 40, "subpopulation": 120, "number_of_rect": 20, "scores": [0.6453109411178523, 0.6453109411178523, 0.6468133591254139, 0.6468133591254139, 0.6476218968902958, 0.6476218968902958, 0.6483756264837774, 0.6483756264837774, 0.6489357103080395, 0.6489357103080395, 0.649963187666696, 0.649963187666696, 0.6501184237521616, 0.6501184237521616, 0.650871259415575, 0.650871259415575, 0.6516401418564437, 0.6516401418564437, 0.65184174506873, 0.65184174506873, 0.6522047686040037, 0.6522047686040037, 0.6524880125443302, 0.6524880125443302, 0.6530813769453969, 0.6530813769453969, 0.6541440106685424, 0.6541440106685424, 0.6549180222163604, 0.6549180222163604, 0.655011635745479, 0.655011635745479, 0.6552659075588382, 0.6552659075588382, 0.6553588762859404, 0.6553588762859404, 0.6559936545619742, 0.6559936545619742, 0.656355241947302, 0.656355241947302, 0.6575502505935109, 0.6575502505935109, 0.6575905946833143, 0.6575905946833143, 0.658250227146165, 0.658250227146165, 0.6589522406870072, 0.6589522406870072, 0.6589861074474632, 0.6589861074474632, 0.6599120431431167, 0.6599120431431167, 0.6606121369325009, 0.6606121369325009, 0.6610392156862746, 0.6610392156862746, 0.6618144435651689, 0.6618144435651689, 0.6622612327442188, 0.6622612327442188, 0.6630828424045253, 0.6630828424045253, 0.6633942378147073, 0.6633942378147073, 0.6637865265687739, 0.6637865265687739, 0.6644069579999414, 0.6644069579999414, 0.6647046220580908, 0.6647046220580908, 0.6669613118790116, 0.6669613118790116, 0.6672383862364079, 0.6672383862364079, 0.6678136229080571, 0.6678136229080571, 0.6685553503912776, 0.6685553503912776, 0.669896860986547, 0.669896860986547, 0.6732013833934172, 0.6732013833934172, 0.6761576834022098, 0.6761576834022098, 0.6783046836073743, 0.6783046836073743, 0.6819488994401947, 0.6819488994401947, 0.6862576277147631, 0.6862576277147631, 0.6862986312611741, 0.6862986312611741, 0.6865705765116211, 0.6865705765116211, 0.6878082153638735, 0.6878082153638735, 0.688215906093379, 0.688215906093379, 0.6883286878278965, 0.6883286878278965, 0.6884118379788388, 0.6884118379788388, 0.6886039010521996, 0.6886039010521996, 0.6887616430727748, 0.6887616430727748, 0.6889062399249686, 0.6889062399249686, 0.6893221372255928, 0.6893221372255928, 0.6896534335707377, 0.6896534335707377, 0.6899719071485095, 0.6899719071485095, 0.6905723790263489, 0.6905723790263489, 0.69100548081714, 0.69100548081714, 0.6910402415076644, 0.6910402415076644, 0.6910878982385181, 0.6910878982385181, 0.6915576511621091, 0.6915576511621091, 0.6919371757671678, 0.6919371757671678, 0.6920016266596325, 0.6920016266596325, 0.6922702453178581, 0.6922702453178581, 0.6922706409918227, 0.6922706409918227, 0.6924616635892025, 0.6924616635892025, 0.6926038717430171, 0.6926038717430171, 0.6927967847826724, 0.6927967847826724, 0.6931993757144113, 0.6931993757144113, 0.693394164541751, 0.693394164541751, 0.6934508191916527, 0.6934508191916527, 0.69348138866907, 0.69348138866907, 0.6937227204783258, 0.6937227204783258, 0.693815689205428, 0.693815689205428, 0.6939535742548141, 0.6939535742548141, 0.6940583838916732, 0.6940583838916732, 0.6942084029426419, 0.6942084029426419, 0.6947027023066327, 0.6947027023066327, 0.6948511679709253, 0.6948511679709253, 0.6949278847562941, 0.6949278847562941, 0.6953378469474487, 0.6953378469474487, 0.6955653448225328, 0.6955653448225328, 0.6956004279140655, 0.6956004279140655, 0.6956068319704563, 0.6956068319704563, 0.6956156833435916, 0.6956156833435916, 0.6956473665699463, 0.6956473665699463, 0.6958288197192181, 0.6958288197192181, 0.6958365426888244, 0.6958365426888244, 0.6958459362818371, 0.6958459362818371, 0.6958797737331106, 0.6958797737331106, 0.6960106685424543, 0.6960106685424543, 0.6961095870336176, 0.6961095870336176, 0.6961180280781969, 0.6961180280781969, 0.6961467071133387, 0.6961467071133387, 0.6962339458952489, 0.6962339458952489, 0.6962405697705091, 0.6962405697705091, 0.6962491720155926, 0.6962491720155926, 0.6963373047275712, 0.6963373047275712, 0.6965175415457663, 0.6965175415457663, 0.6966053665113281, 0.6966053665113281, 0.6966589876608342, 0.6966589876608342, 0.6967886368299188, 0.6967886368299188, 0.6971649520794865, 0.6971649520794865, 0.6972323045810251, 0.6972323045810251, 0.6973526041208711, 0.6973526041208711, 0.6975024326621531, 0.6975024326621531, 0.697518303584513, 0.697518303584513, 0.6976467510771125, 0.6976467510771125, 0.69766042381078, 0.69766042381078, 0.6979163076291802, 0.6979163076291802, 0.6979309036020985, 0.6979309036020985, 0.6979715700929101, 0.6979715700929101, 0.6980454292329787, 0.6980454292329787, 0.6981054984026496, 0.6981054984026496, 0.6982235557900289, 0.6982235557900289, 0.6982292857352208, 0.6982292857352208, 0.6982776165772737, 0.6982776165772737, 0.6983387994958821, 0.6983387994958821, 0.6983655001612006, 0.6983655001612006, 0.6984080864034703, 0.6984080864034703, 0.6984261848237052, 0.6984261848237052, 0.6984267856619479, 0.6984267856619479, 0.6986096309973915, 0.6986096309973915, 0.6987034643453794, 0.6987034643453794, 0.6988293326299129, 0.6988293326299129, 0.698843034672763, 0.698843034672763, 0.6988783668923473, 0.6988783668923473, 0.6988899440194613, 0.6988899440194613, 0.698946598669363, 0.698946598669363, 0.6989979337026291, 0.6989979337026291, 0.6990927342536417, 0.6990927342536417, 0.6991074474632902, 0.6991074474632902, 0.6991326973240717, 0.6991326973240717, 0.6992019109587033, 0.6992019109587033, 0.69923601219262, 0.69923601219262, 0.6992471789911778, 0.6992471789911778, 0.6992473695008646, 0.6992473695008646, 0.6993354582490694, 0.6993354582490694, 0.6993745127348399, 0.6993745127348399, 0.6993894017995839, 0.6993894017995839, 0.6993941352325683, 0.6993941352325683, 0.6994460124857118, 0.6994460124857118, 0.6994567689557138, 0.6994567689557138, 0.6994614437703333, 0.6994614437703333, 0.6995731264105044, 0.6995731264105044, 0.6996929276942465, 0.6996929276942465, 0.6997166388229432, 0.6997166388229432, 0.6997660980685249, 0.6997660980685249, 0.6998089480934376, 0.6998089480934376, 0.6998174331017908, 0.6998174331017908, 0.6998333333333333, 0.6998333333333333, 0.6998733110583546, 0.6998733110583546, 0.6999892581845892, 0.6999892581845892, 0.700082725167795, 0.700082725167795, 0.7001175444766845, 0.7001175444766845, 0.7002002696444796, 0.7002002696444796, 0.7002331838565022, 0.7002331838565022, 0.7002556200357573, 0.7002556200357573, 0.7003412175034438, 0.7003412175034438, 0.7003603417450688, 0.7003603417450688, 0.7003667164922771, 0.7003667164922771, 0.7003864708813271, 0.7003864708813271, 0.7004032796975292],