{"title": "subpopulation_size_1.5_1", "popultion": 50, "subpopulation": 75, "number_of_rect": 20, "scores": [0.6498779712183828], "iters": [0], "finalScore": 0.6498779712183828, "finalIter": 5}