{"title": "population_size_50_1", "popultion": 50, "subpopulation": 75, "number_of_rect": 20, "scores": [0.6006486122102055], "iters": [0], "finalScore": 0.6006486122102055, "finalIter": 5}