{"title": "subpopulation_size_1.3_2", "popultion": 40, "subpopulation": 52, "number_of_rect": 20, "scores": [0.6481078724464374, 0.6481078724464374, 0.6514011108180193, 0.6514011108180193, 0.6545134529147982, 0.6545134529147982, 0.6581895424836601, 0.6581895424836601, 0.660831867874205, 0.660831867874205, 0.6643671854391981, 0.6643671854391981, 0.6691604531199624, 0.6691604531199624, 0.6720917230868431, 0.6720917230868431, 0.6805108297429585, 0.6805108297429585, 0.6812998475922507, 0.6812998475922507, 0.6821660072100588, 0.6821660072100588, 0.683209648582901, 0.683209648582901, 0.6843758316480553, 0.6843758316480553, 0.6890157976494036, 0.6890157976494036, 0.6897819103725197, 0.6897819103725197, 0.6912258712154518, 0.6912258712154518, 0.6932711099387439, 0.6932711099387439, 0.6937197162871127, 0.6937197162871127, 0.6959091854978164, 0.6959091854978164, 0.6975496057914945, 0.6975496057914945, 0.698811454028547, 0.698811454028547, 0.7025035903748644, 0.7025035903748644, 0.7026430288109264, 0.7026430288109264, 0.7069329845540608, 0.7069329845540608, 0.7073548023095636, 0.7073548023095636, 0.7111323309592895, 0.7111323309592895, 0.7116847650869017, 0.7116847650869017, 0.713956827574079, 0.713956827574079, 0.715214557870981, 0.715214557870981, 0.7181698467129751, 0.7181698467129751, 0.7241912131070665, 0.7241912131070665, 0.7249472141621971, 0.7249472141621971, 0.7272965356546206, 0.7272965356546206, 0.7281589143878777, 0.7281589143878777, 0.7297410094082476, 0.7297410094082476, 0.7309461443770333, 0.7309461443770333, 0.7321069785163692, 0.7321069785163692, 0.7364157654093028, 0.7364157654093028, 0.7386923708197779, 0.7386923708197779, 0.7427040505290308, 0.7427040505290308, 0.7430058618365134, 0.7430058618365134, 0.7500227439256719, 0.7500227439256719, 0.7505823001846479, 0.7505823001846479, 0.7526122248600486, 0.7526122248600486, 0.7535738444854774, 0.7535738444854774, 0.7546201383393417, 0.7546201383393417, 0.7551009994431255, 0.7551009994431255, 0.7560324599196928, 0.7560324599196928, 0.7566791230692576, 0.7566791230692576, 0.757602889885401, 0.757602889885401, 0.7592812069521381, 0.7592812069521381, 0.7600269204841876, 0.7600269204841876, 0.7602494504528269, 0.7602494504528269, 0.7621394677452445, 0.7621394677452445, 0.7627013101204607, 0.7627013101204607, 0.7635073126410504, 0.7635073126410504, 0.7661300155338667, 0.7661300155338667, 0.7672336234942407, 0.7672336234942407, 0.7673424045253378, 0.7673424045253378, 0.7684241478355169, 0.7684241478355169, 0.7703418183416865, 0.7703418183416865, 0.7710027990269351, 0.7710027990269351, 0.7720224068700724, 0.7720224068700724, 0.7723331281690553, 0.7723331281690553, 0.7728828365426889, 0.7728828365426889, 0.7733452182068642, 0.7733452182068642, 0.7736432925935696, 0.7736432925935696, 0.7736461795480524, 0.7736461795480524, 0.7740873267094581, 0.7740873267094581, 0.7742422257393241, 0.7742422257393241, 0.7753535127055307, 0.7753535127055307, 0.7773449397696298, 0.7773449397696298, 0.7784937571441133, 0.7784937571441133, 0.7786317154664556, 0.7786317154664556, 0.7798824115595416, 0.7798824115595416, 0.7804670857879774, 0.7804670857879774, 0.7812926375333392, 0.7812926375333392, 0.7818749523725783, 0.7818749523725783, 0.7834107535390838, 0.7834107535390838, 0.7837720771417686, 0.7837720771417686, 0.7839105337202146, 0.7839105337202146, 0.7855405932178552, 0.7855405932178552, 0.7856546205926317, 0.7856546205926317, 0.7863703068671415, 0.7863703068671415, 0.786643673612943, 0.786643673612943, 0.787858392684428, 0.787858392684428, 0.7882368181951405, 0.7882368181951405, 0.7883459362818371, 0.7883459362818371, 0.7888719042175913, 0.7888719042175913, 0.7889433600046895, 0.7889433600046895, 0.7904797473548463, 0.7904797473548463, 0.7907711685571089, 0.7907711685571089, 0.7917391336205634, 0.7917391336205634, 0.7921766904071046, 0.7921766904071046, 0.7926658899733287, 0.7926658899733287, 0.793004704123802, 0.793004704123802, 0.7931544007737624, 0.7931544007737624, 0.7932327735279463, 0.7932327735279463, 0.7937811629883642, 0.7937811629883642, 0.793896084293209, 0.793896084293209, 0.7941020985374718, 0.7941020985374718, 0.7941727629766406, 0.7941727629766406, 0.7941872710220113, 0.7941872710220113, 0.7943833787625663, 0.7943833787625663, 0.7952211964008324, 0.7952211964008324, 0.7956508543626718, 0.7956508543626718, 0.7961048536006331, 0.7961048536006331, 0.7963640933204372, 0.7963640933204372, 0.7965881473665699, 0.7965881473665699, 0.7972356458278379, 0.7972356458278379, 0.7976413581875201, 0.7976413581875201, 0.7978052258272517, 0.7978052258272517, 0.7981506491983938, 0.7981506491983938, 0.7984687124476099, 0.7984687124476099, 0.7986427357191008, 0.7986427357191008, 0.7991053958205105, 0.7991053958205105, 0.7993350772296961, 0.7993350772296961, 0.7993895336909054, 0.7993895336909054, 0.7995343210527859, 0.7995343210527859, 0.7999564905184795, 0.7999564905184795, 0.800178214484598, 0.800178214484598, 0.8002475746651426, 0.8002475746651426, 0.800532723702336, 0.800532723702336, 0.800722984260969, 0.800722984260969, 0.8007339458952489, 0.8007339458952489, 0.8007671678536885, 0.8007671678536885, 0.8009938450716609, 0.8009938450716609, 0.8011351886045899, 0.8011351886045899, 0.8014599050382485, 0.8014599050382485, 0.801467584044081, 0.801467584044081, 0.8019132008558281, 0.8019132008558281, 0.8019152818077904, 0.8019152818077904, 0.8023443389313871, 0.8023443389313871, 0.8023870424103872, 0.8023870424103872, 0.8029423634924822, 0.8029423634924822, 0.8030207948650312, 0.8030207948650312, 0.8030530496204461, 0.8030530496204461, 0.8034980802485419, 0.8034980802485419, 0.8037374190333831, 0.8037374190333831, 0.8039254814033236, 0.8039254814033236, 0.8043160555702101, 0.8043160555702101, 0.8043311791084147, 0.8043311791084147, 0.8046516603651924, 0.8046516603651924, 0.8053060025205897, 0.8053060025205897, 0.805682654825757, 0.805682654825757, 0.8060589847299159, 0.8060589847299159, 0.8064014332190275, 0.8064014332190275, 0.8067267944547026, 0.8067267944547026, 0.8067432662153052, 0.8067432662153052, 0.8068796418417891, 0.8068796418417891, 0.8069007151440546, 0.8069007151440546, 0.8073967290952255, 0.8073967290952255, 0.8081951551921217, 0.8081951551921217, 0.808244541164747, 0.808244541164747, 0.8083745566986137, 0.8083745566986137, 0.8085614613558427, 0.8085614613558427, 0.8098723145461473, 0.8098723145461473, 0.8110603769160878, 0.8110603769160878, 0.8120295729652101, 0.8120295729652101, 0.8121300594976406, 0.8121300594976406, 0.8123004044667195, 0.8123004044667195, 0.8124833084205281, 0.8124833084205281, 0.813801825962074, 0.813801825962074, 0.8141961077405551, 0.8141961077405551, 0.8145582080365779, 0.8145582080365779, 0.8145631905976143, 0.8145631905976143, 0.814716213839796, 0.814716213839796, 0.8147984260968961, 0.8147984260968961, 0.8151731293414226, 0.8151731293414226, 0.815411955215569, 0.815411955215569, 0.8155988598727981, 0.8155988598727981, 0.8161667252850318, 0.8161667252850318, 0.8161741991265864, 0.8161741991265864, 0.8167179577361587, 0.8167179577361587, 0.8168979600808933, 0.8168979600808933, 0.8169341569213635, 0.8169341569213635, 0.8172130337934875, 0.8172130337934875, 0.8174236788885958, 0.8174236788885958, 0.8177993053723731, 0.8177993053723731, 0.818556713268267, 0.818556713268267, 0.8190677188663208, 0.8190677188663208, 0.8191949500278437, 0.8191949500278437, 0.8194048623933878, 0.8194048623933878, 0.8194216419004074, 0.8194216419004074, 0.8195172924177145, 0.8195172924177145, 0.8197825258653536, 0.8197825258653536, 0.8199307570561857, 0.8199307570561857, 0.8199929071778188, 0.8199929071778188, 0.8200303789677306, 0.8200303789677306, 0.8204331457545649, 0.8204331457545649, 0.82135327823207, 0.82135327823207, 0.8214796008089335, 0.8214796008089335, 0.821693206131481, 0.821693206131481, 0.8217460652422404, 0.8217460652422404, 0.8221228787479118, 0.8221228787479118, 0.8225164864151939, 0.8225164864151939, 0.8230927782174156, 0.8230927782174156, 0.8232532753011519, 0.8232532753011519, 