{"title": "subpopulation_size_1.3_0", "popultion": 40, "subpopulation": 52, "number_of_rect": 20, "scores": [0.6414312846214719, 0.6414312846214719, 0.6424549371318033, 0.6424549371318033, 0.6425861689967467, 0.6425861689967467, 0.6456267475600106, 0.6456267475600106, 0.6480601570972185, 0.6480601570972185, 0.648165289135086, 0.648165289135086, 0.6509484304932736, 0.6509484304932736, 0.6523055189190774, 0.6523055189190774, 0.6563485741082681, 0.6563485741082681, 0.6590527125648465, 0.6590527125648465, 0.6606593979893901, 0.6606593979893901, 0.6659641548697207, 0.6659641548697207, 0.6709234737243178, 0.6709234737243178, 0.6717056478794806, 0.6717056478794806, 0.6734582490694334, 0.6734582490694334, 0.6742456549136845, 0.6742456549136845, 0.6744787215334564, 0.6744787215334564, 0.6747637972976934, 0.6747637972976934, 0.6747960080893344, 0.6747960080893344, 0.6752623611477475, 0.6752623611477475, 0.6757185439198101, 0.6757185439198101, 0.6763230311556611, 0.6763230311556611, 0.6766357894428324, 0.6766357894428324, 0.6768630674990475, 0.6768630674990475, 0.6775947126234649, 0.6775947126234649, 0.6798595650517307, 0.6798595650517307, 0.6802361880477154, 0.6802361880477154, 0.6814688296843401, 0.6814688296843401, 0.6815927195990503, 0.6815927195990503, 0.6816596324628506, 0.6816596324628506, 0.6825717195697412, 0.6825717195697412, 0.6840700636009261, 0.6840700636009261, 0.6853823675957678, 0.6853823675957678, 0.6863322782027609, 0.6863322782027609, 0.68727380638354, 0.68727380638354, 0.6883756704475512, 0.6883756704475512, 0.6905305401682347, 0.6905305401682347, 0.6913341100266714, 0.6913341100266714, 0.6957369940502359, 0.6957369940502359, 0.6964339517570854, 0.6964339517570854, 0.6970934083648407, 0.6970934083648407, 0.6992995105366511, 0.6992995105366511, 0.7028282774993405, 0.7028282774993405, 0.7035199742079193, 0.7035199742079193, 0.7059021952577742, 0.7059021952577742, 0.7061646882968433, 0.7061646882968433, 0.7064992672704358, 0.7064992672704358, 0.7081290043670683, 0.7081290043670683, 0.7086172220756763, 0.7086172220756763, 0.7129646824350069, 0.7129646824350069, 0.71358655001612, 0.71358655001612, 0.7147566018933732, 0.7147566018933732, 0.7160927782174156, 0.7160927782174156, 0.7166086051760017, 0.7166086051760017, 0.719085568158504, 0.719085568158504, 0.7207938245552332, 0.7207938245552332, 0.7253211846771593, 0.7253211846771593, 0.726245479058589, 0.726245479058589, 0.7285851871391307, 0.7285851871391307, 0.7331851314516837, 0.7331851314516837, 0.735259019900935, 0.735259019900935, 0.7371592514434773, 0.7371592514434773, 0.7381601160643629, 0.7381601160643629, 0.743347328468009, 0.743347328468009, 0.7454977285383511, 0.7454977285383511, 0.7459336440106685, 0.7459336440106685, 0.7489703684164248, 0.7489703684164248, 0.748984436824057, 0.748984436824057, 0.7497932530261731, 0.7497932530261731, 0.7533484568715378, 0.7533484568715378, 0.7547377267798001, 0.7547377267798001, 0.7548549488554764, 0.7548549488554764, 0.7550688326152584, 0.7550688326152584, 0.7571693338022802, 0.7571693338022802, 0.7595486385884698, 0.7595486385884698, 0.7612430610510272, 0.7612430610510272, 0.7614912365544125, 0.7614912365544125, 0.7647156716199185, 0.7647156716199185, 0.7664063278525162, 0.7664063278525162, 0.7698055189190773, 0.7698055189190773, 0.7725713825141417, 0.7725713825141417, 0.7733616313491016, 0.7733616313491016, 0.7741899381576248, 0.7741899381576248, 0.7742306339576189, 0.7742306339576189, 0.7747685746944517, 0.7747685746944517, 0.7775822269116914, 0.7775822269116914, 0.7781555877956564, 0.7781555877956564, 0.7790395820510566, 0.7790395820510566, 0.7802483806676632, 0.7802483806676632, 0.7806779946657287, 0.7806779946657287, 0.781575280635423, 0.781575280635423, 0.783307878308274, 0.783307878308274, 0.7858883320144201, 0.7858883320144201, 0.7872657170491515, 0.7872657170491515, 0.7906431460476567, 0.7906431460476567, 0.7919586300888068, 0.7919586300888068, 0.792580292505642, 0.792580292505642, 0.7954677452445851, 0.7954677452445851, 0.7960545150795744, 0.7960545150795744, 0.797718690465723, 0.797718690465723, 0.7998529704856532, 0.7998529704856532, 0.8003422140156511, 0.8003422140156511, 0.8010009672030247, 0.8010009672030247, 0.8013886397608371, 0.8013886397608371, 0.8037788915267153, 0.8037788915267153, 0.8045016999325889, 0.8045016999325889, 0.804630645681292, 0.804630645681292, 0.8049465986693631, 0.8049465986693631, 0.8052712857938392, 0.8052712857938392, 0.8056752835663413, 0.8056752835663413, 0.8061297224420411, 0.8061297224420411, 0.8061801488906475, 0.8061801488906475, 0.8071713561358773, 0.8071713561358773, 0.8075794278847563, 0.8075794278847563, 0.808180383364108, 0.808180383364108, 0.8088353703215218, 0.8088353703215218, 0.8091158005803218, 0.8091158005803218, 0.8091725431577713, 0.8091725431577713, 0.8104003780884551, 0.8104003780884551, 0.8106420469533104, 0.8106420469533104, 0.8121039596705648, 0.8121039596705648, 0.8124457926668425, 0.8124457926668425, 0.8125705618570298, 0.8125705618570298, 0.8135711333860899, 0.8135711333860899, 0.814234927752865, 0.814234927752865, 0.8146088396494622, 0.8146088396494622, 0.816251062457868, 0.816251062457868, 0.8174649901814238, 0.8174649901814238, 0.8178568979161172, 0.8178568979161172, 0.8178823969049503, 0.8178823969049503, 0.8189698848149125, 0.8189698848149125, 0.8202109235323427, 0.8202109235323427, 0.820946540050998, 0.820946540050998, 0.8220191242416249, 0.8220191242416249, 0.8220494299363991, 0.8220494299363991, 0.8224038951903632, 0.8224038951903632, 0.8228952929452797, 0.8228952929452797, 0.8260949910606993, 0.8260949910606993, 0.8275637328174917, 0.8275637328174917, 0.8277895161053959, 0.8277895161053959, 0.8316449632169759, 0.8316449632169759, 0.8328731205486679, 0.8328731205486679, 0.8334480494739002, 0.8334480494739002, 0.8336081508836719, 0.8336081508836719, 0.833840660628975, 0.833840660628975, 0.8364865763943844, 0.8364865763943844, 0.8391199331750637, 0.8391199331750637, 0.8408139746182479, 0.8408139746182479, 0.8413555790029016, 0.8413555790029016, 0.8434519769043641, 0.8434519769043641, 0.8437920660042791, 0.8437920660042791, 0.8453515782994812, 0.8453515782994812, 0.8477697763709371, 0.8477697763709371, 0.8492205809079985, 0.8492205809079985, 0.8504494416600721, 0.8504494416600721, 0.8512327442187637, 0.8512327442187637, 0.8515610510272869, 0.8515610510272869, 0.854081479527536, 0.854081479527536, 0.8554664556405522, 0.8554664556405522, 0.8559239866350128, 0.8559239866350128, 0.8565930273454674, 0.8565930273454674, 0.856911486268648, 0.856911486268648, 0.8580183915120607, 0.8580183915120607, 0.8584599636566136, 0.8584599636566136, 0.8586404202936779, 0.8586404202936779, 0.859930302763856, 0.859930302763856, 0.860402444385826, 0.860402444385826, 0.8616043699991207, 0.8616043699991207, 0.8625476860400363, 0.8625476860400363, 0.8625493126996688, 0.8625493126996688, 0.8626714147542425, 0.8626714147542425, 0.8636986576394384, 0.8636986576394384, 0.8640107857791847, 0.8640107857791847, 0.8640505436853366, 0.8640505436853366, 0.8644647850171459, 0.8644647850171459, 0.8644807731762361, 0.8644807731762361, 0.8649170403587444, 0.8649170403587444, 0.8654056537413172, 0.8654056537413172, 0.8657030393622321],