{"title": "population_size_15_3", "popultion": 15, "subpopulation": 22, "number_of_rect": 20, "scores": [0.6049218910284592, 0.6049218910284592, 0.6054952519124241, 0.6054952519124241, 0.6057484832498021, 0.6057484832498021, 0.6060220991236553, 0.6060220991236553, 0.6060381752102934, 0.6060381752102934, 0.6067818517541546, 0.6067818517541546, 0.6071887218265483, 0.6071887218265483, 0.6073258594917788, 0.6073258594917788, 0.6074806852486885, 0.6074806852486885, 0.6078240276678684, 0.6078240276678684, 0.6081717518098421, 0.6081717518098421, 0.6090727747003135, 0.6090727747003135, 0.6100589847299158, 0.6100589847299158, 0.6110960315366805, 0.6110960315366805, 0.61144142559864, 0.61144142559864, 0.6115889826782731, 0.6115889826782731, 0.6126602919194584, 0.6126602919194584, 0.6145075764236936, 0.6145075764236936, 0.6150585157829949, 0.6150585157829949, 0.6154508191916528, 0.6154508191916528, 0.6154710571822153, 0.6154710571822153, 0.6159835282393974, 0.6159835282393974, 0.6160632199067968, 0.6160632199067968, 0.6178093730765849, 0.6178093730765849, 0.6192073331574782, 0.6192073331574782, 0.620370438758463, 0.620370438758463, 0.6210599665875318, 0.6210599665875318, 0.6219419971277002, 0.6219419971277002, 0.6266565843078636, 0.6266565843078636, 0.6273327764588645, 0.6273327764588645, 0.6292095460007621, 0.6292095460007621, 0.6314138310032533, 0.6314138310032533, 0.633248629795715, 0.633248629795715, 0.6344675400803071, 0.6344675400803071, 0.6352768691931182, 0.6352768691931182, 0.6369461736862159, 0.6369461736862159, 0.6372992320994167, 0.6372992320994167, 0.6383672587121545, 0.6383672587121545, 0.6385502359389197, 0.6385502359389197, 0.6406729974501011, 0.6406729974501011, 0.6412366569946364, 0.6412366569946364, 0.6436652451713121, 0.6436652451713121, 0.643749611653331, 0.643749611653331, 0.643833421260881, 0.643833421260881, 0.644515665758082, 0.644515665758082, 0.6446760602596794, 0.6446760602596794, 0.6450504850669715, 0.6450504850669715, 0.6457944253934758, 0.6457944253934758, 0.6460437439549811, 0.6460437439549811, 0.6470281954336294, 0.6470281954336294, 0.6471435417216214, 0.6471435417216214, 0.6472947331398927, 0.6472947331398927, 0.6474885254550251, 0.6474885254550251, 0.6482165802045781, 0.6482165802045781, 0.6485974237228523, 0.6485974237228523, 0.6486894105923386, 0.6486894105923386, 0.6495056420176442, 0.6495056420176442, 0.6495166476156979, 0.6495166476156979, 0.6500134822239807, 0.6500134822239807, 0.6515809519622497, 0.6515809519622497, 0.6528945455611244, 0.6528945455611244, 0.6530046601600281, 0.6530046601600281, 0.6530194319880418, 0.6530194319880418, 0.653958644743398, 0.653958644743398, 0.6553003165391718, 0.6553003165391718, 0.6556979395644655, 0.6556979395644655, 0.6562473108824995, 0.6562473108824995, 0.6581951551921217, 0.6581951551921217, 0.6584419824731088, 0.6584419824731088, 0.6592373164512442, 0.6592373164512442, 0.6613376417831707, 0.6613376417831707, 0.6613774436530966, 0.6613774436530966, 0.661996585480231, 0.661996585480231, 0.6627950995046747, 0.6627950995046747, 0.6637773821038131, 0.6637773821038131, 0.6642884316656408, 0.6642884316656408, 0.664873017966529, 0.664873017966529, 0.6655322547554149, 0.6655322547554149, 0.6658673173305196, 0.6658673173305196, 0.6661880184061666, 0.6661880184061666, 0.6661919604912219, 0.6661919604912219, 0.6662666989067675, 0.6662666989067675, 0.6675346287992028, 0.6675346287992028, 0.6684135818752015, 0.6684135818752015, 0.6685526832556641, 0.6685526832556641, 0.6696727336674579, 0.6696727336674579, 0.6707694539699287, 0.6707694539699287, 0.674756484656643, 0.674756484656643, 0.6747628594038513, 0.6747628594038513, 0.6748001699932589, 0.6748001699932589, 0.6751937483513585, 0.6751937483513585, 0.6754877927254609, 0.6754877927254609, 0.6757985433336264, 0.6757985433336264, 0.6758164512441748, 0.6758164512441748, 0.6760211319206307, 0.6760211319206307, 0.6763742049884229, 0.6763742049884229, 0.6764636419590258, 0.6764636419590258, 0.6766124007151441, 0.6766124007151441, 0.676663530584132, 0.676663530584132, 0.6768215070781676, 0.6768215070781676, 0.676852237756089, 0.676852237756089, 0.6769499106069932], "iters": [0, 56, 57, 58, 59, 72, 73, 79, 80, 93, 94, 122, 123, 131, 132, 133, 134, 142, 143, 150, 151, 152, 153, 158, 159, 165, 166, 168, 169, 169, 170, 172, 173, 194, 195, 199, 200, 213, 214, 251, 252, 253, 254, 255, 256, 258, 259, 300, 301, 319, 320, 335, 336, 337, 338, 338, 339, 344, 345, 346, 347, 347, 348, 348, 349, 350, 351, 353, 354, 354, 355, 362, 363, 363, 364, 366, 367, 367, 368, 371, 372, 372, 373, 374, 375, 377, 378, 380, 381, 381, 382, 385, 386, 388, 389, 392, 393, 396, 397, 397, 398, 398, 399, 400, 401, 404, 405, 407, 408, 418, 419, 419, 420, 422, 423, 427, 428, 431, 432, 439, 440, 440, 441, 446, 447, 447, 448, 448, 449, 449, 450, 455, 456, 459, 460, 468, 469, 469, 470, 470, 471, 471, 472, 472, 473, 473, 474, 475, 476, 476, 477, 477, 478, 478, 479, 479, 480, 480, 481, 482, 483, 483, 484, 484, 485, 487, 488, 491, 492, 497, 498, 502, 503, 504, 505, 547, 548, 551, 552, 555, 556, 560, 561, 581, 582, 591, 592, 596, 597, 639, 640, 641, 642, 715, 716, 781, 782, 809, 810, 927, 928, 953, 954], "finalScore": 0.6769499106069932, "finalIter": 1000}