{"title": "subpopulation_size_2_0", "popultion": 40, "subpopulation": 80, "number_of_rect": 20, "scores": [0.6269572085934523, 0.6269572085934523, 0.6273477974149301, 0.6273477974149301, 0.628269307424016, 0.628269307424016, 0.6289516838125385, 0.6289516838125385, 0.6292051056596032, 0.6292051056596032, 0.6293520765555849, 0.6293520765555849, 0.6299134939476538, 0.6299134939476538, 0.6304146809695478, 0.6304146809695478, 0.6305572554881445, 0.6305572554881445, 0.6308658518713913, 0.6308658518713913, 0.631173920689352, 0.631173920689352, 0.6325094815205603, 0.6325094815205603, 0.6328133884345966, 0.6328133884345966, 0.6329335267739382, 0.6329335267739382, 0.633206805592192, 0.633206805592192, 0.6339141094404876, 0.6339141094404876, 0.6354260822415663, 0.6354260822415663, 0.6354979190480378, 0.6354979190480378, 0.6356039303613823, 0.6356039303613823, 0.6362563674199126, 0.6362563674199126, 0.6363998505231689, 0.6363998505231689, 0.637403118497025, 0.637403118497025, 0.6377896479967173, 0.6377896479967173, 0.638819719218031, 0.638819719218031, 0.6389081157126528, 0.6389081157126528, 0.6389983440311849, 0.6389983440311849, 0.6391449192532019, 0.6391449192532019, 0.6395906239924969, 0.6395906239924969, 0.6396139541018201, 0.6396139541018201, 0.6399129077640024, 0.6399129077640024, 0.6400392449954571, 0.6400392449954571, 0.6400740496497552, 0.6400740496497552, 0.6403022949089949, 0.6403022949089949, 0.6406578152935315, 0.6406578152935315, 0.6423742782613793, 0.6423742782613793, 0.6430594683314282, 0.6430594683314282, 0.6434064157800639, 0.6434064157800639, 0.6485315220258507, 0.6485315220258507, 0.648881605557021, 0.648881605557021, 0.6491194935373252, 0.6491194935373252, 0.6491331223072189, 0.6491331223072189, 0.6509559336440107, 0.6509559336440107, 0.6517127553562532, 0.6517127553562532, 0.6525003517101908, 0.6525003517101908, 0.6535699756733785, 0.6535699756733785, 0.6548068817960666, 0.6548068817960666, 0.655351930009672, 0.655351930009672, 0.6560655646414022, 0.6560655646414022, 0.65741128110437, 0.65741128110437, 0.6583399132448196, 0.6583399132448196, 0.6588644157214455, 0.6588644157214455, 0.66107067909376, 0.66107067909376, 0.6636526861865822, 0.6636526861865822, 0.6650876784196489, 0.6650876784196489, 0.6657542425041766, 0.6657542425041766, 0.6670562736305284, 0.6670562736305284, 0.6670989917641197, 0.6670989917641197, 0.6673038336410797, 0.6673038336410797, 0.6679937424895219, 0.6679937424895219, 0.669277323485448, 0.669277323485448, 0.6694243383452037, 0.6694243383452037, 0.6703961136023917, 0.6703961136023917, 0.6712866731146869, 0.6712866731146869, 0.6714068554178023, 0.6714068554178023, 0.6724833670388932, 0.6724833670388932, 0.674019798352824, 0.674019798352824, 0.674519080277851, 0.674519080277851, 0.6764540578563264, 0.6764540578563264, 0.6768217415516282, 0.6768217415516282, 0.6768634485184208, 0.6768634485184208, 0.6771437908496731, 0.6771437908496731, 0.6779758492335648, 0.6779758492335648, 0.6788810047187783, 0.6788810047187783, 0.6799155309358422, 0.6799155309358422, 0.6810023154254228, 0.6810023154254228, 0.6815508074679797, 0.6815508074679797, 0.681601483044638, 0.681601483044638, 0.6825656672235412, 0.6825656672235412, 0.6830057592543743, 0.6830057592543743, 0.6838961136023916, 0.6838961136023916, 0.6848015328702483, 0.6848015328702483, 0.686636126498432, 0.686636126498432, 0.6875708549488555, 0.6875708549488555, 0.6887986459157653, 0.6887986459157653, 0.6889027667868344, 0.6889027667868344, 0.6893652510331487, 0.6893652510331487, 0.6895639966001348, 0.6895639966001348, 0.6900910636302353, 0.6900910636302353, 0.6904830592924763, 0.6904830592924763, 0.6908543480172338, 0.6908543480172338, 0.6920294410738884, 0.6920294410738884, 0.6925424543509482, 0.6925424543509482, 0.6942258565608606, 0.6942258565608606, 0.6945935842199361, 0.6945935842199361, 0.6971428383012398, 0.6971428383012398, 0.7000371786980861, 0.7000371786980861, 0.7009746475570796, 0.7009746475570796, 0.7021535361528767, 0.7021535361528767, 0.711508631554266, 0.711508631554266, 0.711740569770509, 0.711740569770509, 0.713753275301152, 0.713753275301152, 0.7164012720185234, 0.7164012720185234, 0.7174593774729623, 0.7174593774729623, 0.7183034526217065, 0.7183034526217065, 0.7185508074679797, 0.7185508074679797, 0.7194489580585597, 0.7194489580585597, 0.719950936428383, 0.719950936428383, 0.7221478941352326, 0.7221478941352326, 0.7223303584513028, 0.7223303584513028, 0.7225003370555996, 0.7225003370555996, 0.7230263343005363, 0.7230263343005363, 0.7235557167560597, 0.7235557167560597, 0.7240784020633665, 0.7240784020633665, 0.7251678976523346, 0.7251678976523346, 0.7269669392420646, 0.7269669392420646, 0.7304400187578768, 0.7304400187578768, 0.7325312142794338, 0.7325312142794338, 0.7338091679123069, 0.7338091679123069, 0.7363203493654562, 0.7363203493654562, 0.738242885195932, 0.738242885195932, 0.7392765761012925, 0.7392765761012925, 0.7415220991236555, 0.7415220991236555, 0.7417845775081333, 0.7417845775081333, 0.7425986840177028, 0.7425986840177028, 0.7427321140713385, 0.7427321140713385, 0.743056039157068, 0.743056039157068, 0.7432633283507724, 0.7432633283507724, 0.7434066649081157, 0.7434066649081157, 0.7438643864122629, 0.7438643864122629, 0.7439963949705443, 0.7439963949705443, 0.7446924734019168, 0.7446924734019168, 0.744787874791172, 0.744787874791172, 0.7449927752864972, 0.7449927752864972, 0.7450651689674375, 0.7450651689674375, 0.7451453442363493, 0.7451453442363493, 0.7453370262903367, 0.7453370262903367, 0.7453490870189631, 0.7453490870189631, 0.746149520794865, 0.746149520794865, 0.7463468009027228, 0.7463468009027228, 0.7466546059380403, 0.7466546059380403, 0.7469326328438699, 0.7469326328438699, 0.7470395967056479, 0.7470395967056479, 0.7471525103314869, 0.7471525103314869, 0.7474723174770656, 0.7474723174770656, 0.7480393329230048, 0.7480393329230048, 0.7483333626425159, 0.7483333626425159, 0.7484492071866116, 0.7484492071866116, 0.7487706263372315, 0.7487706263372315, 0.7499812714323397, 0.7499812714323397, 0.7500176587824965, 0.7500176587824965, 0.7500588821477769, 0.7500588821477769, 0.7502189835575486, 0.7502189835575486, 0.7504410445792666, 0.7504410445792666, 0.7504889650927635, 0.7504889650927635, 0.7505268618658225, 0.7505268618658225, 0.7506278906181307, 0.7506278906181307, 0.7513300946686596, 0.7513300946686596, 0.7517670945807322, 0.7517670945807322, 0.7518181951405375, 0.7518181951405375, 0.7519816377971218, 0.7519816377971218, 0.7522429145051145, 0.7522429145051145, 0.7524395937747297, 0.7524395937747297, 0.7524579706321991, 0.7524579706321991, 0.752839414988716, 0.752839414988716, 0.753086652598259, 0.753086652598259, 0.7531568627450981, 0.7531568627450981, 0.7533734429496761, 0.7533734429496761, 0.7535103314868549, 0.7535103314868549, 0.7536365075178053, 0.7536365075178053, 0.7542757261349982, 0.7542757261349982, 0.7545990357278936, 0.7545990357278936, 0.7549572379026349, 0.7549572379026349, 0.7550329288666139, 0.7550329288666139, 0.755577449514933, 0.755577449514933, 0.7555861983059292, 0.7555861983059292, 0.7556746241097336, 0.7556746241097336, 0.7562328321463114, 0.7562328321463114, 0.7565163105600985, 0.7565163105600985, 0.7570679386851901, 0.7570679386851901, 0.7584901667692487, 0.7584901667692487, 0.7598515782994812, 0.7598515782994812, 0.7616795773615874, 0.7616795773615874, 0.7641780679386851, 0.7641780679386851, 0.7649056830504997, 0.7649056830504997, 0.7649275770098772, 0.7649275770098772, 0.7653917465341892, 0.7653917465341892, 0.7655128813857381, 0.7655128813857381, 0.7661137782467247, 0.7661137782467247, 0.7665000293091826, 0.7665000293091826, 0.7665591019666462, 0.7665591019666462, 0.7671255165743427, 0.7671255165743427, 0.7674428617485858, 0.7674428617485858, 0.767619742665377, 0.767619742665377, 0.7684399894486943, 0.7684399894486943, 0.7686601160643629, 0.7686601160643629, 0.7687752718426684, 0.7687752718426684, 0.769109660306574, 0.769109660306574, 0.7692682376388522, 0.7692682376388522, 0.7696366833729007, 