{"title": "population_size_15_1", "popultion": 15, "subpopulation": 22, "number_of_rect": 20, "scores": [0.5870798089041297, 0.5870798089041297, 0.5879762595621209, 0.5879762595621209, 0.5912903367625078, 0.5912903367625078, 0.5918005070488583, 0.5918005070488583, 0.5920710747677247, 0.5920710747677247, 0.5934471555438319, 0.5934471555438319, 0.5938745127348398, 0.5938745127348398, 0.5945220844690642, 0.5945220844690642, 0.5950035757202732, 0.5950035757202732, 0.596151118145315, 0.596151118145315, 0.5969728450423518, 0.5969728450423518, 0.5978796418417891, 0.5978796418417891, 0.5984186670183769, 0.5984186670183769, 0.5994480055101263, 0.5994480055101263, 0.6034843635511006, 0.6034843635511006, 0.6050167062340632, 0.6050167062340632, 0.6068560772590053, 0.6068560772590053, 0.6098582314839239, 0.6098582314839239, 0.6127052815146985, 0.6127052815146985, 0.6136337378000527, 0.6136337378000527, 0.6159097130631026, 0.6159097130631026, 0.6173907793311644, 0.6173907793311644, 0.6182975614760104, 0.6182975614760104, 0.6221590169700166, 0.6221590169700166, 0.6238375392010317, 0.6238375392010317, 0.624581889856092, 0.624581889856092, 0.62542829508485, 0.62542829508485, 0.6260235792373751, 0.6260235792373751, 0.6264360620182303, 0.6264360620182303, 0.6275002344734606, 0.6275002344734606, 0.6276808962748028, 0.6276808962748028, 0.6277577596060846, 0.6277577596060846, 0.6283120695213811, 0.6283120695213811, 0.630563175943023, 0.630563175943023, 0.630693103549342, 0.630693103549342, 0.6318732377853982, 0.6318732377853982, 0.6328964213488086, 0.6328964213488086, 0.6332279228582315, 0.6332279228582315, 0.6367104399308303, 0.6367104399308303, 0.6383437674023271, 0.6383437674023271, 0.6385638353996308, 0.6385638353996308, 0.6397119346991412, 0.6397119346991412, 0.6414865763943844, 0.6414865763943844, 0.645585773322782, 0.645585773322782, 0.6465183475482869, 0.6465183475482869, 0.6477091063630236, 0.6477091063630236, 0.6543668776927811, 0.6543668776927811, 0.6549752923590961, 0.6549752923590961, 0.657924675400803, 0.657924675400803, 0.6591121662416835, 0.6591121662416835, 0.6592594448840822, 0.6592594448840822, 0.659950115771271, 0.659950115771271, 0.6605429819162343, 0.6605429819162343, 0.6608017087253437, 0.6608017087253437, 0.6618219027521323, 0.6618219027521323, 0.6619625428646796, 0.6619625428646796, 0.6636085025938627, 0.6636085025938627, 0.6641364928632141, 0.6641364928632141, 0.665390808640347, 0.665390808640347, 0.6654554646970896, 0.6654554646970896, 0.6656710483894603, 0.6656710483894603, 0.6664058149418213, 0.6664058149418213, 0.6671906562325977, 0.6671906562325977, 0.667900685834872, 0.667900685834872, 0.6684724640229784, 0.6684724640229784, 0.670308552419473, 0.670308552419473, 0.6708154693865588, 0.6708154693865588, 0.6724761423253905, 0.6724761423253905, 0.6733946188340807, 0.6733946188340807, 0.6763863389900056, 0.6763863389900056, 0.67912160379847, 0.67912160379847, 0.6810652715495764, 0.6810652715495764, 0.6814131275828716, 0.6814131275828716, 0.6832114804068115, 0.6832114804068115, 0.6835914446496087, 0.6835914446496087, 0.6839294234883789, 0.6839294234883789, 0.6856240071514406, 0.6856240071514406, 0.6863186201236848, 0.6863186201236848, 0.6880480230956358, 0.6880480230956358, 0.6882841378703948, 0.6882841378703948, 0.6897699961898063, 0.6897699961898063, 0.6902523960256748, 0.6902523960256748, 0.6927727512529676, 0.6927727512529676, 0.6951263958498197, 0.6951263958498197, 0.695734825170726, 0.695734825170726, 0.6976908467422844, 0.6976908467422844, 0.6988311204900495, 0.6988311204900495, 0.7004604912218999, 0.7004604912218999, 0.7014851402444386, 0.7014851402444386, 0.7022055746065242, 0.7022055746065242, 0.7040856853952343, 0.7040856853952343, 0.7068079369266391, 0.7068079369266391, 0.7068712007972098, 0.7068712007972098, 0.7078424777982942, 0.7078424777982942, 0.7096527301503561, 0.7096527301503561, 0.7108518420821244, 0.7108518420821244, 0.7144562413904276, 0.7144562413904276, 0.714534379671151, 0.714534379671151, 0.7157481755033852, 0.7157481755033852, 0.7172567630938773, 0.7172567630938773, 0.7193028224742812, 0.7193028224742812, 0.7214108561212228, 0.7214108561212228, 0.7223689586447434, 0.7223689586447434, 0.7224944605644948, 0.7224944605644948, 0.7256852047246403, 0.7256852047246403, 0.728832541985404, 0.728832541985404, 0.7293208769307424, 0.7293208769307424, 0.7325287523080981, 0.7325287523080981, 0.732580907998476, 0.732580907998476, 0.7326042967261643, 0.7326042967261643, 0.7328786306749905, 0.7328786306749905, 0.7354590990357279, 0.7354590990357279, 0.7367454497494065, 0.7367454497494065, 0.738218382719306, 0.738218382719306, 0.73920484187696, 0.73920484187696, 0.7412356458278379, 0.7412356458278379, 0.7416381634866204, 0.7416381634866204, 0.7433805650810399, 0.7433805650810399, 0.7434115009232393, 0.7434115009232393, 0.7448230458102523, 0.7448230458102523, 0.7461653037896774, 0.7461653037896774, 0.7464113104135526, 0.7464113104135526, 0.7466902165948592, 0.7466902165948592, 0.7472191594126439, 0.7472191594126439, 0.7487404818429614, 0.7487404818429614, 0.7499642574518597, 0.7499642574518597, 0.7501918285999003, 0.7501918285999003, 0.7516357015152847, 0.7516357015152847, 0.7529065623259767, 0.7529065623259767, 0.7541618306515432, 0.7541618306515432, 0.7551285940385123, 0.7551285940385123, 0.7569361939095518, 0.7569361939095518, 0.7573270465136728, 0.7573270465136728, 0.7589964242797269, 0.7589964242797269, 0.761830578270172, 0.761830578270172, 0.7633772824525924, 0.7633772824525924, 0.7646503267973856, 0.7646503267973856, 0.7661720155924852, 0.7661720155924852, 0.7672572173862071, 0.7672572173862071, 0.767831091180867, 0.767831091180867, 0.7699540432017351, 0.7699540432017351, 0.7709606963861778, 0.7709606963861778, 0.7712410387174302, 0.7712410387174302, 0.7723259327647352, 0.7723259327647352, 0.7733412321580351, 0.7733412321580351, 0.7733722705823735, 0.7733722705823735, 0.7735746358334066, 0.7735746358334066, 0.774016647615698, 0.774016647615698, 0.7748173305196518, 0.7748173305196518, 0.7760721005891146, 0.7760721005891146, 0.7771354670418242, 0.7771354670418242, 0.777748424631437, 0.777748424631437, 0.7781948914094786, 0.7781948914094786, 0.7790399923796125, 0.7790399923796125, 0.7802129312113485, 0.7802129312113485, 0.780877209179636, 0.780877209179636, 0.7811970016706234, 0.7811970016706234, 0.7836890442275565, 0.7836890442275565, 0.7848439872211964, 0.7848439872211964, 0.7848543333626425, 0.7848543333626425, 0.7849216565549987, 0.7849216565549987, 0.7850393036138222, 0.7850393036138222, 0.7853394882616724, 0.7853394882616724, 0.7860265248102231, 0.7860265248102231, 0.7861633107652628, 0.7861633107652628, 0.7866579618394443, 0.7866579618394443, 0.7870280928514903, 0.7870280928514903, 0.78708655001612, 0.78708655001612, 0.7878642545209414, 0.7878642545209414, 0.7883662915091298, 0.7883662915091298, 0.7885171751809842, 0.7885171751809842, 0.7889572085934523, 0.7889572085934523, 0.7893137547993787, 0.7893137547993787, 0.7893268560039861, 0.7893268560039861, 0.789609293941792, 0.789609293941792, 0.7898191769981535, 0.7898191769981535, 0.7901971189073537, 0.7901971189073537, 0.7903633312816906, 0.7903633312816906, 0.7908151469855506, 0.7908151469855506, 0.7912337553855623, 0.7912337553855623, 0.7914480641284914, 0.7914480641284914, 0.7917259591429995, 0.7917259591429995, 0.7920538702775579, 0.7920538702775579, 0.7920814648729447, 0.7920814648729447, 0.7927326269820335, 0.7927326269820335, 0.7927806207684868, 0.7927806207684868, 0.7930821976025089, 0.7930821976025089, 0.7938573228992644, 0.7938573228992644, 0.7947825551745362, 0.7947825551745362, 0.7953631993903689, 0.7953631993903689, 0.7953992057211524, 0.7953992057211524, 0.7955293531463408, 0.7955293531463408, 0.7958056654649902, 0.7958056654649902, 0.7959009056537413, 0.7959009056537413, 0.7960979952519125, 0.7960979952519125, 0.7962874351534336, 0.7962874351534336, 0.7965024912805182, 0.7965024912805182, 0.7965738884492511, 0.7965738884492511, 0.7970661654796447, 