{"title": "subpopulation_size_2.5_4", "popultion": 40, "subpopulation": 100, "number_of_rect": 20, "scores": [0.6183870277557959, 0.6183870277557959, 0.6184921158298895, 0.6184921158298895, 0.6187218265482575, 0.6187218265482575, 0.6204354904891702, 0.6204354904891702, 0.6205895542073332, 0.6205895542073332, 0.6207435739617222, 0.6207435739617222, 0.6208398546264544, 0.6208398546264544, 0.620968155573141, 0.620968155573141, 0.622248937542132, 0.622248937542132, 0.6242047099856385, 0.6242047099856385, 0.6256388962161845, 0.6256388962161845, 0.6258337143527067, 0.6258337143527067, 0.6270424103871743, 0.6270424103871743, 0.6276977783639615, 0.6276977783639615, 0.6285201060992409, 0.6285201060992409, 0.6296401858202174, 0.6296401858202174, 0.631564157800639, 0.631564157800639, 0.6325895542073332, 0.6325895542073332, 0.6338529997948357, 0.6338529997948357, 0.634268120402122, 0.634268120402122, 0.6342874204988422, 0.6342874204988422, 0.6354142999501744, 0.6354142999501744, 0.6357725314340983, 0.6357725314340983, 0.6363970808054163, 0.6363970808054163, 0.6374955303496586, 0.6374955303496586, 0.637985990210733, 0.637985990210733, 0.6394632169758785, 0.6394632169758785, 0.6400745625604503, 0.6400745625604503, 0.6404533837451274, 0.6404533837451274, 0.6409313139306545, 0.6409313139306545, 0.6415111961077405, 0.6415111961077405, 0.6419528854890237, 0.6419528854890237, 0.6427855007473842, 0.6427855007473842, 0.6432564993112342, 0.6432564993112342, 0.6446702277323486, 0.6446702277323486, 0.6464974940648905, 0.6464974940648905, 0.6467956417245523, 0.6467956417245523, 0.6472786423986635, 0.6472786423986635, 0.6477526891175005, 0.6477526891175005, 0.6480592924763329, 0.6480592924763329, 0.6488052111726603, 0.6488052111726603, 0.6488650898326446, 0.6488650898326446, 0.6495890412966383, 0.6495890412966383, 0.6496400246197134, 0.6496400246197134, 0.650178258448372, 0.650178258448372, 0.6508034086579326, 0.6508034086579326, 0.6512331398927284, 0.6512331398927284, 0.6513707611594712, 0.6513707611594712, 0.6536707846068173, 0.6536707846068173, 0.6545571382514142, 0.6545571382514142, 0.6561791230692575, 0.6561791230692575, 0.6563574401359946, 0.6563574401359946, 0.6564548785134383, 0.6564548785134383, 0.6572001084439755, 0.6572001084439755, 0.6579747354846273, 0.6579747354846273, 0.6583106919898004, 0.6583106919898004, 0.6584734312260031, 0.6584734312260031, 0.6598574401359947, 0.6598574401359947, 0.6610253231337377, 0.6610253231337377, 0.6628219467159061, 0.6628219467159061, 0.6640182156569654, 0.6640182156569654, 0.6656024942114365, 0.6656024942114365, 0.6662262082710513, 0.6662262082710513, 0.6663939886866554, 0.6663939886866554, 0.6665291186728802, 0.6665291186728802, 0.6665625311410065, 0.6665625311410065, 0.6672294615903163, 0.6672294615903163, 0.6674324862979572, 0.6674324862979572, 0.6676538732084762, 0.6676538732084762, 0.6681705354787655, 0.6681705354787655, 0.6682899997069083, 0.6682899997069083, 0.6684321052785838, 0.6684321052785838, 0.6686820393329229, 0.6686820393329229, 0.6688740144787362, 0.6688740144787362, 0.6690611682640171, 0.6690611682640171, 0.6692408482077434, 0.6692408482077434, 0.6695414578387409, 0.6695414578387409, 0.6696420762624931, 0.6696420762624931, 0.6699468771065975, 0.6699468771065975, 0.6702107183680648, 0.6702107183680648, 0.6705785925730532, 0.6705785925730532, 0.6709992672704358, 0.6709992672704358, 0.6710513936516311, 0.6710513936516311, 0.6712537589026641, 0.6712537589026641, 0.6713328643864123, 0.6713328643864123, 0.6715580028722998, 0.6715580028722998, 0.6715986107447464, 0.6715986107447464, 0.6717824525923972, 0.6717824525923972, 0.6718208915853336, 0.6718208915853336, 0.6718719628359564, 0.6718719628359564, 0.6722554295260705, 0.6722554295260705, 0.6724822825991383, 0.6724822825991383, 0.6728578797737331, 0.6728578797737331, 0.6732147923444415, 0.6732147923444415, 0.6734536475277704, 0.6734536475277704, 0.6734781939681702, 0.6734781939681702, 0.6735492980450775, 0.6735492980450775, 0.6736125765702394, 0.6736125765702394, 0.6739070312728979, 0.6739070312728979, 0.673930976875055, 0.673930976875055, 0.6739547759312993, 0.6739547759312993, 0.6743590961048096, 0.6743590961048096, 0.6744596852193792, 0.6744596852193792, 0.6745631905976142, 0.6745631905976142, 0.6746854831618747, 0.6746854831618747, 0.674716990533134, 0.674716990533134, 0.6748110290453999, 0.6748110290453999, 0.675258609572379, 0.675258609572379, 0.6753021337084908, 0.6753021337084908, 0.6754638178141212, 0.6754638178141212, 0.675489140947859, 0.675489140947859, 0.6754972742460212, 0.6754972742460212, 0.677023110290454, 0.677023110290454, 0.6774053606494914, 0.6774053606494914, 0.6781290776400246, 0.6781290776400246, 0.6782575837509892, 0.6782575837509892, 0.6783662621999472, 0.6783662621999472, 0.6784612532606467, 0.6784612532606467, 0.6785259239719804, 0.6785259239719804, 0.6786172220756763, 0.6786172220756763, 0.6786636478208623, 0.6786636478208623, 0.6787659808317946, 0.6787659808317946, 0.6790630147425188, 0.6790630147425188, 0.6791320085582813, 0.6791320085582813, 0.6792363639028107, 0.6792363639028107, 0.6794617661713415, 0.6794617661713415, 0.6795341891614642, 0.6795341891614642, 0.6795788856648788, 0.6795788856648788, 0.679626718250828, 0.679626718250828, 0.6799928192502711, 0.6799928192502711, 0.68017195697412, 0.68017195697412, 0.6804171282862921, 0.6804171282862921, 0.6804627187197749, 0.6804627187197749, 0.6808088015475249, 0.6808088015475249, 0.6809811688502008, 0.6809811688502008, 0.6811195228465078, 0.6811195228465078, 0.6811803540549255, 0.6811803540549255, 0.6812602801957853, 0.6812602801957853, 0.6815047187783934, 0.6815047187783934, 0.6815222456695682, 0.6815222456695682, 0.6815684222867024, 0.6815684222867024, 0.6818860458981799, 0.6818860458981799, 0.682097658196313, 0.682097658196313, 0.682131217210352], "iters": [0, 20, 21, 21, 22, 26, 27, 44, 45, 45, 46, 48, 49, 49, 50, 50, 51, 51, 52, 52, 53, 55, 56, 56, 57, 57, 58, 58, 59, 59, 60, 60, 61, 63, 64, 64, 65, 65, 66, 66, 67, 67, 68, 68, 69, 69, 70, 70, 71, 71, 72, 72, 73, 74, 75, 75, 76, 76, 77, 77, 78, 78, 79, 79, 80, 80, 81, 81, 82, 82, 83, 83, 84, 84, 85, 85, 86, 87, 88, 88, 89, 89, 90, 91, 92, 93, 94, 95, 96, 96, 97, 97, 98, 98, 99, 99, 100, 102, 103, 103, 104, 104, 105, 106, 107, 107, 108, 108, 109, 109, 110, 110, 111, 111, 112, 113, 114, 114, 115, 115, 116, 116, 117, 119, 120, 121, 122, 123, 124, 124, 125, 126, 127, 127, 128, 128, 129, 130, 131, 136, 137, 137, 138, 139, 140, 141, 142, 144, 145, 145, 146, 150, 151, 152, 153, 155, 156, 156, 157, 158, 159, 160, 161, 163, 164, 164, 165, 167, 168, 168, 169, 170, 171, 171, 172, 172, 173, 174, 175, 177, 178, 178, 179, 181, 182, 183, 184, 192, 193, 196, 197, 199, 200, 200, 201, 201, 202, 206, 207, 207, 208, 208, 209, 220, 221, 225, 226, 232, 233, 244, 245, 253, 254, 258, 259, 281, 282, 283, 284, 289, 290, 291, 292, 294, 295, 300, 301, 302, 303, 308, 309, 328, 329, 330, 331, 346, 347, 350, 351, 352, 353, 356, 357, 368, 369, 377, 378, 379, 380, 384, 385, 385, 386, 392, 393, 398, 399, 399, 400, 411, 412, 425, 426, 430, 431, 437, 438, 462, 463, 471, 472, 474, 475, 482, 483, 502, 503, 504, 505, 522, 523, 532, 533, 668, 669, 888, 889], "finalScore": 0.682131217210352, "finalIter": 1000}