{"title": "population_size_10_2", "popultion": 10, "subpopulation": 15, "number_of_rect": 20, "scores": [0.5693288490284005, 0.5693288490284005, 0.5697219291303965, 0.5697219291303965, 0.5702976787127407, 0.5702976787127407, 0.5705446378850494, 0.5705446378850494, 0.5720710601131334, 0.5720710601131334, 0.5739185644362379, 0.5739185644362379, 0.5746532870248249, 0.5746532870248249, 0.575845203552273, 0.575845203552273, 0.5763044784430962, 0.5763044784430962, 0.5768561505319617, 0.5768561505319617, 0.5796388375978194, 0.5796388375978194, 0.5796743603270904, 0.5796743603270904, 0.5844647996717371, 0.5844647996717371, 0.5848474750139219, 0.5848474750139219, 0.5857689557138251, 0.5857689557138251, 0.5874627333743662, 0.5874627333743662, 0.5878627011342654, 0.5878627011342654, 0.5895528444561682, 0.5895528444561682, 0.5914383627890618, 0.5914383627890618, 0.5915548667897652, 0.5915548667897652, 0.5932826870658576, 0.5932826870658576, 0.596628374219643, 0.596628374219643, 0.5995394501597351, 0.5995394501597351, 0.6037751985697118, 0.6037751985697118, 0.6096554998681087, 0.6096554998681087, 0.6113991177936047, 0.6113991177936047, 0.6120367830241215, 0.6120367830241215, 0.6180633078343445, 0.6180633078343445, 0.6254224625575193, 0.6254224625575193, 0.630224537647645, 0.630224537647645, 0.6308828365426888, 0.6308828365426888, 0.6343643717576717, 0.6343643717576717, 0.6379056244321346, 0.6379056244321346, 0.6404479175825786, 0.6404479175825786, 0.6436865822562209, 0.6436865822562209, 0.6457491280518186, 0.6457491280518186, 0.6471798704534131, 0.6471798704534131, 0.6525206922828922, 0.6525206922828922, 0.6558795832234239, 0.6558795832234239, 0.6560189923503033, 0.6560189923503033, 0.6581167238195726, 0.6581167238195726, 0.6649779888038923, 0.6649779888038923, 0.6722174741346464, 0.6722174741346464, 0.6735980978340514, 0.6735980978340514, 0.6747394120577977, 0.6747394120577977, 0.6818491016735543, 0.6818491016735543, 0.6863461707552976, 0.6863461707552976, 0.6907179577361587, 0.6907179577361587, 0.6993518127729418, 0.6993518127729418, 0.701768281602626, 0.701768281602626, 0.702522333597116, 0.702522333597116, 0.7040963979014625, 0.7040963979014625, 0.7061577420205751, 0.7061577420205751, 0.7137209912365544, 0.7137209912365544, 0.7150066824936252, 0.7150066824936252, 0.7187187051203141, 0.7187187051203141, 0.7230829156774817, 0.7230829156774817, 0.7244805680119581, 0.7244805680119581, 0.7280270377209179, 0.7280270377209179, 0.7316194202643689, 0.7316194202643689, 0.7339221548111023, 0.7339221548111023, 0.745383671854392, 0.745383671854392, 0.7466088836132361, 0.7466088836132361, 0.7521482605000147, 0.7521482605000147, 0.7547046513672734, 0.7547046513672734, 0.7560779184618541, 0.7560779184618541, 0.7596788153228407, 0.7596788153228407, 0.7626029924675402, 0.7626029924675402, 0.7659859022831853, 0.7659859022831853, 0.7663086110378381, 0.7663086110378381, 0.7737638998798324, 0.7737638998798324, 0.7748659837627129, 0.7748659837627129, 0.7771016442451419, 0.7771016442451419, 0.7787242592104107, 0.7787242592104107, 0.7791351739499985, 0.7791351739499985, 0.7813963920396261, 0.7813963920396261, 0.7822745537676954, 0.7822745537676954, 0.7824487382396905, 0.7824487382396905, 0.782654635247223, 0.782654635247223, 0.7840052463436795, 0.7840052463436795, 0.785185864181248, 0.785185864181248, 0.7858939740320643, 0.7858939740320643, 0.7865807174887892, 0.7865807174887892, 0.7884748673759489, 0.7884748673759489, 0.7896606289750578, 0.7896606289750578, 0.793680075617691, 0.793680075617691, 0.7948975937161112, 0.7948975937161112, 0.7959947536563206, 0.7959947536563206, 0.7975806149066502, 0.7975806149066502, 0.7977134001582696, 0.7977134001582696, 0.7978427122717547, 0.7978427122717547, 0.7999623377004015, 0.7999623377004015, 0.8019268003165392, 0.8019268003165392, 0.803666578739119, 0.803666578739119, 0.8039448987367742, 0.8039448987367742, 0.8069454263020605, 0.8069454263020605, 0.8070228465078109, 0.8070228465078109, 0.8088192649257012, 0.8088192649257012, 0.8101171341481286, 0.8101171341481286, 0.81027220903309, 0.81027220903309, 0.8104766698906767, 0.8104766698906767, 0.8105795744306692, 0.8105795744306692, 0.8127751546059381, 0.8127751546059381, 0.8128327324950907, 0.8128327324950907, 0.814315894369706, 0.814315894369706, 0.8152313227234093, 0.8152313227234093, 0.8152860429672616, 0.8152860429672616, 0.8154963070429966, 0.8154963070429966, 0.8159093906620944, 0.8159093906620944, 0.8161296491690847, 0.8161296491690847, 0.8161829772267651, 0.8161829772267651, 0.8169628945748704, 0.8169628945748704, 0.8171167824379377, 0.8171167824379377, 0.8171950086462089, 0.8171950086462089, 0.817252146897623, 0.817252146897623, 0.817353380814209, 0.817353380814209, 0.8173812391922389], "iters": [0, 41, 42, 52, 53, 60, 61, 66, 67, 81, 82, 83, 84, 84, 85, 96, 97, 99, 100, 103, 104, 108, 109, 111, 112, 116, 117, 118, 119, 119, 120, 120, 121, 122, 123, 123, 124, 124, 125, 126, 127, 127, 128, 128, 129, 129, 130, 130, 131, 131, 132, 132, 133, 133, 134, 134, 135, 135, 136, 137, 138, 139, 140, 142, 143, 144, 145, 145, 146, 148, 149, 149, 150, 150, 151, 151, 152, 152, 153, 153, 154, 154, 155, 155, 156, 156, 157, 157, 158, 158, 159, 161, 162, 163, 164, 166, 167, 167, 168, 168, 169, 169, 170, 170, 171, 171, 172, 173, 174, 174, 175, 177, 178, 179, 180, 180, 181, 181, 182, 182, 183, 183, 184, 185, 186, 186, 187, 188, 189, 189, 190, 190, 191, 191, 192, 192, 193, 194, 195, 195, 196, 198, 199, 199, 200, 200, 201, 201, 202, 202, 203, 205, 206, 206, 207, 207, 208, 208, 209, 211, 212, 214, 215, 216, 217, 219, 220, 224, 225, 228, 229, 229, 230, 230, 231, 231, 232, 232, 233, 233, 234, 234, 235, 237, 238, 239, 240, 245, 246, 246, 247, 257, 258, 258, 259, 266, 267, 267, 268, 268, 269, 270, 271, 271, 272, 290, 291, 292, 293, 330, 331, 379, 380, 439, 440, 470, 471, 479, 480, 595, 596, 607, 608, 696, 697, 839, 840, 843, 844, 853, 854, 889, 890], "finalScore": 0.8173812391922389, "finalIter": 1000}