{"title": "population_size_10_3", "popultion": 10, "subpopulation": 15, "number_of_rect": 20, "scores": [0.6051546205926317, 0.6051546205926317, 0.6074325888800962, 0.6074325888800962, 0.6101647322606172, 0.6101647322606172, 0.612974457047393, 0.612974457047393, 0.6142873325712945, 0.6142873325712945, 0.6192776019226823, 0.6192776019226823, 0.6206033295231396, 0.6206033295231396, 0.6228872182654825, 0.6228872182654825, 0.6239159559189894, 0.6239159559189894, 0.6258185908145022, 0.6258185908145022, 0.6313686069345525, 0.6313686069345525, 0.6314720390398312, 0.6314720390398312, 0.6317280547495531, 0.6317280547495531, 0.634841847650869, 0.634841847650869, 0.6367885635569623, 0.6367885635569623, 0.6368257715642311, 0.6368257715642311, 0.6380754564905184, 0.6380754564905184, 0.6438305049972156, 0.6438305049972156, 0.6451541956094844, 0.6451541956094844, 0.6474897417861016, 0.6474897417861016, 0.6494899322957883, 0.6494899322957883, 0.6507305167208887, 0.6507305167208887, 0.6514958234414843, 0.6514958234414843, 0.6521771593540255, 0.6521771593540255, 0.6570932764735191, 0.6570932764735191, 0.6617686186582257, 0.6617686186582257, 0.6631673700870483, 0.6631673700870483, 0.6663873648113954, 0.6663873648113954, 0.668465356546206, 0.668465356546206, 0.6700336615961782, 0.6700336615961782, 0.6801740818898561, 0.6801740818898561, 0.6818977988803891, 0.6818977988803891, 0.6850554529734165, 0.6850554529734165, 0.6863592426507225, 0.6863592426507225, 0.6901180866965619, 0.6901180866965619, 0.6913004484304932, 0.6913004484304932, 0.6925488584073389, 0.6925488584073389, 0.6941686010727162, 0.6941686010727162, 0.6949281192297547, 0.6949281192297547, 0.6996553240130132, 0.6996553240130132, 0.7010713825141417, 0.7010713825141417, 0.7083031009115156, 0.7083031009115156, 0.7086947448635658, 0.7086947448635658, 0.7095233594185059, 0.7095233594185059, 0.7099965415164571, 0.7099965415164571, 0.710931914768897, 0.710931914768897, 0.7155229197807673, 0.7155229197807673, 0.7169422169465693, 0.7169422169465693, 0.7208304610334417, 0.7208304610334417, 0.7212067909376008, 0.7212067909376008, 0.7254120724522993, 0.7254120724522993, 0.7279139922037574, 0.7279139922037574, 0.7331294000410329, 0.7331294000410329, 0.7361300741522319, 0.7361300741522319, 0.7388123333040242, 0.7388123333040242, 0.7401689234737243, 0.7401689234737243, 0.7414289985052317, 0.7414289985052317, 0.7444125560538117, 0.7444125560538117, 0.745154430082945, 0.745154430082945, 0.7526716638822943, 0.7526716638822943, 0.7544166153755971, 0.7544166153755971, 0.7635597907324365, 0.7635597907324365, 0.7690130279316509, 0.7690130279316509, 0.7692894428324394, 0.7692894428324394, 0.7698989565931006, 0.7698989565931006, 0.770499589671444, 0.770499589671444, 0.7711054984026495, 0.7711054984026495, 0.7719782232773528, 0.7719782232773528, 0.772040739763768, 0.772040739763768, 0.7730088220639526, 0.7730088220639526, 0.7736730121046924, 0.7736730121046924, 0.7749228875406665, 0.7749228875406665, 0.7761606143204666, 0.7761606143204666, 0.7773671707846068, 0.7773671707846068, 0.7784606377678127, 0.7784606377678127, 0.7807881532284064, 0.7807881532284064, 0.7840255136434244, 0.7840255136434244, 0.7844803481930889, 0.7844803481930889, 0.7847738943110877, 0.7847738943110877, 0.7873418769600515, 0.7873418769600515, 0.7875731410650957, 0.7875731410650957, 0.7881223658372168, 0.7881223658372168, 0.7890101409771682, 0.7890101409771682, 0.7890237257832879, 0.7890237257832879, 0.7902098097834052, 0.7902098097834052, 0.7915270523755092, 0.7915270523755092, 0.793421466045312, 0.793421466045312, 0.7945071221313638, 0.7945071221313638, 0.7965013335678068, 0.7965013335678068, 0.797287405844251, 0.797287405844251, 0.7978856062604414, 0.7978856062604414, 0.7979488408218295, 0.7979488408218295, 0.7984663823675957, 0.7984663823675957, 0.7991930742401594, 0.7991930742401594, 0.8000881327119787, 0.8000881327119787, 0.8001873296403763, 0.8001873296403763, 0.8003478999970691, 0.8003478999970691, 0.8010826518948386, 0.8010826518948386, 0.8031403323661304, 0.8031403323661304, 0.8037201266156687, 0.8037201266156687, 0.8039827955098332, 0.8039827955098332, 0.8045575485799701, 0.8045575485799701, 0.805036607169026, 0.805036607169026, 0.8052324071631642, 0.8052324071631642, 0.8058061490665025, 0.8058061490665025, 0.8064854773000381, 0.8064854773000381, 0.8070597321140713, 0.8070597321140713, 0.807135921334154, 0.807135921334154, 0.8073002725753978, 0.8073002725753978, 0.8080233887276884, 0.8080233887276884, 0.8080242240393916, 0.8080242240393916, 0.8081547085201793, 0.8081547085201793, 0.8087764881737448, 0.8087764881737448, 0.8096280225094522, 0.8096280225094522, 0.8100476274216712, 0.8100476274216712, 0.8107758726809109, 0.8107758726809109, 0.8111449778715671, 0.8111449778715671, 0.8120633957618921, 0.8120633957618921, 0.8122394413669802, 0.8122394413669802, 0.8124625575192708, 0.8124625575192708, 0.8125479058589056, 0.8125479058589056, 0.8127051056596032, 0.8127051056596032, 0.8127129751751223, 0.8127129751751223, 0.8137908496732026, 0.8137908496732026, 0.8138287757554442, 0.8138287757554442, 0.8141367713004484, 0.8141367713004484, 0.8141675019783698, 0.8141675019783698, 0.8143019578533954, 0.8143019578533954, 0.8143597848705999, 0.8143597848705999, 0.8144355637621267, 0.8144355637621267, 0.8144923209941675, 0.8144923209941675, 0.8152716081948475, 0.8152716081948475, 0.815697397344588, 0.815697397344588, 0.8160953720800727, 0.8160953720800727, 0.8164029133327472, 0.8164029133327472, 0.8169736950086463], "iters": [0, 7, 8, 12, 13, 14, 15, 21, 22, 22, 23, 30, 31, 31, 32, 32, 33, 39, 40, 40, 41, 73, 74, 76, 77, 79, 80, 83, 84, 84, 85, 87, 88, 90, 91, 94, 95, 97, 98, 98, 99, 99, 100, 100, 101, 105, 106, 107, 108, 111, 112, 112, 113, 114, 115, 119, 120, 120, 121, 123, 124, 124, 125, 125, 126, 128, 129, 129, 130, 131, 132, 132, 133, 133, 134, 134, 135, 136, 137, 139, 140, 141, 142, 146, 147, 148, 149, 149, 150, 150, 151, 152, 153, 155, 156, 158, 159, 162, 163, 163, 164, 164, 165, 167, 168, 169, 170, 171, 172, 172, 173, 175, 176, 176, 177, 177, 178, 178, 179, 182, 183, 183, 184, 185, 186, 195, 196, 196, 197, 198, 199, 200, 201, 205, 206, 206, 207, 207, 208, 210, 211, 213, 214, 214, 215, 215, 216, 216, 217, 217, 218, 220, 221, 223, 224, 224, 225, 225, 226, 229, 230, 231, 232, 232, 233, 233, 234, 234, 235, 236, 237, 239, 240, 242, 243, 247, 248, 249, 250, 253, 254, 255, 256, 256, 257, 257, 258, 260, 261, 263, 264, 265, 266, 266, 267, 267, 268, 280, 281, 291, 292, 292, 293, 300, 301, 308, 309, 313, 314, 327, 328, 329, 330, 331, 332, 336, 337, 345, 346, 379, 380, 382, 383, 394, 395, 401, 402, 404, 405, 449, 450, 459, 460, 466, 467, 484, 485, 486, 487, 509, 510, 517, 518, 551, 552, 587, 588, 714, 715, 753, 754, 761, 762, 764, 765, 815, 816, 835, 836, 860, 861, 865, 866, 867, 868, 916, 917, 962, 963, 997, 998], "finalScore": 0.8169736950086463, "finalIter": 1000}