{"title": "subpopulation_size_2_3", "popultion": 40, "subpopulation": 80, "number_of_rect": 20, "scores": [0.6221220727453911, 0.6221220727453911, 0.6224148275154606, 0.6224148275154606, 0.624949383041707, 0.624949383041707, 0.6256828453354436, 0.6256828453354436, 0.6266999912072453, 0.6266999912072453, 0.6284640962513555, 0.6284640962513555, 0.6294671444063425, 0.6294671444063425, 0.6297502418007561, 0.6297502418007561, 0.6300829303320731, 0.6300829303320731, 0.6301230839121896, 0.6301230839121896, 0.6302817784811983, 0.6302817784811983, 0.6304308742929159, 0.6304308742929159, 0.6305701515284738, 0.6305701515284738, 0.6306648788065301, 0.6306648788065301, 0.6306984378205691, 0.6306984378205691, 0.6307657610129254, 0.6307657610129254, 0.6308399572085934, 0.6308399572085934, 0.6309553767695419, 0.6309553767695419, 0.6312356311732465, 0.6312356311732465, 0.6313492921832411, 0.6313492921832411, 0.6314711744189454, 0.6314711744189454, 0.632243823089774, 0.632243823089774, 0.6326083853571324, 0.6326083853571324, 0.6330237844016531, 0.6330237844016531, 0.6336141006477329, 0.6336141006477329, 0.6342334916029192, 0.6342334916029192, 0.6343989565931006, 0.6343989565931006, 0.6348129927606319, 0.6348129927606319, 0.6349081010580615, 0.6349081010580615, 0.6361090008499664, 0.6361090008499664, 0.6364270494445909, 0.6364270494445909, 0.6366005744599783, 0.6366005744599783, 0.6366689234737243, 0.6366689234737243, 0.6368210967496117, 0.6368210967496117, 0.6368622028781618], "iters": [0, 24, 25, 27, 28, 37, 38, 38, 39, 39, 40, 40, 41, 41, 42, 42, 43, 43, 44, 44, 45, 45, 46, 46, 47, 47, 48, 48, 49, 49, 50, 50, 51, 51, 52, 52, 53, 53, 54, 54, 55, 55, 56, 58, 59, 59, 60, 60, 61, 61, 62, 62, 63, 63, 64, 64, 65, 65, 66, 66, 67, 68, 69, 69, 70, 71, 72, 906, 907], "finalScore": 0.6368622028781618, "finalIter": 1000}