{"title": "subpopulation_size_2_2", "popultion": 40, "subpopulation": 80, "number_of_rect": 20, "scores": [0.6733923766816143, 0.6733923766816143, 0.67528865148451, 0.67528865148451, 0.6763596236700958, 0.6763596236700958, 0.6782267798001114, 0.6782267798001114, 0.6782849731820979, 0.6782849731820979, 0.6783025293824555, 0.6783025293824555, 0.678805240481843, 0.678805240481843, 0.6797639438436063, 0.6797639438436063, 0.6805469826196547, 0.6805469826196547, 0.6812629912951728, 0.6812629912951728, 0.681800741522319, 0.681800741522319, 0.6822670213077757, 0.6822670213077757, 0.6825229490899498, 0.6825229490899498, 0.6864519769043642, 0.6864519769043642, 0.6868141797825259, 0.6868141797825259, 0.687994621764999, 0.687994621764999, 0.6883300213957033, 0.6883300213957033, 0.6885299979483572, 0.6885299979483572, 0.6890258067352502, 0.6890258067352502, 0.6905682024678332, 0.6905682024678332, 0.6908219760250887, 0.6908219760250887, 0.6914967906445089, 0.6914967906445089, 0.6916822591517923, 0.6916822591517923, 0.6934382602069228, 0.6934382602069228, 0.6945490635716169, 0.6945490635716169, 0.6946989214220816, 0.6946989214220816, 0.6955606260441396, 0.6955606260441396, 0.6967115976435417, 0.6967115976435417, 0.698456827574079, 0.698456827574079, 0.6988239250857293, 0.6988239250857293, 0.6993300800140684, 0.6993300800140684, 0.7015603915706792, 0.7015603915706792, 0.7027554588352531, 0.7027554588352531, 0.7033893871449926, 0.7033893871449926, 0.7048389167326123, 0.7048389167326123, 0.7050914299950175, 0.7050914299950175, 0.7070894662797855, 0.7070894662797855, 0.7085211758844046, 0.7085211758844046, 0.7085319030452241, 0.7085319030452241, 0.7128911750051291, 0.7128911750051291, 0.7131456226735836, 0.7131456226735836, 0.7139833816934846, 0.7139833816934846, 0.7152323925085728, 0.7152323925085728, 0.7162512236583722, 0.7162512236583722, 0.716682244497201, 0.716682244497201, 0.7187301503561065, 0.7187301503561065, 0.7194296579618394, 0.7194296579618394, 0.7219596119464228, 0.7219596119464228, 0.723140728040095, 0.723140728040095, 0.7232633430053635, 0.7232633430053635, 0.7255892318063248, 0.7255892318063248, 0.727143058120109, 0.727143058120109, 0.7278983850640406, 0.7278983850640406, 0.7296634133474017, 0.7296634133474017, 0.7309352267065271, 0.7309352267065271, 0.7325906386470882, 0.7325906386470882, 0.7365801752689117, 0.7365801752689117, 0.7376114921304845, 0.7376114921304845, 0.7378236759576775, 0.7378236759576775, 0.7392790527272194, 0.7392790527272194, 0.7397572320407984, 0.7397572320407984, 0.7408324687124476, 0.7408324687124476, 0.742759488847856, 0.742759488847856, 0.7437283478413788, 0.7437283478413788, 0.7450434362085641, 0.7450434362085641, 0.7460380286643806, 0.7460380286643806, 0.7471670623406313, 0.7471670623406313, 0.7509517570854949, 0.7509517570854949, 0.7510603769160878, 0.7510603769160878, 0.7540416923122014, 0.7540416923122014, 0.7548529704856531, 0.7548529704856531, 0.7548865148451009, 0.7548865148451009, 0.7552418447199507, 0.7552418447199507, 0.756018919077347, 0.756018919077347, 0.7583653389606964, 0.7583653389606964, 0.7605656818781324, 0.7605656818781324, 0.7627505788563557, 0.7627505788563557, 0.7631399513467569, 0.7631399513467569, 0.7635226559981242, 0.7635226559981242, 0.7662978252586535, 0.7662978252586535, 0.7680816407280401, 0.7680816407280401, 0.7705007473841554, 0.7705007473841554, 0.7724768017819983, 0.7724768017819983, 0.7735418974764794, 0.7735418974764794, 0.7740046455054368, 0.7740046455054368, 0.7770019344060495, 0.7770019344060495, 0.7773019578533955, 0.7773019578533955, 0.7803529704856531, 0.7803529704856531, 0.7806922682376388, 0.7806922682376388, 0.783484598024561, 0.783484598024561, 0.7842807819689909, 0.7842807819689909, 0.7863435622380492, 0.7863435622380492, 0.7881072129898297, 0.7881072129898297, 0.7884562413904276, 0.7884562413904276, 0.78849509071192, 0.78849509071192, 0.7905094229021953, 0.7905094229021953, 0.7918520032826284, 0.7918520032826284, 0.7935646560567426, 0.7935646560567426, 0.7939406342507107, 0.7939406342507107, 0.7951436589583516, 0.7951436589583516, 0.795926067586975, 0.795926067586975, 0.7967705091005012, 0.7967705091005012, 0.7974144171869046, 0.7974144171869046, 0.799749611653331, 0.799749611653331, 0.7999111199038659, 0.7999111199038659, 0.800111418857528, 0.800111418857528, 0.800418623054603, 0.800418623054603, 0.8004623816641754, 0.8004623816641754, 0.8014944459099036, 0.8014944459099036, 0.8017986019519916, 0.8017986019519916, 0.8042971511474545, 0.8042971511474545, 0.804550514376154, 0.804550514376154, 0.8064267856619479, 0.8064267856619479, 0.8065198130074152, 0.8065198130074152, 0.8080475394941236, 0.8080475394941236, 0.8093134910167356, 0.8093134910167356, 0.810769571206659, 0.810769571206659, 0.8123981798997626, 0.8123981798997626, 0.8126621823617339, 0.8126621823617339, 0.8130410328555937, 0.8130410328555937, 0.8145701515284739, 0.8145701515284739, 0.8149827515460594, 0.8149827515460594, 0.8154943433277646, 0.8154943433277646, 0.8158107066443917, 0.8158107066443917, 0.816962879920279, 0.816962879920279, 0.8170410328555937, 0.8170410328555937, 0.8170436413728421, 0.8170436413728421, 0.8182504616196254, 0.8182504616196254, 0.8193877604853601, 0.8193877604853601, 0.8195699317096046, 0.8195699317096046, 0.8211753275301152, 0.8211753275301152, 0.8212020721592075, 0.8212020721592075, 0.8213425950350245, 0.8213425950350245, 0.8221161083267388, 0.8221161083267388, 0.8233840675283566, 0.8233840675283566, 0.8235527125648465, 0.8235527125648465, 0.8236497406137343, 0.8236497406137343, 0.8238514464081597, 0.8238514464081597, 0.8243037750227147, 0.8243037750227147, 0.8244489580585598, 0.8244489580585598, 0.8254412204343621, 0.8254412204343621, 0.8258559160585011, 0.8258559160585011, 0.825900422052229, 0.825900422052229, 0.8259342301943199, 0.8259342301943199, 0.8260509686684838, 0.8260509686684838, 0.8261208857234972, 0.8261208857234972, 0.8263882440868724, 0.8263882440868724, 0.8265796623582168, 0.8265796623582168, 0.826848310325625, 0.826848310325625, 0.8274726691872564, 0.8274726691872564, 0.8277194818136522, 0.8277194818136522, 0.8277286262786131, 0.8277286262786131, 0.82779630118116, 0.82779630118116, 0.8281978516369178, 0.8281978516369178, 0.8282017644127906, 0.8282017644127906, 0.8283979893900759, 0.8283979893900759, 0.8284978897388552, 0.8284978897388552, 0.8285382484832498, 0.8285382484832498, 0.8288858260793106, 0.8288858260793106, 0.8289269028986781, 0.8289269028986781, 0.8290759107828483, 0.8290759107828483, 0.8293312230721885, 0.8293312230721885, 0.8300812890178493, 0.8300812890178493, 0.8302795509833231, 0.8302795509833231, 0.8304808317946013, 0.8304808317946013, 0.8305434508631554, 0.8305434508631554, 0.8308589349043055, 0.8308589349043055, 0.8311429995017439, 0.8311429995017439, 0.8312063219906797, 0.8312063219906797, 0.8313051085905214, 0.8313051085905214, 0.8314961458424924, 0.8314961458424924, 0.8316195814648729, 0.8316195814648729, 0.8318399425540022, 0.8318399425540022, 0.8318532782320701, 0.8318532782320701, 0.8318625692429438, 0.8318625692429438, 0.8320585890559512, 0.8320585890559512, 0.8320669128638003, 0.8320669128638003, 0.8321086198305929, 0.8321086198305929, 0.8325534159852281, 0.8325534159852281, 0.8327169172601776, 0.8327169172601776, 0.8328957765467921, 0.8328957765467921, 0.8330132477505202, 0.8330132477505202, 0.8330778305343064, 0.8330778305343064, 0.8332606465605674, 0.8332606465605674, 0.8333123479586154, 0.8333123479586154, 0.8338582901022891, 0.8338582901022891, 0.8339787801518216, 0.8339787801518216, 0.8339988715964712, 0.8339988715964712, 0.8341709751165041, 0.8341709751165041, 0.8342683109118086, 0.8342683109118086, 0.834321272604707, 0.834321272604707, 0.834539552741874, 0.834539552741874, 0.8346617866877692, 0.8346617866877692, 0.8348724757466515, 0.8348724757466515, 0.8353466983205838, 0.8353466983205838, 0.835378557402034],