{"title": "subpopulation_size_30_2", "popultion": 30, "subpopulation": 30, "number_of_rect": 20, "scores": [0.6030022568070577], "iters": [0], "finalScore": 0.6030022568070577, "finalIter": 5}