{"title": "subpopulation_size_2.5_2", "popultion": 40, "subpopulation": 100, "number_of_rect": 20, "scores": [0.6183365133796419, 0.6183365133796419, 0.618892874937718, 0.618892874937718, 0.6191512646912278, 0.6191512646912278, 0.619404613265336, 0.619404613265336, 0.6196307336088397, 0.6196307336088397, 0.6202391922389284, 0.6202391922389284, 0.6203759928485595, 0.6203759928485595, 0.6204054339224478, 0.6204054339224478, 0.6206357747882412, 0.6206357747882412, 0.6216822151880184, 0.6216822151880184, 0.6220462352354993, 0.6220462352354993, 0.6235577097804742, 0.6235577097804742, 0.6240233887276885, 0.6240233887276885, 0.6253488378909112, 0.6253488378909112, 0.6256942466074622, 0.6256942466074622, 0.6260332659222134, 0.6260332659222134, 0.6262916703303145, 0.6262916703303145, 0.6282212550191975, 0.6282212550191975, 0.6286205340133064, 0.6286205340133064, 0.6297472376095431, 0.6297472376095431, 0.629769776370937, 0.629769776370937, 0.6300174829274012, 0.6300174829274012, 0.6336407720038688, 0.6336407720038688, 0.635472859696943, 0.635472859696943, 0.6402032445265101, 0.6402032445265101, 0.641352648084645, 0.641352648084645, 0.6416561739793077, 0.6416561739793077, 0.646804727571148, 0.646804727571148, 0.6468756264837774, 0.6468756264837774, 0.6530725841906269, 0.6530725841906269, 0.6593473431226003, 0.6593473431226003, 0.6607723409244116, 0.6607723409244116, 0.6619108707758141, 0.6619108707758141, 0.6656864210557167, 0.6656864210557167, 0.6705604501890442, 0.6705604501890442, 0.6740067411119903, 0.6740067411119903, 0.6805346287992028, 0.6805346287992028, 0.6844158386822592, 0.6844158386822592, 0.6895865646707113, 0.6895865646707113, 0.6920335883232217, 0.6920335883232217, 0.6956045165450335, 0.6956045165450335, 0.7001099094346259, 0.7001099094346259, 0.706308596383247, 0.706308596383247, 0.7088927283918052, 0.7088927283918052, 0.7159742079193412, 0.7159742079193412, 0.7200631026700666, 0.7200631026700666, 0.7243192942348837, 0.7243192942348837, 0.7262068935197398, 0.7262068935197398, 0.7311607169026055, 0.7311607169026055, 0.731586960344676, 0.731586960344676, 0.7322921392772356, 0.7322921392772356, 0.7342794484011841, 0.7342794484011841, 0.7354633049034263, 0.7354633049034263, 0.7368972420059205, 0.7368972420059205, 0.7381210615785926, 0.7381210615785926, 0.7409689615756616, 0.7409689615756616, 0.7416813505671327, 0.7416813505671327, 0.7426563937981769, 0.7426563937981769, 0.7431359799525191, 0.7431359799525191, 0.7447918315308186, 0.7447918315308186, 0.7468341832996277, 0.7468341832996277, 0.747514420117823, 0.747514420117823, 0.7515545297341657, 0.7515545297341657, 0.7517411559541605, 0.7517411559541605, 0.7532279375128228, 0.7532279375128228, 0.7544069579999414, 0.7544069579999414, 0.7563193675078402, 0.7563193675078402, 0.7583773410709576, 0.7583773410709576, 0.7586007356604825, 0.7586007356604825, 0.7601433805211173, 0.7601433805211173, 0.7610621208124505, 0.7610621208124505, 0.7659764061080336, 0.7659764061080336, 0.7671668864855359, 0.7671668864855359, 0.7672839033969343, 0.7672839033969343, 0.7705155924851256, 0.7705155924851256, 0.7717263694715555, 0.7717263694715555, 0.7728982385181278, 0.7728982385181278, 0.7754255839854627, 0.7754255839854627, 0.7775126762214601, 0.7775126762214601, 0.7823883173598288, 0.7823883173598288, 0.7825360209853747, 0.7825360209853747, 0.7857831267035962, 0.7857831267035962, 0.7866034907236437, 0.7866034907236437, 0.7867448489111639, 0.7867448489111639, 0.7874348456871538, 0.7874348456871538, 0.7885490928807996, 0.7885490928807996, 0.7892509598757291, 0.7892509598757291, 0.7893649725959143, 0.7893649725959143, 0.7899842463143703, 0.7899842463143703, 0.7902385620915032, 0.7902385620915032, 0.7903571763533515, 0.7903571763533515, 0.7912837275418388, 0.7912837275418388, 0.7918156452416543, 0.7918156452416543, 0.793057651162109, 0.793057651162109, 0.7936407133855037, 0.7936407133855037, 0.794278671707846, 0.794278671707846, 0.7948100178786014, 0.7948100178786014, 0.7955801166505466, 0.7955801166505466, 0.7963859726252235, 0.7963859726252235, 0.7964953105307893, 0.7964953105307893, 0.7991489639203962, 0.7991489639203962, 0.8002772648670828, 0.8002772648670828, 0.8047175180984203, 0.8047175180984203, 0.8075676162841818, 0.8075676162841818, 0.808754315777133, 0.808754315777133, 0.8105232714909582, 0.8105232714909582, 0.8119016823470793, 0.8119016823470793, 0.8125118702189396, 0.8125118702189396, 0.8182947184853014, 0.8182947184853014, 0.8231870218939594, 0.8231870218939594, 0.8245725988452182, 0.8245725988452182, 0.8267115243705854, 0.8267115243705854, 0.8271318180485946, 0.8271318180485946, 0.8283431226003106, 0.8283431226003106, 0.8288137547993786, 0.8288137547993786, 0.8318364107975028, 0.8318364107975028, 0.83418725636742, 0.83418725636742, 0.8348421847064685, 0.8348421847064685, 0.8399497933702629, 0.8399497933702629, 0.840844793223717, 0.840844793223717, 0.8412382250359037, 0.8412382250359037, 0.8425648026026554, 0.8425648026026554, 0.842905331340309, 0.842905331340309, 0.843600867551804, 0.843600867551804, 0.844349761130162, 0.844349761130162, 0.8449256865676016, 0.8449256865676016, 0.8450608898267827, 0.8450608898267827, 0.8453799642427973, 0.8453799642427973, 0.845388742342976, 0.845388742342976, 0.8454630997391482], "iters": [0, 5, 6, 18, 19, 20, 21, 22, 23, 23, 24, 30, 31, 34, 35, 35, 36, 37, 38, 39, 40, 45, 46, 49, 50, 54, 55, 60, 61, 61, 62, 62, 63, 64, 65, 65, 66, 67, 68, 68, 69, 69, 70, 70, 71, 72, 73, 74, 75, 76, 77, 77, 78, 78, 79, 79, 80, 80, 81, 81, 82, 84, 85, 87, 88, 88, 89, 89, 90, 91, 92, 93, 94, 94, 95, 97, 98, 98, 99, 99, 100, 100, 101, 101, 102, 103, 104, 104, 105, 105, 106, 106, 107, 107, 108, 108, 109, 109, 110, 111, 112, 113, 114, 114, 115, 115, 116, 116, 117, 118, 119, 120, 121, 121, 122, 122, 123, 123, 124, 124, 125, 125, 126, 126, 127, 129, 130, 130, 131, 131, 132, 132, 133, 133, 134, 134, 135, 135, 136, 136, 137, 137, 138, 138, 139, 139, 140, 140, 141, 141, 142, 142, 143, 143, 144, 144, 145, 145, 146, 148, 149, 149, 150, 150, 151, 153, 154, 154, 155, 158, 159, 162, 163, 164, 165, 167, 168, 169, 170, 171, 172, 173, 174, 177, 178, 179, 180, 181, 182, 184, 185, 185, 186, 186, 187, 187, 188, 188, 189, 189, 190, 191, 192, 192, 193, 194, 195, 195, 196, 197, 198, 199, 200, 201, 202, 202, 203, 204, 205, 209, 210, 212, 213, 213, 214, 214, 215, 216, 217, 217, 218, 221, 222, 222, 223, 223, 224, 232, 233, 235, 236, 239, 240, 242, 243, 279, 280, 336, 337, 340, 341, 438, 439, 530, 531, 689, 690, 893, 894], "finalScore": 0.8454630997391482, "finalIter": 1000}