{"title": "population_size_40_3", "popultion": 40, "subpopulation": 60, "number_of_rect": 20, "scores": [0.6284563879363405], "iters": [0], "finalScore": 0.6284563879363405, "finalIter": 5}