{"title": "population_size_30_3", "popultion": 30, "subpopulation": 45, "number_of_rect": 20, "scores": [0.6362035376183359], "iters": [0], "finalScore": 0.6362035376183359, "finalIter": 5}