{"title": "population_size_40_2", "popultion": 40, "subpopulation": 60, "number_of_rect": 20, "scores": [0.6200929247633283], "iters": [0], "finalScore": 0.6200929247633283, "finalIter": 5}