{"title": "subpopulation_size_1.1_0", "popultion": 40, "subpopulation": 44, "number_of_rect": 20, "scores": [0.6343100764969665, 0.6343100764969665, 0.6357618922008266, 0.6357618922008266, 0.6394214953544946, 0.6394214953544946, 0.6394557870980979, 0.6394557870980979, 0.6433393563703509, 0.6433393563703509, 0.6458544212901902, 0.6458544212901902, 0.6468466397022188, 0.6468466397022188, 0.6491183065154313, 0.6491183065154313, 0.6506905829596412, 0.6506905829596412, 0.6517380784899909, 0.6517380784899909, 0.6523372314546148, 0.6523372314546148, 0.6533381546938656, 0.6533381546938656, 0.6546506345438026, 0.6546506345438026, 0.6551985110935257, 0.6551985110935257, 0.6552186904657229, 0.6552186904657229, 0.6571399220375744, 0.6571399220375744, 0.6591104076907295, 0.6591104076907295, 0.6600361382221049, 0.6600361382221049, 0.6610062428558867, 0.6610062428558867, 0.6610765116210908, 0.6610765116210908, 0.6634833816934845, 0.6634833816934845, 0.6642681790204871, 0.6642681790204871, 0.6655182449661479, 0.6655182449661479, 0.6662702160086755, 0.6662702160086755, 0.6673527946305577, 0.6673527946305577, 0.6727085641431461, 0.6727085641431461, 0.6730784460271403, 0.6730784460271403, 0.6749016383833055, 0.6749016383833055, 0.6750256162255635, 0.6750256162255635, 0.6794650194906064, 0.6794650194906064, 0.6836224098009906, 0.6836224098009906, 0.6851204167765761, 0.6851204167765761, 0.6873346375919576, 0.6873346375919576, 0.6931960051584161, 0.6931960051584161, 0.6974458805943902, 0.6974458805943902, 0.7036017028635071, 0.7036017028635071, 0.7067845628535421, 0.7067845628535421, 0.709194495735514, 0.709194495735514, 0.7121491104663091, 0.7121491104663091, 0.7157220170579442, 0.7157220170579442, 0.7193253172719012, 0.7193253172719012, 0.7194250857293589, 0.7194250857293589, 0.7273946774524458, 0.7273946774524458, 0.72913747472083, 0.72913747472083, 0.7316627978545678, 0.7316627978545678, 0.7364243823089774, 0.7364243823089774, 0.7399467452152759, 0.7399467452152759, 0.740863770919429, 0.740863770919429, 0.7428096368592281, 0.7428096368592281, 0.746185761599109, 0.746185761599109, 0.7477702306632668, 0.7477702306632668, 0.7481251502095607, 0.7481251502095607, 0.748954863858847, 0.748954863858847, 0.7492965796183944, 0.7492965796183944, 0.7505091444649609, 0.7505091444649609, 0.7539239280166476, 0.7539239280166476, 0.7553848588762859, 0.7553848588762859, 0.7571120050411794, 0.7571120050411794, 0.7593960549840265, 0.7593960549840265, 0.7598352677393827, 0.7598352677393827, 0.7604223599753803, 0.7604223599753803, 0.7615204431548404, 0.7615204431548404, 0.7616666959758492, 0.7616666959758492, 0.7637262815440078, 0.7637262815440078, 0.7638417743779127, 0.7638417743779127, 0.7681781998300068, 0.7681781998300068, 0.7737783786160204, 0.7737783786160204, 0.774297795949471, 0.774297795949471, 0.7757539494123509, 0.7757539494123509, 0.777895043817228, 0.777895043817228, 0.7795715730238284, 0.7795715730238284, 0.7809086725871215, 0.7809086725871215, 0.7816319645945075, 0.7816319645945075, 0.7843659837627128, 0.7843659837627128, 0.7847873472258858, 0.7847873472258858, 0.7862697617163458, 0.7862697617163458, 0.7869377472962279, 0.7869377472962279, 0.7873965825493127, 0.7873965825493127, 0.7875415457662885, 0.7875415457662885, 0.7884514200298953, 0.7884514200298953, 0.788882221049855, 0.788882221049855, 0.7900275506316129, 0.7900275506316129, 0.7908626425159002, 0.7908626425159002, 0.7912682229842609, 0.7912682229842609, 0.7919512734839825, 0.7919512734839825, 0.7928554324569888, 0.7928554324569888, 0.7938914534423636, 0.7938914534423636, 0.7959525777426067, 0.7959525777426067, 0.7966204900495325, 0.7966204900495325, 0.7966683372900729, 0.7966683372900729, 0.7981244028254052, 0.7981244028254052, 0.7983086843107946, 0.7983086843107946, 0.7989496028605763, 0.7989496028605763, 0.7992538321756206, 0.7992538321756206, 0.7998399278994108, 0.7998399278994108, 0.8001465019490606, 0.8001465019490606, 0.8003668044198247, 0.8003668044198247, 0.8004922623758024, 0.8004922623758024, 0.8019923063395762, 0.8019923063395762, 0.8020565667223541, 0.8020565667223541, 0.8022885635569624, 0.8022885635569624, 0.802394223160116, 0.802394223160116, 0.8032786130894809, 0.8032786130894809, 0.8033789384214074, 0.8033789384214074, 0.8039149300975996, 0.8039149300975996, 0.8047618482370527, 0.8047618482370527, 0.8047792285823148, 0.8047792285823148, 0.8055174682728099, 0.8055174682728099, 0.8060656232597673, 0.8060656232597673, 0.8062112019695771, 0.8062112019695771, 0.8062761950819192, 0.8062761950819192, 0.8065888361323603, 0.8065888361323603, 0.8073422433248336, 0.8073422433248336, 0.8078774583076878, 0.8078774583076878, 0.8080335443594477, 0.8080335443594477, 0.8085201354084235, 0.8085201354084235, 0.8085292945279756, 0.8085292945279756, 0.8091834461736862, 0.8091834461736862, 0.8097595328116299, 0.8097595328116299, 0.8103659984173042, 0.8103659984173042, 0.8106947448635657, 0.8106947448635657, 0.811076775403734, 0.811076775403734, 0.8118043025880008, 0.8118043025880008, 0.8119735924265072, 0.8119735924265072, 0.812667252850318, 0.812667252850318, 0.8132367595767754, 0.8132367595767754, 0.8137120519358715, 0.8137120519358715, 0.8139367800932031, 0.8139367800932031, 0.8143658518713913, 0.8143658518713913, 0.8152420205750461, 0.8152420205750461, 0.8195374278261379, 0.8195374278261379, 0.8218195873267095, 0.8218195873267095, 0.8232176206805593, 0.8232176206805593, 0.8233246138515197, 0.8233246138515197, 0.823412570708403, 0.823412570708403, 0.8237285090418829, 0.8237285090418829, 0.8264519769043641, 0.8264519769043641, 0.8267336821126059, 0.8267336821126059, 0.8272578182244498, 0.8272578182244498, 0.8280381898648846, 0.8280381898648846, 0.8287818370995633, 0.8287818370995633, 0.8289382602069229, 0.8289382602069229, 0.8297206688355462, 0.8297206688355462, 0.8307389724200592, 0.8307389724200592, 0.8311937336967672, 0.8311937336967672, 0.8312787889445763, 0.8312787889445763, 0.8322285383510654, 0.8322285383510654, 0.833474618247897, 0.833474618247897, 0.8337293736627686, 0.8337293736627686, 0.8338317946012486, 0.8338317946012486, 0.8342703332454058, 0.8342703332454058, 0.8344289252322753, 0.8344289252322753, 0.8354613265336029, 0.8354613265336029, 0.8364256426038278, 0.8364256426038278, 0.8366763240423225, 0.8366763240423225, 0.8381591048975644, 0.8381591048975644, 0.8390236085465577, 0.8390236085465577, 0.8402366276854538, 0.8402366276854538, 0.8410088220639527, 0.8410088220639527, 0.8412644860634837, 0.8412644860634837, 0.841501963715232, 0.841501963715232, 0.8417793751282276, 0.8417793751282276, 0.8421609220668835, 0.8421609220668835, 0.8423570884258038, 0.8423570884258038, 0.8428834813447053, 0.8428834813447053, 0.8429697968873648, 0.8429697968873648, 0.8430792959934348, 0.8430792959934348, 0.843103402796096, 0.843103402796096, 0.8432058823529411, 0.8432058823529411, 0.8434686245200621, 0.8434686245200621, 0.8436512500366364, 0.8436512500366364, 0.8444918813564289, 0.8444918813564289, 0.8445317711539025, 0.8445317711539025, 0.844753539083795, 0.844753539083795, 0.8452658342858818, 0.8452658342858818, 0.8454445030628096, 0.8454445030628096, 0.8458929189014919, 0.8458929189014919, 0.8459920865207069, 0.8459920865207069, 0.8467424162490108, 0.8467424162490108, 0.8470546176617134, 0.8470546176617134, 0.8471496087224127, 0.8471496087224127, 0.8471915501626659, 0.8471915501626659, 0.8481015709721855, 0.8481015709721855, 0.8481755473489845, 0.8481755473489845, 0.8523012837421964, 0.8523012837421964, 0.8528515782994812, 0.8528515782994812, 0.8530703566927519, 0.8530703566927519, 0.8539314751311586, 0.8539314751311586, 0.85394416600721, 0.85394416600721, 0.8540111521439667, 0.8540111521439667, 0.854396289457487, 0.854396289457487, 0.858356121222779, 0.858356121222779, 0.8586403616753129, 0.8586403616753129, 0.8600244438582608, 0.8600244438582608, 0.8606145842492453, 0.8606145842492453, 0.8606502828336118, 0.8606502828336118, 0.8614872944693572, 0.8614872944693572, 0.8618343591547232, 0.8618343591547232, 