{"title": "population_size_15_1", "popultion": 15, "subpopulation": 22, "number_of_rect": 20, "scores": [0.6130685834872065, 0.6130685834872065, 0.6134474779448401, 0.6134474779448401, 0.6142567777484687, 0.6142567777484687, 0.6148995574313432, 0.6148995574313432, 0.6149403118497025, 0.6149403118497025, 0.6153883027052376, 0.6153883027052376, 0.6169826929276943, 0.6169826929276943, 0.6172907324364724, 0.6172907324364724, 0.6185021249157361, 0.6185021249157361, 0.6200358158210968, 0.6200358158210968, 0.6204411764705883, 0.6204411764705883, 0.6206090741229227, 0.6206090741229227, 0.621109601688209, 0.621109601688209, 0.6224146663149565, 0.6224146663149565, 0.6249744717019843, 0.6249744717019843, 0.6254745303203493, 0.6254745303203493, 0.6268527213576014, 0.6268527213576014, 0.6296349101673555, 0.6296349101673555, 0.6306106714733726, 0.6306106714733726, 0.6323863829537795, 0.6323863829537795, 0.6329404290864328, 0.6329404290864328, 0.6332799906210616, 0.6332799906210616, 0.6352538761393944, 0.6352538761393944, 0.6360251326240511, 0.6360251326240511, 0.6397903660716903, 0.6397903660716903, 0.640765336029778, 0.640765336029778, 0.6439792490987426, 0.6439792490987426, 0.6471186728802134, 0.6471186728802134, 0.647582153638735, 0.647582153638735, 0.648442920366951, 0.648442920366951, 0.6500825932764736, 0.6500825932764736, 0.6508651191418271, 0.6508651191418271, 0.6529203522963745, 0.6529203522963745, 0.6584511562472523, 0.6584511562472523, 0.6584755854509218, 0.6584755854509218, 0.6592623318385651, 0.6592623318385651, 0.6613712447609836, 0.6613712447609836, 0.6679510829742958, 0.6679510829742958, 0.6686671356135878, 0.6686671356135878, 0.6748279111345585, 0.6748279111345585, 0.6767830534306398, 0.6767830534306398, 0.6788920103168323, 0.6788920103168323, 0.6857495530349659, 0.6857495530349659, 0.6956534628799202, 0.6956534628799202, 0.7021317447756382, 0.7021317447756382, 0.7156329464521234, 0.7156329464521234, 0.7238614701485975, 0.7238614701485975, 0.7300826958586125, 0.7300826958586125, 0.7357415369735338, 0.7357415369735338, 0.7385121193469915, 0.7385121193469915, 0.7387845921627246, 0.7387845921627246, 0.738921158298895, 0.738921158298895, 0.7391405961487734, 0.7391405961487734, 0.7397948357220318, 0.7397948357220318, 0.7457013980480085, 0.7457013980480085, 0.7512021307775726, 0.7512021307775726, 0.7516492863214045, 0.7516492863214045, 0.755390603476069, 0.755390603476069, 0.765975600105513, 0.765975600105513, 0.7697298279550984, 0.7697298279550984, 0.7718637269556552, 0.7718637269556552, 0.772241859374542, 0.772241859374542, 0.7726665640845277, 0.7726665640845277, 0.7726844866496674, 0.7726844866496674, 0.7730540900964272, 0.7730540900964272, 0.7733368943990152, 0.7733368943990152, 0.7736380022861162, 0.7736380022861162, 0.7736609367214748, 0.7736609367214748, 0.7737573346229374, 0.7737573346229374, 0.7738921861719277, 0.7738921861719277, 0.774083912189689, 0.774083912189689, 0.7742834784137871, 0.7742834784137871, 0.7746497406137343, 0.7746497406137343, 0.7746783903396934, 0.7746783903396934, 0.7747020135408423, 0.7747020135408423, 0.7747801811307483, 0.7747801811307483, 0.7748979454263021, 0.7748979454263021, 0.7750227732348545, 0.7750227732348545, 0.7750576658167003, 0.7750576658167003, 0.7750584718192209, 0.7750584718192209, 0.7750668689000264, 0.7750668689000264, 0.7750769952226033, 0.7750769952226033, 0.7751414168058853, 0.7751414168058853, 0.7752519124241625, 0.7752519124241625, 0.7754304053459948, 0.7754304053459948, 0.7754331750637474, 0.7754331750637474, 0.775524194730209, 0.775524194730209, 0.7755725402268531, 0.7755725402268531, 0.7756980714557871, 0.7756980714557871, 0.77570758228553, 0.77570758228553, 0.7758866027726486, 0.7758866027726486, 0.7759887452738943, 0.7759887452738943, 0.7760403147806207, 0.7760403147806207, 0.7761733638148832, 0.7761733638148832, 0.7762570854948856, 0.7762570854948856, 0.7763020604355344, 0.7763020604355344, 0.7765606113895483, 0.7765606113895483, 0.7766752542571588, 0.7766752542571588, 0.7766865676016296, 0.7766865676016296, 0.7767521762068056, 0.7767521762068056, 0.7769088630968082, 0.7769088630968082, 0.7770163691784636, 0.7770163691784636, 0.7770815674550837, 0.7770815674550837, 0.7771625340719247, 0.7771625340719247, 0.7771924001289604, 0.7771924001289604, 0.7772558398546264, 0.7772558398546264, 0.7773229285735221, 0.7773229285735221, 0.777401096163428, 0.777401096163428, 0.7774258184589231, 0.7774258184589231, 0.7774747794484012, 0.7774747794484012, 0.7775712506228201, 0.7775712506228201, 0.777608209502037, 0.777608209502037, 0.7776328292153931, 0.7776328292153931, 0.7776377385034732, 0.7776377385034732, 0.7777261203435036, 0.7777261203435036, 0.7777356604824291, 0.7777356604824291, 0.7777381077991735, 0.7777381077991735, 0.7777621413288783, 0.7777621413288783, 0.7778392684428032, 0.7778392684428032, 0.7778998944869427, 0.7778998944869427, 0.777929276942466, 0.777929276942466, 0.7779401213400159, 0.7779401213400159, 0.7779969225358305, 0.7779969225358305, 0.7780405052903074, 0.7780405052903074, 0.7780552624637299, 0.7780552624637299, 0.7781349834403118, 0.7781349834403118, 0.7781910225973798, 0.7781910225973798, 0.7782667282159501, 0.7782667282159501, 0.7783411588850787, 0.7783411588850787, 0.7783727541838859, 0.7783727541838859, 0.7784283537032152, 0.7784283537032152, 0.7784448108092266, 0.7784448108092266, 0.7784718192209619, 0.7784718192209619, 0.7785024180075617, 0.7785024180075617, 0.7785705325478472, 0.7785705325478472, 0.778603813124652, 0.778603813124652, 0.7786927225299687, 0.7786927225299687, 0.77885487558252, 0.77885487558252, 0.7789328526627393, 0.7789328526627393, 0.778996482898092, 0.778996482898092, 0.7790501919751458, 0.7790501919751458, 0.7790692722529968, 0.7790692722529968, 0.779109968052991, 0.779109968052991, 0.779126249303907, 0.779126249303907, 0.7791489199566224, 0.7791489199566224, 0.779176089568862, 0.779176089568862, 0.7791765731703743, 0.7791765731703743, 0.779249201324775, 0.779249201324775, 0.7792525425715877, 0.7792525425715877, 0.7792948650312143, 0.7792948650312143, 0.7793541281983646, 0.7793541281983646, 0.7793704241038717, 0.7793704241038717, 0.7793726809109294, 0.7793726809109294, 0.7793895043817228, 0.7793895043817228, 0.7795124124388171, 0.7795124124388171, 0.7795550426448606, 0.7795550426448606, 0.7796332981623143, 0.7796332981623143, 0.779696459450746, 0.779696459450746, 0.7797783786160204, 0.7797783786160204, 0.7797966968551246, 0.7797966968551246, 0.7797976347489668, 0.7797976347489668, 0.7798980186992585, 0.7798980186992585, 0.7799039684633196, 0.7799039684633196, 0.7799251883114979, 0.7799251883114979, 0.7799574577215042, 0.7799574577215042, 0.7799910753539083, 0.7799910753539083, 0.7801628857821156, 0.7801628857821156, 0.7802405258067353, 0.7802405258067353, 0.7802677833465225, 0.7802677833465225, 0.7802715788856649, 0.7802715788856649, 0.7803570004982561, 0.7803570004982561, 0.7803650019050968, 0.7803650019050968, 0.7803695008646209, 0.7803695008646209, 0.780410196664615, 0.780410196664615, 0.7804151059526949, 0.7804151059526949, 0.7805035757202732, 0.7805035757202732, 0.7805132917142941, 0.7805132917142941, 0.7805235645827838, 0.7805235645827838, 0.780551906562326, 0.780551906562326, 0.7805761892200827, 0.7805761892200827, 0.780578167589906, 0.780578167589906, 0.7806505905800287, 0.7806505905800287, 0.7806589436970603, 0.7806589436970603, 0.7806819660599666, 0.7806819660599666, 0.780690465722911, 0.780690465722911, 0.780697807673144, 0.780697807673144, 0.7807127553562532, 0.7807127553562532, 0.7807483073947068, 0.7807483073947068, 0.7807543011225417, 0.7807543011225417, 0.7807597526304991, 0.7807597526304991, 0.780759796594273, 0.780759796594273, 0.7807631671502682, 0.7807631671502682, 0.780772414197368, 0.780772414197368, 0.7807739529294528, 0.7807739529294528, 0.7807742020575046, 0.7807742020575046, 0.7807758873355022, 0.7807758873355022, 0.780783317213283, 0.780783317213283, 0.7807928573522085, 0.7807928573522085, 0.7808060025205897, 0.7808060025205897,