{"title": "population_size_40_0", "popultion": 40, "subpopulation": 60, "number_of_rect": 20, "scores": [0.6251452123450277, 0.6251452123450277, 0.6263925378821185, 0.6263925378821185, 0.626854567836103, 0.626854567836103, 0.6271988188399426, 0.6271988188399426, 0.6283493508016061, 0.6283493508016061, 0.6291848090506755, 0.6291848090506755, 0.6307486591048976, 0.6307486591048976, 0.6342360708109851, 0.6342360708109851, 0.6345936574928925, 0.6345936574928925, 0.6361558222691169, 0.6361558222691169, 0.6366904950320935, 0.6366904950320935, 0.6380076643512412, 0.6380076643512412, 0.6410311116972947, 0.6410311116972947, 0.6428712007972097, 0.6428712007972097, 0.643508997919048, 0.643508997919048, 0.646706234063132, 0.646706234063132, 0.6468668923473724, 0.6468668923473724, 0.647674023271491, 0.647674023271491, 0.6479483572203171, 0.6479483572203171, 0.6518498930214836, 0.6518498930214836, 0.6525255282980158, 0.6525255282980158, 0.6558030862569243, 0.6558030862569243, 0.6560336762507694, 0.6560336762507694, 0.6561126205340133, 0.6561126205340133, 0.6568056215012164, 0.6568056215012164, 0.6586592807526598, 0.6586592807526598, 0.6598504498959524, 0.6598504498959524, 0.661767607491427, 0.661767607491427, 0.6633409976845746, 0.6633409976845746, 0.665588982678273, 0.665588982678273, 0.667212799320027, 0.667212799320027, 0.6691691579471848, 0.6691691579471848, 0.6704530759987104, 0.6704530759987104, 0.6722218118936663, 0.6722218118936663, 0.6734149447521909, 0.6734149447521909, 0.6743180632492161, 0.6743180632492161, 0.6765557753744248, 0.6765557753744248, 0.6771099827075823, 0.6771099827075823, 0.680183123772678, 0.680183123772678, 0.681443081567455, 0.681443081567455, 0.6871927225299687, 0.6871927225299687, 0.6906326973240717, 0.6906326973240717, 0.6917413757730297, 0.6917413757730297, 0.6971599988276327, 0.6971599988276327, 0.6994117793604737, 0.6994117793604737, 0.7076850435241362, 0.7076850435241362, 0.7167978399132449, 0.7167978399132449, 0.7239015504557578, 0.7239015504557578, 0.7372259737975908, 0.7372259737975908, 0.7394926287405844, 0.7394926287405844, 0.7395444473753627, 0.7395444473753627, 0.7427143673612943, 0.7427143673612943, 0.7431881649520795, 0.7431881649520795, 0.7453213605322548, 0.7453213605322548, 0.745675679240306, 0.745675679240306, 0.7466067880066825, 0.7466067880066825, 0.7470891731879599, 0.7470891731879599, 0.7507417861015856, 0.7507417861015856, 0.7532948650312143, 0.7532948650312143, 0.753675943022949, 0.753675943022949, 0.756764295553797, 0.756764295553797, 0.7598426536533895, 0.7598426536533895, 0.7604806852486884, 0.7604806852486884, 0.7649336000468947, 0.7649336000468947, 0.7679575749582344, 0.7679575749582344, 0.7730836923708198, 0.7730836923708198, 0.7731515577830534, 0.7731515577830534, 0.7796631349101674, 0.7796631349101674, 0.7812451566575809, 0.7812451566575809, 0.7833284240452534, 0.7833284240452534, 0.7833584952665671, 0.7833584952665671, 0.7838120255576072, 0.7838120255576072, 0.7847282012954658, 0.7847282012954658, 0.7858137987631525, 0.7858137987631525, 0.7865983762712858, 0.7865983762712858, 0.7871889416454175, 0.7871889416454175, 0.7883811805738739, 0.7883811805738739, 0.7902287288607521, 0.7902287288607521, 0.7907054280606114, 0.7907054280606114, 0.7907932823353556, 0.7907932823353556, 0.7917125355373839, 0.7917125355373839, 0.7928057827017204, 0.7928057827017204, 0.7928866027726487, 0.7928866027726487, 0.7936083707025411, 0.7936083707025411, 0.7945020809519623, 0.7945020809519623, 0.7945748556522758, 0.7945748556522758, 0.7961597790087634, 0.7961597790087634, 0.7969396230839122, 0.7969396230839122, 0.7970351417098978, 0.7970351417098978, 0.7987193792315133, 0.7987193792315133, 0.7995925144347724, 0.7995925144347724, 0.8006882675342185, 0.8006882675342185, 0.8007998329376593, 0.8007998329376593, 0.8010568305049972, 0.8010568305049972, 0.8010719247340192, 0.8010719247340192, 0.8016729974501011, 0.8016729974501011, 0.8019609162050471, 0.8019609162050471, 0.8021593393710249, 0.8021593393710249, 0.8035342477798294, 0.8035342477798294, 0.8044219936105982, 0.8044219936105982, 0.805462879920279, 0.805462879920279, 0.8054978457750813, 0.8054978457750813, 0.8062615844544095, 0.8062615844544095, 0.8103736627685454, 0.8103736627685454, 0.8106029338491749, 0.8106029338491749, 0.8106248864269175, 0.8106248864269175, 0.8109542190568305, 0.8109542190568305, 0.8122965796183945, 0.8122965796183945, 0.8126411090594683, 0.8126411090594683, 0.812717195697412, 0.812717195697412, 0.813845775081333, 0.813845775081333, 0.814168601072716, 0.814168601072716, 0.8147068935197397, 0.8147068935197397, 0.8150135848061197, 0.8150135848061197, 0.8151799437263695, 0.8151799437263695, 0.8152724435065506, 0.8152724435065506, 0.815326694803482, 0.815326694803482, 0.8155576511621091, 0.8155576511621091, 0.8158952489815059, 0.8158952489815059, 0.8162061168264017, 0.8162061168264017, 0.8163398546264544, 0.8163398546264544, 0.8164562413904276, 0.8164562413904276, 0.8165535478765498, 0.8165535478765498, 0.8170105366511328, 0.8170105366511328, 0.8171801049268737, 0.8171801049268737, 0.8174003780884551, 0.8174003780884551, 0.8177453764764501, 0.8177453764764501, 0.8178665406371817, 0.8178665406371817, 0.8184976552653946, 0.8184976552653946, 0.8189510097013394, 0.8189510097013394, 0.8197475160467774, 0.8197475160467774, 0.8213682991881357, 0.8213682991881357, 0.822481696415487, 0.822481696415487, 0.8224870599958967, 0.8224870599958967, 0.8229843928602831, 0.8229843928602831, 0.8230035024473168, 0.8230035024473168, 0.8231018787186025, 0.8231018787186025, 0.8233703654855067, 0.8233703654855067, 0.8233964360033998, 0.8233964360033998, 0.8263500981857617, 0.8263500981857617, 0.8264478882733961, 0.8264478882733961, 0.8264612972244204, 0.8264612972244204, 0.826956417245523, 0.826956417245523, 0.827437805914593, 0.827437805914593, 0.8283474603593306, 0.8283474603593306, 0.8283682991881356, 0.8283682991881356, 0.8286720302470765, 0.8286720302470765, 0.8307991441718691, 0.8307991441718691, 0.8310813036724406, 0.8310813036724406, 0.8337491720155925, 0.8337491720155925, 0.8345822122571002, 0.8345822122571002, 0.8347595621208125, 0.8347595621208125, 0.8353584513027932, 0.8353584513027932, 0.8365506023037017, 0.8365506023037017, 0.839621442597966, 0.839621442597966, 0.8397977373311059, 0.8397977373311059, 0.8418678448958059, 0.8418678448958059, 0.8444246607462118, 0.8444246607462118, 0.845813564289692, 0.845813564289692, 0.8478924499545708, 0.8478924499545708, 0.8482568217122424, 0.8482568217122424, 0.8482831413581875, 0.8482831413581875, 0.8486590169700168, 0.8486590169700168, 0.8496664175386148, 0.8496664175386148, 0.8498775315806442, 0.8498775315806442, 0.8510675283566341, 0.8510675283566341, 0.8524431255312289, 0.8524431255312289, 0.8544842463143703, 0.8544842463143703, 0.8554963510067705, 0.8554963510067705, 0.858222779096691, 0.858222779096691, 0.8597402327149096, 0.8597402327149096, 0.86029458659398, 0.86029458659398, 0.8633639174653419, 0.8633639174653419, 0.8645041032855594, 0.8645041032855594, 0.8647901022890472, 0.8647901022890472, 0.8658827779243237, 0.8658827779243237, 0.8659517570854949, 0.8659517570854949, 0.8659844807878309, 0.8659844807878309, 0.8662517512236584, 0.8662517512236584, 0.8662918168762274, 0.8662918168762274, 0.8664010521996541, 0.8664010521996541, 0.8669160878103109],