{"title": "population_size_2_2", "popultion": 2, "subpopulation": 3, "number_of_rect": 20, "scores": [0.5869765233447639, 0.5869765233447639, 0.5870605967349571, 0.5870605967349571, 0.5878736188047715, 0.5878736188047715, 0.587937908496732, 0.587937908496732, 0.5886072716081949, 0.5886072716081949, 0.5900037662299598, 0.5900037662299598, 0.5903330255869164, 0.5903330255869164, 0.5922320261437908, 0.5922320261437908, 0.5948136668718309, 0.5948136668718309, 0.5957907177818811, 0.5957907177818811, 0.5975483601512355, 0.5975483601512355, 0.599132404232246, 0.599132404232246, 0.5993620709868401, 0.5993620709868401, 0.6004985052316891, 0.6004985052316891, 0.6012089305079281, 0.6012089305079281, 0.6021375186846039, 0.6021375186846039, 0.604497464755708, 0.604497464755708, 0.6051219408540696, 0.6051219408540696, 0.6057609982707581, 0.6057609982707581, 0.60590191682054, 0.60590191682054, 0.6060280488877166, 0.6060280488877166, 0.6063449251150386, 0.6063449251150386, 0.6071500630147425, 0.6071500630147425, 0.6075193147513116, 0.6075193147513116, 0.6077115390251766, 0.6077115390251766, 0.6084451478648261, 0.6084451478648261, 0.6085757056185703, 0.6085757056185703, 0.6089467745244586, 0.6089467745244586, 0.6098507722969606, 0.6098507722969606, 0.6103005070488584, 0.6103005070488584, 0.610937029221255, 0.610937029221255, 0.6110901110818019, 0.6110901110818019, 0.6113052551364342, 0.6113052551364342, 0.6119649315630588, 0.6119649315630588, 0.6124311527301504, 0.6124311527301504, 0.6125060963099739, 0.6125060963099739, 0.6125301591488613, 0.6125301591488613, 0.6128010346141446, 0.6128010346141446, 0.6131769688443389, 0.6131769688443389, 0.6133987074650489, 0.6133987074650489, 0.613460652422404, 0.613460652422404, 0.6139213781177644, 0.6139213781177644, 0.6145937307658489, 0.6145937307658489, 0.6155791934112957, 0.6155791934112957, 0.6158496438934318, 0.6158496438934318, 0.6161975585450922, 0.6161975585450922, 0.616544256865676, 0.616544256865676, 0.6167564846566429, 0.6167564846566429, 0.6169384653712009, 0.6169384653712009, 0.6173849761130161, 0.6173849761130161, 0.6175646267475601, 0.6175646267475601, 0.6179457487030686, 0.6179457487030686, 0.6179569155016267, 0.6179569155016267, 0.6195313022069815, 0.6195313022069815, 0.6205512324511269, 0.6205512324511269, 0.6206697734400187, 0.6206697734400187, 0.6211748439286029, 0.6211748439286029, 0.6212850318004631, 0.6212850318004631, 0.6217032005627363, 0.6217032005627363, 0.6217521908613969, 0.6217521908613969, 0.6222097658196313, 0.6222097658196313, 0.6232043875846303, 0.6232043875846303, 0.6232805621501216, 0.6232805621501216, 0.6238306368885371, 0.6238306368885371, 0.6247568217122424, 0.6247568217122424, 0.6260343943257423, 0.6260343943257423, 0.6264199712770011, 0.6264199712770011, 0.626521556903778, 0.626521556903778, 0.627192634602421, 0.627192634602421, 0.6277696444796155, 0.6277696444796155, 0.6278428441630763, 0.6278428441630763, 0.6278961575661655, 0.6278961575661655, 0.6282685160760866, 0.6282685160760866, 0.6284809050675577, 0.6284809050675577, 0.6285953281162988, 0.6285953281162988, 0.6287852516193324, 0.6287852516193324, 0.6290428207157301, 0.6290428207157301, 0.6295917670506169, 0.6295917670506169, 0.6304991939974793, 0.6304991939974793, 0.6305151675019784, 0.6305151675019784, 0.631456622409801, 0.631456622409801, 0.6314993845071661, 0.6314993845071661, 0.6320404613265336, 0.6320404613265336, 0.6323762126674286, 0.6323762126674286, 0.6342129751751224, 0.6342129751751224, 0.6347840059790733, 0.6347840059790733, 0.6352373750696093, 0.6352373750696093, 0.6363230458102525, 0.6363230458102525, 0.639893036138222, 0.639893036138222, 0.6401936750784021, 0.6401936750784021, 0.6439448987367742, 0.6439448987367742, 0.6458394442978985, 0.6458394442978985, 0.6478155866232891, 0.6478155866232891, 0.6488934318121867, 0.6488934318121867, 0.6493289662651309, 0.6493289662651309, 0.6495582666549431, 0.6495582666549431, 0.6533092558398547, 0.6533092558398547, 0.6546822444972009, 0.6546822444972009, 0.6547026290336763, 0.6547026290336763, 0.6549232685600399, 0.6549232685600399, 0.6554984173041414, 0.6554984173041414, 0.6556458864562267, 0.6556458864562267, 0.6562957736158739, 0.6562957736158739, 0.6565870336176324, 0.6565870336176324, 0.6566380755590726, 0.6566380755590726, 0.6566644245142004, 0.6566644245142004, 0.6573355608312084, 0.6573355608312084, 0.6574378791875495, 0.6574378791875495, 0.6577169319147689, 0.6577169319147689, 0.6582852076555585, 0.6582852076555585, 0.658482473108825, 0.658482473108825, 0.6587047979131861, 0.6587047979131861, 0.6587803569858437, 0.6587803569858437, 0.6591910665611536, 0.6591910665611536, 0.6597507547114512, 0.6597507547114512, 0.6601676924880565], "iters": [0, 4, 5, 9, 10, 14, 15, 15, 16, 16, 17, 18, 19, 19, 20, 20, 21, 22, 23, 23, 24, 24, 25, 25, 26, 29, 30, 37, 38, 40, 41, 43, 44, 45, 46, 46, 47, 50, 51, 51, 52, 52, 53, 54, 55, 64, 65, 79, 80, 99, 100, 107, 108, 109, 110, 117, 118, 119, 120, 122, 123, 126, 127, 128, 129, 132, 133, 135, 136, 141, 142, 143, 144, 144, 145, 146, 147, 149, 150, 157, 158, 162, 163, 166, 167, 186, 187, 195, 196, 201, 202, 202, 203, 209, 210, 212, 213, 218, 219, 227, 228, 228, 229, 233, 234, 235, 236, 239, 240, 242, 243, 248, 249, 257, 258, 258, 259, 272, 273, 273, 274, 275, 276, 297, 298, 303, 304, 330, 331, 338, 339, 401, 402, 421, 422, 422, 423, 457, 458, 549, 550, 565, 566, 576, 577, 582, 583, 589, 590, 630, 631, 642, 643, 643, 644, 645, 646, 646, 647, 655, 656, 658, 659, 659, 660, 661, 662, 663, 664, 680, 681, 685, 686, 687, 688, 691, 692, 692, 693, 694, 695, 696, 697, 701, 702, 702, 703, 731, 732, 735, 736, 736, 737, 738, 739, 772, 773, 773, 774, 774, 775, 788, 789, 823, 824, 824, 825, 837, 838, 843, 844, 851, 852, 862, 863, 865, 866, 920, 921, 933, 934, 938, 939, 963, 964, 976, 977, 983, 984, 986, 987], "finalScore": 0.6601676924880565, "finalIter": 1000}