{"title": "population_size_50_1", "popultion": 50, "subpopulation": 75, "number_of_rect": 20, "scores": [0.6498736627685453], "iters": [0], "finalScore": 0.6498736627685453, "finalIter": 5}