{"title": "population_size_30_4", "popultion": 30, "subpopulation": 45, "number_of_rect": 20, "scores": [0.628192326856004], "iters": [0], "finalScore": 0.628192326856004, "finalIter": 5}