{"title": "population_size_100_1", "popultion": 100, "subpopulation": 150, "number_of_rect": 20, "scores": [0.6290114305812011], "iters": [0], "finalScore": 0.6290114305812011, "finalIter": 5}