{"title": "subpopulation_size_1.1_3", "popultion": 40, "subpopulation": 44, "number_of_rect": 20, "scores": [0.6359393446466778, 0.6359393446466778, 0.6361921070371348, 0.6361921070371348, 0.6363568539523433, 0.6363568539523433, 0.6364657522201707, 0.6364657522201707, 0.6373273542600897, 0.6373273542600897, 0.6379929218324101, 0.6379929218324101, 0.638184984905771, 0.638184984905771, 0.6384649462176499, 0.6384649462176499, 0.6386238459509364, 0.6386238459509364, 0.638716008675518, 0.638716008675518, 0.6406629444004807, 0.6406629444004807, 0.6415323573375539, 0.6415323573375539, 0.6433457457721504, 0.6433457457721504, 0.6436683519446642, 0.6436683519446642, 0.6451864796740818, 0.6451864796740818, 0.645318473577772, 0.645318473577772, 0.6458303291421201, 0.6458303291421201, 0.6459675107711247, 0.6459675107711247, 0.6465555555555556, 0.6465555555555556, 0.6466425745185966, 0.6466425745185966, 0.6473035845130279, 0.6473035845130279, 0.6478559453676838, 0.6478559453676838, 0.647961429115742, 0.647961429115742, 0.6480417948943404, 0.6480417948943404, 0.6482723555790029, 0.6482723555790029, 0.6488039948415838, 0.6488039948415838, 0.6492631085319029, 0.6492631085319029, 0.6495207069374835, 0.6495207069374835, 0.6499906503707612, 0.6499906503707612, 0.6501837392655119, 0.6501837392655119, 0.650642852955831, 0.650642852955831, 0.6508049766991999, 0.6508049766991999, 0.6534841144230488, 0.6534841144230488, 0.6537062633723145, 0.6537062633723145, 0.6543772824525924, 0.6543772824525924, 0.6555430112254169, 0.6555430112254169, 0.6560413992203757, 0.6560413992203757, 0.6575371786980861, 0.6575371786980861, 0.6589513174477564, 0.6589513174477564, 0.6590468946921071, 0.6590468946921071, 0.6593709077053841, 0.6593709077053841, 0.6603084938011079, 0.6603084938011079, 0.6607533192649258, 0.6607533192649258, 0.6612767666109792, 0.6612767666109792, 0.6613733257129459, 0.6613733257129459, 0.6617646472639878, 0.6617646472639878, 0.6625949764061081, 0.6625949764061081, 0.6628144728743515, 0.6628144728743515, 0.6628167736451831, 0.6628167736451831, 0.6628569711890735, 0.6628569711890735, 0.663286423986635, 0.663286423986635, 0.6635585597467687, 0.6635585597467687, 0.6639060933790557, 0.6639060933790557, 0.6639189454556111, 0.6639189454556111, 0.6641721035200328, 0.6641721035200328, 0.664693469914124, 0.664693469914124, 0.664955274187403, 0.664955274187403, 0.6649920279023418, 0.6649920279023418, 0.665004704123802, 0.665004704123802, 0.6650313168615727, 0.6650313168615727, 0.6650331779946658, 0.6650331779946658, 0.6651851607608664, 0.6651851607608664, 0.6658350772296961, 0.6658350772296961, 0.6658639614291157, 0.6658639614291157, 0.6658882733960549, 0.6658882733960549, 0.6660121340015827, 0.6660121340015827, 0.6660159881590902, 0.6660159881590902, 0.6660359770216009, 0.6660359770216009, 0.6660924997801811, 0.6660924997801811, 0.6662757114804068, 0.6662757114804068, 0.666397886807937, 0.666397886807937, 0.6664391101732172, 0.6664391101732172, 0.6665585304375861, 0.6665585304375861, 0.6666179841144231, 0.6666179841144231, 0.666634470529617, 0.666634470529617, 0.666862583897535, 0.666862583897535, 0.6668776048536006, 0.6668776048536006, 0.6670044843049328, 0.6670044843049328, 0.6671002374043788, 0.6671002374043788, 0.6672491573610012, 0.6672491573610012, 0.667258712154518, 0.667258712154518, 0.6675750608165538, 0.6675750608165538, 0.6678160116064362, 0.6678160116064362, 0.6679389050089393, 0.6679389050089393, 0.6680221723966119, 0.6680221723966119, 0.6681372402473695, 0.6681372402473695, 0.6681705647879481, 0.6681705647879481, 0.6682150561270845, 0.6682150561270845, 0.6682708461561007, 0.6682708461561007, 0.6683070869603447, 0.6683070869603447, 0.6687003575720273, 0.6687003575720273, 0.6687286262786131, 0.6687286262786131, 0.6688250534892581, 0.6688250534892581, 0.6690770098771945, 0.6690770098771945, 0.6691038717430171, 0.6691038717430171, 0.6693550514376154, 0.6693550514376154, 0.6694369852574811, 0.6694369852574811, 0.6694371904217591, 0.6694371904217591, 0.6694392713737214, 0.6694392713737214, 0.6697186904657229, 0.6697186904657229, 0.6699759957794778, 0.6699759957794778, 0.6701518362202878, 0.6701518362202878, 0.6701730267592837, 0.6701730267592837, 0.6701794454702659, 0.6701794454702659, 0.670252044315484, 0.670252044315484, 0.6703359858143556, 0.6703359858143556, 0.6703509481520561, 0.6703509481520561, 0.6705501187021894, 0.6705501187021894, 0.6705506462674755, 0.6705506462674755, 0.6706856297077874, 0.6706856297077874, 0.6707356165186553, 0.6707356165186553, 0.6707856326387057, 0.6707856326387057, 0.6709012280547495, 0.6709012280547495, 0.6711413288783376, 0.6711413288783376, 0.6711724405756323, 0.6711724405756323, 0.6713741903338316, 0.6713741903338316, 0.6716250183182391, 0.6716250183182391, 0.6716264251590023, 0.6716264251590023, 0.6716277587268091, 0.6716277587268091, 0.6717099563293181, 0.6717099563293181, 0.671933409537208, 0.671933409537208, 0.6720546909346699, 0.6720546909346699, 0.6725861250329728, 0.6725861250329728, 0.6726072129898297, 0.6726072129898297, 0.6726841056302939, 0.6726841056302939, 0.6727298426096896, 0.6727298426096896, 0.6728437380931447, 0.6728437380931447, 0.6735873120548668, 0.6735873120548668, 0.673644039977725, 0.673644039977725, 0.6736801488906474, 0.6736801488906474, 0.673770245317858, 0.673770245317858, 0.673938890354348, 0.673938890354348, 0.6741622995984642, 0.6741622995984642, 0.6742206688355461, 0.6742206688355461, 0.6742275271842668, 0.6742275271842668, 0.6742601483044638, 0.6742601483044638, 0.6743536006330784, 0.6743536006330784, 0.6743763005949763, 0.6743763005949763, 0.6744066795627071, 0.6744066795627071, 0.6745141709897711, 0.6745141709897711, 0.6745141856443624, 0.6745141856443624, 0.6745486532430611, 0.6745486532430611, 0.6745511298689879, 0.6745511298689879, 0.6745619156481726, 0.6745619156481726, 0.6745806735250154, 0.6745806735250154, 0.6745902283185322, 0.6745902283185322, 0.674600398604883, 0.674600398604883, 0.6746437468858995, 0.6746437468858995, 0.6746665347753451, 0.6746665347753451, 0.6746795480524048, 0.6746795480524048, 0.6747243911017322, 0.6747243911017322, 0.6749259943140187, 0.6749259943140187, 0.6753975497523375, 0.6753975497523375, 0.675400832380785, 0.675400832380785, 0.6757001817169319, 0.6757001817169319, 0.6759947390017292, 0.6759947390017292, 0.6761740672352647, 0.6761740672352647, 0.6763944722881678, 0.6763944722881678, 0.6771350274040857, 0.6771350274040857, 0.6787693367331985, 0.6787693367331985, 0.679389724200592, 0.679389724200592, 0.6795453706146135, 0.6795453706146135, 0.6800053196166359, 0.6800053196166359, 0.6812710366657875, 0.6812710366657875, 0.682000776693338, 0.682000776693338, 0.6820453999237961, 0.6820453999237961, 0.682750593510947, 0.682750593510947, 0.6827664204695332, 0.6827664204695332, 0.6828244966147894],