{"title": "subpopulation_size_2.5_0", "popultion": 40, "subpopulation": 100, "number_of_rect": 20, "scores": [0.6340285764530027, 0.6340285764530027, 0.63527163750403, 0.63527163750403, 0.6355682171224244, 0.6355682171224244, 0.636978340514083, 0.636978340514083, 0.6385364752777045, 0.6385364752777045, 0.6387025264515372, 0.6387025264515372, 0.6388505231689088, 0.6388505231689088, 0.6400933350918843, 0.6400933350918843, 0.6405332219584395, 0.6405332219584395, 0.6409795861543421, 0.6409795861543421, 0.6413376417831707, 0.6413376417831707, 0.6416165479644773, 0.6416165479644773, 0.6419773440018758, 0.6419773440018758, 0.642327061168264, 0.642327061168264, 0.6423593891966353, 0.6423593891966353, 0.6428745273894312, 0.6428745273894312, 0.6454978457750813, 0.6454978457750813, 0.645508836718544, 0.645508836718544, 0.6455719540432017, 0.6455719540432017, 0.6463495266567016, 0.6463495266567016, 0.6466193323368211, 0.6466193323368211, 0.6473918784255107, 0.6473918784255107, 0.648123157185146, 0.648123157185146, 0.648783580995926, 0.648783580995926, 0.6488755239016384, 0.6488755239016384, 0.6524814179782525, 0.6524814179782525, 0.6532951288138573, 0.6532951288138573, 0.6541085612122277, 0.6541085612122277, 0.6552546528327325, 0.6552546528327325, 0.6567004601541664, 0.6567004601541664, 0.657994006272165, 0.657994006272165, 0.6595925730531376, 0.6595925730531376, 0.6603578944283244, 0.6603578944283244, 0.6627226472053694, 0.6627226472053694, 0.6644180075617692, 0.6644180075617692, 0.6673754945924558, 0.6673754945924558, 0.6687569682581553, 0.6687569682581553, 0.6710248981505906, 0.6710248981505906, 0.6750518772531434, 0.6750518772531434, 0.6753224742811923, 0.6753224742811923, 0.6765699463641959, 0.6765699463641959, 0.6817762243911017, 0.6817762243911017, 0.6870299539845833, 0.6870299539845833, 0.6872217093115274, 0.6872217093115274, 0.6892205809079985, 0.6892205809079985, 0.6928162607344881, 0.6928162607344881, 0.6964981535214982, 0.6964981535214982, 0.7040145080453706, 0.7040145080453706, 0.7085895835165157, 0.7085895835165157, 0.7112844163076292, 0.7112844163076292, 0.7136804859462469, 0.7136804859462469, 0.7158433717283625, 0.7158433717283625, 0.7186662270289281, 0.7186662270289281, 0.7192314546147308, 0.7192314546147308, 0.7210206629737097, 0.7210206629737097, 0.7263815762478385, 0.7263815762478385, 0.7289490313315161, 0.7289490313315161, 0.7307612327442188, 0.7307612327442188, 0.7346942905712359, 0.7346942905712359, 0.736369867229403, 0.736369867229403, 0.739415105952695, 0.739415105952695, 0.7417058383891673, 0.7417058383891673, 0.7450734048477388, 0.7450734048477388, 0.7557102787303263, 0.7557102787303263, 0.7577086227615112, 0.7577086227615112, 0.760481183504792, 0.760481183504792, 0.764203596236701, 0.764203596236701, 0.7659045839561535, 0.7659045839561535, 0.7726216917260178, 0.7726216917260178, 0.7753607520736246, 0.7753607520736246, 0.7856692751839152, 0.7856692751839152, 0.7871409918227381, 0.7871409918227381, 0.7898426683079809, 0.7898426683079809, 0.7912778217415516, 0.7912778217415516, 0.7923400011723674, 0.7923400011723674, 0.7924277675195639, 0.7924277675195639, 0.7925640991822738, 0.7925640991822738, 0.79440522875817, 0.79440522875817, 0.7959855505729945, 0.7959855505729945, 0.7960335150502653, 0.7960335150502653, 0.796103197631818, 0.796103197631818, 0.7973799056244322, 0.7973799056244322, 0.7996354816964155, 0.7996354816964155, 0.8007066443916879, 0.8007066443916879, 0.8023580409742372, 0.8023580409742372, 0.8025928661449633, 0.8025928661449633, 0.8032230428793341, 0.8032230428793341, 0.8047856472932969, 0.8047856472932969, 0.8056090448137402, 0.8056090448137402, 0.8056811747120373, 0.8056811747120373, 0.8071851167970925, 0.8071851167970925, 0.8077114510976289, 0.8077114510976289, 0.8087865998417304, 0.8087865998417304, 0.810545136141153, 0.810545136141153, 0.8106680002344735, 0.8106680002344735, 0.8107907031272897, 0.8107907031272897, 0.8122496849262875, 0.8122496849262875, 0.8130605527711832, 0.8130605527711832, 0.8157834784137871, 0.8157834784137871, 0.8163295524487822, 0.8163295524487822, 0.8201157419619567, 0.8201157419619567, 0.8204574870306867, 0.8204574870306867, 0.820478956006917, 0.820478956006917, 0.8220268618658225, 0.8220268618658225, 0.8225271549576483, 0.8225271549576483, 0.8232321873442949, 0.8232321873442949, 0.8233244966147895, 0.8233244966147895, 0.8240278876872125, 0.8240278876872125, 0.8246741698174038, 0.8246741698174038, 0.8249763035258947, 0.8249763035258947, 0.8272348691344998, 0.8272348691344998, 0.8277500952548433, 0.8277500952548433, 0.8279609015504558, 0.8279609015504558, 0.8305836484070459, 0.8305836484070459, 0.8314935959436092, 0.8314935959436092, 0.8326946422814268, 0.8326946422814268, 0.8340916644684779, 0.8340916644684779, 0.8367119346991412, 0.8367119346991412, 0.8367503150737126, 0.8367503150737126, 0.8384299363990738, 0.8384299363990738, 0.8409206453882001, 0.8409206453882001, 0.8422578475336323, 0.8422578475336323, 0.8426234209677892, 0.8426234209677892, 0.8431669744130836, 0.8431669744130836, 0.8439676133532636, 0.8439676133532636, 0.8449859169377766, 0.8449859169377766, 0.8466242562794923, 0.8466242562794923, 0.8477674756001055, 0.8477674756001055, 0.8479472727805621, 0.8479472727805621, 0.8480740056859815, 0.8480740056859815, 0.8518635804097423, 0.8518635804097423, 0.8539419971277001, 0.8539419971277001, 0.857922345320789, 0.857922345320789, 0.8588074533251268, 0.8588074533251268, 0.8591207098684017, 0.8591207098684017, 0.861283888742343, 0.861283888742343, 0.8615143468448665, 0.8615143468448665, 0.8624380843518274, 0.8624380843518274, 0.8631538878630676, 0.8631538878630676, 0.8653044051701398, 0.8653044051701398, 0.8656757964770363, 0.8656757964770363, 0.8657532020281954, 0.8657532020281954, 0.8663257422550485, 0.8663257422550485, 0.8672835077229696, 0.8672835077229696, 0.8673361030510859, 0.8673361030510859, 0.8674693279404437, 0.8674693279404437, 0.8683009320320056, 0.8683009320320056, 0.8691234356223805, 0.8691234356223805, 0.8694140361675313, 0.8694140361675313, 0.8706061871684398, 0.8706061871684398, 0.8709836747853102, 0.8709836747853102, 0.8710698144728743, 0.8710698144728743, 0.8711754154576629, 0.8711754154576629, 0.8720144054632316, 0.8720144054632316, 0.8726763533515051, 0.8726763533515051, 0.8728597262522348, 0.8728597262522348, 0.8739593481637797, 0.8739593481637797, 0.8744445470265835, 0.8744445470265835, 0.8748104575163399, 0.8748104575163399, 0.8751654063718163],