{"title": "subpopulation_size_1.5_4", "popultion": 40, "subpopulation": 60, "number_of_rect": 20, "scores": [0.639911075940092, 0.639911075940092, 0.6399264925701222, 0.6399264925701222, 0.6405433189718339, 0.6405433189718339, 0.6417838447785691, 0.6417838447785691, 0.6427869808611038, 0.6427869808611038, 0.6430664439168792, 0.6430664439168792, 0.6436635892024971, 0.6436635892024971, 0.6442977666402885, 0.6442977666402885, 0.6448971980421466, 0.6448971980421466, 0.6462563674199127, 0.6462563674199127, 0.6463302412145725, 0.6463302412145725, 0.6467314546147308, 0.6467314546147308, 0.6476731879597878, 0.6476731879597878, 0.6479132301650108, 0.6479132301650108, 0.6486350274040857, 0.6486350274040857, 0.6491115947126235, 0.6491115947126235, 0.6496296052053108, 0.6496296052053108, 0.6503501128403528, 0.6503501128403528, 0.6503561358773704, 0.6503561358773704, 0.6504633049034263, 0.6504633049034263, 0.6512134294674521, 0.6512134294674521, 0.6514947683109118, 0.6514947683109118, 0.6517929599343474, 0.6517929599343474, 0.6518764911046631, 0.6518764911046631, 0.6519789120431432, 0.6519789120431432, 0.6521414314604765, 0.6521414314604765, 0.6526305284445617, 0.6526305284445617, 0.652797077874498, 0.652797077874498, 0.653930771710777, 0.653930771710777, 0.6540404613265336, 0.6540404613265336, 0.6542399103139014, 0.6542399103139014, 0.6549706175444767, 0.6549706175444767, 0.6558670095841027, 0.6558670095841027, 0.6563969049503209, 0.6563969049503209, 0.6570899352267066, 0.6570899352267066, 0.65778533954688, 0.65778533954688, 0.6584693572496263, 0.6584693572496263, 0.6592216653477534, 0.6592216653477534, 0.6593110876637651, 0.6593110876637651, 0.6597961692898384, 0.6597961692898384, 0.6598655441249743, 0.6598655441249743, 0.6609462762683549, 0.6609462762683549, 0.6616434244848911, 0.6616434244848911, 0.6640569917055014, 0.6640569917055014, 0.6649458219760251, 0.6649458219760251, 0.6660711187314985, 0.6660711187314985, 0.6669074416014538, 0.6669074416014538, 0.6681070517893255, 0.6681070517893255, 0.669248893578358, 0.669248893578358, 0.6693018406166652, 0.6693018406166652, 0.6693118203933293, 0.6693118203933293, 0.6698820012309856, 0.6698820012309856, 0.6708676104223453, 0.6708676104223453, 0.6730119874556699, 0.6730119874556699, 0.6732298719188722, 0.6732298719188722, 0.6738544359447816, 0.6738544359447816, 0.6743876725578124, 0.6743876725578124, 0.6745176880916791, 0.6745176880916791, 0.6749818869251736, 0.6749818869251736, 0.6751694070752366, 0.6751694070752366, 0.6757225006594566, 0.6757225006594566, 0.6796368885371786, 0.6796368885371786, 0.6799111638676397, 0.6799111638676397, 0.6803163486620358, 0.6803163486620358, 0.6805388346669011, 0.6805388346669011, 0.6811433951757085, 0.6811433951757085, 0.6821273777074357, 0.6821273777074357, 0.682206234063132, 0.682206234063132, 0.6825631905976143, 0.6825631905976143, 0.6828489697822328, 0.6828489697822328, 0.6830553503912775, 0.6830553503912775, 0.6837257979424953, 0.6837257979424953, 0.6839612679152378, 0.6839612679152378, 0.6843658958351652, 0.6843658958351652, 0.6848602977812949, 0.6848602977812949, 0.6850441835927197, 0.6850441835927197, 0.6854183299627773, 0.6854183299627773, 0.6860072540226854, 0.6860072540226854, 0.6866805152554296, 0.6866805152554296, 0.6873169934640523, 0.6873169934640523, 0.687348105161347, 0.687348105161347, 0.688615185087488, 0.688615185087488, 0.689178888595797, 0.689178888595797, 0.689385738151763, 0.689385738151763, 0.6895926170169113, 0.6895926170169113, 0.6897488056508103, 0.6897488056508103, 0.6897567191301035, 0.6897567191301035, 0.6901762214601834, 0.6901762214601834, 0.6906971482165363, 0.6906971482165363, 0.6908037896773058, 0.6908037896773058, 0.6914660160028137, 0.6914660160028137, 0.6918041706966793, 0.6918041706966793, 0.6920045722324804, 0.6920045722324804, 0.6924789999706908, 0.6924789999706908, 0.69284608282775, 0.69284608282775, 0.6929040124270934, 0.6929040124270934, 0.6940812157448928, 0.6940812157448928, 0.6941842521762067, 0.6941842521762067, 0.6951192297546822, 0.6951192297546822, 0.6956661537559717, 0.6956661537559717, 0.6968457164629679, 0.6968457164629679, 0.6986468243500689, 0.6986468243500689, 0.6991932940590286, 0.6991932940590286, 0.7011381341774379, 0.7011381341774379, 0.7013058413200857, 0.7013058413200857, 0.7013640053928896, 0.7013640053928896, 0.7023756704475512, 0.7023756704475512, 0.7031805738737946, 0.7031805738737946, 0.7034484304932735, 0.7034484304932735, 0.7056225563469035, 0.7056225563469035, 0.7072367742313667, 0.7072367742313667, 0.707869046572291, 0.707869046572291, 0.7096352472229549, 0.7096352472229549, 0.712151015563176, 0.712151015563176, 0.7128131393065448, 0.7128131393065448, 0.7137853981652451, 0.7137853981652451, 0.7148018699258478, 0.7148018699258478, 0.7153317359828835, 0.7153317359828835, 0.7156131187901169, 0.7156131187901169, 0.7157960080893344, 0.7157960080893344, 0.7159062399249685, 0.7159062399249685, 0.7160537237316451, 0.7160537237316451, 0.7161926199478297, 0.7161926199478297, 0.7163962454937132, 0.7163962454937132, 0.7170400803071602, 0.7170400803071602, 0.717423327178405, 0.717423327178405, 0.7175628388874233, 0.7175628388874233, 0.7177092968727102, 0.7177092968727102, 0.7177485858319411, 0.7177485858319411, 0.7184894780034585, 0.7184894780034585, 0.7186438641226296, 0.7186438641226296, 0.7188588616313492, 0.7188588616313492, 0.7193690319176997, 0.7193690319176997, 0.7198147366569947, 0.7198147366569947, 0.719962513555497, 0.719962513555497, 0.7205316099533984, 0.7205316099533984, 0.7206879451332102, 0.7206879451332102, 0.7213744687710659, 0.7213744687710659, 0.7220976435417217, 0.7220976435417217, 0.722184105630294, 0.722184105630294, 0.7226304698261965, 0.7226304698261965, 0.7227108062956125, 0.7227108062956125, 0.7227880946100413, 0.7227880946100413, 0.7229515519212169, 0.7229515519212169, 0.723056508103989, 0.723056508103989, 0.7230960901550456, 0.7230960901550456, 0.7231006770421173, 0.7231006770421173, 0.7231244321345878, 0.7231244321345878, 0.723128169055365, 0.723128169055365, 0.7231345144933907, 0.7231345144933907, 0.7231943345350098, 0.7231943345350098, 0.7232288314428911, 0.7232288314428911, 0.7232375948884786, 0.7232375948884786, 0.7232488935783581, 0.7232488935783581, 0.7232641050441103, 0.7232641050441103, 0.7233112049004953, 0.7233112049004953, 0.723322459626601, 0.723322459626601, 0.7233242621413289, 0.7233242621413289, 0.7233977695712066, 0.7233977695712066, 0.7234249245288549, 0.7234249245288549, 0.7234306544740468, 0.7234306544740468, 0.7234618394442979, 0.7234618394442979, 0.7236459304200006, 0.7236459304200006, 0.7236718397373898, 0.7236718397373898, 0.7237282452592397, 0.7237282452592397, 0.7238282921539319, 0.7238282921539319, 0.7238827486151411, 0.7238827486151411, 0.7238975204431548, 0.7238975204431548, 0.724069843782057, 0.724069843782057, 0.7241550748849614, 0.7241550748849614, 0.7244867229402971, 0.7244867229402971, 0.7245778744980802, 0.7245778744980802, 0.7246983645476127, 0.7246983645476127, 0.7247203610891293, 0.7247203610891293, 0.724813461707553, 0.724813461707553, 0.724817183973739, 0.724817183973739, 0.7248577039186377, 0.7248577039186377, 0.7248608106919898, 0.7248608106919898, 0.724902957296521, 0.724902957296521, 0.7249580292505642, 0.7249580292505642, 0.7249593188545972, 0.7249593188545972, 0.7249953251853806, 0.7249953251853806, 0.7249959260236232, 0.7249959260236232, 0.7250022861162402, 0.7250022861162402, 0.72501587092236, 0.72501587092236, 0.72502249479762, 0.72502249479762, 0.7250429086432779, 0.7250429086432779, 0.7250639966001349, 0.7250639966001349, 0.7250852017937219, 0.7250852017937219, 0.7251395703273835, 0.7251395703273835, 0.7251624314897858, 0.7251624314897858, 0.7251752689117501, 0.7251752689117501, 0.7251926052932385, 0.7251926052932385, 0.7252237902634895, 0.7252237902634895, 0.7252827310296316, 0.7252827310296316, 0.7253057973563117, 0.7253057973563117, 0.7253246431607023, 0.7253246431607023, 0.7253280723350626, 0.7253280723350626, 0.7254041882821888, 