{"title": "subpopulation_size_40_1", "popultion": 30, "subpopulation": 40, "number_of_rect": 20, "scores": [0.6229196342214016], "iters": [0], "finalScore": 0.6229196342214016, "finalIter": 5}