{"title": "subpopulation_size_1.5_3", "popultion": 40, "subpopulation": 60, "number_of_rect": 20, "scores": [0.636371523198218, 0.636371523198218, 0.6378080981271432, 0.6378080981271432, 0.6393196752542571, 0.6393196752542571, 0.6415649344939769, 0.6415649344939769, 0.6416111697294762, 0.6416111697294762, 0.641846815557314, 0.641846815557314, 0.6430340426155514, 0.6430340426155514, 0.6455417216213839, 0.6455417216213839, 0.6463902957296521, 0.6463902957296521, 0.6471367713004484, 0.6471367713004484, 0.6485390984495443, 0.6485390984495443, 0.6497301943198804, 0.6497301943198804, 0.6519549957501686, 0.6519549957501686, 0.6520735513936516, 0.6520735513936516, 0.6585677481755035, 0.6585677481755035, 0.6591304112078313, 0.6591304112078313, 0.6600181130748264, 0.6600181130748264, 0.6604845833699697, 0.6604845833699697, 0.6683644450306281, 0.6683644450306281, 0.6754983733403674, 0.6754983733403674, 0.6788203347108649, 0.6788203347108649, 0.6824269322078607, 0.6824269322078607, 0.6834302148363083, 0.6834302148363083, 0.6847294908994987, 0.6847294908994987, 0.6865913127582872, 0.6865913127582872, 0.6869451478648261, 0.6869451478648261, 0.6897056185702981, 0.6897056185702981, 0.6899048330842052, 0.6899048330842052, 0.6904306251648642, 0.6904306251648642, 0.6926695243119669, 0.6926695243119669, 0.6932602948503765, 0.6932602948503765, 0.6951403030569477, 0.6951403030569477, 0.6954493537325244, 0.6954493537325244, 0.6969066942172983, 0.6969066942172983, 0.702126044139629, 0.702126044139629, 0.7025220405052903, 0.7025220405052903, 0.7053009906503708, 0.7053009906503708, 0.7057081538145901, 0.7057081538145901, 0.7098296843401037, 0.7098296843401037, 0.7099949002022334, 0.7099949002022334, 0.7120471145109764, 0.7120471145109764, 0.713216990533134, 0.713216990533134, 0.714355285911076, 0.714355285911076, 0.7199734458805944, 0.7199734458805944, 0.7216436149945777, 0.7216436149945777, 0.7257639731527887, 0.7257639731527887, 0.7270779477710367, 0.7270779477710367, 0.7279095958263724, 0.7279095958263724, 0.7288865734634662, 0.7288865734634662, 0.7302145139072072, 0.7302145139072072, 0.7329575896128258, 0.7329575896128258, 0.7397792285823148, 0.7397792285823148, 0.7401821712242446, 0.7401821712242446, 0.7429042908643277, 0.7429042908643277, 0.7434282657756675, 0.7434282657756675, 0.7455642017644128, 0.7455642017644128, 0.7466096016882089, 0.7466096016882089, 0.7495955332805768, 0.7495955332805768, 0.7509998094903133, 0.7509998094903133, 0.753668703654855, 0.753668703654855, 0.7562693806969724, 0.7562693806969724, 0.7565611682640171, 0.7565611682640171, 0.7610018171693191, 0.7610018171693191, 0.7649908408804479, 0.7649908408804479, 0.7654320613148099, 0.7654320613148099, 0.7666657287728245, 0.7666657287728245, 0.7681746094551423, 0.7681746094551423, 0.7685605381165919, 0.7685605381165919, 0.7690435241361118, 0.7690435241361118, 0.7709155895542074, 0.7709155895542074, 0.7718246431607023, 0.7718246431607023, 0.7749293062516487, 0.7749293062516487, 0.7753923620270231, 0.7753923620270231, 0.7763181658313549, 0.7763181658313549, 0.7794971863184735, 0.7794971863184735, 0.780317183973739, 0.780317183973739, 0.7823838477094873, 0.7823838477094873, 0.7843745566986137, 0.7843745566986137, 0.7846141153023243, 0.7846141153023243, 0.7860649051847943, 0.7860649051847943, 0.78611829186084, 0.78611829186084, 0.7879811102318356, 0.7879811102318356, 0.7884918520472464, 0.7884918520472464, 0.7897039919106656, 0.7897039919106656, 0.7903548169641549, 0.7903548169641549, 0.7904968052991002, 0.7904968052991002, 0.7919425833113515, 0.7919425833113515, 0.792628066473226, 0.792628066473226, 0.7927198188692517, 0.7927198188692517, 0.7928941791963422, 0.7928941791963422, 0.7939289838506404, 0.7939289838506404, 0.7946983645476128, 0.7946983645476128, 0.7951711509715994, 0.7951711509715994, 0.7961195081919166, 0.7961195081919166, 0.7964804361206366, 0.7964804361206366, 0.7965911808669657, 0.7965911808669657, 0.7966297957149975, 0.7966297957149975, 0.7982540373398986, 0.7982540373398986, 0.7986292241859374, 0.7986292241859374, 0.799893754213195, 0.799893754213195, 0.8004591429995017, 0.8004591429995017, 0.8006387936340456, 0.8006387936340456, 0.8031957413757731, 0.8031957413757731, 0.8037298133005071, 0.8037298133005071, 0.8048446466778042, 0.8048446466778042, 0.8049377766054104, 0.8049377766054104, 0.8053486180720419, 0.8053486180720419, 0.8076432193206131, 0.8076432193206131, 0.80786640874586, 0.80786640874586, 0.8105249128051819, 0.8105249128051819, 0.8111569946364197, 0.8111569946364197, 0.8150396699786043, 0.8150396699786043, 0.8187246695389665, 0.8187246695389665, 0.8190310237697471, 0.8190310237697471, 0.8204391981007649, 0.8204391981007649, 0.8205003810193734, 0.8205003810193734, 0.8212573053137548, 0.8212573053137548, 0.8224148128608693, 0.8224148128608693, 0.8232872886075208, 0.8232872886075208, 0.8234242943814297, 0.8234242943814297, 0.8241143204666022, 0.8241143204666022, 0.8261626513086551, 0.8261626513086551, 0.8273393270611682, 0.8273393270611682, 0.8273923473724318, 0.8273923473724318, 0.8277993200269644, 0.8277993200269644, 0.827871625780357, 0.827871625780357, 0.8281418271344412, 0.8281418271344412, 0.8289156921363463, 0.8289156921363463, 0.8289482253289956, 0.8289482253289956, 0.8299551129868988, 0.8299551129868988, 0.831465151381928, 0.831465151381928, 0.8315534452944108, 0.8315534452944108, 0.8318098713326885, 0.8318098713326885, 0.8329669978604297, 0.8329669978604297, 0.8329906650253525, 0.8329906650253525, 0.8345433043172426, 0.8345433043172426, 0.8349857264280899, 0.8349857264280899, 0.835636185116797, 0.835636185116797, 0.8364222134294674, 0.8364222134294674, 0.8365260705178932, 0.8365260705178932, 0.8367401594419531, 0.8367401594419531, 0.8373348867200094, 0.8373348867200094, 0.8382174155162813, 0.8382174155162813, 0.8383047568803306, 0.8383047568803306, 0.8401931621677071, 0.8401931621677071, 0.84057227644421, 0.84057227644421, 0.8409926287405844, 0.8409926287405844, 0.841855549693719, 0.841855549693719, 0.8436557343415692, 0.8436557343415692, 0.8439187109821507, 0.8439187109821507, 0.8439752337407309, 0.8439752337407309, 0.8445992995105367, 0.8445992995105367, 0.8458112781734517, 0.8458112781734517, 0.8468346229373662, 0.8468346229373662, 0.8497083589788681, 0.8497083589788681, 0.8522716521586213, 0.8522716521586213, 0.8546872563674199, 0.8546872563674199, 0.8547461092060142, 0.8547461092060142, 0.8553769160878103, 0.8553769160878103, 0.856212125208828, 0.856212125208828, 0.856280371640435, 0.856280371640435, 0.8569856678097247, 0.8569856678097247, 0.8593537618335825, 0.8593537618335825, 0.8600383071016149, 0.8600383071016149, 0.8609040710454585, 0.8609040710454585, 0.8633525748116885, 0.8633525748116885, 0.8639837920220406, 0.8639837920220406, 0.8641335619449574, 0.8641335619449574, 0.8645673818107213, 0.8645673818107213, 0.8648285266273923, 0.8648285266273923, 0.8649529147982062, 0.8649529147982062, 0.865099783112049, 0.865099783112049, 0.8657370087048273, 0.8657370087048273, 0.8658182977226765, 0.8658182977226765, 0.8665369735338081, 0.8665369735338081, 0.8682885489023711, 0.8682885489023711, 0.8683932999208652, 0.8683932999208652, 0.8684093760075031, 0.8684093760075031, 0.8688207890031947, 0.8688207890031947, 0.8695493859726252, 0.8695493859726252, 0.8697363199390369, 0.8697363199390369, 0.8705875172191447, 0.8705875172191447, 0.8711889709546001, 0.8711889709546001, 0.871256953603564, 0.871256953603564, 0.8719710425276239, 0.8719710425276239, 0.8722500366364783, 0.8722500366364783, 0.8724747794484011, 0.8724747794484011, 0.872507810897154, 0.872507810897154, 0.8727135467041824, 0.8727135467041824, 0.8736319792490987, 0.8736319792490987, 0.8745239016383833, 0.8745239016383833, 0.8746272311615229, 0.8746272311615229, 0.8747739382748615, 0.8747739382748615, 0.8749757613060172, 0.8749757613060172, 0.8762478677569683, 0.8762478677569683, 0.8773443682405697, 0.8773443682405697, 0.8780112986898796, 0.8780112986898796, 0.8781189073536739],