{"title": "subpopulation_size_3_2", "popultion": 40, "subpopulation": 120, "number_of_rect": 20, "scores": [0.6518738093144583, 0.6518738093144583, 0.6522260617251385, 0.6522260617251385, 0.6533279111345585, 0.6533279111345585, 0.6542581845892319, 0.6542581845892319, 0.6549932002696445, 0.6549932002696445, 0.6556153023242182, 0.6556153023242182, 0.6573689439901521, 0.6573689439901521, 0.6598745860077962, 0.6598745860077962, 0.6602011928837305, 0.6602011928837305, 0.6610247076409039, 0.6610247076409039, 0.6619755268325567, 0.6619755268325567, 0.6623825434508632, 0.6623825434508632, 0.6637149828541282, 0.6637149828541282, 0.6646538145901111, 0.6646538145901111, 0.6660477006946277, 0.6660477006946277, 0.6668517394999853, 0.6668517394999853, 0.6685445059937278, 0.6685445059937278, 0.6686247838447785, 0.6686247838447785, 0.6690639086725871, 0.6690639086725871, 0.6692696444796155, 0.6692696444796155, 0.6729298777807087, 0.6729298777807087, 0.6744336440106685, 0.6744336440106685, 0.6751745654913685, 0.6751745654913685, 0.677954189747648, 0.677954189747648, 0.6788051818634778, 0.6788051818634778, 0.6794450745918696, 0.6794450745918696, 0.6808065007766934, 0.6808065007766934, 0.681569638617779, 0.681569638617779, 0.6844489287493771, 0.6844489287493771, 0.6846017907910549, 0.6846017907910549, 0.6903442949676133, 0.6903442949676133, 0.6935263782643102, 0.6935263782643102, 0.6958450863155426, 0.6958450863155426, 0.695955904334828, 0.695955904334828, 0.6966753714938891, 0.6966753714938891, 0.6991246812626396, 0.6991246812626396, 0.6994477270728919, 0.6994477270728919, 0.7010780650077669, 0.7010780650077669, 0.702939769629825, 0.702939769629825, 0.7041235382045195, 0.7041235382045195, 0.7075845716462967, 0.7075845716462967, 0.709775462352355, 0.709775462352355, 0.711314751311586, 0.711314751311586, 0.7120323719921451, 0.7120323719921451, 0.7127957589612826, 0.7127957589612826, 0.7141736862158914, 0.7141736862158914, 0.7168865588088749, 0.7168865588088749, 0.7171623728714206, 0.7171623728714206, 0.7186840177027463, 0.7186840177027463, 0.7202343855329876, 0.7202343855329876, 0.7224086579325303, 0.7224086579325303, 0.724492291684985, 0.724492291684985, 0.7251267035962367, 0.7251267035962367, 0.726743823089774, 0.726743823089774, 0.7287876989360766, 0.7287876989360766, 0.7297788915267154, 0.7297788915267154, 0.730166168410563, 0.730166168410563, 0.7317655265394648, 0.7317655265394648, 0.735169582930332, 0.735169582930332, 0.7367852955831062, 0.7367852955831062, 0.7373528825581055, 0.7373528825581055, 0.7388186494328673, 0.7388186494328673, 0.741251941733345, 0.741251941733345, 0.7455686567601629, 0.7455686567601629, 0.7467952900143615, 0.7467952900143615, 0.7475392743046396, 0.7475392743046396, 0.7481407866584601, 0.7481407866584601, 0.7521712975175122, 0.7521712975175122, 0.7567745977314693, 0.7567745977314693, 0.7596930449309769, 0.7596930449309769, 0.7598969782232774, 0.7598969782232774, 0.7634633342126088, 0.7634633342126088, 0.7649726691872564, 0.7649726691872564, 0.766689278701017, 0.766689278701017, 0.7688509921158299, 0.7688509921158299, 0.7724611653330988, 0.7724611653330988, 0.7759600222749787, 0.7759600222749787, 0.7775225680705765, 0.7775225680705765, 0.7796068319704563, 0.7796068319704563, 0.7851554852135174, 0.7851554852135174, 0.7916510009085846, 0.7916510009085846, 0.7937564406928691, 0.7937564406928691, 0.7973855183328937, 0.7973855183328937, 0.7982014859755562, 0.7982014859755562, 0.801519959553328, 0.801519959553328, 0.8025872241273191, 0.8025872241273191, 0.8065449749406489, 0.8065449749406489, 0.8082653506843694, 0.8082653506843694, 0.8085790615199742, 0.8085790615199742, 0.8149956036226149, 0.8149956036226149, 0.8172264720536945, 0.8172264720536945, 0.8194661772033178, 0.8194661772033178, 0.8221825082798441, 0.8221825082798441, 0.8227392948210674, 0.8227392948210674, 0.8235342038160556, 0.8235342038160556, 0.8255489170257042, 0.8255489170257042, 0.8271103197631818, 0.8271103197631818, 0.829632199067968, 0.829632199067968, 0.8305485066971482, 0.8305485066971482, 0.8310163105600985, 0.8310163105600985, 0.8332010903015915, 0.8332010903015915, 0.8360205603915707, 0.8360205603915707, 0.8376749611653331, 0.8376749611653331, 0.8397694832791114, 0.8397694832791114, 0.8398402796096017, 0.8398402796096017, 0.8405236818195141, 0.8405236818195141, 0.8407894867962132, 0.8407894867962132, 0.8411792842697617, 0.8411792842697617, 0.8412739382748615, 0.8412739382748615, 0.8414942260910343, 0.8414942260910343, 0.8422060582080366, 0.8422060582080366, 0.8424123801987162, 0.8424123801987162, 0.8431537559717459, 0.8431537559717459, 0.8441698760221578, 0.8441698760221578, 0.8445206629737096, 0.8445206629737096, 0.846387863067499, 0.846387863067499, 0.848862730443448, 0.848862730443448, 0.8489814033236613, 0.8489814033236613, 0.8496605263929189, 0.8496605263929189, 0.8499139335853922, 0.8499139335853922, 0.8506600427914065, 0.8506600427914065, 0.8520760133649873, 0.8520760133649873, 0.8534958674052581, 0.8534958674052581, 0.8540242680031653, 0.8540242680031653, 0.8541426477915531, 0.8541426477915531, 0.8543490430551892, 0.8543490430551892, 0.8575087634455875, 0.8575087634455875, 0.8576774084820774, 0.8576774084820774, 0.8588118203933293, 0.8588118203933293, 0.8595825932764736, 0.8595825932764736, 0.8609497640610804, 0.8609497640610804, 0.8616750197836982, 0.8616750197836982, 0.8620619596119464, 0.8620619596119464, 0.8632219730941704, 0.8632219730941704, 0.8637717693953515, 0.8637717693953515, 0.8638196459450745, 0.8638196459450745, 0.863890398311791, 0.863890398311791, 0.8641429408833787, 0.8641429408833787, 0.8641697587854275, 0.8641697587854275, 0.8641945396992878, 0.8641945396992878, 0.8648361177056771, 0.8648361177056771, 0.8664733432984554, 0.8664733432984554, 0.8665691403616753, 0.8665691403616753, 0.8668288929921745, 0.8668288929921745, 0.8674003048154987, 0.8674003048154987, 0.867864591576541, 0.867864591576541, 0.8679386998446613, 0.8679386998446613, 0.8684683167736451, 0.8684683167736451, 0.868974457047393, 0.868974457047393, 0.8694049942847094, 0.8694049942847094, 0.8710743427415809, 0.8710743427415809, 0.8712851490371933, 0.8712851490371933, 0.8714928339048624, 0.8714928339048624, 0.8728158504059322, 0.8728158504059322, 0.8732343269146223, 0.8732343269146223, 0.8732781734517424, 0.8732781734517424, 0.8734293648700138, 0.8734293648700138, 0.8736598962454937, 0.8736598962454937, 0.8741026554119405, 0.8741026554119405, 0.8748285559365749, 0.8748285559365749, 0.8750331340308919, 0.8750331340308919, 0.8767456256045019, 0.8767456256045019, 0.8774572379026349, 0.8774572379026349, 0.8778374805826665, 0.8778374805826665, 0.8792538175210294, 0.8792538175210294, 0.879296711509716, 0.879296711509716, 0.8795445499575016, 0.8795445499575016, 0.8796468390046601, 0.8796468390046601, 0.8798584659573845, 0.8798584659573845, 0.8800405785632639, 0.8800405785632639, 0.8803097101321844, 0.8803097101321844, 0.8805830182596207, 0.8805830182596207, 0.8809057123596823, 0.8809057123596823, 0.8809397989390075, 0.8809397989390075, 0.8810952694979337, 0.8810952694979337, 0.8811029631583576, 0.8811029631583576, 0.8812328907646766, 0.8812328907646766, 0.8814859022831854, 0.8814859022831854, 0.8815980538702776, 0.8815980538702776, 0.8816221313637562, 0.8816221313637562, 0.8820994607110407, 0.8820994607110407, 0.8821610832673876, 0.8821610832673876, 0.8824317682229843, 0.8824317682229843, 0.8825633811073009, 0.8825633811073009, 0.8826981886925174, 0.8826981886925174, 0.8827603827779243, 0.8827603827779243, 0.8834699434332777],