{"title": "population_size_10_3", "popultion": 10, "subpopulation": 15, "number_of_rect": 20, "scores": [0.5671377678126557, 0.5671377678126557, 0.5688982678273102], "iters": [0, 2, 3], "finalScore": 0.5688982678273102, "finalIter": 5}