{"title": "population_size_15_4", "popultion": 15, "subpopulation": 22, "number_of_rect": 20, "scores": [0.5923822210498549], "iters": [0], "finalScore": 0.5923822210498549, "finalIter": 5}