{"title": "population_size_50_4", "popultion": 50, "subpopulation": 75, "number_of_rect": 20, "scores": [0.6310653155133503], "iters": [0], "finalScore": 0.6310653155133503, "finalIter": 5}