{"title": "population_size_2_1", "popultion": 2, "subpopulation": 3, "number_of_rect": 20, "scores": [0.5879100208095196, 0.5879100208095196, 0.5898096075500454, 0.5898096075500454, 0.5903568686069345, 0.5903568686069345, 0.5908706878865149, 0.5908706878865149, 0.5910666344265658, 0.5910666344265658, 0.5929849057709781, 0.5929849057709781, 0.5930100530496205, 0.5930100530496205, 0.5934267710073566, 0.5934267710073566, 0.5935931592367889, 0.5935931592367889, 0.5943608986195374, 0.5943608986195374, 0.5954320026964448, 0.5954320026964448, 0.597816773645183, 0.597816773645183, 0.5978964360033998, 0.5978964360033998, 0.6012195990503825, 0.6012195990503825, 0.6026768076438348, 0.6026768076438348, 0.602801518215657, 0.602801518215657, 0.6035497816465899, 0.6035497816465899, 0.6056444356516897, 0.6056444356516897, 0.6059372783493069, 0.6059372783493069, 0.6101837099563293, 0.6101837099563293, 0.6115257920806589, 0.6115257920806589, 0.6141151118145315, 0.6141151118145315, 0.6168208915853337, 0.6168208915853337, 0.6182273220199889, 0.6182273220199889, 0.6212902927987338, 0.6212902927987338, 0.6237521029338492, 0.6237521029338492, 0.6242203903983118, 0.6242203903983118, 0.6258817667575252, 0.6258817667575252, 0.6278078929628652, 0.6278078929628652, 0.6311900700489463, 0.6311900700489463, 0.6351159471262346, 0.6351159471262346, 0.6411624901081509, 0.6411624901081509, 0.6519661918579092, 0.6519661918579092, 0.6525683050499722, 0.6525683050499722, 0.6619160731557197, 0.6619160731557197, 0.6726092060142442, 0.6726092060142442, 0.6810541047510185, 0.6810541047510185, 0.6811690260558634, 0.6811690260558634, 0.6884996482898091, 0.6884996482898091, 0.6897264720536944, 0.6897264720536944, 0.6897485711773499, 0.6897485711773499, 0.6929537061461356, 0.6929537061461356, 0.6954084674228436, 0.6954084674228436, 0.7011253407192473, 0.7011253407192473, 0.7031893373193822, 0.7031893373193822, 0.7058654122336527, 0.7058654122336527, 0.7136029631583575, 0.7136029631583575, 0.719411588850787, 0.719411588850787, 0.7219951053665113, 0.7219951053665113, 0.7257159207479704, 0.7257159207479704, 0.7384518596676339, 0.7384518596676339, 0.743934699141241, 0.743934699141241, 0.7572920220405053, 0.7572920220405053, 0.7592765907558838, 0.7592765907558838, 0.7638136815264223, 0.7638136815264223, 0.7660595269497934, 0.7660595269497934, 0.766633283507723, 0.766633283507723, 0.7668843020018172, 0.7668843020018172, 0.7676750637474721, 0.7676750637474721, 0.7680466162548727, 0.7680466162548727, 0.7705741961956681, 0.7705741961956681, 0.7708593305782702, 0.7708593305782702, 0.773698012837422, 0.773698012837422, 0.7747937512822767, 0.7747937512822767, 0.7751775110642164, 0.7751775110642164, 0.7766228201295466, 0.7766228201295466, 0.7770084703537619, 0.7770084703537619, 0.7786975292359096, 0.7786975292359096, 0.7802456402590932, 0.7802456402590932, 0.7806243295524488, 0.7806243295524488, 0.7817914651660365, 0.7817914651660365, 0.7824033529704857, 0.7824033529704857, 0.7841297664058149, 0.7841297664058149, 0.7841607755209707, 0.7841607755209707, 0.7862611008528972, 0.7862611008528972, 0.7867210791641022, 0.7867210791641022, 0.7889425246929863, 0.7889425246929863, 0.7904233125238137, 0.7904233125238137, 0.7907776605410475, 0.7907776605410475, 0.7908377004015358, 0.7908377004015358, 0.7910114159266098], "iters": [0, 0, 1, 47, 48, 53, 54, 117, 118, 119, 120, 137, 138, 139, 140, 140, 141, 157, 158, 161, 162, 175, 176, 176, 177, 202, 203, 211, 212, 216, 217, 223, 224, 236, 237, 255, 256, 256, 257, 257, 258, 259, 260, 271, 272, 277, 278, 284, 285, 289, 290, 290, 291, 291, 292, 293, 294, 295, 296, 296, 297, 299, 300, 302, 303, 307, 308, 311, 312, 313, 314, 318, 319, 319, 320, 321, 322, 323, 324, 325, 326, 326, 327, 327, 328, 329, 330, 330, 331, 331, 332, 332, 333, 335, 336, 336, 337, 338, 339, 339, 340, 341, 342, 342, 343, 343, 344, 345, 346, 350, 351, 351, 352, 373, 374, 387, 388, 482, 483, 517, 518, 523, 524, 529, 530, 546, 547, 550, 551, 551, 552, 634, 635, 640, 641, 646, 647, 653, 654, 655, 656, 662, 663, 664, 665, 669, 670, 674, 675, 678, 679, 697, 698, 710, 711, 795, 796, 846, 847, 888, 889], "finalScore": 0.7910114159266098, "finalIter": 1000}