{"title": "population_size_10_0", "popultion": 10, "subpopulation": 15, "number_of_rect": 20, "scores": [0.5971915501626659], "iters": [0], "finalScore": 0.5971915501626659, "finalIter": 5}