{"title": "subpopulation_size_15_4", "popultion": 30, "subpopulation": 15, "number_of_rect": 20, "scores": [0.6212810017878602], "iters": [0], "finalScore": 0.6212810017878602, "finalIter": 5}