{"title": "population_size_15_0", "popultion": 15, "subpopulation": 22, "number_of_rect": 20, "scores": [0.6330605381165919, 0.6330605381165919, 0.633614569594654, 0.633614569594654, 0.633658767841965, 0.633658767841965, 0.6340523168908819, 0.6340523168908819, 0.6342151733638148, 0.6342151733638148, 0.634672469884815, 0.634672469884815, 0.637109557724435, 0.637109557724435, 0.637122790820364, 0.637122790820364, 0.6375434362085641, 0.6375434362085641, 0.638555057299452, 0.638555057299452, 0.639239529294528, 0.639239529294528, 0.6402507107476773, 0.6402507107476773, 0.6409255546762801, 0.6409255546762801, 0.6428198071455787, 0.6428198071455787, 0.6435199448987368, 0.6435199448987368, 0.6439759664702951, 0.6439759664702951, 0.6466944078079663, 0.6466944078079663, 0.6473153374952373, 0.6473153374952373, 0.6473804331897184, 0.6473804331897184, 0.6485025938626572, 0.6485025938626572, 0.6486034321052786, 0.6486034321052786, 0.6495345555262464, 0.6495345555262464, 0.6496193469914124, 0.6496193469914124, 0.6500671913010346, 0.6500671913010346, 0.6501153755971747, 0.6501153755971747, 0.6513369823265629, 0.6513369823265629, 0.6514828101644246, 0.6514828101644246, 0.6518395761892201, 0.6518395761892201, 0.6524646238166418, 0.6524646238166418, 0.6528318092558398, 0.6528318092558398, 0.6529302881092647, 0.6529302881092647, 0.6542632404232246, 0.6542632404232246, 0.6543425950350245, 0.6543425950350245, 0.6555271989214221, 0.6555271989214221, 0.6557015592485125, 0.6557015592485125, 0.6563799935519798, 0.6563799935519798, 0.65705914593042, 0.65705914593042, 0.6571436882675342, 0.6571436882675342, 0.6583055042644861, 0.6583055042644861, 0.6586385151968112, 0.6586385151968112, 0.6594815498695741, 0.6594815498695741, 0.6596744336000469, 0.6596744336000469, 0.6606447727072892, 0.6606447727072892, 0.6609094053166857, 0.6609094053166857, 0.6614130836190979, 0.6614130836190979, 0.6622280107857792, 0.6622280107857792, 0.6626708725343651, 0.6626708725343651, 0.6632622439110174, 0.6632622439110174, 0.6661458131832703, 0.6661458131832703, 0.6670166036519242, 0.6670166036519242, 0.6676230106392333, 0.6676230106392333, 0.6678299334681556, 0.6678299334681556, 0.6693216389694892, 0.6693216389694892, 0.6694881444356517, 0.6694881444356517, 0.670435270670301, 0.670435270670301, 0.6704612679152379, 0.6704612679152379, 0.6727785105073419, 0.6727785105073419, 0.6739134646384712, 0.6739134646384712, 0.6747516193323368, 0.6747516193323368, 0.6758573375538556, 0.6758573375538556, 0.6769463202321288, 0.6769463202321288, 0.6794171429408833, 0.6794171429408833, 0.6795555848647381, 0.6795555848647381, 0.6809998681086784, 0.6809998681086784, 0.685725988452182, 0.685725988452182, 0.687979424953838, 0.687979424953838, 0.6882069961018787, 0.6882069961018787, 0.688866511327999, 0.688866511327999, 0.6892392068935198, 0.6892392068935198, 0.6894442392801665, 0.6894442392801665, 0.6898514170989771, 0.6898514170989771, 0.6899136991119317, 0.6899136991119317, 0.6903725490196079, 0.6903725490196079, 0.6906016588997332, 0.6906016588997332, 0.6915800580321815, 0.6915800580321815, 0.6922414637005774, 0.6922414637005774, 0.6938893138720361, 0.6938893138720361, 0.694806999032797, 0.694806999032797, 0.696600193440605, 0.696600193440605, 0.6981668132125796, 0.6981668132125796, 0.6985264368826754, 0.6985264368826754, 0.6990752952900143, 0.6990752952900143, 0.6994779888038922, 0.6994779888038922, 0.7001893373193822, 0.7001893373193822, 0.7011038570884258, 0.7011038570884258, 0.7020403147806207, 0.7020403147806207, 0.7029290864327793, 0.7029290864327793, 0.7035068143849468, 0.7035068143849468, 0.70482256220874, 0.70482256220874, 0.7052858964213489, 0.7052858964213489, 0.7058448518420821, 0.7058448518420821, 0.7071931475131159, 0.7071931475131159, 0.7091502974882031, 0.7091502974882031, 0.7103750256455348, 0.7103750256455348, 0.7107469738268999, 0.7107469738268999, 0.7122373897242006, 0.7122373897242006, 0.712616797092529, 0.712616797092529, 0.7139827808552419, 0.7139827808552419, 0.7163748937542131, 0.7163748937542131, 0.7165840294264193, 0.7165840294264193, 0.7177836982326562, 0.7177836982326562, 0.7184674521527594, 0.7184674521527594, 0.7224367800932032, 0.7224367800932032, 0.7230136873882587, 0.7230136873882587, 0.7241885313168616, 0.7241885313168616, 0.7261350127494944, 0.7261350127494944, 0.726600149476831, 0.726600149476831, 0.7271310413552565, 0.7271310413552565, 0.7272369500864622, 0.7272369500864622, 0.7275271109938743, 0.7275271109938743, 0.7275913127582871, 0.7275913127582871, 0.7289516984671298, 0.7289516984671298, 0.728952431196694, 0.728952431196694, 0.7301428236466485, 0.7301428236466485, 0.7307101614935959, 0.7307101614935959, 0.7314690495032093, 0.7314690495032093, 0.7318940766142032, 0.7318940766142032, 0.7320467188370117, 0.7320467188370117, 0.7323699111931767, 0.7323699111931767, 0.7323917611887805, 0.7323917611887805, 0.7331335472903661, 0.7331335472903661, 0.7336373135203259, 0.7336373135203259, 0.7339994284709399, 0.7339994284709399, 0.7343416717957736, 0.7343416717957736, 0.7345388932852663, 0.7345388932852663, 0.734701427357191, 0.734701427357191, 0.7347911427650283, 0.7347911427650283, 0.7349578827046513, 0.7349578827046513, 0.7350907265746358, 0.7350907265746358, 0.7351165040007034, 0.7351165040007034, 0.7355186552947037, 0.7355186552947037, 0.7356239192238929, 0.7356239192238929, 0.7356564817257247, 0.7356564817257247, 0.735709853747179, 0.735709853747179, 0.7359710864913978, 0.7359710864913978, 0.735993434743105, 0.735993434743105, 0.7362431343239837, 0.7362431343239837, 0.737111931768223, 0.737111931768223, 0.7392383422726341], "iters": [0, 14, 15, 22, 23, 29, 30, 31, 32, 32, 33, 34, 35, 36, 37, 37, 38, 38, 39, 40, 41, 42, 43, 43, 44, 46, 47, 53, 54, 54, 55, 56, 57, 60, 61, 62, 63, 63, 64, 64, 65, 65, 66, 67, 68, 68, 69, 70, 71, 71, 72, 75, 76, 76, 77, 77, 78, 78, 79, 80, 81, 81, 82, 84, 85, 86, 87, 89, 90, 92, 93, 96, 97, 98, 99, 99, 100, 104, 105, 107, 108, 108, 109, 109, 110, 110, 111, 113, 114, 114, 115, 115, 116, 116, 117, 118, 119, 119, 120, 121, 122, 122, 123, 123, 124, 124, 125, 125, 126, 126, 127, 127, 128, 131, 132, 132, 133, 133, 134, 134, 135, 135, 136, 137, 138, 141, 142, 142, 143, 144, 145, 149, 150, 157, 158, 158, 159, 161, 162, 163, 164, 168, 169, 171, 172, 186, 187, 196, 197, 203, 204, 212, 213, 233, 234, 237, 238, 244, 245, 246, 247, 247, 248, 249, 250, 250, 251, 251, 252, 252, 253, 261, 262, 262, 263, 264, 265, 269, 270, 278, 279, 282, 283, 288, 289, 293, 294, 296, 297, 300, 301, 304, 305, 307, 308, 309, 310, 312, 313, 313, 314, 314, 315, 315, 316, 318, 319, 321, 322, 322, 323, 325, 326, 329, 330, 334, 335, 342, 343, 344, 345, 345, 346, 375, 376, 401, 402, 458, 459, 513, 514, 539, 540, 616, 617, 623, 624, 638, 639, 662, 663, 702, 703, 730, 731, 751, 752, 777, 778, 795, 796, 828, 829, 840, 841, 859, 860, 875, 876, 885, 886, 930, 931, 932, 933, 946, 947, 953, 954, 955, 956, 956, 957, 969, 970, 979, 980], "finalScore": 0.7392383422726341, "finalIter": 1000}