{"title": "subpopulation_size_1.5_0", "popultion": 50, "subpopulation": 75, "number_of_rect": 20, "scores": [0.6425706644391688], "iters": [0], "finalScore": 0.6425706644391688, "finalIter": 5}