{"title": "population_size_15_2", "popultion": 15, "subpopulation": 22, "number_of_rect": 20, "scores": [0.6027302675928368, 0.6027302675928368, 0.6030099651220727, 0.6030099651220727, 0.6044482692927695, 0.6044482692927695, 0.6048472405404614, 0.6048472405404614, 0.6050233887276883, 0.6050233887276883, 0.6062523080981271, 0.6062523080981271, 0.6069744277382103, 0.6069744277382103, 0.6078572056625341, 0.6078572056625341, 0.6081616108326738, 0.6081616108326738, 0.6084138310032533, 0.6084138310032533, 0.6096560127788035, 0.6096560127788035, 0.610513496878572, 0.610513496878572, 0.6108574401359946, 0.6108574401359946, 0.6110381459011107, 0.6110381459011107, 0.6117696151704328, 0.6117696151704328, 0.6118884345965592, 0.6118884345965592, 0.6122103373486913, 0.6122103373486913, 0.6125665318444269, 0.6125665318444269, 0.6137031565989625, 0.6137031565989625, 0.6145275213224304, 0.6145275213224304, 0.6154891409478589, 0.6154891409478589, 0.6156751077112459, 0.6156751077112459, 0.6156852340338228, 0.6156852340338228, 0.6159231513233097, 0.6159231513233097, 0.6197081831237727, 0.6197081831237727, 0.623003927430464, 0.623003927430464, 0.6244198247310883, 0.6244198247310883, 0.624862891643952, 0.624862891643952, 0.625627128579384, 0.625627128579384, 0.6258309739441367, 0.6258309739441367, 0.6290494445909904, 0.6290494445909904, 0.6303988686655528, 0.6303988686655528, 0.6310819777836396, 0.6310819777836396, 0.6317553855622966, 0.6317553855622966, 0.6318165245171312, 0.6318165245171312, 0.6346444209970984, 0.6346444209970984, 0.641324994870893, 0.641324994870893, 0.6436207098684017, 0.6436207098684017, 0.6453644450306281, 0.6453644450306281, 0.6456685864181249, 0.6456685864181249, 0.648244336000469, 0.648244336000469, 0.6490504411031977, 0.6490504411031977, 0.652290043670682, 0.652290043670682, 0.6582316744336001, 0.6582316744336001, 0.6607449221841203, 0.6607449221841203, 0.6629897124769191, 0.6629897124769191, 0.6706764705882353, 0.6706764705882353, 0.6901711949353733, 0.6901711949353733, 0.6981981447287435, 0.6981981447287435, 0.7004404583956154, 0.7004404583956154, 0.7180194466426331, 0.7180194466426331, 0.7222173422433249, 0.7222173422433249, 0.7285885870043085, 0.7285885870043085, 0.7322197895600692, 0.7322197895600692, 0.7345593804038806, 0.7345593804038806, 0.7367548286878278, 0.7367548286878278, 0.7390672645739911, 0.7390672645739911, 0.7423808581728655, 0.7423808581728655, 0.748523007708315, 0.748523007708315, 0.754238708637416, 0.754238708637416, 0.7613972420059205, 0.7613972420059205, 0.765369662065125, 0.765369662065125, 0.7678769160878103, 0.7678769160878103, 0.7746603945015973, 0.7746603945015973, 0.7765997244936839, 0.7765997244936839, 0.7768034379671152, 0.7768034379671152, 0.777395615346288, 0.777395615346288, 0.7784593042000059, 0.7784593042000059, 0.7793847856033296, 0.7793847856033296, 0.7796217796535655, 0.7796217796535655, 0.7798450570063601, 0.7798450570063601, 0.7812544623230459, 0.7812544623230459, 0.7814083208769307, 0.7814083208769307, 0.7814334388463906, 0.7814334388463906, 0.782109968052991, 0.782109968052991, 0.7822456402590932, 0.7822456402590932, 0.7822804595679826, 0.7822804595679826, 0.7824724786775696, 0.7824724786775696, 0.7833896948914095, 0.7833896948914095, 0.7850285764530027, 0.7850285764530027, 0.7860773469327941, 0.7860773469327941, 0.7862508133298163, 0.7862508133298163, 0.7867911867288021, 0.7867911867288021, 0.787059820041619, 0.787059820041619, 0.7884069579999413, 0.7884069579999413, 0.7891854978164659, 0.7891854978164659, 0.7898352970485654, 0.7898352970485654, 0.7909148568246431, 0.7909148568246431, 0.7909828541281984, 0.7909828541281984, 0.7919313139306545, 0.7919313139306545, 0.7926350713678596, 0.7926350713678596, 0.7928125970866673, 0.7928125970866673, 0.7940389665582227, 0.7940389665582227, 0.7952111580058032, 0.7952111580058032, 0.796087165508954, 0.796087165508954, 0.7969342008851373, 0.7969342008851373, 0.797034438289516, 0.797034438289516, 0.7970756323456138, 0.7970756323456138, 0.7978517541545767, 0.7978517541545767, 0.7984608722412732, 0.7984608722412732, 0.8010310823881122, 0.8010310823881122, 0.8028369237081978, 0.8028369237081978, 0.8028437674023272, 0.8028437674023272, 0.8040354348017233, 0.8040354348017233, 0.8042940297195111, 0.8042940297195111, 0.8067054280606114, 0.8067054280606114, 0.8082208593452329, 0.8082208593452329, 0.8082457135320495, 0.8082457135320495, 0.81034882323632, 0.81034882323632, 0.812238855183329, 0.812238855183329, 0.8126974266537706, 0.8126974266537706, 0.8128970954600077, 0.8128970954600077, 0.8133449397696298, 0.8133449397696298, 0.8135286204167765, 0.8135286204167765, 0.8141505759254375, 0.8141505759254375, 0.8168433570737712, 0.8168433570737712, 0.8185805855974677, 0.8185805855974677, 0.8209770362554588, 0.8209770362554588, 0.8226181599695184, 0.8226181599695184, 0.8232681643658959, 0.8232681643658959, 0.8244378645329582, 0.8244378645329582, 0.8260676602479557, 0.8260676602479557, 0.8268199976552654, 0.8268199976552654, 0.8272221929130397, 0.8272221929130397, 0.8278438553298748, 0.8278438553298748, 0.8295670447551218, 0.8295670447551218, 0.8295968668483836, 0.8295968668483836, 0.8300111081801929, 0.8300111081801929, 0.831810413552566, 0.831810413552566, 0.8329568129194878, 0.8329568129194878, 0.8330390544857704, 0.8330390544857704, 0.8332675928368358, 0.8332675928368358, 0.8358729593481637, 0.8358729593481637, 0.8359368533661596, 0.8359368533661596, 0.8371424279726838, 0.8371424279726838, 0.8374861660658284, 0.8374861660658284, 0.8393025880008207, 0.8393025880008207, 0.839576467657317, 0.839576467657317, 0.8415871361997713, 0.8415871361997713, 0.8418607227644421, 0.8418607227644421, 0.8421983792022041, 0.8421983792022041, 0.8428241449045986, 0.8428241449045986, 0.8500055247809138, 0.8500055247809138, 0.8501754594214368, 0.8501754594214368, 0.8508272956417245, 0.8508272956417245, 0.8518313403089188, 0.8518313403089188, 0.8527790087634456, 0.8527790087634456, 0.8530696825815528, 0.8530696825815528, 0.8546128110437, 0.8546128110437, 0.8551402884023565, 0.8551402884023565, 0.8556183944429789, 0.8556183944429789, 0.8565597614232539, 0.8565597614232539, 0.8579012134001582, 0.8579012134001582, 0.858386309680823, 0.858386309680823, 0.8599336586652598, 0.8599336586652598, 0.8602982942055746, 0.8602982942055746, 0.8603685483161875, 0.8603685483161875, 0.8609037779536328, 0.8609037779536328, 0.8612983967877136, 0.8612983967877136, 0.8613255517453619, 0.8613255517453619, 0.8631750784020633, 0.8631750784020633, 0.863343708783962, 0.863343708783962, 0.8642494211436443, 0.8642494211436443, 0.8646194202643689, 0.8646194202643689, 0.8647876549723028, 0.8647876549723028, 0.8661819660599666, 0.8661819660599666, 0.8664819162343562, 0.8664819162343562, 0.8665034731381341, 0.8665034731381341, 0.8666650839708081],