{"title": "subpopulation_size_2.5_1", "popultion": 40, "subpopulation": 100, "number_of_rect": 20, "scores": [0.6486888976816436, 0.6486888976816436, 0.6499468331428236, 0.6499468331428236, 0.6515827544769777, 0.6515827544769777, 0.6516304405170139, 0.6516304405170139, 0.6539475365632053, 0.6539475365632053, 0.654921260881034, 0.654921260881034, 0.6555200914446495, 0.6555200914446495, 0.6556869925847768, 0.6556869925847768, 0.6589053606494915, 0.6589053606494915, 0.6605415750754711, 0.6605415750754711, 0.6634287493771798, 0.6634287493771798, 0.6640190216594859, 0.6640190216594859, 0.6673767548873062, 0.6673767548873062, 0.6731015416630031, 0.6731015416630031, 0.6731443770333245, 0.6731443770333245, 0.6754299950174389, 0.6754299950174389, 0.6762138251414168, 0.6762138251414168, 0.6771934992233066, 0.6771934992233066, 0.6774990767607492, 0.6774990767607492, 0.6785180251472787, 0.6785180251472787, 0.6804180661801342, 0.6804180661801342, 0.6816243295524488, 0.6816243295524488, 0.6828611477475893, 0.6828611477475893, 0.6831510155631759, 0.6831510155631759, 0.6843531316861573, 0.6843531316861573, 0.6846442304874116, 0.6846442304874116, 0.6851057621852926, 0.6851057621852926, 0.6853643131393066, 0.6853643131393066, 0.6862639291890149, 0.6862639291890149, 0.686607125062282, 0.686607125062282, 0.6872390750021982, 0.6872390750021982, 0.6875713238957766, 0.6875713238957766, 0.6879980802485419, 0.6879980802485419, 0.6911105542366424, 0.6911105542366424, 0.69162651308655, 0.69162651308655, 0.6921654649901814, 0.6921654649901814, 0.6935809079984759, 0.6935809079984759, 0.6937210352003282, 0.6937210352003282, 0.6937498607813828, 0.6937498607813828, 0.6946107740555116, 0.6946107740555116, 0.6963759342301943, 0.6963759342301943, 0.6983938567953341, 0.6983938567953341, 0.6984725226413435, 0.6984725226413435, 0.6989993991617574, 0.6989993991617574, 0.70016099533984, 0.70016099533984, 0.701783112049005, 0.701783112049005, 0.706362789061813, 0.706362789061813, 0.707633957618922, 0.707633957618922, 0.7099616782437939, 0.7099616782437939, 0.7127009584102699, 0.7127009584102699, 0.7140182156569653, 0.7140182156569653, 0.7164011401272019, 0.7164011401272019, 0.721630806881796, 0.721630806881796, 0.7221951551921217, 0.7221951551921217, 0.7248873794659867, 0.7248873794659867, 0.72576341627832, 0.72576341627832, 0.7275633224889357, 0.7275633224889357, 0.7297410826812041, 0.7297410826812041, 0.7321093525601571, 0.7321093525601571, 0.7336447580526979, 0.7336447580526979, 0.7337800785486093, 0.7337800785486093, 0.7360694481080923, 0.7360694481080923, 0.7402631524956769, 0.7402631524956769, 0.7435408276913157, 0.7435408276913157, 0.744435680998857, 0.744435680998857, 0.7454943579823559, 0.7454943579823559, 0.7498974618247898, 0.7498974618247898, 0.7537428851959319, 0.7537428851959319, 0.7571127377707436, 0.7571127377707436, 0.759015460593804, 0.759015460593804, 0.7609540725109176, 0.7609540725109176, 0.765583707025411, 0.765583707025411, 0.7710537970046015, 0.7710537970046015, 0.7734138016940708, 0.7734138016940708, 0.7745318004630851, 0.7745318004630851, 0.7780183328936956, 0.7780183328936956, 0.7836911691432926, 0.7836911691432926, 0.7840285471438202, 0.7840285471438202, 0.7844665435680999, 0.7844665435680999, 0.7850835458249069, 0.7850835458249069, 0.7865543099152965, 0.7865543099152965, 0.7895414871479234, 0.7895414871479234, 0.7901551481579179, 0.7901551481579179, 0.7902165508953956, 0.7902165508953956, 0.7903092704944459, 0.7903092704944459, 0.7905248102230429, 0.7905248102230429, 0.7906183211700226, 0.7906183211700226, 0.7906911251795188, 0.7906911251795188, 0.7909228435768927, 0.7909228435768927, 0.7911169729476245, 0.7911169729476245, 0.7911868313842727, 0.7911868313842727, 0.7912643834813448, 0.7912643834813448, 0.7913160848793928, 0.7913160848793928, 0.7913680500600838, 0.7913680500600838, 0.7914662944400481, 0.7914662944400481, 0.7915309065330168, 0.7915309065330168, 0.791649828541282, 0.791649828541282, 0.7916879158240276, 0.7916879158240276, 0.7917476625926902, 0.7917476625926902, 0.791948870131012, 0.791948870131012, 0.792442304874117, 0.792442304874117, 0.7925590580028723, 0.7925590580028723, 0.7927408335531522, 0.7927408335531522, 0.7929049063571617, 0.7929049063571617, 0.7930665464990181, 0.7930665464990181, 0.7931241536973535, 0.7931241536973535, 0.7933999677598992, 0.7933999677598992, 0.7935829596412556, 0.7935829596412556, 0.794195638793634, 0.794195638793634, 0.7944697822327735, 0.7944697822327735, 0.7966007942788476, 0.7966007942788476, 0.7967418300653595, 0.7967418300653595, 0.7972972390750022, 0.7972972390750022, 0.7980064333655734, 0.7980064333655734, 0.7989969958087869, 0.7989969958087869, 0.8003973885518333, 0.8003973885518333, 0.8024742518831149, 0.8024742518831149, 0.803018713913069, 0.803018713913069, 0.8066793135789443, 0.8066793135789443, 0.8069892874937719, 0.8069892874937719, 0.8073884199419679, 0.8073884199419679, 0.8085145520091445, 0.8085145520091445, 0.8097805768047129, 0.8097805768047129, 0.8119239280166476, 0.8119239280166476, 0.8122356604824291, 0.8122356604824291, 0.8165371054251297, 0.8165371054251297, 0.8165824467305607, 0.8165824467305607, 0.8177344588059439, 0.8177344588059439, 0.8198696767197163, 0.8198696767197163, 0.823547773967584, 0.823547773967584, 0.8237126967378879, 0.8237126967378879, 0.8241171634573112, 0.8241171634573112, 0.8261474105337202, 0.8261474105337202, 0.8263054163369383, 0.8263054163369383, 0.8284351094697968, 0.8284351094697968, 0.8292934288812686, 0.8292934288812686, 0.8301710630440517, 0.8301710630440517, 0.8319586447433981, 0.8319586447433981, 0.832024868841408, 0.832024868841408, 0.8325035464110906, 0.8325035464110906, 0.8351845159588499, 0.8351845159588499, 0.8418119083208769, 0.8418119083208769, 0.8421825229344353, 0.8421825229344353, 0.8426008235880301, 0.8426008235880301, 0.8426638676397316, 0.8426638676397316, 0.8428572056625341, 0.8428572056625341, 0.8431366540637182, 0.8431366540637182, 0.8439909581171781, 0.8439909581171781, 0.84413199390369, 0.84413199390369, 0.8444786775696826, 0.8444786775696826, 0.8447140596148773, 0.8447140596148773, 0.8449022538761394, 0.8449022538761394, 0.8455448283947361, 0.8455448283947361, 0.8459208505524781, 0.8459208505524781, 0.8460884697675781, 0.8460884697675781, 0.8462444678917905, 0.8462444678917905, 0.8463106040622527, 0.8463106040622527, 0.8466258389753509, 0.8466258389753509, 0.846793253026173, 0.846793253026173, 0.8468102670066532, 0.8468102670066532, 0.8468262551657434, 0.8468262551657434, 0.8468693689732993, 0.8468693689732993, 0.8469779594947097],