{"title": "population_size_50_4", "popultion": 50, "subpopulation": 75, "number_of_rect": 20, "scores": [0.6364564612092969, 0.6364564612092969, 0.6368079662358217, 0.6368079662358217, 0.6372106450951083, 0.6372106450951083, 0.63858597848706, 0.63858597848706, 0.6403282921539318, 0.6403282921539318, 0.6438618365133797, 0.6438618365133797, 0.6445760426741698, 0.6445760426741698, 0.6463469914124096, 0.6463469914124096, 0.6484827075822855, 0.6484827075822855, 0.650690465722911, 0.650690465722911, 0.6529996775989918, 0.6529996775989918, 0.6600634690348486, 0.6600634690348486, 0.6601023769747062, 0.6601023769747062, 0.6601466924587474, 0.6601466924587474, 0.6602166681321258, 0.6602166681321258, 0.6602740701661831, 0.6602740701661831, 0.660375450628682, 0.660375450628682, 0.6605033852105865, 0.6605033852105865, 0.6606394530906533, 0.6606394530906533, 0.6607767959201618, 0.6607767959201618, 0.6607934581904511, 0.6607934581904511, 0.6610948884785603, 0.6610948884785603, 0.6611478941352326, 0.6611478941352326, 0.6612738943110876, 0.6612738943110876, 0.6615980099065037, 0.6615980099065037, 0.6620533134030893, 0.6620533134030893, 0.6621600867551805, 0.6621600867551805, 0.6622627275125297, 0.6622627275125297, 0.6624035874439462, 0.6624035874439462, 0.6632330226559982, 0.6632330226559982, 0.6639399308303291, 0.6639399308303291, 0.6647646472639879, 0.6647646472639879, 0.6665571968697792, 0.6665571968697792, 0.6680687300331194, 0.6680687300331194, 0.6706683079808904, 0.6706683079808904, 0.6716266889416453, 0.6716266889416453, 0.6767703918637709, 0.6767703918637709, 0.6775742841232157, 0.6775742841232157, 0.6780067997303555, 0.6780067997303555, 0.678283888742343, 0.678283888742343, 0.6783883759781939, 0.6783883759781939, 0.6785743573961722, 0.6785743573961722, 0.6786578592573054, 0.6786578592573054, 0.6787087253436501, 0.6787087253436501, 0.6787400715144054, 0.6787400715144054, 0.6788114540285471, 0.6788114540285471, 0.6788406020106099, 0.6788406020106099, 0.6789138163486621, 0.6789138163486621, 0.6789377472962279, 0.6789377472962279, 0.6789677012808113, 0.6789677012808113, 0.6790286643805504, 0.6790286643805504, 0.679033353849761, 0.679033353849761, 0.6791970163252148, 0.6791970163252148, 0.6792597672850904, 0.6792597672850904, 0.679425965004836, 0.679425965004836, 0.6795028283361177, 0.6795028283361177, 0.6795641284914564, 0.6795641284914564, 0.6798232656291217, 0.6798232656291217, 0.6798895776546792, 0.6798895776546792, 0.6799261555145226, 0.6799261555145226, 0.6799671737155251, 0.6799671737155251, 0.6800475248395322, 0.6800475248395322, 0.6800554090096427, 0.6800554090096427, 0.6802979864591576, 0.6802979864591576, 0.6805482575690964, 0.6805482575690964, 0.6810708109850816, 0.6810708109850816, 0.681592748908233, 0.681592748908233, 0.6817778070869603, 0.6817778070869603, 0.682112503297283, 0.682112503297283, 0.6830258360444328, 0.6830258360444328, 0.6844922770303936, 0.6844922770303936, 0.6851342800199303, 0.6851342800199303, 0.6853186494328674, 0.6853186494328674, 0.6878024268003166, 0.6878024268003166, 0.6880473343298456, 0.6880473343298456, 0.6886811747120373, 0.6886811747120373, 0.6887944547026583, 0.6887944547026583, 0.6892410094082476, 0.6892410094082476, 0.6916992145139071, 0.6916992145139071, 0.6917848559453676, 0.6917848559453676, 0.6919325742255049, 0.6919325742255049, 0.6921835487558252, 0.6921835487558252, 0.6928432691462235, 0.6928432691462235, 0.6929867375948885, 0.6929867375948885, 0.6933739705149624, 0.6933739705149624, 0.6941077552097072, 0.6941077552097072, 0.6941530818605469, 0.6941530818605469, 0.6943250534892582, 0.6943250534892582, 0.6944826929276943, 0.6944826929276943, 0.6949597584923357, 0.6949597584923357, 0.6952815879715115, 0.6952815879715115, 0.6955634104164835, 0.6955634104164835, 0.6958349453383745, 0.6958349453383745, 0.6961053811659192, 0.6961053811659192, 0.6963813271197866, 0.6963813271197866, 0.6964874117060875, 0.6964874117060875, 0.6966932500952548, 0.6966932500952548, 0.697669993258888, 0.697669993258888, 0.6978388581142472, 0.6978388581142472, 0.6980080014068408, 0.6980080014068408, 0.6980705618570298, 0.6980705618570298, 0.6981200797209766, 0.6981200797209766, 0.698611829186084, 0.698611829186084, 0.698775462352355, 0.698775462352355, 0.6988102816612445, 0.6988102816612445, 0.6989422755649345, 0.6989422755649345, 0.6990283419795422, 0.6990283419795422, 0.6992558398546265, 0.6992558398546265, 0.6997096339283098, 0.6997096339283098, 0.6998942524692986, 0.6998942524692986, 0.7002338726222925, 0.7002338726222925, 0.7002568949851988, 0.7002568949851988, 0.7004051261760309, 0.7004051261760309, 0.7008850933497465, 0.7008850933497465, 0.7009705882352941, 0.7009705882352941, 0.701033192649257, 0.701033192649257, 0.7011677950701956, 0.7011677950701956, 0.7011765878249656, 0.7011765878249656, 0.7012885782115537, 0.7012885782115537, 0.7013410856121223, 0.7013410856121223, 0.7013465078108971, 0.7013465078108971, 0.7014429936399074, 0.7014429936399074, 0.701497464755708, 0.701497464755708, 0.7015088074093614, 0.7015088074093614, 0.7015134236056156, 0.7015134236056156, 0.701531331516164, 0.701531331516164, 0.7016111697294762, 0.7016111697294762, 0.7017501245640259, 0.7017501245640259, 0.7017974735484627, 0.7017974735484627, 0.7018721240364606, 0.7018721240364606, 0.7018831589436971, 0.7018831589436971, 0.7020000439637739, 0.7020000439637739, 0.7020265687739969, 0.7020265687739969, 0.7022587707728831, 0.7022587707728831, 0.702266523051672, 0.702266523051672, 0.7024537647645007, 0.7024537647645007, 0.7027819836454761, 0.7027819836454761, 0.7028604443272077, 0.7028604443272077, 0.70308049766992, 0.70308049766992, 0.7031229080570943, 0.7031229080570943, 0.7032971071836807, 0.7032971071836807, 0.7038890500893931, 0.7038890500893931, 0.7038897681643659, 0.7038897681643659, 0.7039024443858262, 0.7039024443858262, 0.7039063131979248, 0.7039063131979248, 0.7039229901228055, 0.7039229901228055, 0.7039433453500982, 0.7039433453500982, 0.7039502330080014], "iters": [0, 43, 44, 44, 45, 45, 46, 46, 47, 48, 49, 51, 52, 52, 53, 53, 54, 54, 55, 55, 56, 56, 57, 59, 60, 82, 83, 93, 94, 100, 101, 103, 104, 104, 105, 112, 113, 117, 118, 118, 119, 120, 121, 125, 126, 127, 128, 128, 129, 132, 133, 134, 135, 140, 141, 143, 144, 144, 145, 146, 147, 147, 148, 148, 149, 150, 151, 152, 153, 153, 154, 154, 155, 156, 157, 157, 158, 158, 159, 159, 160, 160, 161, 165, 166, 166, 167, 167, 168, 174, 175, 176, 177, 179, 180, 181, 182, 184, 185, 185, 186, 186, 187, 187, 188, 189, 190, 193, 194, 197, 198, 198, 199, 199, 200, 203, 204, 204, 205, 205, 206, 206, 207, 207, 208, 208, 209, 209, 210, 215, 216, 217, 218, 220, 221, 221, 222, 222, 223, 224, 225, 226, 227, 227, 228, 228, 229, 231, 232, 232, 233, 233, 234, 234, 235, 235, 236, 236, 237, 237, 238, 238, 239, 239, 240, 240, 241, 242, 243, 244, 245, 246, 247, 253, 254, 255, 256, 258, 259, 263, 264, 267, 268, 269, 270, 270, 271, 272, 273, 273, 274, 274, 275, 276, 277, 278, 279, 280, 281, 282, 283, 283, 284, 284, 285, 285, 286, 289, 290, 291, 292, 292, 293, 294, 295, 295, 296, 302, 303, 304, 305, 306, 307, 307, 308, 308, 309, 312, 313, 393, 394, 427, 428, 444, 445, 458, 459, 471, 472, 479, 480, 482, 483, 488, 489, 489, 490, 493, 494, 497, 498, 498, 499, 506, 507, 510, 511, 514, 515, 517, 518, 526, 527, 531, 532, 534, 535, 536, 537, 540, 541, 543, 544, 547, 548, 548, 549, 555, 556, 556, 557, 559, 560, 565, 566, 650, 651, 658, 659, 713, 714, 716, 717, 956, 957], "finalScore": 0.7039502330080014, "finalIter": 1000}