{"title": "population_size_30_0", "popultion": 30, "subpopulation": 45, "number_of_rect": 20, "scores": [0.6520358890940532, 0.6520358890940532, 0.6534628506110964, 0.6534628506110964, 0.6538944576335766, 0.6538944576335766, 0.6592972390750023, 0.6592972390750023, 0.6604754828687828, 0.6604754828687828, 0.6616104663090947, 0.6616104663090947, 0.6660530203112636, 0.6660530203112636, 0.6672625809666168, 0.6672625809666168, 0.6682150561270845, 0.6682150561270845, 0.6692228670242387, 0.6692228670242387, 0.671132873179167, 0.671132873179167, 0.6714357542718133, 0.6714357542718133, 0.6724935080160614, 0.6724935080160614, 0.6734916468829684, 0.6734916468829684, 0.673834710864914, 0.673834710864914, 0.6748861484803189, 0.6748861484803189, 0.6769754242504176, 0.6769754242504176, 0.6777912600017586, 0.6777912600017586, 0.6783311937630059, 0.6783311937630059, 0.6788842873472258, 0.6788842873472258, 0.6809283683578065, 0.6809283683578065, 0.6848043465517746, 0.6848043465517746, 0.685611931768223, 0.685611931768223, 0.6878596236700958, 0.6878596236700958, 0.689113895483455, 0.689113895483455, 0.6922390017292418, 0.6922390017292418, 0.6928857088425804, 0.6928857088425804, 0.6963563117324658, 0.6963563117324658, 0.69675850699024, 0.69675850699024, 0.6978469327940444, 0.6978469327940444, 0.7019595093642839, 0.7019595093642839, 0.7022296227908204, 0.7022296227908204, 0.7057059556258976, 0.7057059556258976, 0.7076839444297898, 0.7076839444297898, 0.7087103080395087, 0.7087103080395087, 0.71309636859228, 0.71309636859228, 0.7171906269234151, 0.7171906269234151, 0.7196721035200329, 0.7196721035200329, 0.7280219965415164, 0.7280219965415164, 0.730871523198218, 0.730871523198218, 0.7313188692517365, 0.7313188692517365, 0.7319338198657639, 0.7319338198657639, 0.7345819045106832, 0.7345819045106832, 0.7369580145959729, 0.7369580145959729, 0.7377267944547026, 0.7377267944547026, 0.746083340660629, 0.746083340660629, 0.7465371786980861, 0.7465371786980861, 0.7465755883818401, 0.7465755883818401, 0.7480961927371845, 0.7480961927371845, 0.7588544212901902, 0.7588544212901902, 0.7608521791377238, 0.7608521791377238, 0.7648984143732231, 0.7648984143732231, 0.7664623816641754, 0.7664623816641754, 0.7716043993083033, 0.7716043993083033, 0.7748987953925965, 0.7748987953925965, 0.7785851138661742, 0.7785851138661742, 0.7808690319176999, 0.7808690319176999, 0.7829124827808552, 0.7829124827808552, 0.7838773410709575, 0.7838773410709575, 0.7856218529265219, 0.7856218529265219, 0.7892228230604649, 0.7892228230604649, 0.7919187549459246, 0.7919187549459246, 0.7930150209560656, 0.7930150209560656, 0.7941458424924529, 0.7941458424924529, 0.7957580233887277, 0.7957580233887277, 0.7977058090799848, 0.7977058090799848, 0.8021053078929629, 0.8021053078929629, 0.8028798616606583, 0.8028798616606583, 0.8034814472874352, 0.8034814472874352, 0.8039665875318738, 0.8039665875318738, 0.8045203552272927, 0.8045203552272927, 0.8045636741991266, 0.8045636741991266, 0.8045897740262025, 0.8045897740262025, 0.8049603593305783, 0.8049603593305783, 0.8057478824115596, 0.8057478824115596, 0.8065395234326914, 0.8065395234326914, 0.8066007063512999, 0.8066007063512999, 0.8077675049092881, 0.8077675049092881, 0.8087430903602099, 0.8087430903602099, 0.8088624520062135, 0.8088624520062135, 0.8090651396582549, 0.8090651396582549, 0.8103384331311, 0.8103384331311, 0.8111692751839151, 0.8111692751839151, 0.811223350625751, 0.811223350625751, 0.8116609074122922, 0.8116609074122922, 0.8118653975790615, 0.8118653975790615, 0.8123867053547876, 0.8123867053547876, 0.812586960344676, 0.812586960344676, 0.8132622732201998, 0.8132622732201998, 0.8140137899703977, 0.8140137899703977, 0.8141081362290805, 0.8141081362290805, 0.8142250798675225, 0.8142250798675225, 0.8144782086227615, 0.8144782086227615, 0.8145132037867464, 0.8145132037867464, 0.8153538351065389, 0.8153538351065389, 0.8153871596471174, 0.8153871596471174, 0.8157959348163779, 0.8157959348163779, 0.8161036372695566, 0.8161036372695566, 0.8165761159471263, 0.8165761159471263, 0.8168167589905917, 0.8168167589905917, 0.8169539406195961, 0.8169539406195961, 0.8172072305753393, 0.8172072305753393, 0.8177378293619391, 0.8177378293619391, 0.8178903983117911, 0.8178903983117911, 0.8185721152437059, 0.8185721152437059, 0.8188707758140625, 0.8188707758140625, 0.8189168058852838, 0.8189168058852838, 0.8190150209560656, 0.8190150209560656, 0.819319206307336, 0.819319206307336, 0.8197072305753392, 0.8197072305753392, 0.8204972009730649, 0.8204972009730649, 0.8207247574665143, 0.8207247574665143, 0.821600354641109, 0.821600354641109, 0.8217950408863097, 0.8217950408863097, 0.8226238312963452, 0.8226238312963452, 0.8229556845159589, 0.8229556845159589, 0.8232801371669745, 0.8232801371669745, 0.8233737506960931, 0.8233737506960931, 0.8242136639409127, 0.8242136639409127, 0.824318165831355, 0.824318165831355, 0.8244061080336469, 0.8244061080336469, 0.8251820539875143, 0.8251820539875143, 0.8255955186259856, 0.8255955186259856, 0.8308068231777016, 0.8308068231777016, 0.8319604179489434, 0.8319604179489434, 0.8328812245376477, 0.8328812245376477, 0.8329165421026408, 0.8329165421026408, 0.8335040007034203, 0.8335040007034203, 0.8339353146340749, 0.8339353146340749, 0.834517732055453, 0.834517732055453, 0.834638353996307, 0.834638353996307, 0.8356989946950379, 0.8356989946950379, 0.8359713209648583, 0.8359713209648583, 0.8363474457047393, 0.8363474457047393, 0.836551335033266, 0.836551335033266, 0.8390563908672587, 0.8390563908672587, 0.8392098390925877, 0.8392098390925877, 0.8397324950907119, 0.8397324950907119, 0.8404606817315865, 0.8404606817315865, 0.8406341774377912, 0.8406341774377912, 0.8411420029895367, 0.8411420029895367, 0.8414401799583809, 0.8414401799583809, 0.8416865676016296, 0.8416865676016296, 0.843270391863771, 0.843270391863771, 0.8438670682024678, 0.8438670682024678, 0.8447947624490753, 0.8447947624490753, 0.8451819807145579, 0.8451819807145579, 0.8457601629590551, 0.8457601629590551, 0.8457906151997421, 0.8457906151997421, 0.8460769366042381, 0.8460769366042381, 0.8474759811248864, 0.8474759811248864, 0.8484128638002286, 0.8484128638002286, 0.8485446671942319, 0.8485446671942319, 0.848763211114042, 0.848763211114042, 0.84899177877429, 0.84899177877429, 0.8495652275858026, 0.8495652275858026, 0.8510007180749729, 0.8510007180749729, 0.8523833201442012, 0.8523833201442012, 0.8526926932207861, 0.8526926932207861, 0.8527801957853396, 0.8527801957853396, 0.8528283507722969, 0.8528283507722969, 0.8535306427503737, 0.8535306427503737, 0.8555376036812333, 0.8555376036812333, 0.8564317389138016, 0.8564317389138016, 0.857036138222105],