{"title": "population_size_100_1", "popultion": 100, "subpopulation": 150, "number_of_rect": 20, "scores": [0.6956517043289663, 0.6956517043289663, 0.6958375392010316, 0.6958375392010316, 0.6959377912600018, 0.6959377912600018, 0.697218851666227, 0.697218851666227, 0.6974709106363024, 0.6974709106363024, 0.6975210733022656, 0.6975210733022656, 0.6979720976581962, 0.6979720976581962, 0.6979761276707992, 0.6979761276707992, 0.6985906533016795, 0.6985906533016795, 0.6994519329405903, 0.6994519329405903, 0.7006690846742285, 0.7006690846742285, 0.7013473724317829, 0.7013473724317829, 0.7015969254667487, 0.7015969254667487, 0.7018666578739119, 0.7018666578739119, 0.7018749084088045, 0.7018749084088045, 0.701890339693426, 0.701890339693426, 0.701903265042938, 0.701903265042938, 0.7019480348193089], "iters": [0, 40, 41, 41, 42, 42, 43, 44, 45, 45, 46, 46, 47, 47, 48, 48, 49, 49, 50, 50, 51, 51, 52, 53, 54, 54, 55, 99, 100, 454, 455, 537, 538, 574, 575], "finalScore": 0.7019480348193089, "finalIter": 1000}