{"title": "population_size_10_4", "popultion": 10, "subpopulation": 15, "number_of_rect": 20, "scores": [0.6289439461883408, 0.6289439461883408, 0.6302929159705736, 0.6302929159705736, 0.6356838711568333, 0.6356838711568333, 0.637270084117354, 0.637270084117354, 0.6389246900553943, 0.6389246900553943, 0.639130543099153, 0.639130543099153, 0.6391369618101351, 0.6391369618101351, 0.6400972625223482, 0.6400972625223482, 0.6402554441806618, 0.6402554441806618, 0.640568759342302, 0.640568759342302, 0.6416666813212579, 0.6416666813212579, 0.6429015211465752, 0.6429015211465752, 0.6434002755063162, 0.6434002755063162, 0.6444303174184473, 0.6444303174184473, 0.6453215510419414, 0.6453215510419414, 0.6456585333685043, 0.6456585333685043, 0.6461716052639292, 0.6461716052639292, 0.6464312699668806, 0.6464312699668806, 0.6478193235440663, 0.6478193235440663, 0.6484540725109177, 0.6484540725109177, 0.6520992408921715, 0.6520992408921715, 0.65384882323632, 0.65384882323632, 0.6545451654503356, 0.6545451654503356, 0.6551680148890648, 0.6551680148890648, 0.6558677130044843, 0.6558677130044843, 0.6568710982150707, 0.6568710982150707, 0.6572839180515255, 0.6572839180515255, 0.6579566810281661, 0.6579566810281661, 0.6581852779975967, 0.6581852779975967, 0.6583810047187784, 0.6583810047187784, 0.6589243090360211, 0.6589243090360211, 0.6618434596559102, 0.6618434596559102, 0.6619686831384273, 0.6619686831384273, 0.6622398516955361, 0.6622398516955361, 0.6641390867258712, 0.6641390867258712, 0.6644828248190158, 0.6644828248190158, 0.666363814883203, 0.666363814883203, 0.6663863536445969, 0.6663863536445969, 0.6684129517277764, 0.6684129517277764, 0.6687075090125736, 0.6687075090125736, 0.6697477358656467, 0.6697477358656467, 0.669931856150532, 0.669931856150532, 0.6710709135672206, 0.6710709135672206, 0.676697499926727, 0.676697499926727, 0.6788282188809754, 0.6788282188809754, 0.6793488525455025, 0.6793488525455025, 0.6818889621618454, 0.6818889621618454, 0.6855942436765439, 0.6855942436765439, 0.6920104633781764, 0.6920104633781764, 0.6974915589554207, 0.6974915589554207, 0.697814033236613, 0.697814033236613, 0.6995876784196489, 0.6995876784196489, 0.7004500718074973, 0.7004500718074973, 0.7061155807614525, 0.7061155807614525, 0.7080757349277529, 0.7080757349277529, 0.7109896392039625, 0.7109896392039625, 0.712762800785486, 0.712762800785486, 0.7127674316363317, 0.7127674316363317, 0.7145849673202614, 0.7145849673202614, 0.71642932090624, 0.71642932090624, 0.716542600896861, 0.716542600896861, 0.7185787830827398, 0.7185787830827398, 0.7213824262141328, 0.7213824262141328, 0.7234526217063806, 0.7234526217063806, 0.7250967056478794, 0.7250967056478794, 0.7270134529147982, 0.7270134529147982, 0.7321026114481668, 0.7321026114481668, 0.7390518772531434, 0.7390518772531434, 0.7399299363990739, 0.7399299363990739, 0.7445485946246959, 0.7445485946246959, 0.7501461355842786, 0.7501461355842786, 0.7535357718573229, 0.7535357718573229, 0.7560020516427797, 0.7560020516427797, 0.7783719335267739, 0.7783719335267739, 0.7828876432486298, 0.7828876432486298, 0.7853390632785252, 0.7853390632785252, 0.7860755151088836, 0.7860755151088836, 0.7875628975057886, 0.7875628975057886, 0.7884249831472201, 0.7884249831472201, 0.7889196195668102, 0.7889196195668102, 0.7903211993317506, 0.7903211993317506, 0.7906245347167268, 0.7906245347167268, 0.7907816465898766, 0.7907816465898766, 0.7917849145637328, 0.7917849145637328, 0.7923782350010258, 0.7923782350010258, 0.7938629356077259, 0.7938629356077259, 0.7941912131070664, 0.7941912131070664, 0.7946493009759958, 0.7946493009759958, 0.7956748439286028, 0.7956748439286028, 0.7959396963568686, 0.7959396963568686, 0.7966504147249334, 0.7966504147249334, 0.7971759137137665, 0.7971759137137665, 0.7974845100970134, 0.7974845100970134, 0.7990243998944869, 0.7990243998944869, 0.8008805797356312, 0.8008805797356312, 0.8021772912453472, 0.8021772912453472, 0.8033991910665612, 0.8033991910665612, 0.8047230721885167, 0.8047230721885167, 0.8064000263782642, 0.8064000263782642, 0.8065007620387468, 0.8065007620387468, 0.8084591723086844, 0.8084591723086844, 0.809688194261262, 0.809688194261262, 0.8098737360415018, 0.8098737360415018, 0.8103327324950907, 0.8103327324950907, 0.8103784548198951, 0.8103784548198951, 0.8105697558545092, 0.8105697558545092, 0.8108885518332893, 0.8108885518332893, 0.8109833230751194, 0.8109833230751194, 0.8111304112078315, 0.8111304112078315, 0.8123345643190012, 0.8123345643190012, 0.8126178961868753, 0.8126178961868753, 0.813364591576541, 0.813364591576541, 0.8135162372871421, 0.8135162372871421, 0.8137731322723409, 0.8137731322723409, 0.8143963480758522, 0.8143963480758522, 0.8144590404173627, 0.8144590404173627, 0.8149338345203552, 0.8149338345203552, 0.8151117705677189, 0.8151117705677189, 0.815461223951464, 0.815461223951464, 0.8156677364518303, 0.8156677364518303, 0.815944678917905, 0.815944678917905, 0.8161675899059175, 0.8161675899059175, 0.8163790996219116, 0.8163790996219116, 0.8167303555203845, 0.8167303555203845, 0.817423634924822, 0.817423634924822, 0.818354978164659, 0.818354978164659, 0.8205429379524605, 0.8205429379524605, 0.8208234268296257, 0.8208234268296257, 0.8217444825463818, 0.8217444825463818, 0.8226430141563352], "iters": [0, 10, 11, 13, 14, 28, 29, 30, 31, 44, 45, 54, 55, 63, 64, 72, 73, 73, 74, 76, 77, 86, 87, 98, 99, 106, 107, 117, 118, 122, 123, 138, 139, 142, 143, 146, 147, 148, 149, 151, 152, 161, 162, 165, 166, 166, 167, 171, 172, 173, 174, 177, 178, 181, 182, 182, 183, 190, 191, 195, 196, 196, 197, 198, 199, 200, 201, 202, 203, 203, 204, 207, 208, 209, 210, 210, 211, 214, 215, 216, 217, 217, 218, 221, 222, 222, 223, 223, 224, 226, 227, 227, 228, 230, 231, 235, 236, 239, 240, 242, 243, 245, 246, 252, 253, 253, 254, 254, 255, 256, 257, 257, 258, 259, 260, 261, 262, 263, 264, 265, 266, 269, 270, 270, 271, 272, 273, 273, 274, 274, 275, 276, 277, 280, 281, 281, 282, 282, 283, 283, 284, 284, 285, 285, 286, 286, 287, 290, 291, 291, 292, 294, 295, 295, 296, 298, 299, 300, 301, 301, 302, 302, 303, 303, 304, 304, 305, 305, 306, 307, 308, 309, 310, 317, 318, 318, 319, 321, 322, 323, 324, 327, 328, 330, 331, 331, 332, 332, 333, 335, 336, 338, 339, 343, 344, 346, 347, 354, 355, 356, 357, 360, 361, 368, 369, 373, 374, 399, 400, 409, 410, 412, 413, 416, 417, 425, 426, 453, 454, 465, 466, 508, 509, 530, 531, 564, 565, 574, 575, 590, 591, 609, 610, 726, 727, 732, 733, 755, 756, 785, 786, 803, 804, 928, 929, 931, 932, 951, 952, 954, 955, 958, 959, 969, 970, 971, 972, 985, 986], "finalScore": 0.8226430141563352, "finalIter": 1000}