{"title": "population_size_10_1", "popultion": 10, "subpopulation": 15, "number_of_rect": 20, "scores": [0.6044735484627334, 0.6044735484627334, 0.6050479351680882, 0.6050479351680882, 0.6053639467745244, 0.6053639467745244, 0.6063286438641227, 0.6063286438641227, 0.6064589524898151, 0.6064589524898151, 0.6067380052170346, 0.6067380052170346, 0.6067628154400774, 0.6067628154400774, 0.6073627157888566, 0.6073627157888566, 0.6077895014508046, 0.6077895014508046, 0.6087457428412322, 0.6087457428412322, 0.6088979307717107, 0.6088979307717107, 0.6090452533778833, 0.6090452533778833, 0.6105119874556699, 0.6105119874556699, 0.6110264661918579, 0.6110264661918579, 0.6116989507312641, 0.6116989507312641, 0.6119720683490137, 0.6119720683490137, 0.6126545473196753, 0.6126545473196753, 0.6134168791582403, 0.6134168791582403, 0.6137582871713707, 0.6137582871713707, 0.6144938890354348, 0.6144938890354348, 0.6156668278671709, 0.6156668278671709, 0.6162929599343474, 0.6162929599343474, 0.6175474515665758, 0.6175474515665758, 0.6175485066971482, 0.6175485066971482, 0.6204996482898092, 0.6204996482898092, 0.6210301005304961, 0.6210301005304961, 0.6211312758287171, 0.6211312758287171, 0.6224820334710865, 0.6224820334710865, 0.6228217855154019, 0.6228217855154019, 0.6231791230692576, 0.6231791230692576, 0.6245502799026935, 0.6245502799026935, 0.6250034291743602, 0.6250034291743602, 0.6252404818429614, 0.6252404818429614, 0.6259868401770274, 0.6259868401770274, 0.6265387760485359, 0.6265387760485359, 0.6269253788211846, 0.6269253788211846, 0.6280949177877428, 0.6280949177877428, 0.6289722735132917, 0.6289722735132917, 0.631980040446672, 0.631980040446672, 0.6325410914739588, 0.6325410914739588, 0.6335464110905946, 0.6335464110905946, 0.6340481110231836, 0.6340481110231836, 0.6358719188721826, 0.6358719188721826, 0.636213268266948, 0.636213268266948, 0.6374364723467862, 0.6374364723467862, 0.6386801488906475, 0.6386801488906475, 0.6414502916263666, 0.6414502916263666, 0.6421438055042645, 0.6421438055042645, 0.642411383686509, 0.642411383686509, 0.6424260675869751, 0.6424260675869751, 0.6440163984876461, 0.6440163984876461, 0.6445395087781002, 0.6445395087781002, 0.6488354729036607, 0.6488354729036607, 0.6498073800521703, 0.6498073800521703, 0.6529692107037135, 0.6529692107037135, 0.6568892112898972, 0.6568892112898972, 0.6575315073712594, 0.6575315073712594, 0.6603017087253437, 0.6603017087253437, 0.6603552566018933, 0.6603552566018933, 0.662053870277558, 0.662053870277558, 0.6629692693220786, 0.6629692693220786, 0.664294747794484, 0.664294747794484, 0.6702085494885548, 0.6702085494885548, 0.6706287992027902, 0.6706287992027902, 0.670717093115273, 0.670717093115273, 0.6709838652949969, 0.6709838652949969, 0.6713912482780855, 0.6713912482780855, 0.6715602157155838, 0.6715602157155838, 0.6718101790791055, 0.6718101790791055, 0.6718689000263782, 0.6718689000263782, 0.6722035083091533, 0.6722035083091533, 0.6722277323485448, 0.6722277323485448, 0.6725408130367243, 0.6725408130367243, 0.6727730443447932, 0.6727730443447932, 0.6728742929159706, 0.6728742929159706, 0.6733087575837511, 0.6733087575837511, 0.6734587766347196, 0.6734587766347196, 0.6736873882587415, 0.6736873882587415, 0.6742758726809109, 0.6742758726809109, 0.6743387115683344, 0.6743387115683344, 0.6752218265482576, 0.6752218265482576, 0.6755084556991706, 0.6755084556991706, 0.6757791699639497, 0.6757791699639497, 0.6758783815469387, 0.6758783815469387, 0.6760310970427035, 0.6760310970427035, 0.6767613353263577, 0.6767613353263577, 0.6773840968375392, 0.6773840968375392, 0.6774289985052317, 0.6774289985052317, 0.6777930478618952, 0.6777930478618952, 0.6783372314546148, 0.6783372314546148, 0.6793378176382661, 0.6793378176382661, 0.6796149652686186, 0.6796149652686186, 0.6804803628476801, 0.6804803628476801, 0.6808262112019696, 0.6808262112019696, 0.6808531463407486, 0.6808531463407486, 0.68087896773059, 0.68087896773059, 0.6808841994196781, 0.6808841994196781, 0.6810917230868431, 0.6810917230868431, 0.6810988159090243, 0.6810988159090243, 0.6816250036636479, 0.6816250036636479, 0.6818196019813008, 0.6818196019813008, 0.6818575720273161, 0.6818575720273161, 0.6818946188340806, 0.6818946188340806, 0.6819033090067118, 0.6819033090067118, 0.6825174975819925, 0.6825174975819925, 0.6827161991852048, 0.6827161991852048, 0.6829515226120344, 0.6829515226120344, 0.6831701398048009, 0.6831701398048009, 0.6837347812069521, 0.6837347812069521, 0.6837779682874645, 0.6837779682874645, 0.6840204871186143, 0.6840204871186143, 0.6843966265130865, 0.6843966265130865, 0.684639438436062, 0.684639438436062, 0.6847016618306516, 0.6847016618306516, 0.6848243500688767, 0.6848243500688767, 0.6850404906357161, 0.6850404906357161, 0.6851654356809989, 0.6851654356809989, 0.6852387379465987, 0.6852387379465987, 0.6856406401125472, 0.6856406401125472, 0.686003722266186, 0.686003722266186, 0.6861969430522583, 0.6861969430522583, 0.6864767431636332, 0.6864767431636332, 0.6866939388610451, 0.6866939388610451, 0.6867881532284065, 0.6867881532284065, 0.6868840821829478, 0.6868840821829478, 0.6870847475013921, 0.6870847475013921, 0.6872104106216477, 0.6872104106216477, 0.6874063278525162, 0.6874063278525162, 0.6879216712095899, 0.6879216712095899, 0.6880629414695625, 0.6880629414695625, 0.6882333010932324, 0.6882333010932324, 0.6883240716316421, 0.6883240716316421, 0.6884668366599256, 0.6884668366599256, 0.6884748380667663, 0.6884748380667663, 0.6885819338198658, 0.6885819338198658, 0.689039450159735, 0.689039450159735, 0.6893676983498931, 0.6893676983498931, 0.6893792168586418, 0.6893792168586418, 0.6894281485389373, 0.6894281485389373, 0.6894403118497026, 0.6894403118497026, 0.6894982561036372, 0.6894982561036372, 0.6896837099563293, 0.6896837099563293, 0.6896881502974882, 0.6896881502974882, 0.6899816524517131, 0.6899816524517131, 0.6902699522260325, 0.6902699522260325, 0.6903475043231044, 0.6903475043231044, 0.6905440223922155, 0.6905440223922155, 0.6906021425012456], "iters": [0, 41, 42, 67, 68, 69, 70, 74, 75, 75, 76, 77, 78, 79, 80, 80, 81, 81, 82, 82, 83, 83, 84, 84, 85, 87, 88, 88, 89, 89, 90, 90, 91, 91, 92, 92, 93, 94, 95, 95, 96, 96, 97, 97, 98, 98, 99, 99, 100, 101, 102, 103, 104, 105, 106, 106, 107, 107, 108, 110, 111, 113, 114, 115, 116, 116, 117, 117, 118, 119, 120, 121, 122, 122, 123, 123, 124, 125, 126, 126, 127, 129, 130, 130, 131, 131, 132, 133, 134, 135, 136, 137, 138, 140, 141, 141, 142, 143, 144, 144, 145, 145, 146, 146, 147, 148, 149, 151, 152, 152, 153, 154, 155, 155, 156, 156, 157, 158, 159, 159, 160, 160, 161, 161, 162, 165, 166, 168, 169, 169, 170, 170, 171, 172, 173, 174, 175, 179, 180, 185, 186, 189, 190, 190, 191, 193, 194, 194, 195, 195, 196, 201, 202, 203, 204, 208, 209, 212, 213, 213, 214, 224, 225, 227, 228, 232, 233, 233, 234, 236, 237, 239, 240, 240, 241, 241, 242, 242, 243, 245, 246, 252, 253, 255, 256, 265, 266, 300, 301, 343, 344, 364, 365, 369, 370, 372, 373, 373, 374, 377, 378, 388, 389, 393, 394, 395, 396, 396, 397, 416, 417, 417, 418, 429, 430, 431, 432, 443, 444, 462, 463, 463, 464, 484, 485, 505, 506, 507, 508, 533, 534, 534, 535, 546, 547, 552, 553, 566, 567, 570, 571, 592, 593, 593, 594, 594, 595, 598, 599, 605, 606, 606, 607, 607, 608, 608, 609, 610, 611, 611, 612, 614, 615, 615, 616, 617, 618, 622, 623, 624, 625, 625, 626, 635, 636, 654, 655, 665, 666, 693, 694, 699, 700, 728, 729, 731, 732, 754, 755, 878, 879, 931, 932, 950, 951], "finalScore": 0.6906021425012456, "finalIter": 1000}