{"title": "population_size_100_1", "popultion": 100, "subpopulation": 150, "number_of_rect": 20, "scores": [0.699132096485829, 0.699132096485829, 0.6993197924909874, 0.6993197924909874, 0.6999154576628858, 0.6999154576628858, 0.7001054690934669, 0.7001054690934669, 0.7002493918344617, 0.7002493918344617, 0.7044919253202029, 0.7044919253202029, 0.7055025498988834, 0.7055025498988834, 0.7055989331457546, 0.7055989331457546, 0.7059235323426829, 0.7059235323426829, 0.7064212169172601, 0.7064212169172601, 0.7065361675312876, 0.7065361675312876, 0.7066454614730795, 0.7066454614730795, 0.7067504469650341, 0.7067504469650341, 0.7076102025264516, 0.7076102025264516, 0.7078228259913831, 0.7078228259913831, 0.7081722793751283, 0.7081722793751283, 0.7089492511503854, 0.7089492511503854, 0.7100258800082065, 0.7100258800082065, 0.7102280694041443, 0.7102280694041443, 0.7105733608839649, 0.7105733608839649, 0.711012148656174, 0.711012148656174, 0.7114133620563323, 0.7114133620563323, 0.7114316070224802, 0.7114316070224802, 0.7114499838799495, 0.7114499838799495, 0.7119834256572584, 0.7119834256572584, 0.7120116357454791, 0.7120116357454791, 0.7121003546411091, 0.7121003546411091, 0.7137548579970106, 0.7137548579970106, 0.7139431694950027, 0.7139431694950027, 0.7144140068583487, 0.7144140068583487, 0.7149331164453823, 0.7149331164453823, 0.7153382719305958, 0.7153382719305958, 0.7172399835868578, 0.7172399835868578, 0.7191502095606553, 0.7191502095606553, 0.7214355784167179, 0.7214355784167179, 0.7229351094697969, 0.7229351094697969, 0.7241504147249334, 0.7241504147249334, 0.7250927342536416, 0.7250927342536416, 0.725284665435681, 0.725284665435681, 0.727719261994783, 0.727719261994783, 0.7279297458893872, 0.7279297458893872, 0.7283877311761775, 0.7283877311761775, 0.7294100501187022, 0.7294100501187022, 0.7295239162929745, 0.7295239162929745, 0.7296706380609045, 0.7296706380609045, 0.7301867434567251, 0.7301867434567251, 0.7313792022040506, 0.7313792022040506, 0.7319260382777923, 0.7319260382777923, 0.7324396230839121, 0.7324396230839121, 0.734179767871274, 0.734179767871274, 0.7352796389108708, 0.7352796389108708, 0.7361554412497435, 0.7361554412497435, 0.7369333362642516, 0.7369333362642516, 0.7374351680881621, 0.7374351680881621, 0.738463085084557, 0.738463085084557, 0.7397369061226882, 0.7397369061226882, 0.7407022480143028, 0.7407022480143028, 0.7422339165860665, 0.7422339165860665, 0.7425794571939388, 0.7425794571939388, 0.7428545971452856, 0.7428545971452856, 0.7441532284064598, 0.7441532284064598, 0.7446417538614848, 0.7446417538614848, 0.744822357044462, 0.744822357044462, 0.7502035669275184, 0.7502035669275184, 0.7512096632374923, 0.7512096632374923, 0.7515191242416249, 0.7515191242416249, 0.7515638060904481, 0.7515638060904481, 0.7524210410621648, 0.7524210410621648, 0.7537671531990973, 0.7537671531990973, 0.7549413523256836, 0.7549413523256836, 0.7562306486122102, 0.7562306486122102, 0.7571393505085143, 0.7571393505085143, 0.7585711626952725, 0.7585711626952725, 0.759068817960667, 0.759068817960667, 0.7605553503912776, 0.7605553503912776, 0.7605606406987309, 0.7605606406987309, 0.7634724786775697, 0.7634724786775697, 0.7641261613763592, 0.7641261613763592, 0.766239631876667, 0.766239631876667, 0.7670924118526334, 0.7670924118526334, 0.7680946393505085, 0.7680946393505085, 0.7680973797590785, 0.7680973797590785, 0.7683913508602245, 0.7683913508602245, 0.7691449339077934, 0.7691449339077934, 0.7695219965415164, 0.7695219965415164, 0.769900216887951, 0.769900216887951, 0.772643263284387, 0.772643263284387, 0.7735389665582226, 0.7735389665582226, 0.7746095284152525, 0.7746095284152525, 0.7750766874761863, 0.7750766874761863, 0.7754077346932794, 0.7754077346932794, 0.7756182039332923, 0.7756182039332923, 0.7760193000967203, 0.7760193000967203, 0.7760652275858027, 0.7760652275858027, 0.7762560157097218, 0.7762560157097218, 0.7763830563615581, 0.7763830563615581, 0.7765820510565961, 0.7765820510565961, 0.7772784518889768, 0.7772784518889768, 0.777821580351124, 0.777821580351124, 0.7783814297019256, 0.7783814297019256, 0.778764192971658, 0.778764192971658, 0.7796266449778716, 0.7796266449778716, 0.7812093848002579, 0.7812093848002579, 0.7818027638559161, 0.7818027638559161, 0.7821996688062369, 0.7821996688062369, 0.7823978135349805, 0.7823978135349805, 0.782536445968522, 0.782536445968522, 0.7830266273923621, 0.7830266273923621, 0.7831400978926698, 0.7831400978926698, 0.7832966382367597, 0.7832966382367597, 0.7846642340045136, 0.7846642340045136, 0.7855396699786044, 0.7855396699786044, 0.7870252645153727, 0.7870252645153727, 0.7898997919048037, 0.7898997919048037, 0.791427620973651, 0.791427620973651, 0.7924221841202849, 0.7924221841202849, 0.7946060845863009, 0.7946060845863009, 0.7953562824232832, 0.7953562824232832, 0.7957123157185146, 0.7957123157185146, 0.7957623758023389, 0.7957623758023389, 0.7959871186142619, 0.7959871186142619, 0.7964045839561534, 0.7964045839561534, 0.7965146545912835, 0.7965146545912835, 0.7967275858026319, 0.7967275858026319, 0.7972767519563879, 0.7972767519563879, 0.7972899117793605, 0.7972899117793605, 0.7978442656584308, 0.7978442656584308, 0.7997514288226502, 0.7997514288226502, 0.8009635100677042, 0.8009635100677042, 0.8013054603007121, 0.8013054603007121, 0.801488159090243, 0.801488159090243, 0.8017404818429614, 0.8017404818429614, 0.8021724405756323, 0.8021724405756323, 0.8027327295641724, 0.8027327295641724, 0.8046571998006976, 0.8046571998006976, 0.8056544447375362, 0.8056544447375362, 0.8060784753363228, 0.8060784753363228, 0.8061513526187755, 0.8061513526187755, 0.8074679064450893, 0.8074679064450893, 0.8077739089656789, 0.8077739089656789, 0.808267035962367, 0.808267035962367, 0.8085299979483572, 0.8085299979483572, 0.8114912951727776, 0.8114912951727776, 0.8124066942172983, 0.8124066942172983, 0.8131471320964858, 0.8131471320964858, 0.8140920454878513, 0.8140920454878513, 0.8144671444063425, 0.8144671444063425, 0.8147009437556787, 0.8147009437556787, 0.8148129487968581, 0.8148129487968581, 0.8154251443477241, 0.8154251443477241, 0.8155015094229022, 0.8155015094229022, 0.8155412966382367, 0.8155412966382367, 0.815874835135848, 0.815874835135848, 0.8163164365895835, 0.8163164365895835, 0.816772252996864, 0.816772252996864, 0.8170106538878631, 0.8170106538878631, 0.817383569272253, 0.817383569272253, 0.8176309827368915, 0.8176309827368915, 0.8189722588587004, 0.8189722588587004, 0.8206063630235353, 0.8206063630235353, 0.8215073126410505, 0.8215073126410505, 0.8218003165391717, 0.8218003165391717, 0.8219880271989214, 0.8219880271989214, 0.8231790644508925, 0.8231790644508925, 0.8233037017497582, 0.8233037017497582, 0.8236025821389841, 0.8236025821389841, 0.8252886807936927, 0.8252886807936927, 0.8256283888742343, 0.8256283888742343, 0.8273314135818752, 0.8273314135818752, 0.8275251619332337, 0.8275251619332337, 0.8280338081420909, 0.8280338081420909, 0.8295058764911046, 0.8295058764911046, 0.8298639614291158, 0.8298639614291158, 0.8344734898443682, 0.8344734898443682, 0.835201837685747, 0.835201837685747, 0.8370991969283976, 0.8370991969283976, 0.8372025264515373, 0.8372025264515373, 0.8378353556669305, 0.8378353556669305, 0.8387768545385269, 0.8387768545385269, 0.8396461355842786, 0.8396461355842786, 0.839682244497201, 0.839682244497201, 0.8411822884609749, 0.8411822884609749, 0.8449086725871215, 0.8449086725871215, 0.8457617016911398, 0.8457617016911398, 0.8459446202995399, 0.8459446202995399, 0.8459684047011928, 0.8459684047011928, 0.8461173832761804, 0.8461173832761804, 0.8461800169993259],