{"title": "subpopulation_size_1.5_2", "popultion": 40, "subpopulation": 60, "number_of_rect": 20, "scores": [0.658743046396436, 0.658743046396436, 0.6588399718631848, 0.6588399718631848, 0.6599980655939506, 0.6599980655939506, 0.6667283038776048, 0.6667283038776048, 0.6674256132946452, 0.6674256132946452, 0.6675215862129604, 0.6675215862129604, 0.6709938011078871, 0.6709938011078871, 0.6712764588645623, 0.6712764588645623, 0.6723965678947215, 0.6723965678947215, 0.6738035991676192, 0.6738035991676192, 0.67412320114892, 0.67412320114892, 0.6747478237931944, 0.6747478237931944, 0.6762392068935197, 0.6762392068935197, 0.6766979395644656, 0.6766979395644656, 0.6780186552947038, 0.6780186552947038, 0.6785756616547964, 0.6785756616547964, 0.6791784782672412, 0.6791784782672412, 0.6793737506960931, 0.6793737506960931, 0.6806923561651865, 0.6806923561651865, 0.6807033031448753, 0.6807033031448753, 0.6807834784137871, 0.6807834784137871, 0.6819037779536329, 0.6819037779536329, 0.6823460242093848, 0.6823460242093848, 0.6831153023242182, 0.6831153023242182, 0.6847960520531082, 0.6847960520531082, 0.685833626425159, 0.685833626425159, 0.691954394911926, 0.691954394911926, 0.6943479586154342, 0.6943479586154342, 0.7004569594654004, 0.7004569594654004, 0.7017757114804068, 0.7017757114804068, 0.7023972859696943, 0.7023972859696943, 0.705972185585744, 0.705972185585744, 0.706798675224948, 0.706798675224948, 0.7104867962132536, 0.7104867962132536, 0.7125366804419825, 0.7125366804419825, 0.7148479586154342, 0.7148479586154342, 0.7177474281192298, 0.7177474281192298, 0.7198555643483103, 0.7198555643483103, 0.7217481461942026, 0.7217481461942026, 0.7228716111257657, 0.7228716111257657, 0.724872197309417, 0.724872197309417, 0.7252245669568276, 0.7252245669568276, 0.725330988598728, 0.725330988598728, 0.7290553357366862, 0.7290553357366862, 0.73083569272253, 0.73083569272253, 0.7358962601483046, 0.7358962601483046, 0.7367364371757672, 0.7367364371757672, 0.7470584571646297, 0.7470584571646297, 0.7529874703244527, 0.7529874703244527, 0.7545538995867405, 0.7545538995867405, 0.7555217767226472, 0.7555217767226472, 0.7567752425334857, 0.7567752425334857, 0.7568535713238957, 0.7568535713238957, 0.7569429496761335, 0.7569429496761335, 0.7584337026290336, 0.7584337026290336, 0.7609151206072863, 0.7609151206072863, 0.7618408071748879, 0.7618408071748879, 0.7640619156481725, 0.7640619156481725, 0.7644881737448342, 0.7644881737448342, 0.7650131598229726, 0.7650131598229726, 0.7663771212520882, 0.7663771212520882, 0.7669158240276679, 0.7669158240276679, 0.7682310589407662, 0.7682310589407662, 0.7696320232128726, 0.7696320232128726, 0.7706867874204988, 0.7706867874204988, 0.7707777191594126, 0.7707777191594126, 0.7738781324188868, 0.7738781324188868, 0.7743137108356049, 0.7743137108356049, 0.7745078841701105, 0.7745078841701105, 0.775641973680354, 0.775641973680354, 0.7756716052639292, 0.7756716052639292, 0.776334300536358, 0.776334300536358, 0.7783978574987543, 0.7783978574987543, 0.7785238430200182, 0.7785238430200182, 0.778821170022568, 0.778821170022568, 0.7806064069873091, 0.7806064069873091, 0.7810733901931475, 0.7810733901931475, 0.7816662123743369, 0.7816662123743369, 0.7832465488437528, 0.7832465488437528, 0.7851098801254432, 0.7851098801254432, 0.7863081714000997, 0.7863081714000997, 0.786899029866057, 0.786899029866057, 0.7892296960637768, 0.7892296960637768, 0.7910199742079194, 0.7910199742079194, 0.792847533632287, 0.792847533632287, 0.7933905888214778, 0.7933905888214778, 0.7938601365807908, 0.7938601365807908, 0.7947104985491955, 0.7947104985491955, 0.7996813066033588, 0.7996813066033588, 0.8030586769834989, 0.8030586769834989, 0.8040514669245875, 0.8040514669245875, 0.806445353029104, 0.806445353029104, 0.8074726105688912, 0.8074726105688912, 0.8085981711070078, 0.8085981711070078, 0.8104684047011929, 0.8104684047011929, 0.8143025147278642, 0.8143025147278642, 0.8157296081362291, 0.8157296081362291, 0.8161835341012339, 0.8161835341012339, 0.8162197602508866, 0.8162197602508866, 0.8170198716257804, 0.8170198716257804, 0.8197732788182538, 0.8197732788182538, 0.8211713268266948, 0.8211713268266948, 0.8211992145139072, 0.8211992145139072, 0.8226272311615229, 0.8226272311615229, 0.8244977578475337, 0.8244977578475337, 0.8264441953163926, 0.8264441953163926, 0.8265020809519623, 0.8265020809519623, 0.8299674668073508, 0.8299674668073508, 0.8309001289604032, 0.8309001289604032, 0.8324668513145168, 0.8324668513145168, 0.8336731733051965, 0.8336731733051965, 0.8336742284357689, 0.8336742284357689, 0.8338475775960609, 0.8338475775960609, 0.8341801195814649, 0.8341801195814649, 0.8356138661742724, 0.8356138661742724, 0.8365259679357543, 0.8365259679357543, 0.8365389079398575, 0.8365389079398575, 0.8371212374336879, 0.8371212374336879, 0.8373694862100296, 0.8373694862100296, 0.8375751340895102, 0.8375751340895102, 0.8380896128256983, 0.8380896128256983, 0.8398693250095255, 0.8398693250095255, 0.8400349072364371, 0.8400349072364371, 0.8413002725753979, 0.8413002725753979, 0.841499794835722, 0.841499794835722, 0.8432121691726018, 0.8432121691726018, 0.8433954981095577, 0.8433954981095577, 0.843622585656086, 0.843622585656086, 0.8440225827251677, 0.8440225827251677, 0.8449528708344325, 0.8449528708344325, 0.845171546645564, 0.845171546645564, 0.8461364635540315, 0.8461364635540315, 0.8487858378029837, 0.8487858378029837, 0.8501753861484803, 0.8501753861484803, 0.8502893402503005, 0.8502893402503005, 0.8517722383422726, 0.8517722383422726, 0.8535365778598435, 0.8535365778598435, 0.8536031243588617, 0.8536031243588617, 0.8547991295172778, 0.8547991295172778, 0.8549768604003635, 0.8549768604003635, 0.8556899088484422, 0.8556899088484422, 0.8566971482165362, 0.8566971482165362, 0.8570624432134588, 0.8570624432134588, 0.8579059907969167, 0.8579059907969167, 0.8580431870805123, 0.8580431870805123, 0.8612026729974501, 0.8612026729974501, 0.8619967320261438, 0.8619967320261438, 0.8622689703684164, 0.8622689703684164, 0.8630339839971863, 0.8630339839971863, 0.8652308537764881, 0.8652308537764881, 0.8662376974706175, 0.8662376974706175, 0.8685779770802192, 0.8685779770802192, 0.8687201705794425, 0.8687201705794425, 0.8691697001670624, 0.8691697001670624, 0.870059248512559, 0.870059248512559, 0.8703119962484247, 0.8703119962484247, 0.8708982678273103, 0.8708982678273103, 0.8715966909932882, 0.8715966909932882, 0.8735805562882851, 0.8735805562882851, 0.874009877194525, 0.874009877194525, 0.8761041794894341, 0.8761041794894341, 0.8764180808347255, 0.8764180808347255, 0.8768526627392362, 0.8768526627392362, 0.8771190392449955, 0.8771190392449955, 0.8773111316275389, 0.8773111316275389, 0.8784819748527214],