{"title": "subpopulation_size_1.1_0", "popultion": 50, "subpopulation": 55, "number_of_rect": 20, "scores": [0.6473119815938333], "iters": [0], "finalScore": 0.6473119815938333, "finalIter": 5}