{"title": "subpopulation_size_3_2", "popultion": 50, "subpopulation": 150, "number_of_rect": 20, "scores": [0.6516215744892875], "iters": [0], "finalScore": 0.6516215744892875, "finalIter": 5}