{"title": "subpopulation_size_30_1", "popultion": 30, "subpopulation": 30, "number_of_rect": 20, "scores": [0.6369248659104898], "iters": [0], "finalScore": 0.6369248659104898, "finalIter": 5}