{"title": "population_size_10_2", "popultion": 10, "subpopulation": 15, "number_of_rect": 20, "scores": [0.6126251795187432, 0.6126251795187432, 0.6128535713238958, 0.6128535713238958, 0.613010697851637, 0.613010697851637, 0.6133042146604532, 0.6133042146604532, 0.6138021483630821, 0.6138021483630821, 0.6148610158562677, 0.6148610158562677, 0.6152058383891674, 0.6152058383891674, 0.615209443418623, 0.615209443418623, 0.6166739353439432, 0.6166739353439432, 0.6166764998974179, 0.6166764998974179, 0.6173858260793106, 0.6173858260793106, 0.617907353673906, 0.617907353673906, 0.618225109176705, 0.618225109176705, 0.6195120167648525, 0.6195120167648525, 0.6201110378381547, 0.6201110378381547, 0.6205609484451479, 0.6205609484451479, 0.6207228230604649, 0.6207228230604649, 0.6218363961429116, 0.6218363961429116, 0.6227032591811015, 0.6227032591811015, 0.6232630938773118, 0.6232630938773118, 0.6243171839737389, 0.6243171839737389, 0.6254230047773968, 0.6254230047773968, 0.6287561476010434, 0.6287561476010434, 0.6293150297488204, 0.6293150297488204, 0.6361000322401008, 0.6361000322401008, 0.6362689264046426, 0.6362689264046426, 0.6379141827134441, 0.6379141827134441, 0.6387535244292037, 0.6387535244292037, 0.6405016706234063, 0.6405016706234063, 0.6421842521762068, 0.6421842521762068, 0.6430072247135028, 0.6430072247135028, 0.6440663120255576, 0.6440663120255576, 0.6446988628037165, 0.6446988628037165, 0.6470823148392391, 0.6470823148392391, 0.6473393270611683, 0.6473393270611683, 0.648841583868226, 0.648841583868226, 0.6503404408101059, 0.6503404408101059, 0.6513019431988042, 0.6513019431988042, 0.6538396201529939, 0.6538396201529939, 0.6567069374835136, 0.6567069374835136, 0.6578832761804274, 0.6578832761804274, 0.6587649110466309, 0.6587649110466309, 0.6596607462117882, 0.6596607462117882, 0.6603605908731205, 0.6603605908731205, 0.6607899997069082, 0.6607899997069082, 0.6624453237199215, 0.6624453237199215, 0.6629051701398048, 0.6629051701398048, 0.663082930332073, 0.663082930332073, 0.6639109440487705, 0.6639109440487705, 0.6640395087781001, 0.6640395087781001, 0.6643485154899029, 0.6643485154899029, 0.6647078314135819, 0.6647078314135819, 0.6651426624461444, 0.6651426624461444, 0.6652133122307219, 0.6652133122307219, 0.6660456637064393, 0.6660456637064393, 0.6664995457076701, 0.6664995457076701, 0.6667851343826021, 0.6667851343826021, 0.6671321844133766, 0.6671321844133766, 0.6672820129546586, 0.6672820129546586, 0.6673777660541047, 0.6673777660541047, 0.6677689410592338, 0.6677689410592338, 0.6685059644186524, 0.6685059644186524, 0.6685842638998798, 0.6685842638998798, 0.6690558633019725, 0.6690558633019725, 0.6692827603388142, 0.6692827603388142, 0.6693772238342273, 0.6693772238342273, 0.6697337700401536, 0.6697337700401536, 0.6703909258770773, 0.6703909258770773, 0.6706243881708138, 0.6706243881708138, 0.6726475424250418, 0.6726475424250418, 0.6731824789706615, 0.6731824789706615, 0.673421158298895, 0.673421158298895, 0.6736592807526598, 0.6736592807526598, 0.673867800932032, 0.673867800932032, 0.6740212198481784, 0.6740212198481784, 0.6745840880447844, 0.6745840880447844, 0.6747304581025235, 0.6747304581025235, 0.6752594741932647, 0.6752594741932647, 0.6753683431519095, 0.6753683431519095, 0.6757655265394649, 0.6757655265394649, 0.6763392244790293, 0.6763392244790293, 0.6764025469679651, 0.6764025469679651, 0.6767310442861749, 0.6767310442861749, 0.6769344207040066, 0.6769344207040066, 0.6770626044139629, 0.6770626044139629, 0.6772261349980949, 0.6772261349980949, 0.6773240862862335, 0.6773240862862335, 0.6774456168117471, 0.6774456168117471, 0.6774914124095079, 0.6774914124095079, 0.6774936545619743, 0.6774936545619743, 0.6777873179167033, 0.6777873179167033, 0.6777901169436384, 0.6777901169436384, 0.6780214982854129, 0.6780214982854129, 0.6781761774964097, 0.6781761774964097, 0.6785648026026554, 0.6785648026026554, 0.6792246988481492, 0.6792246988481492, 0.6792270142735719, 0.6792270142735719, 0.6798291714294088, 0.6798291714294088, 0.6799580585597468, 0.6799580585597468, 0.6802417861015857, 0.6802417861015857, 0.6804227703039363, 0.6804227703039363, 0.6804890530203113, 0.6804890530203113, 0.6805329288666139, 0.6805329288666139, 0.6806624461443771, 0.6806624461443771, 0.680682449661479, 0.680682449661479, 0.6807926082241567, 0.6807926082241567, 0.6812244936838712], "iters": [0, 13, 14, 18, 19, 19, 20, 23, 24, 26, 27, 27, 28, 28, 29, 30, 31, 31, 32, 32, 33, 33, 34, 34, 35, 35, 36, 36, 37, 38, 39, 39, 40, 40, 41, 43, 44, 44, 45, 46, 47, 47, 48, 48, 49, 50, 51, 51, 52, 52, 53, 53, 54, 54, 55, 55, 56, 56, 57, 58, 59, 59, 60, 60, 61, 61, 62, 64, 65, 65, 66, 66, 67, 68, 69, 70, 71, 71, 72, 73, 74, 74, 75, 78, 79, 79, 80, 80, 81, 81, 82, 82, 83, 86, 87, 87, 88, 92, 93, 93, 94, 94, 95, 95, 96, 98, 99, 100, 101, 107, 108, 111, 112, 118, 119, 120, 121, 121, 122, 122, 123, 123, 124, 124, 125, 126, 127, 128, 129, 131, 132, 132, 133, 135, 136, 137, 138, 139, 140, 140, 141, 141, 142, 142, 143, 148, 149, 150, 151, 154, 155, 157, 158, 158, 159, 161, 162, 187, 188, 226, 227, 273, 274, 295, 296, 531, 532, 640, 641, 701, 702, 704, 705, 717, 718, 746, 747, 756, 757, 757, 758, 777, 778, 780, 781, 797, 798, 803, 804, 831, 832, 869, 870, 873, 874, 879, 880, 887, 888, 893, 894, 916, 917, 918, 919, 924, 925, 969, 970, 973, 974, 974, 975], "finalScore": 0.6812244936838712, "finalIter": 1000}