{"title": "population_size_50_3", "popultion": 50, "subpopulation": 75, "number_of_rect": 20, "scores": [0.5996789325595708, 0.5996789325595708, 0.5999361059820042, 0.5999361059820042, 0.6005244438582609, 0.6005244438582609, 0.6017561622556347, 0.6017561622556347, 0.6028676397315279, 0.6028676397315279, 0.6034709692546676, 0.6034709692546676, 0.6039276649374249, 0.6039276649374249, 0.6055540754418359, 0.6055540754418359, 0.6066210762331838, 0.6066210762331838, 0.6080597760778452, 0.6080597760778452, 0.6087469298631261, 0.6087469298631261, 0.6091928104575164, 0.6091928104575164, 0.6099296286526569, 0.6099296286526569, 0.6144954717312934, 0.6144954717312934, 0.6157144845980246, 0.6157144845980246, 0.6179300682903954, 0.6179300682903954, 0.621590477446584, 0.621590477446584, 0.6216366687183095, 0.6216366687183095, 0.624881502974882, 0.624881502974882, 0.6261354084234592, 0.6261354084234592, 0.627092807526598, 0.627092807526598, 0.6296194349189601, 0.6296194349189601, 0.6296246812626396, 0.6296246812626396, 0.6308238371581816, 0.6308238371581816, 0.6338202760924998, 0.6338202760924998, 0.6350322694100061, 0.6350322694100061, 0.6375703420381605, 0.6375703420381605, 0.6384619859902108, 0.6384619859902108, 0.6399537940736832, 0.6399537940736832, 0.6424680383364108, 0.6424680383364108, 0.6440674111199038, 0.6440674111199038, 0.6446941586799144, 0.6446941586799144, 0.6463069550690231, 0.6463069550690231, 0.6463870277557959, 0.6463870277557959, 0.6472481168850202, 0.6472481168850202, 0.6476750344382896, 0.6476750344382896, 0.6476974119991794, 0.6476974119991794, 0.6488116298836426, 0.6488116298836426, 0.6503052111726604, 0.6503052111726604, 0.6520082505348925, 0.6520082505348925, 0.6531658313549635, 0.6531658313549635, 0.6564123948533076, 0.6564123948533076, 0.6613700430844984, 0.6613700430844984, 0.6626523051672089, 0.6626523051672089, 0.6636786101585627, 0.6636786101585627, 0.6670217181042821, 0.6670217181042821, 0.6671258682845336, 0.6671258682845336, 0.6683447346053519, 0.6683447346053519, 0.6704556845159588, 0.6704556845159588, 0.673508323807849, 0.673508323807849, 0.6756897916117119, 0.6756897916117119, 0.6782638266068759, 0.6782638266068759, 0.6797658196312905, 0.6797658196312905, 0.6797727659075588, 0.6797727659075588, 0.6845715437146458, 0.6845715437146458, 0.6877919780767314, 0.6877919780767314, 0.6909746035933058, 0.6909746035933058, 0.6977747735865647, 0.6977747735865647, 0.7042956856883261, 0.7042956856883261, 0.7057186904657229, 0.7057186904657229, 0.7070771564231073, 0.7070771564231073, 0.7139935812890179, 0.7139935812890179, 0.7157190421759138, 0.7157190421759138, 0.719700035171019, 0.719700035171019, 0.7203799202790234, 0.7203799202790234, 0.7210596295319324, 0.7210596295319324, 0.7256413581875201, 0.7256413581875201, 0.7301777601922682, 0.7301777601922682, 0.7316499311234209, 0.7316499311234209, 0.733018142384009, 0.733018142384009, 0.7335301444942701, 0.7335301444942701, 0.7337816612444679, 0.7337816612444679, 0.73748355754858, 0.73748355754858, 0.7415441103197632, 0.7415441103197632, 0.7422017644127905, 0.7422017644127905, 0.7504993845071661, 0.7504993845071661, 0.7525490196078432, 0.7525490196078432, 0.7530840294264193, 0.7530840294264193, 0.7584524458512852, 0.7584524458512852, 0.7585860664146077, 0.7585860664146077, 0.7621546938655881, 0.7621546938655881, 0.7655690670887189, 0.7655690670887189, 0.7686650693162167, 0.7686650693162167, 0.7686999032796975, 0.7686999032796975, 0.7695347899997069, 0.7695347899997069, 0.7714365749289253, 0.7714365749289253, 0.7740279609601688, 0.7740279609601688, 0.7760717195697412, 0.7760717195697412, 0.778391116386764, 0.778391116386764, 0.7804233711421789, 0.7804233711421789, 0.7865935988745274, 0.7865935988745274, 0.7928388141504733, 0.7928388141504733, 0.7962174594800551, 0.7962174594800551, 0.7999635833406606, 0.7999635833406606, 0.80230063894018, 0.80230063894018, 0.803891995662241, 0.803891995662241, 0.8041523784401653, 0.8041523784401653, 0.8043544505993727, 0.8043544505993727, 0.8047514874410153, 0.8047514874410153, 0.8081764412790527, 0.8081764412790527, 0.814149725959143, 0.814149725959143, 0.8151189806266304, 0.8151189806266304, 0.8181453588909405, 0.8181453588909405, 0.8195658430786366, 0.8195658430786366, 0.8201825229344354, 0.8201825229344354, 0.8203678742049885, 0.8203678742049885, 0.8217338286585187, 0.8217338286585187, 0.825214044960286, 0.825214044960286, 0.8252142208153814, 0.8252142208153814, 0.8256556317594302, 0.8256556317594302, 0.8259114276502828, 0.8259114276502828, 0.8292699375714412, 0.8292699375714412, 0.8303515196811161, 0.8303515196811161, 0.8313307687798588, 0.8313307687798588, 0.8323037017497582, 0.8323037017497582, 0.8350358451302793, 0.8350358451302793, 0.837191550162666, 0.837191550162666, 0.8402609249978018, 0.8402609249978018, 0.8403025880008206, 0.8403025880008206, 0.8415249860781383, 0.8415249860781383, 0.842967481461942, 0.842967481461942, 0.8454339957208593, 0.8454339957208593, 0.8471376505759254, 0.8471376505759254, 0.8527720771417685, 0.8527720771417685, 0.8552213576013366, 0.8552213576013366, 0.8586001641314224, 0.8586001641314224, 0.8614779741493009, 0.8614779741493009, 0.8616074621178815, 0.8616074621178815, 0.8635839708080542, 0.8635839708080542, 0.8639138749670272, 0.8639138749670272, 0.8641161815996952, 0.8641161815996952, 0.865809739441367, 0.865809739441367, 0.8676395849819749, 0.8676395849819749, 0.8679422755649345, 0.8679422755649345, 0.8681565843078636, 0.8681565843078636, 0.8713676690407104, 0.8713676690407104, 0.8716796213253613, 0.8716796213253613, 0.8719758638881562, 0.8719758638881562, 0.8723011811600574, 0.8723011811600574, 0.8741730707230575, 0.8741730707230575, 0.8743638148832029, 0.8743638148832029, 0.8747705384096838, 0.8747705384096838, 0.875190465722911, 0.875190465722911, 0.881331765292066, 0.881331765292066, 0.8821109645651983, 0.8821109645651983, 0.8826970163252147, 0.8826970163252147, 0.8835524048184296, 0.8835524048184296, 0.8848329083501861, 0.8848329083501861, 0.8848772531434098, 0.8848772531434098, 0.8862606612151587, 0.8862606612151587, 0.8870691843254491, 0.8870691843254491, 0.8882244936838711, 0.8882244936838711, 0.8883503033500396, 0.8883503033500396, 0.8895864767431636, 0.8895864767431636, 0.8910095401389255, 0.8910095401389255, 0.8915603182977226, 0.8915603182977226, 0.8917331985110936, 0.8917331985110936, 0.8923121281397461, 0.8923121281397461, 0.8926280957824086, 0.8926280957824086, 0.892862686479674, 0.892862686479674, 0.8930994167472669, 0.8930994167472669, 0.8934740760280195, 0.8934740760280195, 0.8940399777250212, 0.8940399777250212, 0.8946589730062429, 0.8946589730062429, 0.8948414226677218],