{"title": "subpopulation_size_2_2", "popultion": 40, "subpopulation": 80, "number_of_rect": 20, "scores": [0.6201045311996249, 0.6201045311996249, 0.6220618570298074, 0.6220618570298074, 0.6244236642340045, 0.6244236642340045, 0.6252590931738914, 0.6252590931738914, 0.6266270406518362, 0.6266270406518362, 0.6268634485184208, 0.6268634485184208, 0.6305896567894721, 0.6305896567894721, 0.6317831413581876, 0.6317831413581876, 0.6345537823500103, 0.6345537823500103, 0.6359663530584132, 0.6359663530584132, 0.6363693689732994, 0.6363693689732994, 0.6390727307365398, 0.6390727307365398, 0.639436868020751, 0.639436868020751, 0.6422997889738855, 0.6422997889738855, 0.6455199448987368, 0.6455199448987368, 0.645593115273015, 0.645593115273015, 0.6476874761862892, 0.6476874761862892, 0.6494076907295055, 0.6494076907295055, 0.649508997919048, 0.649508997919048, 0.6513043025880008, 0.6513043025880008, 0.6521473226061725, 0.6521473226061725, 0.652317345174243, 0.652317345174243, 0.6536043113807556, 0.6536043113807556, 0.6536367273366746, 0.6536367273366746, 0.6546261613763592, 0.6546261613763592, 0.6546702277323486, 0.6546702277323486, 0.657404921011753, 0.657404921011753, 0.6590930126908761, 0.6590930126908761, 0.6604403558134764, 0.6604403558134764, 0.6639586593979894, 0.6639586593979894, 0.6718158064421583, 0.6718158064421583, 0.6774566810281661, 0.6774566810281661, 0.6811531111697295, 0.6811531111697295, 0.6825701368738826, 0.6825701368738826, 0.6861000175855095, 0.6861000175855095, 0.694411383686509, 0.694411383686509, 0.7040373985169555, 0.7040373985169555, 0.7057442041091474, 0.7057442041091474, 0.7086542542278496, 0.7086542542278496, 0.712444473753627, 0.712444473753627, 0.7145095401389254, 0.7145095401389254, 0.7147344881151265, 0.7147344881151265, 0.7168460388639761, 0.7168460388639761, 0.7191395849819748, 0.7191395849819748, 0.7220218060318297, 0.7220218060318297, 0.7231709458073214, 0.7231709458073214, 0.7241346610393036, 0.7241346610393036, 0.7245733755385562, 0.7245733755385562, 0.728025440370468, 0.728025440370468, 0.728956930156218, 0.728956930156218, 0.7290503824848324, 0.7290503824848324, 0.7327604853600633, 0.7327604853600633, 0.7334074562560451, 0.7334074562560451, 0.7384364723467862, 0.7384364723467862, 0.7445870189630411, 0.7445870189630411, 0.7461282569829127, 0.7461282569829127, 0.749432017351036, 0.749432017351036, 0.752020369881884, 0.752020369881884, 0.7530688472698497, 0.7530688472698497, 0.7544939916175738, 0.7544939916175738, 0.755227380638354, 0.755227380638354, 0.7576839737389724, 0.7576839737389724, 0.758729549517864, 0.758729549517864, 0.7589310941117853, 0.7589310941117853, 0.7601989507312641, 0.7601989507312641, 0.7604290864327794, 0.7604290864327794, 0.7615594683314282, 0.7615594683314282, 0.7622422843576893, 0.7622422843576893, 0.763544828394736, 0.763544828394736, 0.7647106597496995, 0.7647106597496995, 0.7652565139658255, 0.7652565139658255, 0.7657946305577538, 0.7657946305577538, 0.7672972097658196, 0.7672972097658196, 0.7693148392391336, 0.7693148392391336, 0.7694591723086843, 0.7694591723086843, 0.7711293121134851, 0.7711293121134851, 0.7714566370643923, 0.7714566370643923, 0.7737437937805914, 0.7737437937805914, 0.7749319294234884, 0.7749319294234884, 0.7772892230135702, 0.7772892230135702, 0.7794463055775375, 0.7794463055775375, 0.7815128667311468, 0.7815128667311468, 0.7847569829127465, 0.7847569829127465, 0.7858103842433835, 0.7858103842433835, 0.7871332541985404, 0.7871332541985404, 0.7890174536182186, 0.7890174536182186, 0.7918487646179548, 0.7918487646179548, 0.7928837304727572, 0.7928837304727572, 0.7945951229520208, 0.7945951229520208, 0.7976949500278437, 0.7976949500278437, 0.7982985579882177, 0.7982985579882177, 0.8020396406694217, 0.8020396406694217, 0.8028545531815118, 0.8028545531815118, 0.8043370849087019, 0.8043370849087019, 0.8058824262141329, 0.8058824262141329, 0.8093671414754242, 0.8093671414754242, 0.8104428031302207, 0.8104428031302207, 0.81127711832117, 0.81127711832117, 0.8113952343269146, 0.8113952343269146, 0.81780669128638, 0.81780669128638, 0.8182923297869222, 0.8182923297869222, 0.8183215510419415, 0.8183215510419415, 0.8195820364020048, 0.8195820364020048, 0.8196004718778394, 0.8196004718778394, 0.8213527946305578, 0.8213527946305578, 0.8232639584981974, 0.8232639584981974, 0.8242299745010111, 0.8242299745010111, 0.8265227292710806, 0.8265227292710806, 0.8293241449045986, 0.8293241449045986, 0.8301015123538205, 0.8301015123538205, 0.8330475101849409, 0.8330475101849409, 0.8337627861308948, 0.8337627861308948, 0.8345667956270699, 0.8345667956270699, 0.8360560391570679, 0.8360560391570679, 0.836201940267886, 0.836201940267886, 0.8364670271696122, 0.8364670271696122, 0.8377116269527243, 0.8377116269527243, 0.8377594009203083, 0.8377594009203083, 0.8384549078226209, 0.8384549078226209, 0.84241950233008, 0.84241950233008, 0.8436307922272048, 0.8436307922272048, 0.8455745772150415, 0.8455745772150415, 0.8461438494680383, 0.8461438494680383, 0.8465992995105367, 0.8465992995105367, 0.8474844807878308, 0.8474844807878308, 0.8513017380345262, 0.8513017380345262, 0.8527058530437586, 0.8527058530437586, 0.8529758931973387, 0.8529758931973387, 0.8538510800433776, 0.8538510800433776, 0.8548781031097042, 0.8548781031097042, 0.8553433717283625, 0.8553433717283625, 0.8558955420733316, 0.8558955420733316, 0.8566383100325332, 0.8566383100325332, 0.856679137723849, 0.856679137723849, 0.8575456197426654, 0.8575456197426654, 0.8579132594741933, 0.8579132594741933, 0.8580742548140332, 0.8580742548140332, 0.8582401301327706, 0.8582401301327706, 0.8582492452885488, 0.8582492452885488, 0.8584056830504997, 0.8584056830504997, 0.8589211143351212, 0.8589211143351212, 0.8590338374512735, 0.8590338374512735, 0.8605618130660336, 0.8605618130660336, 0.8606200211026115, 0.8606200211026115, 0.8609953544945631, 0.8609953544945631, 0.8623109997362174, 0.8623109997362174, 0.862377209179636, 0.862377209179636, 0.8625400509979777, 0.8625400509979777, 0.8631706966792696, 0.8631706966792696, 0.8632873618804772, 0.8632873618804772, 0.8638039215686275, 0.8638039215686275, 0.8641922828922302, 0.8641922828922302, 0.8645749728890062, 0.8645749728890062, 0.8649882909815645, 0.8649882909815645, 0.8654051847943961, 0.8654051847943961, 0.8654457780122512, 0.8654457780122512, 0.865467789208359, 0.865467789208359, 0.8655179372197309, 0.8655179372197309, 0.8664776077845189, 0.8664776077845189, 0.8666137635921334, 0.8666137635921334, 0.8670047773967584, 0.8670047773967584, 0.867042395732583, 0.867042395732583, 0.867157742020575, 0.867157742020575, 0.867523007708315, 0.867523007708315, 0.8681161083267388, 0.8681161083267388, 0.8683707025411062, 0.8683707025411062, 0.8684730941704035, 0.8684730941704035, 0.8690880594390222, 0.8690880594390222, 0.8695136727336674, 0.8695136727336674, 0.8695774934787068, 0.8695774934787068, 0.8695827251677951, 0.8695827251677951, 0.8698601072716081, 0.8698601072716081, 0.869908951024356, 0.869908951024356, 0.870240980099065, 0.870240980099065, 0.8703993522670652, 0.8703993522670652, 0.8706039010521996, 0.8706039010521996, 0.8707594155748997, 0.8707594155748997, 0.8708166710630441, 0.8708166710630441, 0.8708853571323896],