{"title": "subpopulation_size_2.5_3", "popultion": 40, "subpopulation": 100, "number_of_rect": 20, "scores": [0.6474916615375597, 0.6474916615375597, 0.648277587268091, 0.648277587268091, 0.6494412790527272, 0.6494412790527272, 0.6527635481696415, 0.6527635481696415, 0.655599416747267, 0.655599416747267, 0.6591228054749553, 0.6591228054749553, 0.6601991412409508, 0.6601991412409508, 0.6626834608282774, 0.6626834608282774, 0.6628899586740526, 0.6628899586740526, 0.66341128110437, 0.66341128110437, 0.6634486503121428, 0.6634486503121428, 0.6693122014127026, 0.6693122014127026, 0.6705975409595826, 0.6705975409595826, 0.6725798528679034, 0.6725798528679034, 0.6738150297488203, 0.6738150297488203, 0.6741040622527038, 0.6741040622527038, 0.6765944341862306, 0.6765944341862306, 0.6765949617515168, 0.6765949617515168, 0.6789789120431431, 0.6789789120431431, 0.6823119815938333, 0.6823119815938333, 0.6823153668044197, 0.6823153668044197, 0.686450526099827, 0.686450526099827, 0.6878447639145344, 0.6878447639145344, 0.6894504088630968, 0.6894504088630968, 0.6919366042381079, 0.6919366042381079, 0.6923990591752396, 0.6923990591752396, 0.6938048154986958, 0.6938048154986958, 0.6948211260587942, 0.6948211260587942, 0.6963934171575954, 0.6963934171575954, 0.6994078226208271, 0.6994078226208271, 0.7011650693162168, 0.7011650693162168, 0.7013394442978985, 0.7013394442978985, 0.7030711333860898, 0.7030711333860898, 0.704706131480993, 0.704706131480993, 0.7052785398165244, 0.7052785398165244, 0.7068147806207685, 0.7068147806207685, 0.7110784167179578, 0.7110784167179578, 0.7136193323368212, 0.7136193323368212, 0.7140759107828483, 0.7140759107828483, 0.7161220287816172, 0.7161220287816172, 0.7162279228582316, 0.7162279228582316, 0.7184159119552156, 0.7184159119552156, 0.7188172425921041, 0.7188172425921041, 0.7189007444532372, 0.7189007444532372, 0.7207681643658959, 0.7207681643658959, 0.7246128550074739, 0.7246128550074739, 0.7291287405844251, 0.7291287405844251, 0.7292409654444738, 0.7292409654444738, 0.7311982766200651, 0.7311982766200651, 0.732085099211583, 0.732085099211583, 0.7356015856267769, 0.7356015856267769, 0.737505685981418, 0.737505685981418, 0.7393271490958118, 0.7393271490958118, 0.7418364401066855, 0.7418364401066855, 0.743708300360503, 0.743708300360503, 0.7439728743515344, 0.7439728743515344, 0.7482195843957913, 0.7482195843957913, 0.7542126527741142, 0.7542126527741142, 0.7542401887511357, 0.7542401887511357, 0.7567345320789003, 0.7567345320789003, 0.7604426858934904, 0.7604426858934904, 0.7625513789970397, 0.7625513789970397, 0.7654071778188106, 0.7654071778188106, 0.7663994108854304, 0.7663994108854304, 0.7682335502212843, 0.7682335502212843, 0.7712946891761189, 0.7712946891761189, 0.7729986371230106, 0.7729986371230106, 0.7744131129282804, 0.7744131129282804, 0.7780458835253085, 0.7780458835253085, 0.7838680793692664, 0.7838680793692664, 0.7888313842726926, 0.7888313842726926, 0.792842052815147, 0.792842052815147, 0.7931667692488057, 0.7931667692488057, 0.7973618804771535, 0.7973618804771535, 0.7983438406752836, 0.7983438406752836, 0.7998322928573522, 0.7998322928573522, 0.800434186230546, 0.800434186230546, 0.8010305108590521, 0.8010305108590521, 0.8017120079720976, 0.8017120079720976, 0.8026274070166183, 0.8026274070166183, 0.8026465459128345, 0.8026465459128345, 0.802770347899997, 0.802770347899997, 0.8036993464052288, 0.8036993464052288, 0.8042824232832146, 0.8042824232832146, 0.8046915501626659, 0.8046915501626659, 0.8047351036079604, 0.8047351036079604, 0.8050290600545151, 0.8050290600545151, 0.8052405404613265, 0.8052405404613265, 0.8057279668220053, 0.8057279668220053, 0.807340294264193, 0.807340294264193, 0.8075531815117676, 0.8075531815117676, 0.8077201852340339, 0.8077201852340339, 0.8082342976054397, 0.8082342976054397, 0.808526158445441, 0.808526158445441, 0.8089164981388669, 0.8089164981388669, 0.8098914680969548, 0.8098914680969548, 0.8103846976757818, 0.8103846976757818, 0.8106669890676749, 0.8106669890676749, 0.8109494123508896, 0.8109494123508896, 0.8118017673437088, 0.8118017673437088, 0.8121823910431138, 0.8121823910431138, 0.8145910343210527, 0.8145910343210527, 0.8148419648875993, 0.8148419648875993, 0.8166727922858231, 0.8166727922858231, 0.8170115038541576, 0.8170115038541576, 0.8196706820246783, 0.8196706820246783, 0.8201138222104986, 0.8201138222104986, 0.8212904833084206, 0.8212904833084206, 0.8214118819426126, 0.8214118819426126, 0.824509672030247, 0.824509672030247, 0.8250899205721153, 0.8250899205721153, 0.8261326240511152, 0.8261326240511152, 0.8271147014859755, 0.8271147014859755, 0.8276170169113983, 0.8276170169113983, 0.8280229783991324, 0.8280229783991324, 0.8293502886954482, 0.8293502886954482, 0.8317895600691696, 0.8317895600691696, 0.8330218939593774, 0.8330218939593774, 0.8341493009759957, 0.8341493009759957, 0.8345403147806207, 0.8345403147806207, 0.8352738943110877, 0.8352738943110877, 0.8352957149975087, 0.8352957149975087, 0.8361421348808582, 0.8361421348808582, 0.8372507986752249, 0.8372507986752249, 0.8381116093672147, 0.8381116093672147, 0.8391203435036196, 0.8391203435036196, 0.8395087781001788, 0.8395087781001788, 0.8403738825874146, 0.8403738825874146, 0.8405954600076204, 0.8405954600076204, 0.8422594009203084, 0.8422594009203084, 0.8430162519417334, 0.8430162519417334, 0.8442865412233653, 0.8442865412233653, 0.8447547114510976, 0.8447547114510976, 0.8452479703391073, 0.8452479703391073, 0.845849189601102, 0.845849189601102, 0.8470852164483132, 0.8470852164483132, 0.8481845599226238, 0.8481845599226238, 0.84835213517395, 0.84835213517395, 0.8499766845452681, 0.8499766845452681, 0.8505917377414344, 0.8505917377414344, 0.8522564113836865, 0.8522564113836865, 0.8529511122834784, 0.8529511122834784, 0.8531613323954395, 0.8531613323954395, 0.8542620094375568, 0.8542620094375568, 0.8544658987660834, 0.8544658987660834, 0.856219833523843, 0.856219833523843, 0.8563885225241068, 0.8563885225241068, 0.8569561974266537, 0.8569561974266537, 0.8584116328145608, 0.8584116328145608, 0.8607476919018728, 0.8607476919018728, 0.8609265804976699, 0.8609265804976699, 0.8610612561915648, 0.8610612561915648, 0.862701324775052, 0.862701324775052, 0.8630758375098918, 0.8630758375098918, 0.8632913772384888, 0.8632913772384888, 0.8633740437879187, 0.8633740437879187, 0.8642347079339957, 0.8642347079339957, 0.8648136815264222, 0.8648136815264222, 0.8649950760573287, 0.8649950760573287, 0.8659104311380755, 0.8659104311380755, 0.866319616635892, 0.866319616635892, 0.8667408482077434, 0.8667408482077434, 0.8677682962572174, 0.8677682962572174, 0.868027711832117, 0.868027711832117, 0.868056039157068, 0.868056039157068, 0.8681337964184179, 0.8681337964184179, 0.8693631700811865, 0.8693631700811865, 0.8696936457692195, 0.8696936457692195, 0.8701592807526598, 0.8701592807526598, 0.87103562531141, 0.87103562531141, 0.871267138544506, 0.871267138544506, 0.8734664556405523, 0.8734664556405523, 0.8735227439256719, 0.8735227439256719, 0.8743738825874147, 0.8743738825874147, 0.8757611448166711, 0.8757611448166711, 0.8763845657844602, 0.8763845657844602, 0.8766583282042264, 0.8766583282042264, 0.8772743339488261, 0.8772743339488261, 0.8779630411207832, 0.8779630411207832, 0.8803756704475512, 0.8803756704475512, 0.8811326240511153, 0.8811326240511153, 0.8821452563088016, 0.8821452563088016, 0.8821536973533808, 0.8821536973533808, 0.8832533046103345, 0.8832533046103345, 0.8840787684281486, 0.8840787684281486, 0.8843756411383686, 0.8843756411383686, 0.8850936428383013, 0.8850936428383013, 0.8855448723585099, 0.8855448723585099, 0.8864178170520824, 0.8864178170520824, 0.8872582285530056, 0.8872582285530056, 0.8873683284973182, 0.8873683284973182, 0.8874738122453765, 0.8874738122453765, 0.8880484041150092, 0.8880484041150092, 0.8886553679767871],