{"title": "population_size_40_0", "popultion": 40, "subpopulation": 60, "number_of_rect": 20, "scores": [0.619851666227029], "iters": [0], "finalScore": 0.619851666227029, "finalIter": 5}