{"title": "population_size_2_3", "popultion": 2, "subpopulation": 3, "number_of_rect": 20, "scores": [0.5390783727541839, 0.5390783727541839, 0.5411093085963833, 0.5411093085963833, 0.5424739294821068, 0.5424739294821068, 0.5431175005129107, 0.5431175005129107, 0.5452739382748615, 0.5452739382748615, 0.5463684017702746, 0.5463684017702746, 0.5473506404056391, 0.5473506404056391, 0.5481952724288519, 0.5481952724288519, 0.5491124739881005, 0.5491124739881005, 0.5495282833611771, 0.5495282833611771, 0.5497863507136787, 0.5497863507136787, 0.550601380462499, 0.550601380462499, 0.5537478824115596, 0.5537478824115596, 0.5548058852838594, 0.5548058852838594, 0.5561559541604385, 0.5561559541604385, 0.5562469738269, 0.5562469738269, 0.5566015709721857, 0.5566015709721857, 0.5579147835516867, 0.5579147835516867, 0.5585306427503737, 0.5585306427503737, 0.5594531346170755, 0.5594531346170755, 0.5612028488525456, 0.5612028488525456, 0.562988935783581, 0.562988935783581, 0.5631888390632784, 0.5631888390632784, 0.5645370614613558, 0.5645370614613558, 0.5651060992408922, 0.5651060992408922, 0.5654985052316891, 0.5654985052316891, 0.5661447727072892, 0.5661447727072892, 0.5678386676045606, 0.5678386676045606, 0.5702693660423811, 0.5702693660423811, 0.5749579413230166, 0.5749579413230166, 0.5753221225710015, 0.5753221225710015, 0.57536035639966, 0.57536035639966, 0.5759141680588529, 0.5759141680588529, 0.5777596647029515, 0.5777596647029515, 0.577771022011196, 0.577771022011196, 0.5782832585949178, 0.5782832585949178, 0.5800634983440311, 0.5800634983440311, 0.5805315073712594, 0.5805315073712594, 0.5809418212726047, 0.5809418212726047, 0.5825424396963569, 0.5825424396963569, 0.5829215539728597, 0.5829215539728597, 0.5836035493420089, 0.5836035493420089, 0.5838641226296198, 0.5838641226296198, 0.5846883847709488, 0.5846883847709488, 0.5848115566106862, 0.5848115566106862, 0.5880444034115888, 0.5880444034115888, 0.5880771564231073, 0.5880771564231073, 0.5883702482487764, 0.5883702482487764, 0.5889636712682083, 0.5889636712682083, 0.5896947155543832, 0.5896947155543832, 0.5908655587795657, 0.5908655587795657, 0.5909259796594273, 0.5909259796594273, 0.5924583663061638, 0.5924583663061638, 0.5928215510419415, 0.5928215510419415, 0.5930327823207011, 0.5930327823207011, 0.593107022480143, 0.593107022480143, 0.5943280723350626], "iters": [0, 9, 10, 11, 12, 13, 14, 14, 15, 17, 18, 19, 20, 22, 23, 24, 25, 25, 26, 26, 27, 27, 28, 30, 31, 34, 35, 35, 36, 41, 42, 43, 44, 44, 45, 45, 46, 46, 47, 47, 48, 51, 52, 53, 54, 54, 55, 57, 58, 59, 60, 61, 62, 64, 65, 65, 66, 66, 67, 69, 70, 70, 71, 71, 72, 73, 74, 82, 83, 83, 84, 88, 89, 93, 94, 95, 96, 110, 111, 112, 113, 113, 114, 114, 115, 115, 116, 117, 118, 118, 119, 120, 121, 125, 126, 133, 134, 138, 139, 156, 157, 251, 252, 266, 267, 347, 348, 416, 417, 850, 851, 869, 870], "finalScore": 0.5943280723350626, "finalIter": 1000}