{"title": "population_size_50_0", "popultion": 50, "subpopulation": 75, "number_of_rect": 20, "scores": [0.616068349013746], "iters": [0], "finalScore": 0.616068349013746, "finalIter": 5}