{"title": "subpopulation_size_50_0", "popultion": 30, "subpopulation": 50, "number_of_rect": 20, "scores": [0.6343708637416102], "iters": [0], "finalScore": 0.6343708637416102, "finalIter": 5}