{"title": "subpopulation_size_100_3", "popultion": 30, "subpopulation": 100, "number_of_rect": 20, "scores": [0.6286761481872271], "iters": [0], "finalScore": 0.6286761481872271, "finalIter": 5}