{"title": "population_size_30_2", "popultion": 30, "subpopulation": 45, "number_of_rect": 20, "scores": [0.6420525220551598], "iters": [0], "finalScore": 0.6420525220551598, "finalIter": 5}