{"title": "population_size_40_4", "popultion": 40, "subpopulation": 60, "number_of_rect": 20, "scores": [0.6049745156657581], "iters": [0], "finalScore": 0.6049745156657581, "finalIter": 5}