{"title": "subpopulation_size_1.3_4", "popultion": 40, "subpopulation": 52, "number_of_rect": 20, "scores": [0.6202571294586594, 0.6202571294586594, 0.6209889650927636, 0.6209889650927636, 0.6226598669363111, 0.6226598669363111, 0.6231343972566605, 0.6231343972566605, 0.6234989595240188, 0.6234989595240188, 0.6235953720800727, 0.6235953720800727, 0.6237455523315454, 0.6237455523315454, 0.6254723174770656, 0.6254723174770656, 0.6287505202379906, 0.6287505202379906, 0.6288276913156892, 0.6288276913156892, 0.6290502945572848, 0.6290502945572848, 0.632151894838653, 0.632151894838653, 0.6333077171077699, 0.6333077171077699, 0.6339923796125326, 0.6339923796125326, 0.6399741639555673, 0.6399741639555673, 0.6402640171165626, 0.6402640171165626, 0.6445266713561358, 0.6445266713561358, 0.6466305724083355, 0.6466305724083355, 0.646953163926258, 0.646953163926258, 0.6470160760866379, 0.6470160760866379, 0.6472143673612943, 0.6472143673612943, 0.6474677452445852, 0.6474677452445852, 0.6478838916732612, 0.6478838916732612, 0.6483783668923473, 0.6483783668923473, 0.6486808816202116, 0.6486808816202116, 0.6492166095137606, 0.6492166095137606, 0.6495017438963627, 0.6495017438963627, 0.6500659749699581, 0.6500659749699581, 0.6510862569242943, 0.6510862569242943, 0.6511636917846362, 0.6511636917846362, 0.6513518420821243, 0.6513518420821243, 0.6528308713619977, 0.6528308713619977, 0.6531732905419267, 0.6531732905419267, 0.6547818370995633, 0.6547818370995633, 0.654909991500337, 0.654909991500337, 0.6552904833084205, 0.6552904833084205, 0.6555962513555497, 0.6555962513555497, 0.6563894750725403, 0.6563894750725403, 0.6571925906386471, 0.6571925906386471, 0.6581625780356986, 0.6581625780356986, 0.6585848061197573, 0.6585848061197573, 0.6587677247281574, 0.6587677247281574, 0.6590172044901668, 0.6590172044901668, 0.6594850962806647, 0.6594850962806647, 0.6598246431607022, 0.6598246431607022, 0.6600418535127055, 0.6600418535127055, 0.6600795304668954, 0.6600795304668954, 0.6603457311175591, 0.6603457311175591, 0.6615349072364372, 0.6615349072364372, 0.6634989595240188, 0.6634989595240188, 0.6650560977754331, 0.6650560977754331, 0.6659938597262522, 0.6659938597262522, 0.6660173510360796, 0.6660173510360796, 0.6666151997420793, 0.6666151997420793, 0.6677112752425335, 0.6677112752425335, 0.6683127729417626, 0.6683127729417626, 0.6683685922799614, 0.6683685922799614, 0.6693924206453883, 0.6693924206453883, 0.6698223716990533, 0.6698223716990533, 0.6705726867727659, 0.6705726867727659, 0.671313256543275, 0.671313256543275, 0.6718469181394531, 0.6718469181394531, 0.6737803423312524, 0.6737803423312524, 0.6749949148568246, 0.6749949148568246, 0.6757357044462029, 0.6757357044462029, 0.6761878132418887, 0.6761878132418887, 0.6771759576775404, 0.6771759576775404, 0.6776069492071866, 0.6776069492071866, 0.6795309944605645, 0.6795309944605645, 0.6808162167707142, 0.6808162167707142, 0.6812511943491896, 0.6812511943491896, 0.6824894486942759, 0.6824894486942759, 0.6840513350332659, 0.6840513350332659, 0.6846982180016999, 0.6846982180016999, 0.6856618892699082, 0.6856618892699082, 0.6867743925671913, 0.6867743925671913, 0.6898214924235764, 0.6898214924235764, 0.692236994050236, 0.692236994050236, 0.693253128755239, 0.693253128755239, 0.6949067381810721, 0.6949067381810721, 0.6959742079193412, 0.6959742079193412, 0.6964772853835106, 0.6964772853835106, 0.6972168439872212, 0.6972168439872212, 0.6990742694686245, 0.6990742694686245, 0.7002684574577216, 0.7002684574577216, 0.7017361587385327, 0.7017361587385327, 0.701957912013834, 0.701957912013834, 0.702279082036402, 0.702279082036402, 0.7047072012661567, 0.7047072012661567, 0.7053405140830622, 0.7053405140830622, 0.7075092910108738, 0.7075092910108738, 0.7092815000439637, 0.7092815000439637, 0.7093613822210498, 0.7093613822210498, 0.7110958703361763, 0.7110958703361763, 0.7138262991295172, 0.7138262991295172, 0.713896494621765, 0.713896494621765, 0.7156876520413846, 0.7156876520413846, 0.7186242123157185, 0.7186242123157185, 0.7201277440722178, 0.7201277440722178, 0.7212713004484306, 0.7212713004484306, 0.7240630587062926, 0.7240630587062926, 0.7256826987895307, 0.7256826987895307, 0.727105000146546, 0.727105000146546, 0.7275324892288755, 0.7275324892288755, 0.7275457516339869, 0.7275457516339869, 0.7279329112811044, 0.7279329112811044, 0.731578065007767, 0.731578065007767, 0.7330918110143908, 0.7330918110143908, 0.7355784606817316, 0.7355784606817316, 0.7363924939183446, 0.7363924939183446, 0.7383586857762536, 0.7383586857762536, 0.7426724112664498, 0.7426724112664498, 0.744149828541282, 0.744149828541282, 0.7448744541164747, 0.7448744541164747, 0.7468628183709957, 0.7468628183709957, 0.7480119581464872, 0.7480119581464872, 0.7480593950584719, 0.7480593950584719, 0.7490562443213459, 0.7490562443213459, 0.7493330402415077, 0.7493330402415077, 0.7497762830094669, 0.7497762830094669, 0.7502835516867434, 0.7502835516867434, 0.7502850024912805, 0.7502850024912805, 0.7509520062135466, 0.7509520062135466, 0.7516449632169759, 0.7516449632169759, 0.7524945924558164, 0.7524945924558164, 0.7527629766405814, 0.7527629766405814, 0.7542924030598787, 0.7542924030598787, 0.7542946745215275, 0.7542946745215275, 0.7545742841232158, 0.7545742841232158, 0.755745684222867, 0.755745684222867, 0.75588776048536, 0.75588776048536, 0.7571761774964096, 0.7571761774964096, 0.7572905712359682, 0.7572905712359682, 0.7576260001758551, 0.7576260001758551, 0.7584809783405141, 0.7584809783405141, 0.7592908936369764, 0.7592908936369764, 0.7604130543099152, 0.7604130543099152, 0.7611768809167913, 0.7611768809167913, 0.7612605879422023, 0.7612605879422023, 0.7613731205486679, 0.7613731205486679, 0.7619436384419238, 0.7619436384419238, 0.7620814209091709, 0.7620814209091709, 0.7625848500835312, 0.7625848500835312, 0.7627164776224391, 0.7627164776224391, 0.7640320349365456, 0.7640320349365456, 0.7641279052727219, 0.7641279052727219, 0.7650279316509863, 0.7650279316509863, 0.7650431870805123, 0.7650431870805123, 0.7651181306603358, 0.7651181306603358, 0.7656415193880243, 0.7656415193880243, 0.7658869251736569, 0.7658869251736569, 0.7659612532606466, 0.7659612532606466, 0.7670815234913098, 0.7670815234913098, 0.7672294176265424, 0.7672294176265424, 0.7687588440458396, 0.7687588440458396, 0.7692768545385269, 0.7692768545385269, 0.7704257305313755, 0.7704257305313755, 0.7706768369530174, 0.7706768369530174, 0.7710869310354934, 0.7710869310354934, 0.7713097540959583, 0.7713097540959583, 0.7721187901169436, 0.7721187901169436, 0.7721780386295026, 0.7721780386295026, 0.772422037574372, 0.772422037574372, 0.772819616635892, 0.772819616635892, 0.7736158445440957, 0.7736158445440957, 0.773662035815821, 0.773662035815821, 0.774828453354436, 0.774828453354436, 0.7770387320847622, 0.7770387320847622, 0.7771826987895307, 0.7771826987895307, 0.7774235909610481, 0.7774235909610481, 0.7781218675811131, 0.7781218675811131, 0.7783285119728011, 0.7783285119728011, 0.7789079984759225, 0.7789079984759225, 0.7795868137987632, 0.7795868137987632, 0.779733638148832, 0.779733638148832, 0.7800408276913157],