{"title": "subpopulation_size_1.3_1", "popultion": 50, "subpopulation": 65, "number_of_rect": 20, "scores": [0.6126241683519447], "iters": [0], "finalScore": 0.6126241683519447, "finalIter": 5}