{"title": "subpopulation_size_1.1_4", "popultion": 50, "subpopulation": 55, "number_of_rect": 20, "scores": [0.6411666520120753], "iters": [0], "finalScore": 0.6411666520120753, "finalIter": 5}