{"title": "subpopulation_size_2_4", "popultion": 40, "subpopulation": 80, "number_of_rect": 20, "scores": [0.6803114686831384, 0.6803114686831384, 0.6803465371200796, 0.6803465371200796, 0.6822350742987777, 0.6822350742987777, 0.6847601189952812, 0.6847601189952812, 0.6867858231483924, 0.6867858231483924, 0.6877762243911018, 0.6877762243911018, 0.6880709428764031, 0.6880709428764031, 0.6903781177642956, 0.6903781177642956, 0.6916398048008441, 0.6916398048008441, 0.6917427826137929, 0.6917427826137929, 0.6924487382396904, 0.6924487382396904, 0.6938079369266392, 0.6938079369266392, 0.6944860781382807, 0.6944860781382807, 0.6955501626659633, 0.6955501626659633, 0.6966231278759636, 0.6966231278759636, 0.6969077640024619, 0.6969077640024619, 0.6972564846566429, 0.6972564846566429, 0.7002667575251327, 0.7002667575251327, 0.701001245640259, 0.701001245640259, 0.7033154693865589, 0.7033154693865589, 0.7040872827456842, 0.7040872827456842, 0.7042668454526804, 0.7042668454526804, 0.7073699551569507, 0.7073699551569507, 0.7102297546821419, 0.7102297546821419, 0.7103415252498608, 0.7103415252498608, 0.7111509129810369, 0.7111509129810369, 0.7124982267944546, 0.7124982267944546, 0.7130788710102876, 0.7130788710102876, 0.7133420674697383, 0.7133420674697383, 0.7135894516251942, 0.7135894516251942, 0.7150933644010669, 0.7150933644010669, 0.715106861279639, 0.715106861279639, 0.7165356839297752, 0.7165356839297752, 0.7167795802925057, 0.7167795802925057, 0.7172840352882558, 0.7172840352882558, 0.7196504733432985, 0.7196504733432985, 0.7198222691169143, 0.7198222691169143, 0.7199000556874469, 0.7199000556874469, 0.7201641460769659, 0.7201641460769659, 0.722243148978575, 0.722243148978575, 0.722671444063425, 0.722671444063425, 0.7228899586740526, 0.7228899586740526, 0.7241337964184178, 0.7241337964184178, 0.7246834461736862, 0.7246834461736862, 0.7247025704153112, 0.7247025704153112, 0.7275863008880682, 0.7275863008880682, 0.7292460359330578, 0.7292460359330578, 0.7320118702189395, 0.7320118702189395, 0.7332109528415253, 0.7332109528415253, 0.7358141797825258, 0.7358141797825258, 0.7370986840177027, 0.7370986840177027, 0.7381298836425452, 0.7381298836425452, 0.7392475600105513, 0.7392475600105513, 0.7402399689322665, 0.7402399689322665, 0.7409489287493771, 0.7409489287493771, 0.7423367918168762, 0.7423367918168762, 0.7440579735631173, 0.7440579735631173, 0.7440932032005627, 0.7440932032005627, 0.7457041384565783, 0.7457041384565783, 0.7461310999736217, 0.7461310999736217, 0.7479304786189513, 0.7479304786189513, 0.7486197133561945, 0.7486197133561945, 0.7489346551774672, 0.7489346551774672, 0.7489542630206043, 0.7489542630206043, 0.7494558017526891, 0.7494558017526891, 0.7497137079046865, 0.7497137079046865, 0.7501501802514727, 0.7501501802514727, 0.751111829186084, 0.751111829186084, 0.7515778158797151, 0.7515778158797151, 0.7527607637972977, 0.7527607637972977, 0.7528436648201882, 0.7528436648201882, 0.7532512969313285, 0.7532512969313285, 0.7546130455171605, 0.7546130455171605, 0.7553138573815177, 0.7553138573815177, 0.7568181365221724, 0.7568181365221724, 0.7582500366364782, 0.7582500366364782, 0.7611152730150357, 0.7611152730150357, 0.7613718309446349, 0.7613718309446349, 0.764190260558633, 0.764190260558633, 0.7672450687300332, 0.7672450687300332, 0.7724642867610423, 0.7724642867610423, 0.7736803540549254, 0.7736803540549254, 0.7744805240481842, 0.7744805240481842, 0.7830824320759694, 0.7830824320759694, 0.7895365778598435, 0.7895365778598435, 0.7909356956534482, 0.7909356956534482, 0.7942948796858056, 0.7942948796858056, 0.7957604560508807, 0.7957604560508807, 0.7968790263489551, 0.7968790263489551, 0.7999545854216126, 0.7999545854216126, 0.8013735748409977, 0.8013735748409977, 0.8025006301474252, 0.8025006301474252, 0.8037311175591313, 0.8037311175591313, 0.8047891790497963, 0.8047891790497963, 0.8053319851109353, 0.8053319851109353, 0.8056322283771505, 0.8056322283771505, 0.8063072188516662, 0.8063072188516662, 0.8065762185292652, 0.8065762185292652, 0.8090520970720126, 0.8090520970720126, 0.8095324452651016, 0.8095324452651016, 0.8113924352999795, 0.8113924352999795, 0.813028078196899, 0.813028078196899, 0.8144050968668484, 0.8144050968668484, 0.8146481432632844, 0.8146481432632844, 0.816200650663853, 0.816200650663853, 0.8165014214953545, 0.8165014214953545, 0.8171132067176646, 0.8171132067176646, 0.8180151088836132, 0.8180151088836132, 0.8198500688765791, 0.8198500688765791, 0.8200241800756177, 0.8200241800756177, 0.8225537237316451, 0.8225537237316451, 0.8232801811307483, 0.8232801811307483, 0.8242251677950702, 0.8242251677950702, 0.8246699492951142, 0.8246699492951142, 0.8253013277059703, 0.8253013277059703, 0.8267776019226825, 0.8267776019226825, 0.8268408511386618, 0.8268408511386618, 0.8281362583897536, 0.8281362583897536, 0.8282557079633049, 0.8282557079633049, 0.8289707640903895, 0.8289707640903895, 0.8301831384272693, 0.8301831384272693, 0.8302517365690671, 0.8302517365690671, 0.8305174096544448, 0.8305174096544448, 0.8314573844485478, 0.8314573844485478, 0.8325003370555994, 0.8325003370555994, 0.832638764324863, 0.832638764324863, 0.8332196283595651, 0.8332196283595651, 0.8361070371347343, 0.8361070371347343, 0.8365274920132477, 0.8365274920132477, 0.8367049004953252, 0.8367049004953252, 0.8396964887599285, 0.8396964887599285, 0.8403258888009614, 0.8403258888009614, 0.8415020223335972, 0.8415020223335972, 0.8416649960432604, 0.8416649960432604, 0.8417210791641021, 0.8417210791641021, 0.8437592397198042, 0.8437592397198042, 0.8444715847475014, 0.8444715847475014, 0.8448112635188605, 0.8448112635188605, 0.8466406840763211, 0.8466406840763211, 0.8507122277909669, 0.8507122277909669, 0.8524724200592045, 0.8524724200592045, 0.8538122160672938, 0.8538122160672938, 0.854822928573522, 0.854822928573522, 0.8566557636507518, 0.8566557636507518, 0.8577541692312202, 0.8577541692312202, 0.859447521908614, 0.859447521908614, 0.861031639262581, 0.861031639262581, 0.8623492775286498, 0.8623492775286498, 0.8641847064685366, 0.8641847064685366, 0.8688781177642956, 0.8688781177642956, 0.8696080922653067, 0.8696080922653067, 0.869792007385914, 0.869792007385914, 0.8715360649491486, 0.8715360649491486, 0.8729676573170374, 0.8729676573170374, 0.8754559776077845, 0.8754559776077845, 0.876632301650107, 0.876632301650107, 0.8779404583956153, 0.8779404583956153, 0.8797786717078461, 0.8797786717078461, 0.8809752190861397, 0.8809752190861397, 0.8815745625604502, 0.8815745625604502, 0.8844782086227615, 0.8844782086227615, 0.8852614379084968, 0.8852614379084968, 0.8853452475160468, 0.8853452475160468, 0.885892874937718, 0.885892874937718, 0.8865569477417274, 0.8865569477417274, 0.8866595298807116, 0.8866595298807116, 0.8885472170931152, 0.8885472170931152, 0.8901722061021718, 0.8901722061021718, 0.8902866731146868, 0.8902866731146868, 0.8903719921451391, 0.8903719921451391, 0.8913647234678624, 0.8913647234678624, 0.8919570620475394, 0.8919570620475394, 0.8921515724376448, 0.8921515724376448, 0.8926146135584279, 0.8926146135584279, 0.8928826606875935, 0.8928826606875935, 0.8934926873589496, 0.8934926873589496, 0.8935697851636918, 0.8935697851636918, 0.8938198511093526, 0.8938198511093526, 0.8940098039215686, 0.8940098039215686, 0.8944051115214396, 0.8944051115214396, 0.8946752835663413, 0.8946752835663413, 0.895248219467159, 0.895248219467159, 0.8952708168469181],