{"title": "population_size_30_2", "popultion": 30, "subpopulation": 45, "number_of_rect": 20, "scores": [0.6743277499340543, 0.6743277499340543, 0.6748031302206982, 0.6748031302206982, 0.675011166798558, 0.675011166798558, 0.6752485565227586, 0.6752485565227586, 0.6760269937571441, 0.6760269937571441, 0.6762725021249157, 0.6762725021249157, 0.6765303056947741, 0.6765303056947741, 0.6770618716843988, 0.6770618716843988, 0.6772945572847973, 0.6772945572847973, 0.6776065242240394, 0.6776065242240394, 0.6778708344324277, 0.6778708344324277, 0.678309226530672, 0.678309226530672, 0.6790781236261321, 0.6790781236261321, 0.6791340455464697, 0.6791340455464697, 0.6793691784636127, 0.6793691784636127, 0.6797455962953194, 0.6797455962953194, 0.6797647058823529, 0.6797647058823529, 0.6797683109118087, 0.6797683109118087, 0.6798419941967818, 0.6798419941967818, 0.6799688589935227, 0.6799688589935227, 0.68014181247985, 0.68014181247985, 0.6804582490694334, 0.6804582490694334, 0.6813953515636448, 0.6813953515636448, 0.6815215129400041, 0.6815215129400041, 0.6817412731908907, 0.6817412731908907, 0.6820035757202731, 0.6820035757202731, 0.6821800023447346, 0.6821800023447346, 0.6822421378117765, 0.6822421378117765, 0.6830671473372607, 0.6830671473372607, 0.6833368943990152, 0.6833368943990152, 0.6845166915794718, 0.6845166915794718, 0.6852595767754037, 0.6852595767754037, 0.6857400861689967, 0.6857400861689967, 0.6861309973914828, 0.6861309973914828, 0.6862866731146868, 0.6862866731146868, 0.686431548404115, 0.686431548404115, 0.6866272018523404, 0.6866272018523404, 0.6870572554881444, 0.6870572554881444, 0.6873682845335444, 0.6873682845335444, 0.6876633107652628, 0.6876633107652628, 0.6880884990767607, 0.6880884990767607, 0.6882920953134617, 0.6882920953134617, 0.6886427650282834, 0.6886427650282834, 0.6894385972625223, 0.6894385972625223, 0.6917205662534072, 0.6917205662534072, 0.6933597262522349, 0.6933597262522349, 0.693568451595885, 0.693568451595885, 0.6944679650634544, 0.6944679650634544, 0.6945675137020428, 0.6945675137020428, 0.6960635862715789, 0.6960635862715789, 0.6963247310882499, 0.6963247310882499, 0.6970685981417979, 0.6970685981417979, 0.697657170491515, 0.697657170491515, 0.6986145842492453, 0.6986145842492453, 0.6986888244086873, 0.6986888244086873, 0.6988855622966675, 0.6988855622966675, 0.6991819953691492, 0.6991819953691492, 0.6993622761511182, 0.6993622761511182, 0.6994544388756998, 0.6994544388756998, 0.7005525513643425, 0.7005525513643425, 0.7007437498168176, 0.7007437498168176, 0.7008498490577098, 0.7008498490577098, 0.7009038219174067, 0.7009038219174067, 0.7011604677745538, 0.7011604677745538, 0.7017804302588, 0.7017804302588, 0.7020897886807937, 0.7020897886807937, 0.7023070869603447, 0.7023070869603447, 0.7028931094111786, 0.7028931094111786, 0.7029366482018817, 0.7029366482018817, 0.7034605205310824, 0.7034605205310824, 0.7036441425598641, 0.7036441425598641, 0.7038016647615698, 0.7038016647615698, 0.7045733755385563, 0.7045733755385563, 0.7046695975849233, 0.7046695975849233, 0.7048460535185674, 0.7048460535185674, 0.7055251179694598, 0.7055251179694598, 0.7055579442539348, 0.7055579442539348, 0.7058581582109675, 0.7058581582109675, 0.7064919985931593, 0.7064919985931593, 0.7065948298601952, 0.7065948298601952, 0.7073639174653419, 0.7073639174653419, 0.707694393153375, 0.707694393153375, 0.7081528473870864, 0.7081528473870864, 0.7087450540754419, 0.7087450540754419, 0.7088764471408893, 0.7088764471408893, 0.7092951727776312, 0.7092951727776312, 0.7095235059644187, 0.7095235059644187, 0.71018565901697, 0.71018565901697, 0.7102737917289487, 0.7102737917289487, 0.7158339927899411, 0.7158339927899411, 0.7168936955948298, 0.7168936955948298, 0.7173934025030042, 0.7173934025030042, 0.7181097482341218, 0.7181097482341218, 0.7195968082300185, 0.7195968082300185, 0.7203016354523872, 0.7203016354523872, 0.7203661889269908, 0.7203661889269908, 0.7204526363609719, 0.7204526363609719, 0.7205552331545473, 0.7205552331545473, 0.7212848999091415, 0.7212848999091415, 0.7213441777308831, 0.7213441777308831, 0.7214877487616871, 0.7214877487616871, 0.7218991910665611, 0.7218991910665611, 0.7220201500630148, 0.7220201500630148, 0.7221486415193881, 0.7221486415193881, 0.7222573932413026, 0.7222573932413026, 0.7223576892640464, 0.7223576892640464, 0.7230503824848324, 0.7230503824848324, 0.7233839063278525, 0.7233839063278525, 0.7239846273337437, 0.7239846273337437, 0.724149828541282, 0.724149828541282, 0.7242464022978399, 0.7242464022978399, 0.7252320847621561, 0.7252320847621561, 0.72529298924353, 0.72529298924353, 0.7258739412057797, 0.7258739412057797, 0.7260414724933322, 0.7260414724933322, 0.7267476919018729, 0.7267476919018729, 0.7268832908350187, 0.7268832908350187, 0.727891687915824, 0.727891687915824, 0.7280139365163105, 0.7280139365163105, 0.7284872358509922, 0.7284872358509922, 0.7285677042117296, 0.7285677042117296, 0.7286525249860781, 0.7286525249860781, 0.7287707142647792, 0.7287707142647792, 0.7290957091356722, 0.7290957091356722, 0.7291109938743809, 0.7291109938743809, 0.7293081714000997, 0.7293081714000997, 0.7298776927811483, 0.7298776927811483, 0.7298955860371055, 0.7298955860371055, 0.729962264427445, 0.729962264427445, 0.7308288783375831, 0.7308288783375831, 0.7314358715085436, 0.7314358715085436, 0.7316130601717519, 0.7316130601717519, 0.7317274099475366, 0.7317274099475366, 0.7319003341246813, 0.7319003341246813, 0.7322776458864562, 0.7322776458864562, 0.7323436794747795, 0.7323436794747795, 0.7324421290190217, 0.7324421290190217, 0.7327354113543774, 0.7327354113543774, 0.7328509628066473, 0.7328509628066473, 0.732988056508104, 0.732988056508104, 0.7333202174741347, 0.7333202174741347, 0.7335350830915326, 0.7335350830915326, 0.733931753568393, 0.733931753568393, 0.7346521293121135, 0.7346521293121135, 0.7347065271549577, 0.7347065271549577, 0.7347998329376593, 0.7347998329376593, 0.7350384829567103, 0.7350384829567103, 0.7350750608165538, 0.7350750608165538, 0.7351850728333187, 0.7351850728333187, 0.7354515226120344, 0.7354515226120344, 0.7359078812391922, 0.7359078812391922, 0.7360831648055336, 0.7360831648055336, 0.736149725959143, 0.736149725959143, 0.7363901491837392, 0.7363901491837392, 0.7366776576101293, 0.7366776576101293, 0.7366889709546001, 0.7366889709546001, 0.7367121545180105, 0.7367121545180105, 0.7367982795509833, 0.7367982795509833, 0.7372139423781471, 0.7372139423781471, 0.7373673466397022, 0.7373673466397022, 0.7377140156511035, 0.7377140156511035, 0.7378494240745626, 0.7378494240745626, 0.7382694246607462, 0.7382694246607462, 0.7387876989360767, 0.7387876989360767, 0.7388825434508631, 0.7388825434508631, 0.740623259767285, 0.740623259767285, 0.7412384302001818, 0.7412384302001818, 0.7417771036665788, 0.7417771036665788, 0.7423729886573464, 0.7423729886573464, 0.742572437644714, 0.742572437644714, 0.7441334740174097, 0.7441334740174097, 0.7443613822210497, 0.7443613822210497, 0.7458717723262698, 0.7458717723262698, 0.7462016178668777, 0.7462016178668777, 0.747973372607638, 0.747973372607638, 0.7489685952108796, 0.7489685952108796, 0.7490976288871303, 0.7490976288871303, 0.7491970749435798, 0.7491970749435798, 0.7494444590990357, 0.7494444590990357, 0.7494553474603594, 0.7494553474603594, 0.7495411500923239, 0.7495411500923239, 0.750025748116885, 0.750025748116885, 0.7502300331193763, 0.7502300331193763, 0.7504635247222955, 0.7504635247222955, 0.750883569272253, 0.750883569272253, 0.7508975057885636, 0.7508975057885636, 0.7510108150883672, 0.7510108150883672, 0.7511185263343005, 0.7511185263343005, 0.7513877165215862, 0.7513877165215862, 0.7514345965591019, 0.7514345965591019, 0.7515461033441777, 0.7515461033441777, 0.753253700284299, 0.753253700284299, 0.753741390427621, 0.753741390427621, 0.7537671385445059, 0.7537671385445059, 0.7538764911046631, 0.7538764911046631, 0.754232084762156, 0.754232084762156, 0.7544865763943843, 0.7544865763943843, 0.7548454526803248, 0.7548454526803248, 0.7548880535771857, 