{"title": "population_size_50_4", "popultion": 50, "subpopulation": 75, "number_of_rect": 20, "scores": [0.6430437439549811, 0.6430437439549811, 0.6468655148157918, 0.6468655148157918, 0.6476490078841701, 0.6476490078841701, 0.6480619303027638, 0.6480619303027638, 0.654090785193001, 0.654090785193001, 0.656152671531991, 0.656152671531991, 0.657344119112518, 0.657344119112518, 0.659962103226941, 0.659962103226941, 0.6610391863770919, 0.6610391863770919, 0.6638849028400597, 0.6638849028400597, 0.6653165831354964, 0.6653165831354964, 0.6670096427210646, 0.6670096427210646, 0.670317550338521, 0.670317550338521, 0.6727678712740701, 0.6727678712740701, 0.6767956563791435, 0.6767956563791435, 0.6773692370819777, 0.6773692370819777, 0.6787389577654679, 0.6787389577654679, 0.6797412145725256, 0.6797412145725256, 0.6858628476801782, 0.6858628476801782, 0.6878783522377561, 0.6878783522377561, 0.6946498725050558, 0.6946498725050558, 0.6956072129898296, 0.6956072129898296, 0.6965343357073772, 0.6965343357073772, 0.6970197836982327, 0.6970197836982327, 0.6994835135848061, 0.6994835135848061, 0.7013231044286174, 0.7013231044286174, 0.7023738679328233, 0.7023738679328233, 0.7056943491896011, 0.7056943491896011, 0.7057589612825699, 0.7057589612825699, 0.7066424572818664, 0.7066424572818664, 0.7078584806119756, 0.7078584806119756, 0.7093186640874587, 0.7093186640874587, 0.7121703742782614, 0.7121703742782614, 0.7128355461766172, 0.7128355461766172, 0.7144140801313051, 0.7144140801313051, 0.7190899352267065, 0.7190899352267065, 0.720714191506199, 0.720714191506199, 0.7247443506550602, 0.7247443506550602, 0.7276842814853894, 0.7276842814853894, 0.7279699873970515, 0.7279699873970515, 0.7300431431167385, 0.7300431431167385, 0.7309519036314077, 0.7309519036314077, 0.732370643922741, 0.732370643922741, 0.7358925378821185, 0.7358925378821185, 0.7362549019607844, 0.7362549019607844, 0.7381100120167648, 0.7381100120167648, 0.7387172836249597, 0.7387172836249597, 0.74067195697412, 0.74067195697412, 0.7417526158445441, 0.7417526158445441, 0.7457345027697178, 0.7457345027697178, 0.747708197778364, 0.747708197778364, 0.7482125501919752, 0.7482125501919752, 0.7493058999384508, 0.7493058999384508, 0.7531978956006917, 0.7531978956006917, 0.7567743779126, 0.7567743779126, 0.7585494445909904, 0.7585494445909904, 0.7607434274158094, 0.7607434274158094, 0.7614895805855975, 0.7614895805855975, 0.7629243090360209, 0.7629243090360209, 0.7633111609367215, 0.7633111609367215, 0.7654656496380317, 0.7654656496380317, 0.7679285295583106, 0.7679285295583106, 0.769833318678742, 0.769833318678742, 0.771138192795803, 0.771138192795803, 0.7724197368035406, 0.7724197368035406, 0.7729177144699434, 0.7729177144699434, 0.7730495911369032, 0.7730495911369032, 0.7733752601189953, 0.7733752601189953, 0.7738028517834638, 0.7738028517834638, 0.7795834139335854, 0.7795834139335854, 0.7812290952255342, 0.7812290952255342, 0.7812361880477153, 0.7812361880477153, 0.781403323661303, 0.781403323661303, 0.7844046425745186, 0.7844046425745186, 0.7857320701075647, 0.7857320701075647, 0.7865833113514464, 0.7865833113514464, 0.7888706878865148, 0.7888706878865148, 0.7905255869163809, 0.7905255869163809, 0.7912187490840881, 0.7912187490840881, 0.7930679240305988, 0.7930679240305988, 0.7931503854157508, 0.7931503854157508, 0.7938485741082681, 0.7938485741082681, 0.7957437791260001, 0.7957437791260001, 0.7973091532577157, 0.7973091532577157, 0.8002494797620094, 0.8002494797620094, 0.8005101995955333, 0.8005101995955333, 0.8018628037164044, 0.8018628037164044, 0.8018978281895718, 0.8018978281895718, 0.8022979864591576, 0.8022979864591576, 0.803442715202673, 0.803442715202673, 0.8045114012720185, 0.8045114012720185, 0.8046969870160321, 0.8046969870160321, 0.8050528004923942, 0.8050528004923942, 0.8055656379143585, 0.8055656379143585, 0.8066701398048008, 0.8066701398048008, 0.8084573551393652, 0.8084573551393652, 0.8097406283888742, 0.8097406283888742, 0.8104417479996483, 0.8104417479996483, 0.8106730560684663, 0.8106730560684663, 0.8116556464140215, 0.8116556464140215, 0.8118602977812949, 0.8118602977812949, 0.8122862627861309, 0.8122862627861309, 0.8134418505817873, 0.8134418505817873, 0.8135162226325507, 0.8135162226325507, 0.8136260734488114, 0.8136260734488114, 0.8142079926140859, 0.8142079926140859, 0.8153508162607345, 0.8153508162607345, 0.8176815996951845, 0.8176815996951845, 0.819355080746798, 0.819355080746798, 0.8196436149945778, 0.8196436149945778, 0.8213685776253701, 0.8213685776253701, 0.8219069726545327, 0.8219069726545327, 0.823458791289311, 0.823458791289311, 0.8275714704416894, 0.8275714704416894, 0.8295101702863508, 0.8295101702863508, 0.8296699053313403, 0.8296699053313403, 0.8309149740613735, 0.8309149740613735, 0.8315146692458748, 0.8315146692458748, 0.8332552829801576, 0.8332552829801576, 0.8336872270582374, 0.8336872270582374, 0.8336918725636742, 0.8336918725636742, 0.835773337436619, 0.835773337436619, 0.8362643395175708, 0.8362643395175708, 0.8378255370907706, 0.8378255370907706, 0.8382183973738973, 0.8382183973738973, 0.8387914798206277, 0.8387914798206277, 0.8388321609660306, 0.8388321609660306, 0.8408667164922771, 0.8408667164922771, 0.8426363463173012, 0.8426363463173012, 0.8448807555907266, 0.8448807555907266, 0.8454428470939945, 0.8454428470939945, 0.846625428646795, 0.846625428646795, 0.8486187314985785, 0.8486187314985785, 0.8486237873325713, 0.8486237873325713, 0.8487087253436502, 0.8487087253436502, 0.8487946159031624, 0.8487946159031624, 0.8488202907470911, 0.8488202907470911, 0.8488928456285354, 0.8488928456285354, 0.8493301239778422, 0.8493301239778422, 0.8503315894369706, 0.8503315894369706, 0.8512736891468097, 0.8512736891468097, 0.8522334036753715, 0.8522334036753715, 0.8529340250300419, 0.8529340250300419, 0.8538108824994871, 0.8538108824994871, 0.8538249509071192, 0.8538249509071192, 0.8538817960667077, 0.8538817960667077, 0.8548767841964888, 0.8548767841964888, 0.85544359447815, 0.85544359447815, 0.8560001172367303, 0.8560001172367303, 0.85672014127026, 0.85672014127026, 0.8569270347899998, 0.8569270347899998, 0.8579493390779331, 0.8579493390779331, 0.8599597438377443, 0.8599597438377443, 0.8612627861308948, 0.8612627861308948, 0.8612820862276152, 0.8612820862276152, 0.861385430405346, 0.861385430405346, 0.8615058618365133, 0.8615058618365133, 0.8629267856619479, 0.8629267856619479, 0.863304361206366, 0.863304361206366, 0.8635717781881064, 0.8635717781881064, 0.8646205193587151, 0.8646205193587151, 0.8657187197749054, 0.8657187197749054, 0.8663067059409713, 0.8663067059409713, 0.8670437293003899, 0.8670437293003899, 0.8670959875729066, 0.8670959875729066, 0.8671054251296931],