{"title": "subpopulation_size_2_3", "popultion": 50, "subpopulation": 100, "number_of_rect": 20, "scores": [0.6379866496673408], "iters": [0], "finalScore": 0.6379866496673408, "finalIter": 5}