{"title": "population_size_15_2", "popultion": 15, "subpopulation": 22, "number_of_rect": 20, "scores": [0.6165886602772648], "iters": [0], "finalScore": 0.6165886602772648, "finalIter": 5}