{"title": "population_size_40_2", "popultion": 40, "subpopulation": 60, "number_of_rect": 20, "scores": [0.6483655441249743], "iters": [0], "finalScore": 0.6483655441249743, "finalIter": 5}