{"title": "population_size_100_4", "popultion": 100, "subpopulation": 150, "number_of_rect": 20, "scores": [0.664732084762156, 0.664732084762156, 0.6661549283390487, 0.6661549283390487, 0.666342829508485, 0.666342829508485, 0.6679861221020545, 0.6679861221020545, 0.6693343884639058, 0.6693343884639058, 0.6706136610099944, 0.6706136610099944, 0.6714094492804596, 0.6714094492804596, 0.6718227380638354, 0.6718227380638354, 0.6729257158767842, 0.6729257158767842, 0.6738613822210499, 0.6738613822210499, 0.6743973152788769, 0.6743973152788769, 0.6763771212520883, 0.6763771212520883, 0.6766820979512882, 0.6766820979512882, 0.679945250446965, 0.679945250446965, 0.680474720830036, 0.680474720830036, 0.6805095547935168, 0.6805095547935168, 0.682882015885577, 0.682882015885577, 0.6833216682786717, 0.6833216682786717, 0.6837632550778159, 0.6837632550778159, 0.6852875670447551, 0.6852875670447551, 0.6868245698877458, 0.6868245698877458, 0.6873167882997743, 0.6873167882997743, 0.6889599490020224, 0.6889599490020224, 0.6896019080277851, 0.6896019080277851, 0.6896455640552185, 0.6896455640552185, 0.689688135642897, 0.689688135642897, 0.6926876373867933, 0.6926876373867933, 0.6933820012309857, 0.6933820012309857, 0.6946264691227761, 0.6946264691227761, 0.695381913303438, 0.695381913303438, 0.6962931064802602, 0.6962931064802602, 0.6975536211495061, 0.6975536211495061, 0.6978291567748176, 0.6978291567748176, 0.698422711685571, 0.698422711685571, 0.698988525455025, 0.698988525455025, 0.7000715290600545, 0.7000715290600545, 0.7008311204900495, 0.7008311204900495, 0.7023259620739177, 0.7023259620739177, 0.704358495266567, 0.704358495266567, 0.7051616254872651, 0.7051616254872651, 0.7056832117002256, 0.7056832117002256, 0.7074813593598874, 0.7074813593598874, 0.707493845071661, 0.707493845071661, 0.7095506316128843, 0.7095506316128843, 0.7118452182068642, 0.7118452182068642, 0.7124542337114218, 0.7124542337114218, 0.7130951376066121, 0.7130951376066121, 0.7147590638647088, 0.7147590638647088, 0.7147809285149037, 0.7147809285149037, 0.7151332102347665, 0.7151332102347665, 0.7162817784811981, 0.7162817784811981, 0.7173565901697001, 0.7173565901697001, 0.7174305518919077, 0.7174305518919077, 0.7187584630264662, 0.7187584630264662, 0.722224845394062, 0.722224845394062, 0.7224554940062722, 0.7224554940062722, 0.7243637562648377, 0.7243637562648377, 0.7246639995310531, 0.7246639995310531, 0.7257256660511738, 0.7257256660511738, 0.7281758844045839, 0.7281758844045839, 0.7292354113543773, 0.7292354113543773, 0.7314885547642076, 0.7314885547642076, 0.7315231689088191, 0.7315231689088191, 0.7441000322401008, 0.7441000322401008, 0.7473140625457956, 0.7473140625457956, 0.7502697177525719, 0.7502697177525719, 0.7546444356516897, 0.7546444356516897, 0.7587361147747589, 0.7587361147747589, 0.7637112898971248, 0.7637112898971248, 0.7656270699610188, 0.7656270699610188, 0.7779890969840851, 0.7779890969840851, 0.7851592660980685, 0.7851592660980685, 0.786473841554559, 0.786473841554559, 0.7872630645681292, 0.7872630645681292, 0.7875046601600282, 0.7875046601600282, 0.7876867581113163, 0.7876867581113163, 0.7883955860371055, 0.7883955860371055, 0.7889673788798031, 0.7889673788798031, 0.7893223277352794, 0.7893223277352794, 0.7902393387848413, 0.7902393387848413, 0.7909195169846713, 0.7909195169846713, 0.7913052258272517, 0.7913052258272517, 0.791530921187608, 0.791530921187608, 0.7928564436237874, 0.7928564436237874, 0.793115654034409, 0.793115654034409, 0.7936081362290806, 0.7936081362290806, 0.7939022538761394, 0.7939022538761394, 0.7942989829713649, 0.7942989829713649, 0.7953810047187784, 0.7953810047187784, 0.7964064597438377, 0.7964064597438377, 0.7968638295377942, 0.7968638295377942, 0.7968922594448841, 0.7968922594448841, 0.7976251648641519, 0.7976251648641519, 0.7976931768222985, 0.7976931768222985, 0.79894359447815, 0.79894359447815, 0.8001374893754214, 0.8001374893754214, 0.8005369735338081, 0.8005369735338081, 0.8011490811571265, 0.8011490811571265, 0.8028008147952754, 0.8028008147952754, 0.8029812421231572, 0.8029812421231572, 0.803630909463935, 0.803630909463935, 0.8041050734195023, 0.8041050734195023, 0.8054217591371376, 0.8054217591371376, 0.805672938831736, 0.805672938831736, 0.8063529265218793, 0.8063529265218793, 0.8064501890442275, 0.8064501890442275, 0.8065324452651015, 0.8065324452651015, 0.807338535713239, 0.807338535713239, 0.8078033207303849, 0.8078033207303849, 0.8093825141416806, 0.8093825141416806, 0.809532415955919, 0.809532415955919, 0.8109033822796682, 0.8109033822796682, 0.812018816495208, 0.812018816495208, 0.8132609103432105, 0.8132609103432105, 0.8133908819133034, 0.8133908819133034, 0.8152719305958557, 0.8152719305958557, 0.8155696825815528, 0.8155696825815528, 0.8164508338462441, 0.8164508338462441, 0.8170662680617837, 0.8170662680617837, 0.8174615610070635, 0.8174615610070635, 0.8177284064597439, 0.8177284064597439, 0.8178477974149301, 0.8178477974149301, 0.8189172015592485, 0.8189172015592485, 0.8192269116914329, 0.8192269116914329, 0.8195803218148245, 0.8195803218148245, 0.8199907236437176, 0.8199907236437176, 0.8207011342653654, 0.8207011342653654, 0.8208326299129517, 0.8208326299129517, 0.8219676280078548, 0.8219676280078548, 0.8219706615082505, 0.8219706615082505, 0.8223135496351006, 0.8223135496351006, 0.8238727981476597, 0.8238727981476597, 0.825565403440898, 0.825565403440898, 0.825841847650869, 0.825841847650869, 0.826187520150063, 0.826187520150063, 0.8289029426419298, 0.8289029426419298, 0.8298362495969988, 0.8298362495969988, 0.8298516515724377, 0.8298516515724377, 0.8303628476801782, 0.8303628476801782, 0.8310430551891907, 0.8310430551891907, 0.8317959494709692, 0.8317959494709692, 0.8328218294791758, 0.8328218294791758, 0.8352873765350685, 0.8352873765350685, 0.8370286790351418, 0.8370286790351418, 0.8377508426389988, 0.8377508426389988, 0.8396211934699142, 0.8396211934699142, 0.8403838623640787, 0.8403838623640787, 0.8427568949851989, 0.8427568949851989, 0.8431041062164777, 0.8431041062164777, 0.8457786570532548, 0.8457786570532548, 0.8471685131451684, 0.8471685131451684, 0.8476233770040154, 0.8476233770040154, 0.8495405492540813, 0.8495405492540813, 0.8499125120900378, 0.8499125120900378, 0.8500659749699581, 0.8500659749699581, 0.8521754887306193, 0.8521754887306193, 0.8526655822269117, 0.8526655822269117, 0.8535835751340894, 0.8535835751340894, 0.8549975819924382, 0.8549975819924382, 0.8568736627685454, 0.8568736627685454, 0.8579858290102289, 0.8579858290102289, 0.8595995486385885, 0.8595995486385885, 0.8599575603036431, 0.8599575603036431, 0.861729139189308, 0.861729139189308, 0.8622621120196958, 0.8622621120196958, 0.8628303144875289, 0.8628303144875289, 0.863138661742724, 0.863138661742724, 0.8643780591459305, 0.8643780591459305, 0.8649064304346552, 0.8649064304346552, 0.8654513027931652, 0.8654513027931652, 0.8659982707582285, 0.8659982707582285, 0.8660344382895161, 0.8660344382895161, 0.8667671385445059, 0.8667671385445059, 0.8676366247545356, 0.8676366247545356, 0.8683482956710338, 0.8683482956710338, 0.8695007913479293, 0.8695007913479293, 0.8698730472757115, 0.8698730472757115, 0.87028202760925, 0.87028202760925, 0.8707028635071368, 0.8707028635071368, 0.8709815205603916, 0.8709815205603916, 0.8712752718426683, 0.8712752718426683, 0.8718459655910197, 0.8718459655910197, 0.872651587092236, 0.872651587092236, 0.8726683079808903, 0.8726683079808903, 0.8729237814707348, 0.8729237814707348, 0.8731155807614526, 0.8731155807614526, 0.8744106802661273, 0.8744106802661273, 0.8746030657404965, 0.8746030657404965, 0.8753675371493889, 0.8753675371493889, 0.8755520237990563, 0.8755520237990563, 0.8758636536826988, 0.8758636536826988, 0.8758677130044843, 0.8758677130044843, 0.8759498519886281, 0.8759498519886281, 0.8760336762507693, 0.8760336762507693, 0.8761307775726135, 0.8761307775726135, 0.8761337671092353, 0.8761337671092353, 0.8769558310618717, 0.8769558310618717, 0.8774085260412087, 0.8774085260412087, 0.8774437410240629, 