{"title": "population_size_15_1", "popultion": 15, "subpopulation": 22, "number_of_rect": 20, "scores": [0.5886430874292916], "iters": [0], "finalScore": 0.5886430874292916, "finalIter": 5}