{"title": "subpopulation_size_1.3_2", "popultion": 50, "subpopulation": 65, "number_of_rect": 20, "scores": [0.6535602450247662], "iters": [0], "finalScore": 0.6535602450247662, "finalIter": 5}