{"title": "population_size_2_4", "popultion": 2, "subpopulation": 3, "number_of_rect": 20, "scores": [0.5446763973152788, 0.5446763973152788, 0.5482528356634133, 0.5482528356634133, 0.549439667047686, 0.549439667047686, 0.549800946686597, 0.549800946686597, 0.5522479996482899, 0.5522479996482899, 0.553503048154987, 0.553503048154987, 0.5541624607989684, 0.5541624607989684, 0.5560271696122395, 0.5560271696122395, 0.5581373428295084, 0.5581373428295084, 0.5589096690993288, 0.5589096690993288, 0.5590150502652481, 0.5590150502652481, 0.559505070488584, 0.559505070488584, 0.5632700987719452, 0.5632700987719452, 0.5640816114188576, 0.5640816114188576, 0.5699989302148363, 0.5699989302148363, 0.5742191887218265, 0.5742191887218265, 0.5745190509686685, 0.5745190509686685, 0.5749018288929921, 0.5749018288929921, 0.5754677159354026, 0.5754677159354026, 0.5756948034819309, 0.5756948034819309, 0.5772819689908848, 0.5772819689908848, 0.5798352530847914, 0.5798352530847914, 0.5804541311292828, 0.5804541311292828, 0.5813943110876638, 0.5813943110876638, 0.5841462088572349, 0.5841462088572349, 0.5902011635745479, 0.5902011635745479, 0.5943525894662798, 0.5943525894662798, 0.5970765995486387, 0.5970765995486387, 0.6003747032445266, 0.6003747032445266, 0.6059762595621208, 0.6059762595621208, 0.6071174272399542, 0.6071174272399542, 0.6091501069785163, 0.6091501069785163, 0.6096964594507459, 0.6096964594507459, 0.6104640962513554, 0.6104640962513554, 0.6109963216975878, 0.6109963216975878, 0.6125059351094697, 0.6125059351094697, 0.6128815909024297, 0.6128815909024297, 0.6157969459831765, 0.6157969459831765, 0.6158825727600457, 0.6158825727600457, 0.6185524927459773, 0.6185524927459773, 0.6189937717987045, 0.6189937717987045, 0.622448870131012, 0.622448870131012, 0.6233577771915941, 0.6233577771915941, 0.6235948298601952, 0.6235948298601952, 0.625088777513995, 0.625088777513995, 0.626201324775052, 0.626201324775052, 0.6296794601248572, 0.6296794601248572, 0.6303005803218149, 0.6303005803218149, 0.6351998739705149, 0.6351998739705149, 0.6374473313989273, 0.6374473313989273, 0.6422004161903925, 0.6422004161903925, 0.6455632492159793, 0.6455632492159793, 0.6513023388727688, 0.6513023388727688, 0.6534316949500278, 0.6534316949500278, 0.6563028517834637, 0.6563028517834637, 0.6653549195462938, 0.6653549195462938, 0.675708095196225, 0.675708095196225, 0.6799768310911809, 0.6799768310911809, 0.6800417948943404, 0.6800417948943404, 0.6817851050734195, 0.6817851050734195, 0.6852966382367596, 0.6852966382367596, 0.6857900729798646, 0.6857900729798646, 0.6868263724024737, 0.6868263724024737, 0.6940814062545796, 0.6940814062545796, 0.6971103637269556, 0.6971103637269556, 0.6991996101878719, 0.6991996101878719, 0.699916864503649, 0.699916864503649, 0.7048380081479528, 0.7048380081479528, 0.7174826343093291, 0.7174826343093291, 0.7196458864562267, 0.7196458864562267, 0.7210524927459774, 0.7210524927459774, 0.7211857029807438, 0.7211857029807438, 0.7265854216125913, 0.7265854216125913, 0.731950364899323, 0.731950364899323, 0.7324843342419181, 0.7324843342419181, 0.733327368914681, 0.733327368914681, 0.7350501333567807, 0.7350501333567807, 0.7368868958644743, 0.7368868958644743, 0.7384417919634221, 0.7384417919634221, 0.739736378557402, 0.739736378557402, 0.7408827339605498, 0.7408827339605498, 0.7421898062663033, 0.7421898062663033, 0.7441739793077171, 0.7441739793077171, 0.7442210352003282, 0.7442210352003282, 0.7446012925349512, 0.7446012925349512, 0.7503682405697705, 0.7503682405697705, 0.7514356223804918, 0.7514356223804918, 0.7536647762243911, 0.7536647762243911, 0.7541980861103784, 0.7541980861103784, 0.7556764119698702, 0.7556764119698702, 0.7568987514288227, 0.7568987514288227, 0.7592567337846947, 0.7592567337846947, 0.7605278583780298, 0.7605278583780298, 0.7624641255605381, 0.7624641255605381, 0.7626019373369677, 0.7626019373369677, 0.7631244174799965, 0.7631244174799965, 0.7651371962835957, 0.7651371962835957, 0.7673007122131363, 0.7673007122131363, 0.7675589847299159, 0.7675589847299159, 0.7681533896069639, 0.7681533896069639, 0.7681591048975644, 0.7681591048975644, 0.7693477094873824, 0.7693477094873824, 0.76953288490284, 0.76953288490284, 0.7713823529411765, 0.7713823529411765, 0.7743135789442832, 0.7743135789442832, 0.7755254403704681, 0.7755254403704681, 0.7759331750637475, 0.7759331750637475, 0.7769875142882265, 0.7769875142882265, 0.7776655382631379, 0.7776655382631379, 0.7791338843459656, 0.7791338843459656, 0.7822929013159823, 0.7822929013159823, 0.7823568099885694, 0.7823568099885694, 0.783738547436912, 0.783738547436912, 0.7855341305430992, 0.7855341305430992, 0.7861234209677892, 0.7861234209677892, 0.7864757466514258, 0.7864757466514258, 0.7889866350127495, 0.7889866350127495, 0.79156245786805, 0.79156245786805, 0.7920462645446819, 0.7920462645446819, 0.7920720712799321, 0.7920720712799321, 0.7922139277235558, 0.7922139277235558, 0.7925243559307131, 0.7925243559307131, 0.7937678712740701, 0.7937678712740701, 0.7947233945895249], "iters": [0, 5, 6, 6, 7, 7, 8, 8, 9, 15, 16, 17, 18, 23, 24, 29, 30, 30, 31, 40, 41, 41, 42, 43, 44, 46, 47, 48, 49, 54, 55, 60, 61, 62, 63, 69, 70, 70, 71, 74, 75, 76, 77, 77, 78, 82, 83, 83, 84, 85, 86, 87, 88, 88, 89, 89, 90, 90, 91, 100, 101, 104, 105, 105, 106, 108, 109, 123, 124, 145, 146, 154, 155, 156, 157, 168, 169, 170, 171, 176, 177, 181, 182, 184, 185, 190, 191, 198, 199, 203, 204, 209, 210, 210, 211, 226, 227, 228, 229, 234, 235, 239, 240, 247, 248, 249, 250, 250, 251, 252, 253, 255, 256, 262, 263, 267, 268, 269, 270, 271, 272, 286, 287, 289, 290, 290, 291, 294, 295, 315, 316, 316, 317, 321, 322, 322, 323, 324, 325, 329, 330, 334, 335, 346, 347, 353, 354, 365, 366, 374, 375, 383, 384, 384, 385, 390, 391, 437, 438, 451, 452, 455, 456, 465, 466, 482, 483, 503, 504, 563, 564, 566, 567, 619, 620, 625, 626, 629, 630, 632, 633, 638, 639, 642, 643, 672, 673, 678, 679, 681, 682, 688, 689, 713, 714, 722, 723, 732, 733, 741, 742, 770, 771, 782, 783, 792, 793, 807, 808, 861, 862, 863, 864, 912, 913, 914, 915, 916, 917, 917, 918, 923, 924, 928, 929, 933, 934, 962, 963, 965, 966, 966, 967, 973, 974, 974, 975, 976, 977, 979, 980, 985, 986, 987, 988, 992, 993], "finalScore": 0.7947233945895249, "finalIter": 1000}