{"title": "population_size_15_0", "popultion": 15, "subpopulation": 22, "number_of_rect": 20, "scores": [0.6230745185966764], "iters": [0], "finalScore": 0.6230745185966764, "finalIter": 5}