{"title": "subpopulation_size_1.1_4", "popultion": 40, "subpopulation": 44, "number_of_rect": 20, "scores": [0.6432398516955362, 0.6432398516955362, 0.6434317242592105, 0.6434317242592105, 0.6466686596910812, 0.6466686596910812, 0.6477959201617867, 0.6477959201617867, 0.6479079984759225, 0.6479079984759225, 0.652023110290454, 0.652023110290454, 0.6542359535742548, 0.6542359535742548, 0.654576365075178, 0.654576365075178, 0.6554355051437615, 0.6554355051437615, 0.6554661039303614, 0.6554661039303614, 0.6561900114305812, 0.6561900114305812, 0.657760881034028, 0.657760881034028, 0.6585963832468713, 0.6585963832468713, 0.6593966118584953, 0.6593966118584953, 0.660615287669627, 0.660615287669627, 0.6610524341276122, 0.6610524341276122, 0.661436765438612, 0.661436765438612, 0.6614885401096163, 0.6614885401096163, 0.6618896069638618, 0.6618896069638618, 0.6626303672440577, 0.6626303672440577, 0.6626554998681087, 0.6626554998681087, 0.663316465898766, 0.663316465898766, 0.6638221372255928, 0.6638221372255928, 0.664070576511621, 0.664070576511621, 0.6656447580526978, 0.6656447580526978, 0.6658651337964184, 0.6658651337964184, 0.6674942407456256, 0.6674942407456256, 0.6677874791172074, 0.6677874791172074, 0.6691071104076907, 0.6691071104076907, 0.6707885049385973, 0.6707885049385973, 0.673055731410651, 0.673055731410651, 0.6736667106304406, 0.6736667106304406, 0.6781327559424368, 0.6781327559424368, 0.678806017175181, 0.678806017175181, 0.6825228171986284, 0.6825228171986284, 0.6825986400539289, 0.6825986400539289, 0.6860314634074856, 0.6860314634074856, 0.6861872563674198, 0.6861872563674198, 0.6879069726545326, 0.6879069726545326, 0.6893847709487382, 0.6893847709487382, 0.6899537940736833, 0.6899537940736833, 0.6899645945074592, 0.6899645945074592, 0.6919722295495179, 0.6919722295495179, 0.6931981007649697, 0.6931981007649697, 0.6946508543626718, 0.6946508543626718, 0.6966149066502536, 0.6966149066502536, 0.6968837890911223, 0.6968837890911223, 0.698076877985873, 0.698076877985873, 0.7000372373164512, 0.7000372373164512, 0.7005795304668954, 0.7005795304668954, 0.7042696737887981, 0.7042696737887981, 0.7044965708256397, 0.7044965708256397, 0.7050508221225711, 0.7050508221225711, 0.7053709077053841, 0.7053709077053841, 0.7055892904246901, 0.7055892904246901, 0.7058263137841085, 0.7058263137841085, 0.7065496790644509, 0.7065496790644509, 0.7070776986429849, 0.7070776986429849, 0.7073921861719277, 0.7073921861719277, 0.7077409654444737, 0.7077409654444737, 0.7082785544711159, 0.7082785544711159, 0.7091436296491691, 0.7091436296491691, 0.7115304815498695, 0.7115304815498695, 0.7119820481256778, 0.7119820481256778, 0.7120269058295965, 0.7120269058295965, 0.7129241917992908, 0.7129241917992908, 0.7138125970866673, 0.7138125970866673, 0.7144219056830505, 0.7144219056830505, 0.7177683255663999, 0.7177683255663999, 0.7183127582871713, 0.7183127582871713, 0.7227975175122365, 0.7227975175122365, 0.7287909082915678, 0.7287909082915678, 0.7342157742020575, 0.7342157742020575, 0.7395981711070079, 0.7395981711070079, 0.7441856297077875, 0.7441856297077875, 0.7445001318913216, 0.7445001318913216, 0.7467982209326182, 0.7467982209326182, 0.7478886983792021, 0.7478886983792021, 0.758087268091093, 0.758087268091093, 0.7634676280078548, 0.7634676280078548, 0.7673916586066415, 0.7673916586066415, 0.7676301474251883, 0.7676301474251883, 0.768061270846156, 0.768061270846156, 0.7689795861543421, 0.7689795861543421, 0.7696553826313784, 0.7696553826313784, 0.7725776986429849, 0.7725776986429849, 0.7730026085172484, 0.7730026085172484, 0.7738715525074006, 0.7738715525074006, 0.7748703947946891, 0.7748703947946891, 0.7749343767402327, 0.7749343767402327, 0.7752436032709048, 0.7752436032709048, 0.7756026993757144, 0.7756026993757144, 0.7773222691169144, 0.7773222691169144, 0.7780786805006008, 0.7780786805006008, 0.7836421641900407, 0.7836421641900407, 0.785786262786131, 0.785786262786131, 0.7885959436091328, 0.7885959436091328, 0.7898901198745567, 0.7898901198745567, 0.7901564231073596, 0.7901564231073596, 0.7901921803100912, 0.7901921803100912, 0.7914394618834081, 0.7914394618834081, 0.7935546176617134, 0.7935546176617134, 0.7938153081860547, 0.7938153081860547, 0.7940325478472405, 0.7940325478472405, 0.795325918110144, 0.795325918110144, 0.7969426419297165, 0.7969426419297165, 0.7997204490166769, 0.7997204490166769, 0.802615961780826, 0.802615961780826, 0.8029434625868285, 0.8029434625868285, 0.8042808698965386, 0.8042808698965386, 0.8048965239309476, 0.8048965239309476, 0.8070506462674756, 0.8070506462674756, 0.8074488408218294, 0.8074488408218294, 0.8090983909258771, 0.8090983909258771, 0.8092636214425979, 0.8092636214425979, 0.8105090125736394, 0.8105090125736394, 0.8113314722002403, 0.8113314722002403, 0.8120212345027698, 0.8120212345027698, 0.8125888068231777, 0.8125888068231777, 0.8147946012485712, 0.8147946012485712, 0.8153104868255224, 0.8153104868255224, 0.8160871508543627, 0.8160871508543627, 0.8205242240393915, 0.8205242240393915, 0.8221988041853513, 0.8221988041853513, 0.8226584894047305, 0.8226584894047305, 0.8233205838389167, 0.8233205838389167, 0.8248024707640904, 0.8248024707640904, 0.8253345936281837, 0.8253345936281837, 0.8275796037398517, 0.8275796037398517, 0.8296789472141621, 0.8296789472141621, 0.830029675547349, 0.830029675547349, 0.8305639966001348, 0.8305639966001348, 0.8306069785163692, 0.8306069785163692, 0.8307269410006155, 0.8307269410006155, 0.833190363140772, 0.833190363140772, 0.8345306867141475, 0.8345306867141475, 0.8357894281778482, 0.8357894281778482, 0.8360275213224303, 0.8360275213224303, 0.8362076409038952, 0.8362076409038952, 0.836785544711158, 0.836785544711158, 0.8371640581494182, 0.8371640581494182, 0.8388905595122952, 0.8388905595122952, 0.840808186054691, 0.840808186054691, 0.8409127025997245, 0.8409127025997245, 0.8412003575720273, 0.8412003575720273, 0.8450981417978253, 0.8450981417978253, 0.8459160585011284, 0.8459160585011284, 0.8461751956387936, 0.8461751956387936, 0.8463667458014597, 0.8463667458014597, 0.8474658548023095, 0.8474658548023095, 0.8480796770128081, 0.8480796770128081, 0.8497309563586272, 0.8497309563586272, 0.8504482106744042, 0.8504482106744042, 0.8518628916439521, 0.8518628916439521, 0.8525570942876404, 0.8525570942876404, 0.8529595240188751, 0.8529595240188751, 0.8531589436970604, 0.8531589436970604, 0.8535220111961077, 0.8535220111961077, 0.8535499428470941, 0.8535499428470941, 0.8536192297546822, 0.8536192297546822, 0.8549553474603593, 0.8549553474603593, 0.8550855388493215, 0.8550855388493215, 0.8558137841085612, 0.8558137841085612, 0.856491309827369, 0.856491309827369, 0.8568580116650546, 0.8568580116650546, 0.8573903250388346, 0.8573903250388346, 0.857825200035171, 0.857825200035171, 0.8579317828775755, 0.8579317828775755, 0.8580406225270377, 0.8580406225270377, 0.8582335209121017, 0.8582335209121017, 0.858580189923503],