{"title": "subpopulation_size_1.5_4", "popultion": 50, "subpopulation": 75, "number_of_rect": 20, "scores": [0.6589633781763826], "iters": [0], "finalScore": 0.6589633781763826, "finalIter": 5}