{"title": "subpopulation_size_1.1_1", "popultion": 40, "subpopulation": 44, "number_of_rect": 20, "scores": [0.6352310735953575, 0.6352310735953575, 0.6358772238342273, 0.6358772238342273, 0.6367109968052991, 0.6367109968052991, 0.6378515636448899, 0.6378515636448899, 0.6382176206805592, 0.6382176206805592, 0.6387866584600955, 0.6387866584600955, 0.6405740496497553, 0.6405740496497553, 0.642326020692283, 0.642326020692283, 0.6430056127084616, 0.6430056127084616, 0.6445133503326592, 0.6445133503326592, 0.6554193118203933, 0.6554193118203933, 0.6559590111081801, 0.6559590111081801, 0.6776605117383276, 0.6776605117383276, 0.6777930625164864, 0.6777930625164864, 0.6818836278906182, 0.6818836278906182, 0.6819088337876257, 0.6819088337876257, 0.6824439461883408, 0.6824439461883408, 0.6857354260089686, 0.6857354260089686, 0.6867812655705032, 0.6867812655705032, 0.6868860019344061, 0.6868860019344061, 0.6873705413406019, 0.6873705413406019, 0.6877190128667312, 0.6877190128667312, 0.6904193850933498, 0.6904193850933498, 0.6913071455787099, 0.6913071455787099, 0.6920677042117296, 0.6920677042117296, 0.6921577859843489, 0.6921577859843489, 0.6948863536445968, 0.6948863536445968, 0.6958770186699492, 0.6958770186699492, 0.6967869075881474, 0.6967869075881474, 0.6997005773908966, 0.6997005773908966, 0.7000224215246638, 0.7000224215246638, 0.7031568041267329, 0.7031568041267329, 0.7105022274978751, 0.7105022274978751, 0.7131250329728304, 0.7131250329728304, 0.7153191916527448, 0.7153191916527448, 0.7248201735103608, 0.7248201735103608, 0.7371825815528005, 0.7371825815528005, 0.7433237052668601, 0.7433237052668601, 0.7491897183387555, 0.7491897183387555, 0.7507482194671591, 0.7507482194671591, 0.7530480670594097, 0.7530480670594097, 0.75511064216419, 0.75511064216419, 0.7555616079017556, 0.7555616079017556, 0.755583912189689, 0.755583912189689, 0.7558387848412907, 0.7558387848412907, 0.7561210322694101, 0.7561210322694101, 0.7570742548140332, 0.7570742548140332, 0.7572460359330578, 0.7572460359330578, 0.7601874615316979, 0.7601874615316979, 0.760707421085026, 0.760707421085026, 0.7609338198657639, 0.7609338198657639, 0.7620205603915706, 0.7620205603915706, 0.7620654327500807, 0.7620654327500807, 0.76221192004455, 0.76221192004455, 0.7622731908907061, 0.7622731908907061, 0.7637203024707641, 0.7637203024707641, 0.7643974911339723, 0.7643974911339723, 0.7647356751370205, 0.7647356751370205, 0.765122321873443, 0.765122321873443, 0.7652949236495794, 0.7652949236495794, 0.766336366833729, 0.766336366833729, 0.7672590052463437, 0.7672590052463437, 0.7676787713590668, 0.7676787713590668, 0.7682189982121399, 0.7682189982121399, 0.7691495647586388, 0.7691495647586388, 0.76935430405346, 0.76935430405346, 0.770476010434069, 0.770476010434069, 0.7723741317154664, 0.7723741317154664, 0.7743576599548638, 0.7743576599548638, 0.7774776957120666, 0.7774776957120666, 0.7793862657170492, 0.7793862657170492, 0.781270758228553, 0.781270758228553, 0.7821570825639673, 0.7821570825639673, 0.7864502183534101, 0.7864502183534101, 0.78651918285999, 0.78651918285999, 0.787458952489815, 0.787458952489815, 0.7887832292857352, 0.7887832292857352, 0.7889050529030746, 0.7889050529030746, 0.7896427357191008, 0.7896427357191008, 0.7908159383334799, 0.7908159383334799, 0.791081684691814, 0.791081684691814, 0.7918996600134822, 0.7918996600134822, 0.7923875260118995, 0.7923875260118995, 0.7939009349629239, 0.7939009349629239, 0.7949081596764266, 0.7949081596764266, 0.79626010434069, 0.79626010434069, 0.7963900759107829, 0.7963900759107829, 0.7977485418681673, 0.7977485418681673, 0.7990470412380198, 0.7990470412380198, 0.799917377414344, 0.799917377414344, 0.8002723702335942, 0.8002723702335942, 0.8023891233623495, 0.8023891233623495, 0.8025878689293355, 0.8025878689293355, 0.8036582988950438, 0.8036582988950438, 0.8044027960960168, 0.8044027960960168, 0.8045029016090741, 0.8045029016090741, 0.8045829596412556, 0.8045829596412556, 0.804683797883877, 0.804683797883877, 0.8053277499340543, 0.8053277499340543, 0.8056098215070782, 0.8056098215070782, 0.8056144230487412, 0.8056144230487412, 0.8063197631818049, 0.8063197631818049, 0.8063784694744863, 0.8063784694744863, 0.8071724698848148, 0.8071724698848148, 0.8087346493156307, 0.8087346493156307, 0.8087350742987778, 0.8087350742987778, 0.8100332659222135, 0.8100332659222135, 0.8106693338022802, 0.8106693338022802, 0.8112323485447991, 0.8112323485447991, 0.8122503443828952, 0.8122503443828952, 0.8138393856795334, 0.8138393856795334, 0.8141419150619889, 0.8141419150619889, 0.8145612855007474, 0.8145612855007474, 0.8164403411588851, 0.8164403411588851, 0.8179639497054427, 0.8179639497054427, 0.8186028166124447, 0.8186028166124447, 0.8188909551862599, 0.8188909551862599, 0.8191596471174419, 0.8191596471174419, 0.8205314047891205, 0.8205314047891205, 0.8206633693836279, 0.8206633693836279, 0.8217094727278056, 0.8217094727278056, 0.8219728157331692, 0.8219728157331692, 0.8228246285061109, 0.8228246285061109, 0.823016545033559, 0.823016545033559, 0.8237089158533368, 0.8237089158533368, 0.8241524517131217, 0.8241524517131217, 0.824600970133943, 0.824600970133943, 0.8257424455581934, 0.8257424455581934, 0.8267920513496878, 0.8267920513496878, 0.826881913303438, 0.826881913303438, 0.8269535009818576, 0.8269535009818576, 0.82986640874586, 0.82986640874586, 0.8311972947624491, 0.8311972947624491, 0.8320745332512676, 0.8320745332512676, 0.8323512412438817, 0.8323512412438817, 0.8325690377795363, 0.8325690377795363, 0.8328963041120783, 0.8328963041120783, 0.8337106890588821, 0.8337106890588821, 0.8341693924206454, 0.8341693924206454, 0.8344608868958645, 0.8344608868958645, 0.834970016706234, 0.834970016706234, 0.8356825375890267, 0.8356825375890267, 0.8363691491544301, 0.8363691491544301, 0.836734312260031, 0.836734312260031, 0.8370136727336674, 0.8370136727336674, 0.837157273073654, 0.837157273073654, 0.8373307687798588, 0.8373307687798588, 0.8376722354113544, 0.8376722354113544, 0.8378706585773323, 0.8378706585773323, 0.8380515401975439, 0.8380515401975439, 0.8385454145783874, 0.8385454145783874, 0.8388698086110378, 0.8388698086110378, 0.8389480055101264], "iters": [0, 45, 46, 55, 56, 58, 59, 59, 60, 61, 62, 62, 63, 64, 65, 66, 67, 67, 68, 69, 70, 73, 74, 75, 76, 81, 82, 82, 83, 85, 86, 86, 87, 87, 88, 94, 95, 100, 101, 101, 102, 102, 103, 103, 104, 111, 112, 117, 118, 118, 119, 119, 120, 124, 125, 127, 128, 128, 129, 135, 136, 137, 138, 142, 143, 145, 146, 147, 148, 149, 150, 152, 153, 157, 158, 160, 161, 162, 163, 163, 164, 164, 165, 169, 170, 174, 175, 175, 176, 176, 177, 179, 180, 182, 183, 184, 185, 190, 191, 192, 193, 198, 199, 200, 201, 201, 202, 202, 203, 211, 212, 217, 218, 221, 222, 229, 230, 230, 231, 231, 232, 232, 233, 233, 234, 235, 236, 238, 239, 240, 241, 242, 243, 248, 249, 256, 257, 262, 263, 269, 270, 274, 275, 275, 276, 278, 279, 292, 293, 297, 298, 307, 308, 309, 310, 322, 323, 323, 324, 330, 331, 332, 333, 342, 343, 344, 345, 355, 356, 362, 363, 371, 372, 372, 373, 379, 380, 384, 385, 386, 387, 388, 389, 401, 402, 402, 403, 406, 407, 414, 415, 415, 416, 416, 417, 417, 418, 420, 421, 423, 424, 424, 425, 427, 428, 431, 432, 436, 437, 443, 444, 445, 446, 448, 449, 453, 454, 464, 465, 471, 472, 482, 483, 483, 484, 486, 487, 493, 494, 494, 495, 501, 502, 503, 504, 506, 507, 511, 512, 518, 519, 526, 527, 529, 530, 532, 533, 534, 535, 537, 538, 539, 540, 543, 544, 546, 547, 547, 548, 548, 549, 550, 551, 569, 570, 571, 572, 580, 581, 587, 588, 595, 596, 596, 597, 607, 608, 636, 637, 646, 647, 671, 672, 752, 753, 777, 778, 816, 817, 868, 869, 869, 870, 899, 900, 902, 903, 922, 923, 952, 953, 969, 970, 989, 990], "finalScore": 0.8389480055101264, "finalIter": 1000}