{"title": "subpopulation_size_2_0", "popultion": 40, "subpopulation": 80, "number_of_rect": 20, "scores": [0.5990846595738445, 0.5990846595738445, 0.5994552155690378, 0.5994552155690378, 0.599529265218793, 0.599529265218793, 0.6009983879949589, 0.6009983879949589, 0.6036244760983616, 0.6036244760983616, 0.604445660775521, 0.604445660775521, 0.6060935695653449, 0.6060935695653449, 0.6066355110055981, 0.6066355110055981, 0.6073549195462938, 0.6073549195462938, 0.6087016618306516, 0.6087016618306516, 0.6120159881590903, 0.6120159881590903, 0.6151676485242826, 0.6151676485242826, 0.6152304727571148, 0.6152304727571148, 0.6177570854948855, 0.6177570854948855, 0.6192374190333831, 0.6192374190333831, 0.6207082857059116, 0.6207082857059116, 0.6233787186025381, 0.6233787186025381, 0.62545615346288, 0.62545615346288, 0.6270672792285823, 0.6270672792285823, 0.6312292857352209, 0.6312292857352209, 0.6318338608986196, 0.6318338608986196, 0.6343090946393505, 0.6343090946393505, 0.6370355813476363, 0.6370355813476363, 0.6416307775726136, 0.6416307775726136, 0.6446456373281749, 0.6446456373281749, 0.6461817755502799, 0.6461817755502799, 0.6476939974794103, 0.6476939974794103, 0.6503772238342272, 0.6503772238342272, 0.6547053108238812, 0.6547053108238812, 0.6564968639174653, 0.6564968639174653, 0.6582624051115213, 0.6582624051115213, 0.6595960901550456, 0.6595960901550456, 0.6601898209208945, 0.6601898209208945, 0.6657724288519593, 0.6657724288519593, 0.6692245083384625, 0.6692245083384625, 0.6749991500337056, 0.6749991500337056, 0.6820949910606993, 0.6820949910606993, 0.6830383657199801, 0.6830383657199801, 0.6875073712594155, 0.6875073712594155, 0.6932106890588822, 0.6932106890588822, 0.7012813534980509, 0.7012813534980509, 0.7081725578123625, 0.7081725578123625, 0.716593320437293, 0.716593320437293, 0.721862686479674, 0.721862686479674, 0.7219821946715906, 0.7219821946715906, 0.7337889299217445, 0.7337889299217445, 0.7357185732289926, 0.7357185732289926, 0.7365907119200445, 0.7365907119200445, 0.7479596559101966, 0.7479596559101966, 0.7559754682141915, 0.7559754682141915, 0.7630561857029807, 0.7630561857029807, 0.7691031536680442, 0.7691031536680442, 0.7705293971101146, 0.7705293971101146, 0.7726506931621677, 0.7726506931621677, 0.7743116885020077, 0.7743116885020077, 0.7798759195756031, 0.7798759195756031, 0.7810295583106187, 0.7810295583106187, 0.7818841261467218, 0.7818841261467218, 0.7835183622028782, 0.7835183622028782, 0.7861107887101029, 0.7861107887101029, 0.7872539933761248, 0.7872539933761248, 0.7872704504821361, 0.7872704504821361, 0.7875578563263871, 0.7875578563263871, 0.7894596559101967, 0.7894596559101967, 0.7898599753802866, 0.7898599753802866, 0.7902042263841261, 0.7902042263841261, 0.790225519505261, 0.790225519505261, 0.7903986781558663, 0.7903986781558663, 0.7904754389050089, 0.7904754389050089, 0.7906051760016413, 0.7906051760016413, 0.7907399396230839, 0.7907399396230839, 0.7909031917699816, 0.7909031917699816, 0.7910439198100765, 0.7910439198100765, 0.7911489639203962, 0.7911489639203962, 0.7911531990972772, 0.7911531990972772, 0.7912062487177233, 0.7912062487177233, 0.7912865558779566, 0.7912865558779566, 0.7913206424572818, 0.7913206424572818, 0.7914447961546353, 0.7914447961546353, 0.7915756176910226, 0.7915756176910226, 0.7915781236261321, 0.7915781236261321, 0.7916210469240013, 0.7916210469240013, 0.7916308801547525, 0.7916308801547525, 0.7917123157185146, 0.7917123157185146, 0.791790351417099, 0.791790351417099, 0.7919185644362379, 0.7919185644362379, 0.7919535009818576, 0.7919535009818576, 0.791988159090243, 0.791988159090243, 0.7920798528679035, 0.7920798528679035, 0.7921064656056742, 0.7921064656056742, 0.7923897242005921, 0.7923897242005921, 0.7925636595445353, 0.7925636595445353, 0.7926104223453208, 0.7926104223453208, 0.7927233652803424, 0.7927233652803424, 0.7929959260236232, 0.7929959260236232, 0.7930844837187491, 0.7930844837187491, 0.793306588704241, 0.793306588704241, 0.793408071748879, 0.793408071748879, 0.7934680969547759, 0.7934680969547759, 0.793906474398429, 0.793906474398429, 0.7939236056156393, 0.7939236056156393, 0.7941277440722179, 0.7941277440722179, 0.7953104721709312, 0.7953104721709312, 0.7953699551569506, 0.7953699551569506, 0.7960979659427299, 0.7960979659427299, 0.7961704768604003, 0.7961704768604003, 0.7965227292710806, 0.7965227292710806, 0.7979810369588792, 0.7979810369588792, 0.799134573111756, 0.799134573111756, 0.799193616460037, 0.799193616460037, 0.8002974149300977, 0.8002974149300977, 0.8005694041443184, 0.8005694041443184, 0.8017541838858114, 0.8017541838858114, 0.8023714352706703, 0.8023714352706703, 0.8033141504733433, 0.8033141504733433, 0.8103160116064363, 0.8103160116064363, 0.8107862041677658, 0.8107862041677658, 0.8109947536563206, 0.8109947536563206, 0.8113992789941089, 0.8113992789941089, 0.8149919106656115, 0.8149919106656115, 0.8160514669245875, 0.8160514669245875, 0.8164103139013452, 0.8164103139013452, 0.8180464697089598, 0.8180464697089598, 0.8186991852047246, 0.8186991852047246, 0.8203579823558721, 0.8203579823558721, 0.8230697118907354, 0.8230697118907354, 0.8243220932618189, 0.8243220932618189, 0.8247665963246285, 0.8247665963246285, 0.8248135056713268, 0.8248135056713268, 0.8254922184120285, 0.8254922184120285, 0.8268270172044901, 0.8268270172044901, 0.8272858231483924, 0.8272858231483924, 0.8275934083648407, 0.8275934083648407, 0.8286800023447346, 0.8286800023447346, 0.8291338110730091, 0.8291338110730091, 0.8294039098449544, 0.8294039098449544, 0.829549429936399, 0.829549429936399, 0.829601951991559, 0.829601951991559, 0.8299520501773205, 0.8299520501773205, 0.8302238781910373, 0.8302238781910373, 0.8306309973914827, 0.8306309973914827, 0.8309742225739324, 0.8309742225739324, 0.8319069140361676, 0.8319069140361676, 0.8320462938538644, 0.8320462938538644, 0.8321988041853513, 0.8321988041853513, 0.8325301151850875, 0.8325301151850875, 0.8330052316890881, 0.8330052316890881, 0.8332004454995751, 0.8332004454995751, 0.8335278583780298, 0.8335278583780298, 0.8335549400627216, 0.8335549400627216, 0.8338919223892846, 0.8338919223892846, 0.8344995457076703, 0.8344995457076703, 0.8349632169758785, 0.8349632169758785, 0.8355649931123421, 0.8355649931123421, 0.8361735396699785, 0.8361735396699785, 0.8363622908057095, 0.8363622908057095, 0.8363894311087664, 0.8363894311087664, 0.8370728186640874, 0.8370728186640874, 0.8372293150444035, 0.8372293150444035, 0.8376438934318122, 0.8376438934318122, 0.8383967877135907, 0.8383967877135907, 0.8394973914827515, 0.8394973914827515, 0.8397002842990708, 0.8397002842990708, 0.840192224273865, 0.840192224273865, 0.8408389900055687, 0.8408389900055687, 0.841180485946247, 0.841180485946247, 0.841867126820833, 0.841867126820833, 0.8419487528942817, 0.8419487528942817, 0.8419966880623699, 0.8419966880623699, 0.8430154019754389, 0.8430154019754389, 0.8440403587443946, 0.8440403587443946, 0.8443104868255225, 0.8443104868255225, 0.8448451449339078, 0.8448451449339078, 0.8450916937776606, 0.8450916937776606, 0.8459077200386881, 0.8459077200386881, 0.8462741287845482, 0.8462741287845482, 0.8462935607725901, 0.8462935607725901, 0.8463639907382983, 0.8463639907382983, 0.8463954688003752, 0.8463954688003752, 0.8467823207010756, 0.8467823207010756, 0.846784562853542, 0.846784562853542, 0.8470604648436355, 0.8470604648436355, 0.8470641284914564, 0.8470641284914564, 0.8471179254960579, 0.8471179254960579, 0.8471929570034291],