{"title": "subpopulation_size_1.3_3", "popultion": 40, "subpopulation": 52, "number_of_rect": 20, "scores": [0.6075222749787508, 0.6075222749787508, 0.6096806471467511, 0.6096806471467511, 0.6099054046132654, 0.6099054046132654, 0.610083648407046, 0.610083648407046, 0.6112145432163897, 0.6112145432163897, 0.6140077669333802, 0.6140077669333802, 0.6153470060670008, 0.6153470060670008, 0.6153558867493185, 0.6153558867493185, 0.6160766435124124, 0.6160766435124124, 0.6183145314927166, 0.6183145314927166, 0.6188353117031566, 0.6188353117031566, 0.6189870893050793, 0.6189870893050793, 0.6204951053665113, 0.6204951053665113, 0.6213695301738035, 0.6213695301738035, 0.6216890881913304, 0.6216890881913304, 0.623107740555116, 0.623107740555116, 0.62331491251209, 0.62331491251209, 0.6262369793956446, 0.6262369793956446, 0.6267505348925818, 0.6267505348925818, 0.6277025264515372, 0.6277025264515372, 0.6281635159295407, 0.6281635159295407, 0.6283000234473461, 0.6283000234473461, 0.6286949353732525, 0.6286949353732525, 0.6302324364723468, 0.6302324364723468, 0.6321203435036197, 0.6321203435036197, 0.6328661596178082, 0.6328661596178082, 0.632877678126557, 0.632877678126557, 0.6371408892405991, 0.6371408892405991, 0.6384162783199976, 0.6384162783199976, 0.6402003868812098, 0.6402003868812098, 0.6475624578680501, 0.6475624578680501, 0.6492504616196255, 0.6492504616196255, 0.6494696210322695, 0.6494696210322695, 0.6517876842814854, 0.6517876842814854, 0.6539546000762039, 0.6539546000762039, 0.6561464433306955, 0.6561464433306955, 0.6572305313754799, 0.6572305313754799, 0.6584194290571236, 0.6584194290571236, 0.659301313051379, 0.659301313051379, 0.6602213722559278, 0.6602213722559278, 0.6636694070752367, 0.6636694070752367, 0.666500102582139, 0.666500102582139, 0.6696336938362789, 0.6696336938362789, 0.6729389782818957, 0.6729389782818957, 0.6768591547231748, 0.6768591547231748, 0.6777064978457751, 0.6777064978457751, 0.6778561798411442, 0.6778561798411442, 0.6833268120402122, 0.6833268120402122, 0.684282130191389, 0.684282130191389, 0.685037530408277, 0.685037530408277, 0.6882061607901755, 0.6882061607901755, 0.6909246900553944, 0.6909246900553944, 0.6915586916380903, 0.6915586916380903, 0.6957006067000792, 0.6957006067000792, 0.6998254931269967, 0.6998254931269967, 0.700762800785486, 0.700762800785486, 0.7020503238664674, 0.7020503238664674, 0.7077660687593423, 0.7077660687593423, 0.7123753920103169, 0.7123753920103169, 0.7168184149594068, 0.7168184149594068, 0.7183132858524576, 0.7183132858524576, 0.7224375714411325, 0.7224375714411325, 0.7229061226882383, 0.7229061226882383, 0.7252102347665523, 0.7252102347665523, 0.7256615961780826, 0.7256615961780826, 0.7296925173656907, 0.7296925173656907, 0.734253333919517, 0.734253333919517, 0.7372674902546967, 0.7372674902546967, 0.7394990034877927, 0.7394990034877927, 0.7536288871303379, 0.7536288871303379, 0.7549208358978868, 0.7549208358978868, 0.7591965913420675, 0.7591965913420675, 0.7600049239426713, 0.7600049239426713, 0.7616604091561886, 0.7616604091561886, 0.767704006565257, 0.767704006565257, 0.7732460212784665, 0.7732460212784665, 0.7767396611858495, 0.7767396611858495, 0.7837685453852692, 0.7837685453852692, 0.7907213429467452, 0.7907213429467452, 0.7959868548316187, 0.7959868548316187, 0.798783317213283, 0.798783317213283, 0.8030290747091063, 0.8030290747091063, 0.8030575046161963, 0.8030575046161963, 0.8062410973357953, 0.8062410973357953, 0.8063589202497142, 0.8063589202497142, 0.806665494299364, 0.806665494299364, 0.8069329552448782, 0.8069329552448782, 0.8079946510741816, 0.8079946510741816, 0.8082199361059821, 0.8082199361059821, 0.8085147425188312, 0.8085147425188312, 0.8088456578446027, 0.8088456578446027, 0.8094364430376036, 0.8094364430376036, 0.8099854040270817, 0.8099854040270817, 0.8100857147044169, 0.8100857147044169, 0.8103273102963158, 0.8103273102963158, 0.8104812567777484, 0.8104812567777484, 0.8107011196107741, 0.8107011196107741, 0.8107496556171048, 0.8107496556171048, 0.8107497288900612, 0.8107497288900612, 0.8108870424103871, 0.8108870424103871, 0.810895205017732, 0.810895205017732, 0.8109512881385739, 0.8109512881385739, 0.8112823500102582, 0.8112823500102582, 0.811445968521938, 0.811445968521938, 0.8120705618570299, 0.8120705618570299, 0.8126543128462147, 0.8126543128462147, 0.812725314340983, 0.812725314340983, 0.8133147220024033, 0.8133147220024033, 0.813371933526774, 0.813371933526774, 0.8134532225446233, 0.8134532225446233, 0.8144979043934465, 0.8144979043934465, 0.8152154811102318, 0.8152154811102318, 0.8158074386705354, 0.8158074386705354, 0.8158763592133416, 0.8158763592133416, 0.8161878572056626, 0.8161878572056626, 0.8166842961399807, 0.8166842961399807, 0.8170628095782408, 0.8170628095782408, 0.8170708549488555, 0.8170708549488555, 0.8180449895952402, 0.8180449895952402, 0.8190522436179255, 0.8190522436179255, 0.8194318561505319, 0.8194318561505319, 0.8195817140009966, 0.8195817140009966, 0.8196641900407398, 0.8196641900407398, 0.8197432808698966, 0.8197432808698966, 0.8201612884316656, 0.8201612884316656, 0.8205067264573991, 0.8205067264573991, 0.8209675107711246, 0.8209675107711246, 0.8213822503590374, 0.8213822503590374, 0.8224730502066298, 0.8224730502066298, 0.8225451507957443, 0.8225451507957443, 0.8227355579002902, 0.8227355579002902, 0.8229488115126469, 0.8229488115126469, 0.8235634836894399, 0.8235634836894399, 0.824069330871362, 0.824069330871362, 0.82471523198218, 0.82471523198218, 0.8248907939857557, 0.8248907939857557, 0.8250392743046396, 0.8250392743046396, 0.8260399484158387, 0.8260399484158387, 0.8264078519300097, 0.8264078519300097, 0.8265686421055717, 0.8265686421055717, 0.8268362349424074, 0.8268362349424074, 0.8268524722295495, 0.8268524722295495, 0.8274027081684692, 0.8274027081684692, 0.827573829830886, 0.827573829830886, 0.8279561974266538, 0.8279561974266538, 0.8283688414080131, 0.8283688414080131, 0.8286687769278115], "iters": [0, 6, 7, 39, 40, 43, 44, 44, 45, 48, 49, 51, 52, 55, 56, 58, 59, 59, 60, 62, 63, 67, 68, 68, 69, 69, 70, 70, 71, 71, 72, 76, 77, 77, 78, 90, 91, 93, 94, 94, 95, 95, 96, 96, 97, 97, 98, 99, 100, 100, 101, 101, 102, 102, 103, 104, 105, 107, 108, 108, 109, 110, 111, 111, 112, 112, 113, 113, 114, 114, 115, 118, 119, 119, 120, 120, 121, 122, 123, 123, 124, 126, 127, 127, 128, 128, 129, 129, 130, 131, 132, 132, 133, 134, 135, 135, 136, 136, 137, 137, 138, 138, 139, 139, 140, 140, 141, 142, 143, 143, 144, 144, 145, 145, 146, 148, 149, 150, 151, 154, 155, 155, 156, 156, 157, 157, 158, 158, 159, 159, 160, 160, 161, 161, 162, 162, 163, 164, 165, 166, 167, 167, 168, 168, 169, 169, 170, 170, 171, 171, 172, 172, 173, 173, 174, 174, 175, 176, 177, 178, 179, 179, 180, 182, 183, 183, 184, 187, 188, 189, 190, 191, 192, 192, 193, 195, 196, 196, 197, 198, 199, 199, 200, 202, 203, 209, 210, 210, 211, 211, 212, 212, 213, 217, 218, 218, 219, 220, 221, 222, 223, 223, 224, 228, 229, 232, 233, 233, 234, 237, 238, 244, 245, 245, 246, 251, 252, 256, 257, 258, 259, 265, 266, 274, 275, 275, 276, 282, 283, 283, 284, 291, 292, 293, 294, 299, 300, 310, 311, 316, 317, 329, 330, 340, 341, 341, 342, 342, 343, 354, 355, 357, 358, 364, 365, 377, 378, 391, 392, 395, 396, 401, 402, 405, 406, 424, 425, 432, 433, 457, 458, 465, 466, 480, 481, 628, 629, 648, 649, 716, 717, 746, 747, 773, 774, 777, 778, 883, 884, 925, 926, 992, 993], "finalScore": 0.8286687769278115, "finalIter": 1000}