{"title": "population_size_15_2", "popultion": 15, "subpopulation": 22, "number_of_rect": 20, "scores": [0.5878783229285736], "iters": [0], "finalScore": 0.5878783229285736, "finalIter": 5}