{"title": "subpopulation_size_3_1", "popultion": 40, "subpopulation": 120, "number_of_rect": 20, "scores": [0.6183623933878484, 0.6183623933878484, 0.6199683460828278, 0.6199683460828278, 0.6219719657668747, 0.6219719657668747, 0.6232228963334212, 0.6232228963334212, 0.6264426565843079, 0.6264426565843079, 0.6270332073038483, 0.6270332073038483, 0.6274821800169993, 0.6274821800169993, 0.6283521937923151, 0.6283521937923151, 0.629070884258038, 0.629070884258038, 0.6290710454585422, 0.6290710454585422, 0.6296023769747061, 0.6296023769747061, 0.6297573053137548, 0.6297573053137548, 0.6303216536240804, 0.6303216536240804, 0.6325328702482488, 0.6325328702482488, 0.6331037398516955, 0.6331037398516955, 0.6332592104106216, 0.6332592104106216, 0.6344782672411267, 0.6344782672411267, 0.6371822151880184, 0.6371822151880184, 0.6372036548550661, 0.6372036548550661, 0.6375361235675137, 0.6375361235675137, 0.6385659749699581, 0.6385659749699581, 0.6397441161815998, 0.6397441161815998, 0.6401704915149917, 0.6401704915149917, 0.6412517512236584, 0.6412517512236584, 0.6432089598171107, 0.6432089598171107, 0.6462280400949618, 0.6462280400949618, 0.6495281075060817, 0.6495281075060817, 0.6519991060699317, 0.6519991060699317, 0.6521261613763591, 0.6521261613763591, 0.6540187432222515, 0.6540187432222515, 0.6563514024443858, 0.6563514024443858, 0.6580826372402473, 0.6580826372402473, 0.6582985579882177, 0.6582985579882177, 0.6582986459157654, 0.6582986459157654, 0.6596859814179783, 0.6596859814179783, 0.6617984114423049, 0.6617984114423049, 0.66528693689733, 0.66528693689733, 0.6656998300067412, 0.6656998300067412, 0.6691553972859697, 0.6691553972859697, 0.6702286995515695, 0.6702286995515695, 0.6717432222515314, 0.6717432222515314, 0.6756034321052786, 0.6756034321052786, 0.6768331867874204, 0.6768331867874204, 0.6790575925437439, 0.6790575925437439, 0.6795473489844368, 0.6795473489844368, 0.6804991939974794, 0.6804991939974794, 0.6837754330431725, 0.6837754330431725, 0.6899013892552537, 0.6899013892552537, 0.6901144523579237, 0.6901144523579237, 0.691833421260881, 0.691833421260881, 0.6992309710132185, 0.6992309710132185, 0.6994826050001466, 0.6994826050001466, 0.700929789853161, 0.700929789853161, 0.7044791904803775, 0.7044791904803775, 0.7060429965708257, 0.7060429965708257, 0.7091707846068174, 0.7091707846068174, 0.7109274451185557, 0.7109274451185557, 0.7124794689176119, 0.7124794689176119, 0.7154107388844925, 0.7154107388844925, 0.7156372988657347, 0.7156372988657347, 0.7188793927137371, 0.7188793927137371, 0.7201220434362086, 0.7201220434362086, 0.7238445734048478, 0.7238445734048478, 0.7258324100940825, 0.7258324100940825, 0.7261048536006331, 0.7261048536006331, 0.7312865851871391, 0.7312865851871391, 0.7316680441982473, 0.7316680441982473, 0.7320971306310267, 0.7320971306310267, 0.7333719042175914, 0.7333719042175914, 0.7344513614115302, 0.7344513614115302, 0.7375770978047422, 0.7375770978047422, 0.7387461385151968, 0.7387461385151968, 0.7393220199888625, 0.7393220199888625, 0.7421875641138369, 0.7421875641138369, 0.7423798323514756, 0.7423798323514756, 0.7445450042498314, 0.7445450042498314, 0.7468568246431607, 0.7468568246431607, 0.7486720742108502, 0.7486720742108502, 0.7511699053313403, 0.7511699053313403, 0.7527432222515313, 0.7527432222515313, 0.7545783580995926, 0.7545783580995926, 0.759033866760456, 0.759033866760456, 0.7596127377707436, 0.7596127377707436, 0.7619284709399454, 0.7619284709399454, 0.7655772150414725, 0.7655772150414725, 0.766706131480993, 0.766706131480993, 0.7694695037955391, 0.7694695037955391, 0.7798333333333334, 0.7798333333333334, 0.783348515489903, 0.783348515489903, 0.7838445001318913, 0.7838445001318913, 0.7865893783522377, 0.7865893783522377, 0.7916965034145198, 0.7916965034145198, 0.79280006741112, 0.79280006741112, 0.797412731908907, 0.797412731908907, 0.8013359125413992, 0.8013359125413992, 0.8013422579794249, 0.8013422579794249, 0.8025287083443242, 0.8025287083443242, 0.806548594624696, 0.806548594624696, 0.8071160497083736, 0.8071160497083736, 0.8080704006565257, 0.8080704006565257, 0.8104535596002227, 0.8104535596002227, 0.8121570386001934, 0.8121570386001934, 0.8137497435446526, 0.8137497435446526, 0.8142422550485067, 0.8142422550485067, 0.8151728215950057, 0.8151728215950057, 0.8162007972097658, 0.8162007972097658, 0.8169009496175151, 0.8169009496175151, 0.8178839502916264, 0.8178839502916264, 0.8209998387994959, 0.8209998387994959, 0.8210701515284738, 0.8210701515284738, 0.8229113397227351, 0.8229113397227351, 0.8260141416805885, 0.8260141416805885, 0.826457662885782, 0.826457662885782, 0.8269838506404057, 0.8269838506404057, 0.827736378557402, 0.827736378557402, 0.8299050529030745, 0.8299050529030745, 0.8326525982590345, 0.8326525982590345, 0.8387710513203787, 0.8387710513203787, 0.8422515167501978, 0.8422515167501978, 0.8435475394941235, 0.8435475394941235, 0.8440655353322196, 0.8440655353322196, 0.8460405199448987, 0.8460405199448987, 0.8502462264427445, 0.8502462264427445, 0.8506083853571325, 0.8506083853571325, 0.852683900466016, 0.852683900466016, 0.854608986195375, 0.854608986195375, 0.8552856326387057, 0.8552856326387057, 0.857733945895249, 0.857733945895249, 0.8591923415105953, 0.8591923415105953, 0.8594570034291744, 0.8594570034291744, 0.8602568656760163, 0.8602568656760163, 0.8603704241038718, 0.8603704241038718, 0.8608876432486298, 0.8608876432486298, 0.8614464081596764, 0.8614464081596764, 0.8614489434039685, 0.8614489434039685, 0.8619090829156775, 0.8619090829156775, 0.8619697968873647, 0.8619697968873647, 0.8625284005979074, 0.8625284005979074, 0.8627037867463876, 0.8627037867463876, 0.8634476391453443, 0.8634476391453443, 0.863883774436531, 0.863883774436531, 0.8643240716316422, 0.8643240716316422, 0.8644836454761277, 0.8644836454761277, 0.8647210791641021, 0.8647210791641021, 0.8647241273190891, 0.8647241273190891, 0.8650469826196547, 0.8650469826196547, 0.8655651103490724, 0.8655651103490724, 0.8656025528298016, 0.8656025528298016, 0.865724845394062, 0.865724845394062, 0.8659870160321228, 0.8659870160321228, 0.8659879392713737, 0.8659879392713737, 0.8660986693631114, 0.8660986693631114, 0.8662431636331662, 0.8662431636331662, 0.8662746710044257, 0.8662746710044257, 0.8662799173481052, 0.8662799173481052, 0.866437336967672, 0.866437336967672, 0.8665230663266801, 0.8665230663266801, 0.8665703273835693, 0.8665703273835693, 0.8666187168439872, 0.8666187168439872, 0.8668055189190773, 0.8668055189190773, 0.867062765614467, 0.867062765614467, 0.8671746973826899, 0.8671746973826899, 0.8672609689615757, 0.8672609689615757, 0.867704475512178, 0.867704475512178, 0.8679397989390076, 0.8679397989390076, 0.8679957941323017, 0.8679957941323017, 0.8680351124007151, 0.8680351124007151, 0.868526627392362, 0.868526627392362, 0.8685359184032357, 0.8685359184032357, 0.8685972625223483],