{"title": "population_size_50_0", "popultion": 50, "subpopulation": 75, "number_of_rect": 20, "scores": [0.6412410973357954, 0.6412410973357954, 0.6449709106363024, 0.6449709106363024, 0.6477190714850962, 0.6477190714850962, 0.6481082388112196, 0.6481082388112196, 0.6504131715466456, 0.6504131715466456, 0.6506563644889944, 0.6506563644889944, 0.653100970133943, 0.653100970133943, 0.6534388756997568, 0.6534388756997568, 0.6557438377443654, 0.6557438377443654, 0.6563726369471555, 0.6563726369471555, 0.6565059790732437, 0.6565059790732437, 0.6578932999208653, 0.6578932999208653, 0.6590986253993376, 0.6590986253993376, 0.6596921363463173, 0.6596921363463173, 0.6597887687212404, 0.6597887687212404, 0.6609668366599255, 0.6609668366599255, 0.6619361646003692, 0.6619361646003692, 0.6627694246607463, 0.6627694246607463, 0.6659556845159589, 0.6659556845159589, 0.6665450482136053, 0.6665450482136053, 0.6667912893109411, 0.6667912893109411, 0.6673169788094611, 0.6673169788094611, 0.6695122512383129, 0.6695122512383129, 0.6695752220170579, 0.6695752220170579, 0.6700163252146898, 0.6700163252146898, 0.6706770274627041, 0.6706770274627041, 0.6728866320818312, 0.6728866320818312, 0.6735832380784901, 0.6735832380784901, 0.6746759137137666, 0.6746759137137666, 0.6765054661625487, 0.6765054661625487, 0.6771459157654093, 0.6771459157654093, 0.6809279580292505, 0.6809279580292505, 0.6815757202731616, 0.6815757202731616, 0.6835211758844046, 0.6835211758844046, 0.6858760954306984, 0.6858760954306984, 0.6873733696767197, 0.6873733696767197, 0.6874777103666578, 0.6874777103666578, 0.6880000879275476, 0.6880000879275476, 0.6887760192268237, 0.6887760192268237, 0.6893173891380169, 0.6893173891380169, 0.6895540900964272, 0.6895540900964272, 0.6924097716814679, 0.6924097716814679, 0.6933832029074709, 0.6933832029074709, 0.693447521908614, 0.693447521908614, 0.6938375245464403, 0.6938375245464403, 0.6946591195521556, 0.6946591195521556, 0.6955063894017997, 0.6955063894017997, 0.6968182097951288, 0.6968182097951288, 0.6980133063688854, 0.6980133063688854, 0.7002323338902079, 0.7002323338902079, 0.7058033207303849, 0.7058033207303849, 0.7073419062692341, 0.7073419062692341, 0.7113418623054604, 0.7113418623054604, 0.7115965737565579, 0.7115965737565579, 0.7119012134001583, 0.7119012134001583, 0.7171835634104164, 0.7171835634104164, 0.7189559922623758, 0.7189559922623758, 0.7193316040915618, 0.7193316040915618, 0.7208654708520179, 0.7208654708520179, 0.7216686743456725, 0.7216686743456725, 0.7230799261408599, 0.7230799261408599, 0.7253865294996922, 0.7253865294996922, 0.7267484832498021, 0.7267484832498021, 0.727393959377473, 0.727393959377473, 0.7287081977783639, 0.7287081977783639, 0.7288924499545708, 0.7288924499545708, 0.7318727395292945, 0.7318727395292945, 0.7319420410914739, 0.7319420410914739, 0.7355207655558487, 0.7355207655558487, 0.7361636917846361, 0.7361636917846361, 0.7365030041912131, 0.7365030041912131, 0.739146106275096, 0.739146106275096, 0.739936047363639, 0.739936047363639, 0.7422489228875406, 0.7422489228875406, 0.7432900729798646, 0.7432900729798646, 0.7465766874761863, 0.7465766874761863, 0.7485946540050998, 0.7485946540050998, 0.7505661947888274, 0.7505661947888274, 0.7516557343415692, 0.7516557343415692, 0.7536002520589701, 0.7536002520589701, 0.7610168820891585, 0.7610168820891585, 0.762566077552097, 0.762566077552097, 0.7645216008675518, 0.7645216008675518, 0.7676625047627421, 0.7676625047627421, 0.7685735660482429, 0.7685735660482429, 0.7701202409214807, 0.7701202409214807, 0.771767915237844, 0.771767915237844, 0.77345181570386, 0.77345181570386, 0.7741281983645476, 0.7741281983645476, 0.775316773645183, 0.775316773645183, 0.781212696737888, 0.781212696737888, 0.7834898443682405, 0.7834898443682405, 0.7847662885782115, 0.7847662885782115, 0.7942527770450483, 0.7942527770450483, 0.7974863126117413, 0.7974863126117413, 0.7992216506931622, 0.7992216506931622, 0.7997999355197983, 0.7997999355197983, 0.8002389577654679, 0.8002389577654679, 0.8040450775227879, 0.8040450775227879, 0.8059226530672059, 0.8059226530672059, 0.8062293590081773, 0.8062293590081773, 0.8068959084381137, 0.8068959084381137, 0.8087473548462734, 0.8087473548462734, 0.8092279961311879, 0.8092279961311879, 0.8095439051554852, 0.8095439051554852, 0.8103799788973886, 0.8103799788973886, 0.8104738708637416, 0.8104738708637416, 0.8149408687241713, 0.8149408687241713, 0.816494416600721, 0.816494416600721, 0.8179882470177906, 0.8179882470177906, 0.8180918110143908, 0.8180918110143908, 0.819037691608781, 0.819037691608781, 0.8203625106245787, 0.8203625106245787, 0.8210379553914241, 0.8210379553914241, 0.8212892962865266, 0.8212892962865266, 0.8233998651777602, 0.8233998651777602, 0.8237912013833935, 0.8237912013833935, 0.8240522289633342, 0.8240522289633342, 0.8245555848647381, 0.8245555848647381, 0.8257317623611478, 0.8257317623611478, 0.8257454790585891, 0.8257454790585891, 0.8273452475160468, 0.8273452475160468, 0.8297005187725315, 0.8297005187725315, 0.8297777484685952, 0.8297777484685952, 0.8312043582754477, 0.8312043582754477, 0.8312906151997421, 0.8312906151997421, 0.8324452651015564, 0.8324452651015564, 0.8327844016530379, 0.8327844016530379, 0.83325793546118, 0.83325793546118, 0.8333438992936487, 0.8333438992936487, 0.8337457428412322, 0.8337457428412322, 0.8338002872299892, 0.8338002872299892, 0.8345012163310765, 0.8345012163310765, 0.8346891321551042, 0.8346891321551042, 0.8347702013540842, 0.8347702013540842, 0.8369813593598875, 0.8369813593598875, 0.8391311292828043, 0.8391311292828043, 0.8405987572906591, 0.8405987572906591, 0.841344793223717, 0.841344793223717, 0.8413580995926024, 0.8413580995926024, 0.8416950379553914, 0.8416950379553914, 0.8417377121252088, 0.8417377121252088, 0.8422143820158856, 0.8422143820158856, 0.8431012046074035, 0.8431012046074035, 0.8432805914593042, 0.8432805914593042, 0.8438216096603066, 0.8438216096603066, 0.843844895805856, 0.843844895805856, 0.8438886544154284, 0.8438886544154284, 0.8440695213810487, 0.8440695213810487, 0.8441825815528005, 0.8441825815528005, 0.8446087663765057, 0.8446087663765057, 0.8448373193821624, 0.8448373193821624, 0.8454991500337056, 0.8454991500337056, 0.8456167531287553, 0.8456167531287553, 0.8458533515050265, 0.8458533515050265, 0.845949485623846, 0.845949485623846, 0.8460441835927196, 0.8460441835927196, 0.8460800726867728, 0.8460800726867728, 0.8462828043025881, 0.8462828043025881, 0.8464674521527594, 0.8464674521527594, 0.8465284445616812, 0.8465284445616812, 0.8467971658020458, 0.8467971658020458, 0.8468185175415457, 0.8468185175415457, 0.8469034995163984, 0.8469034995163984, 0.8471152143966705, 0.8471152143966705, 0.8478317066737009, 0.8478317066737009, 0.8478839942554002, 0.8478839942554002, 0.8480557021014684, 0.8480557021014684, 0.8482583457897359, 0.8482583457897359, 0.8482705237550925, 0.8482705237550925, 0.8483850200767901, 0.8483850200767901, 0.848623875260119, 0.848623875260119, 0.8487162578035699, 0.8487162578035699, 0.8487332717840499, 0.8487332717840499, 0.8490343063981945, 0.8490343063981945, 0.8494701925613295, 0.8494701925613295, 0.8495423078050354, 0.8495423078050354, 0.8508934611213693],