{"title": "subpopulation_size_3_0", "popultion": 40, "subpopulation": 120, "number_of_rect": 20, "scores": [0.6607906738181073, 0.6607906738181073, 0.6611866262199948, 0.6611866262199948, 0.6620520531082388, 0.6620520531082388, 0.6624222134294675, 0.6624222134294675, 0.6627374483425658, 0.6627374483425658, 0.6628977402620241, 0.6628977402620241, 0.6630714704416893, 0.6630714704416893, 0.6630975556141739, 0.6630975556141739, 0.6632828775755444, 0.6632828775755444, 0.6634261262053401, 0.6634261262053401, 0.6636968404701193, 0.6636968404701193, 0.6639120724522993, 0.6639120724522993, 0.6642774700313608, 0.6642774700313608, 0.6645193147513115, 0.6645193147513115, 0.6645423664234005, 0.6645423664234005, 0.6649307130924118, 0.6649307130924118, 0.6656227175474076, 0.6656227175474076, 0.6657229256426038, 0.6657229256426038, 0.6661563351798119, 0.6661563351798119, 0.6666518069111053, 0.6666518069111053, 0.6667223687681351, 0.6667223687681351, 0.6671340015826959, 0.6671340015826959, 0.6672321726897037, 0.6672321726897037, 0.6676152876696269, 0.6676152876696269, 0.6678902957296521, 0.6678902957296521, 0.667912937073185, 0.667912937073185, 0.6679660746211789, 0.6679660746211789, 0.6680163838330548, 0.6680163838330548, 0.6692057651162109, 0.6692057651162109, 0.6697070693748352, 0.6697070693748352, 0.6698962308391219, 0.6698962308391219, 0.670355080746798, 0.670355080746798, 0.6708288050646267, 0.6708288050646267, 0.6710468800375158, 0.6710468800375158, 0.6715782115536797, 0.6715782115536797, 0.6721237726779801, 0.6721237726779801, 0.6727130484480788, 0.6727130484480788, 0.6728944869427591, 0.6728944869427591, 0.6729796594272985, 0.6729796594272985, 0.6734245288548902, 0.6734245288548902, 0.6737423283214632, 0.6737423283214632, 0.6739157214455289, 0.6739157214455289, 0.6741134851548991, 0.6741134851548991, 0.6743965239309475, 0.6743965239309475, 0.674495295876198, 0.674495295876198, 0.6747310149769923, 0.6747310149769923, 0.6749015064919839, 0.6749015064919839, 0.6752487763416278, 0.6752487763416278, 0.6754947243471379, 0.6754947243471379, 0.6755642457281866, 0.6755642457281866, 0.6760987426360678, 0.6760987426360678, 0.6763592133415399, 0.6763592133415399, 0.6764864151938803, 0.6764864151938803, 0.6767098977109529, 0.6767098977109529, 0.676881605557021, 0.676881605557021, 0.6769556845159588, 0.6769556845159588, 0.677209077053841, 0.677209077053841, 0.6772207421085026, 0.6772207421085026, 0.6773744248072922, 0.6773744248072922, 0.6777673730179665, 0.6777673730179665, 0.6780329435212051, 0.6780329435212051, 0.6780770538409684, 0.6780770538409684, 0.6780838389167326, 0.6780838389167326, 0.6789597145285617, 0.6789597145285617, 0.6790405345994901, 0.6790405345994901, 0.6801403030569477, 0.6801403030569477, 0.6807898824701779, 0.6807898824701779, 0.6808214044960286, 0.6808214044960286, 0.6813157185146106, 0.6813157185146106, 0.6832041531111697, 0.6832041531111697, 0.6835370907705385, 0.6835370907705385, 0.683562560450189, 0.683562560450189, 0.6844682141915062, 0.6844682141915062, 0.6857148509628066, 0.6857148509628066, 0.686681834168645, 0.686681834168645, 0.687808552419473, 0.687808552419473, 0.6885954600076204, 0.6885954600076204, 0.6893790703127289, 0.6893790703127289, 0.6896019959553328, 0.6896019959553328, 0.6897522201705795, 0.6897522201705795, 0.6899399161757378, 0.6899399161757378, 0.6900759987103959, 0.6900759987103959, 0.690168601072716, 0.690168601072716, 0.6902019988862511, 0.6902019988862511, 0.6904053313403089, 0.6904053313403089, 0.690557079633049, 0.690557079633049, 0.6906789325595709, 0.6906789325595709, 0.6907043143116738, 0.6907043143116738, 0.6908774289985052, 0.6908774289985052, 0.6912957589612826, 0.6912957589612826, 0.6914738562091504, 0.6914738562091504, 0.6916182478970662, 0.6916182478970662, 0.6924562706996102, 0.6924562706996102, 0.6925458102523521, 0.6925458102523521, 0.6928630821536388, 0.6928630821536388, 0.6931218236173393, 0.6931218236173393, 0.6931901872856766, 0.6931901872856766, 0.6935620621940854, 0.6935620621940854, 0.6937079193411295, 0.6937079193411295, 0.6937640610803364, 0.6937640610803364, 0.6937772941762654, 0.6937772941762654, 0.693778202760925, 0.693778202760925, 0.6939152231894252, 0.6939152231894252, 0.6939321492423576, 0.6939321492423576, 0.6939662797854568, 0.6939662797854568, 0.6943011518508748, 0.6943011518508748, 0.6945047187783933, 0.6945047187783933, 0.6947529822093261, 0.6947529822093261, 0.6953785280928515, 0.6953785280928515, 0.6955803657785984, 0.6955803657785984, 0.6959871772326269, 0.6959871772326269, 0.6963869105190656, 0.6963869105190656, 0.6966449045986107, 0.6966449045986107, 0.6972163457311176, 0.6972163457311176, 0.6973299188135643, 0.6973299188135643, 0.6976412262961986, 0.6976412262961986, 0.6977499633635218, 0.6977499633635218, 0.6979458805943902, 0.6979458805943902, 0.6980020369881884, 0.6980020369881884, 0.6980142002989537, 0.6980142002989537, 0.6981809255839855, 0.6981809255839855, 0.6982672118174624, 0.6982672118174624, 0.6983090799847592, 0.6983090799847592, 0.6983331428236466, 0.6983331428236466, 0.6984106656115361, 0.6984106656115361, 0.6984660013482225, 0.6984660013482225, 0.6985000732729564, 0.6985000732729564, 0.6986655236085466, 0.6986655236085466, 0.6986851461062751, 0.6986851461062751, 0.6986962689410592, 0.6986962689410592, 0.6988254051994489, 0.6988254051994489, 0.6991784636126499, 0.6991784636126499, 0.6992081098508163, 0.6992081098508163, 0.6993725929833816, 0.6993725929833816, 0.6993795099504674, 0.6993795099504674, 0.6994017263108532, 0.6994017263108532, 0.6994159266098068, 0.6994159266098068, 0.6996648934611214, 0.6996648934611214, 0.6997941469562414, 0.6997941469562414, 0.699966440985961, 0.699966440985961, 0.6999883202907471, 0.6999883202907471, 0.7000535478765497, 0.7000535478765497, 0.7001718397373897, 0.7001718397373897, 0.70025359770216, 0.70025359770216, 0.7003835546176618, 0.7003835546176618, 0.7003837597819397, 0.7003837597819397, 0.700395351563645, 0.700395351563645, 0.7006487880653008, 0.7006487880653008, 0.7007481461942027, 0.7007481461942027, 0.7007552243617925, 0.7007552243617925, 0.7008793780591459, 0.7008793780591459, 0.7012267358363375, 0.7012267358363375, 0.7012417861015856, 0.7012417861015856, 0.7013516076086638, 0.7013516076086638, 0.7017668161434978, 0.7017668161434978, 0.7018551393651631, 0.7018551393651631, 0.7019716726750491, 0.7019716726750491, 0.7022817638266068, 0.7022817638266068, 0.7026245200621355, 0.7026245200621355, 0.70314843635511, 0.70314843635511, 0.7034250124564025, 0.7034250124564025, 0.7034960432603534, 0.7034960432603534, 0.7038042879334095, 0.7038042879334095, 0.7038677130044844, 0.7038677130044844, 0.7040863595064334, 0.7040863595064334, 0.7041351592954073, 0.7041351592954073, 0.7045117822913919, 0.7045117822913919, 0.7045138339341716, 0.7045138339341716, 0.7047489082329493, 0.7047489082329493, 0.7048191476889709, 0.7048191476889709, 0.7052939857557372, 0.7052939857557372, 0.7057052228963334, 0.7057052228963334, 0.7058267973856209, 0.7058267973856209, 0.7061165040007034, 0.7061165040007034, 0.7063556083120841, 0.7063556083120841, 0.706630748263431, 0.706630748263431, 0.7066487880653008, 0.7066487880653008, 0.706747442773821, 0.706747442773821, 0.7067504323104429, 0.7067504323104429, 0.7067702892816319, 0.7067702892816319, 0.7068689732993347, 0.7068689732993347, 0.7069080570942876, 0.7069080570942876, 0.706938421407427, 0.706938421407427, 0.7069720536944225, 0.7069720536944225, 0.7070491221899822, 0.7070491221899822, 0.7070538556229666, 0.7070538556229666, 0.7070576951258829, 0.7070576951258829, 0.7070813036724406, 0.7070813036724406, 0.7072979571499751, 0.7072979571499751, 0.7074915296462381, 0.7074915296462381, 0.7075352003282629, 0.7075352003282629, 0.7077079779594948, 0.7077079779594948, 0.7077252557226179, 0.7077252557226179, 0.70773441484217, 0.70773441484217, 0.7077538614848031, 0.7077538614848031, 0.7077648084644919, 0.7077648084644919, 0.7077793604736364, 0.7077793604736364, 0.7078479732700255, 0.7078479732700255, 