{"title": "population_size_100_0", "popultion": 100, "subpopulation": 150, "number_of_rect": 20, "scores": [0.6790941410944049, 0.6790941410944049, 0.6797744218763739, 0.6797744218763739, 0.6799949148568246, 0.6799949148568246, 0.6804256719130104, 0.6804256719130104, 0.6810704446202995, 0.6810704446202995, 0.6812424309036021, 0.6812424309036021, 0.6819023857674609, 0.6819023857674609, 0.683510756470002, 0.683510756470002, 0.6836505759254374, 0.6836505759254374, 0.6847774553767696, 0.6847774553767696, 0.685307980890413, 0.685307980890413, 0.6859951053665114, 0.6859951053665114, 0.686247853102377, 0.686247853102377, 0.6865858026319647, 0.6865858026319647, 0.6867741434391395, 0.6867741434391395, 0.6869439461883409, 0.6869439461883409, 0.6872370673231923, 0.6872370673231923, 0.6873308713619977, 0.6873308713619977, 0.6873711275242533, 0.6873711275242533, 0.6881561446701252, 0.6881561446701252, 0.6884730355520384, 0.6884730355520384, 0.6892168000234473, 0.6892168000234473, 0.6893935930126909, 0.6893935930126909, 0.6894544242211085, 0.6894544242211085, 0.689570986840177, 0.689570986840177, 0.6897114950614027, 0.6897114950614027, 0.6897711832117002, 0.6897711832117002, 0.6901466631495647, 0.6901466631495647, 0.6904578827046514, 0.6904578827046514, 0.6943037896773059, 0.6943037896773059, 0.6965720712799319, 0.6965720712799319, 0.698074811688502, 0.698074811688502, 0.6985046161962543, 0.6985046161962543, 0.6993787918754946, 0.6993787918754946, 0.6995635276532137, 0.6995635276532137, 0.6996884433893139, 0.6996884433893139, 0.6999939769629825, 0.6999939769629825, 0.7000709428764031, 0.7000709428764031, 0.7001057182215188, 0.7001057182215188, 0.7002581113162754, 0.7002581113162754, 0.7006207538321756, 0.7006207538321756, 0.7012963451449339, 0.7012963451449339, 0.7016882528796271, 0.7016882528796271, 0.7028667018376857, 0.7028667018376857, 0.7030990503824849, 0.7030990503824849, 0.7036717371552508, 0.7036717371552508, 0.7042885635569625, 0.7042885635569625, 0.7049414109440488, 0.7049414109440488, 0.7050540021688796, 0.7050540021688796, 0.7056929276942465, 0.7056929276942465, 0.706629766405815, 0.706629766405815, 0.7071322723409244, 0.7071322723409244, 0.7073157331692019, 0.7073157331692019, 0.7081265570503239, 0.7081265570503239, 0.7084592455816408, 0.7084592455816408, 0.7090038688120989, 0.7090038688120989, 0.7093913948239983, 0.7093913948239983, 0.7094482106744043, 0.7094482106744043, 0.7097214455288843, 0.7097214455288843, 0.7098425803804331, 0.7098425803804331, 0.7135833553152202, 0.7135833553152202, 0.7171949939916176, 0.7171949939916176, 0.7183620709868401, 0.7183620709868401, 0.7186811454028548, 0.7186811454028548, 0.7189603886397609, 0.7189603886397609, 0.7192737331105836, 0.7192737331105836, 0.720006565256895, 0.720006565256895, 0.7201209589964537, 0.7201209589964537, 0.7204439901521147, 0.7204439901521147, 0.7204549371318034, 0.7204549371318034, 0.7212975614760104, 0.7212975614760104, 0.7214939036900261, 0.7214939036900261, 0.7217164629678479, 0.7217164629678479, 0.7220678067938686, 0.7220678067938686, 0.7232516632961107, 0.7232516632961107, 0.7232765761012925, 0.7232765761012925, 0.7241024062838888, 0.7241024062838888, 0.7242116855710894, 0.7242116855710894, 0.7246653624080425, 0.7246653624080425, 0.7250162665963247, 0.7250162665963247, 0.7250362114950615, 0.7250362114950615, 0.7251328145608019, 0.7251328145608019, 0.7251823910431139, 0.7251823910431139, 0.7253096808230018, 0.7253096808230018, 0.7255540900964272, 0.7255540900964272, 0.7256973387262229, 0.7256973387262229, 0.7257709927020135, 0.7257709927020135, 0.7262700841173539, 0.7262700841173539, 0.726305343063982, 0.726305343063982, 0.7263108385357132, 0.7263108385357132, 0.726720507635042, 0.726720507635042, 0.727041721621384, 0.727041721621384, 0.7270868870717195, 0.7270868870717195, 0.7272195111228348, 0.7272195111228348, 0.7273273542600897, 0.7273273542600897, 0.727516545033559, 0.727516545033559, 0.7275663120255575, 0.7275663120255575, 0.7278138720361089, 0.7278138720361089, 0.7279028840235646, 0.7279028840235646, 0.7285251179694598, 0.7285251179694598, 0.7285400803071602, 0.7285400803071602, 0.7286114628213018, 0.7286114628213018, 0.7291923854743692, 0.7291923854743692, 0.7292760778451889, 0.7292760778451889, 0.72936743456725, 0.72936743456725, 0.7299665142589173, 0.7299665142589173, 0.7300137899703978, 0.7300137899703978, 0.7301784489580585, 0.7301784489580585, 0.7303435182742753, 0.7303435182742753, 0.730627905272722, 0.730627905272722, 0.73090796916674, 0.73090796916674, 0.7309458952489816, 0.7309458952489816, 0.7311330197250798, 0.7311330197250798, 0.7317807819689909, 0.7317807819689909, 0.7321258975937162, 0.7321258975937162, 0.7328263577478824, 0.7328263577478824, 0.734732861455494, 0.734732861455494, 0.7376680148890647, 0.7376680148890647, 0.7388372754183885, 0.7388372754183885, 0.7395808054163369, 0.7395808054163369, 0.7398338022802544, 0.7398338022802544, 0.7399875142882265, 0.7399875142882265, 0.7405353468741758, 0.7405353468741758, 0.7405814062545796, 0.7405814062545796, 0.7416080043377591, 0.7416080043377591, 0.7417760924997802, 0.7417760924997802, 0.7423448225328996, 0.7423448225328996, 0.7432073185028869, 0.7432073185028869, 0.7434133620563322, 0.7434133620563322, 0.7435357865119141, 0.7435357865119141, 0.7445100090858465, 0.7445100090858465, 0.744586344851842, 0.744586344851842, 0.7462933116445383, 0.7462933116445383, 0.7468877165215861, 0.7468877165215861, 0.7481009115155779, 0.7481009115155779, 0.7484758199243823, 0.7484758199243823, 0.749203801400979, 0.749203801400979, 0.7506161669451039, 0.7506161669451039, 0.7508959963656614, 0.7508959963656614, 0.7514836894399015, 0.7514836894399015, 0.7530116943638442, 0.7530116943638442, 0.7530697558545092, 0.7530697558545092, 0.754709853747179, 0.754709853747179, 0.756314238400891, 0.756314238400891, 0.7592446584014771, 0.7592446584014771, 0.7597800785486093, 0.7597800785486093, 0.7620330754125267, 0.7620330754125267, 0.7624991793428881, 0.7624991793428881, 0.7633708783962015, 0.7633708783962015, 0.7636879304786189, 0.7636879304786189, 0.7647112898971248, 0.7647112898971248, 0.7657451420029895, 0.7657451420029895, 0.7679420704006565, 0.7679420704006565, 0.7681949500278438, 0.7681949500278438, 0.7708262405111521, 0.7708262405111521, 0.7717515020956065, 0.7717515020956065, 0.7720644655470559, 0.7720644655470559, 0.7721531551335034, 0.7721531551335034, 0.7722863507136786, 0.7722863507136786, 0.7728914241331809, 0.7728914241331809, 0.7729554646970896, 0.7729554646970896, 0.7730450042498315, 0.7730450042498315, 0.773105366511328, 0.773105366511328, 0.7731128256982913, 0.7731128256982913, 0.7731868167296814, 0.7731868167296814, 0.7732158621296052, 0.7732158621296052, 0.7733693543187081, 0.7733693543187081, 0.773465312582432, 0.773465312582432, 0.7735524487822034, 0.7735524487822034, 0.7736317594302295, 0.7736317594302295, 0.7736758844045839, 0.7736758844045839, 0.7738210527858378, 0.7738210527858378, 0.77396608927577, 0.77396608927577, 0.7742005187725314, 0.7742005187725314, 0.7743200416190392, 0.7743200416190392, 0.7743571323895777, 0.7743571323895777, 0.7743690319176998, 0.7743690319176998, 0.7743722559277821, 0.7743722559277821, 0.7744758931973388, 0.7744758931973388, 0.7745543538790703, 0.7745543538790703, 0.7747432955244878, 0.7747432955244878, 0.7747852516193323, 0.7747852516193323, 0.7749424660746211, 0.7749424660746211, 0.774978750842639, 0.774978750842639, 0.7750964711744189, 0.7750964711744189, 0.775246666080483, 0.775246666080483, 0.7754283830123978, 0.7754283830123978, 0.7755621794308156, 0.7755621794308156, 0.7757924909874263, 0.7757924909874263, 0.7758840528737654, 0.7758840528737654, 0.7758874673935343, 0.7758874673935343, 0.7759015358011665, 0.7759015358011665, 0.7760792520296609, 0.7760792520296609, 0.7762383862364078, 0.7762383862364078, 0.7763181951405376, 0.7763181951405376, 0.7763224010082359, 0.7763224010082359, 0.7763954101820101, 0.7763954101820101, 0.7764304932735426, 0.7764304932735426, 0.7765072540226853, 