{"title": "subpopulation_size_2.5_3", "popultion": 50, "subpopulation": 125, "number_of_rect": 20, "scores": [0.6518897974735485], "iters": [0], "finalScore": 0.6518897974735485, "finalIter": 5}