{"title": "subpopulation_size_100_4", "popultion": 30, "subpopulation": 100, "number_of_rect": 20, "scores": [0.5973622321873443], "iters": [0], "finalScore": 0.5973622321873443, "finalIter": 5}