{"title": "population_size_50_0", "popultion": 50, "subpopulation": 75, "number_of_rect": 20, "scores": [0.6321282130191389, 0.6321282130191389, 0.6322113924792638, 0.6322113924792638, 0.6323089041296638, 0.6323089041296638, 0.6323557841671796, 0.6323557841671796, 0.6334845540607872, 0.6334845540607872, 0.6348158357513409, 0.6348158357513409, 0.6354119259063864, 0.6354119259063864, 0.6376954336293561, 0.6376954336293561, 0.6378126996688063, 0.6378126996688063, 0.6382284357689264, 0.6382284357689264, 0.6391627831999765, 0.6391627831999765, 0.6412823939740321, 0.6412823939740321, 0.6433855036783025, 0.6433855036783025, 0.6436672235411354, 0.6436672235411354, 0.6436678097247868, 0.6436678097247868, 0.6441566136170462, 0.6441566136170462, 0.6448588909405317, 0.6448588909405317, 0.6462011489199566, 0.6462011489199566, 0.6479561681174713, 0.6479561681174713, 0.6493567513702043, 0.6493567513702043, 0.6510532108209501, 0.6510532108209501, 0.6536642193499222, 0.6536642193499222, 0.6578141944371172, 0.6578141944371172, 0.658974149300976, 0.658974149300976, 0.6645160174682728, 0.6645160174682728, 0.6660371786980861, 0.6660371786980861, 0.6662324657815294, 0.6662324657815294, 0.6663360151235382, 0.6663360151235382, 0.6673641519388024, 0.6673641519388024, 0.6687945133210235, 0.6687945133210235, 0.6696173539669978, 0.6696173539669978, 0.6698100325331926, 0.6698100325331926, 0.6713294791758257, 0.6713294791758257, 0.6727147483806677, 0.6727147483806677, 0.6746017321726897, 0.6746017321726897, 0.67620369881884, 0.67620369881884, 0.6797065711187316, 0.6797065711187316, 0.6826293707318503, 0.6826293707318503, 0.6838905302031126, 0.6838905302031126, 0.6885822269116915, 0.6885822269116915, 0.696300433775902, 0.696300433775902, 0.6973230311556611, 0.6973230311556611, 0.6999066942172982, 0.6999066942172982, 0.7058806090448138, 0.7058806090448138, 0.7100365925144347, 0.7100365925144347, 0.7126341774377913, 0.7126341774377913, 0.7155849380110788, 0.7155849380110788, 0.7179370731850289, 0.7179370731850289, 0.7186563498344032, 0.7186563498344032, 0.720042600896861, 0.720042600896861, 0.7240771710776986, 0.7240771710776986, 0.7262603388141504, 0.7262603388141504, 0.726830109323251, 0.726830109323251, 0.7275323573375538, 0.7275323573375538, 0.7289341422667721, 0.7289341422667721, 0.7297824819015798, 0.7297824819015798, 0.730565711187315, 0.730565711187315, 0.733633386089862, 0.733633386089862, 0.7340083677716229, 0.7340083677716229, 0.7344494563146634, 0.7344494563146634, 0.7357537735572555, 0.7357537735572555, 0.7363602831267035, 0.7363602831267035, 0.7365492540813037, 0.7365492540813037, 0.7380876051466925, 0.7380876051466925, 0.7385406078724465, 0.7385406078724465, 0.7397089891262933, 0.7397089891262933, 0.7402964770362555, 0.7402964770362555, 0.7404973768281602, 0.7404973768281602, 0.7409220961927372, 0.7409220961927372, 0.7418684457340485, 0.7418684457340485, 0.7424610774055511, 0.7424610774055511, 0.7447466807350743, 0.7447466807350743, 0.7452422550485067, 0.7452422550485067, 0.7466199038658812, 0.7466199038658812, 0.7466777308830856, 0.7466777308830856, 0.7489759664702951, 0.7489759664702951, 0.7495916205047042, 0.7495916205047042, 0.7518250241800757, 0.7518250241800757, 0.7524483572203171, 0.7524483572203171, 0.7527940004103285, 0.7527940004103285, 0.754552111726604, 0.754552111726604, 0.7577598405580468, 0.7577598405580468, 0.7583326885313169, 0.7583326885313169, 0.7611023476655236, 0.7611023476655236, 0.7624292183241009, 0.7624292183241009, 0.7632391043113808, 0.7632391043113808, 0.7683342565725841, 0.7683342565725841, 0.7715060376916087, 0.7715060376916087, 0.7754255839854627, 0.7754255839854627, 0.7763999237961253, 0.7763999237961253, 0.7796394823998358, 0.7796394823998358, 0.7812838447785692, 0.7812838447785692, 0.782274685659017, 0.782274685659017, 0.7847969313285852, 0.7847969313285852, 0.7887140742694686, 0.7887140742694686, 0.7897945719393886, 0.7897945719393886, 0.7928329083501862, 0.7928329083501862, 0.7936421641900407, 0.7936421641900407, 0.7947505202379905, 0.7947505202379905, 0.7960319763181805, 0.7960319763181805, 0.7961040769072951, 0.7961040769072951, 0.7970973944136698, 0.7970973944136698, 0.7972743046396435, 0.7972743046396435, 0.7993408218294792, 0.7993408218294792, 0.7995112986898796, 0.7995112986898796, 0.8001589143878778, 0.8001589143878778, 0.8008123919223893, 0.8008123919223893, 0.802600559805387, 0.802600559805387, 0.8033139306544741, 0.8033139306544741, 0.8044051408306223, 0.8044051408306223, 0.8044955156950673, 0.8044955156950673, 0.8050520531082388, 0.8050520531082388, 0.805144450306281, 0.805144450306281, 0.8051641167677833, 0.8051641167677833, 0.8060954600076204, 0.8060954600076204, 0.8063501421495354, 0.8063501421495354, 0.8069178610158563, 0.8069178610158563, 0.8070669714821653, 0.8070669714821653, 0.8087375509247047, 0.8087375509247047, 0.8088432105278585, 0.8088432105278585, 0.8089297458893872, 0.8089297458893872, 0.8089958674052581, 0.8089958674052581, 0.8091460183475483, 0.8091460183475483, 0.8104104897564407, 0.8104104897564407, 0.8122026290336762, 0.8122026290336762, 0.8128292007385914, 0.8128292007385914, 0.8130006887657903, 0.8130006887657903, 0.815407661420323, 0.815407661420323, 0.816666578739119, 0.816666578739119, 0.8167498607813828, 0.8167498607813828, 0.8171402297839914, 0.8171402297839914, 0.8180340865793253, 0.8180340865793253, 0.8212204343620857, 0.8212204343620857, 0.8212896333421261, 0.8212896333421261, 0.8224929511415926, 0.8224929511415926, 0.8226085612122278, 0.8226085612122278, 0.823619273718456, 0.823619273718456, 0.8239452797561476, 0.8239452797561476, 0.824777631231865, 0.824777631231865, 0.8252296374454117, 0.8252296374454117, 0.8261910812157449, 0.8261910812157449, 0.8263173305196518, 0.8263173305196518, 0.8285321082095021, 0.8285321082095021, 0.8290407104545854, 0.8290407104545854, 0.8305886016588997, 0.8305886016588997, 0.8308587590492101, 0.8308587590492101, 0.8316102904539993, 0.8316102904539993, 0.8326118878044491, 0.8326118878044491, 0.8327828336117706, 0.8327828336117706, 0.8330638353996307, 0.8330638353996307, 0.8330667076995223, 0.8330667076995223, 0.8353451595884991, 0.8353451595884991, 0.8375027990269351, 0.8375027990269351, 0.8413557548579971, 0.8413557548579971, 0.8422471936457692, 0.8422471936457692, 0.8423677276590755, 0.8423677276590755, 0.8425466016002814, 0.8425466016002814, 0.8442584337172836, 0.8442584337172836, 0.8444920718661156, 0.8444920718661156, 0.8455192121691726, 0.8455192121691726, 0.8468225475541487, 0.8468225475541487, 0.8472627861308948, 0.8472627861308948, 0.8476913596529793, 0.8476913596529793, 0.8494326181892786, 0.8494326181892786, 0.849920997098391, 0.849920997098391, 0.8519971863184735, 0.8519971863184735, 0.8527372871420617, 0.8527372871420617, 0.85422505055834, 0.85422505055834, 0.8542556493449398, 0.8542556493449398, 0.8558602098537471, 0.8558602098537471, 0.8567999941381634, 0.8567999941381634, 0.8613343738093144, 0.8613343738093144, 0.8618204079838213, 0.8618204079838213, 0.8634076760749143, 0.8634076760749143, 0.8644890530203113, 0.8644890530203113, 0.8646551628125092, 0.8646551628125092, 0.8659137577302969, 0.8659137577302969, 0.8671148919956623, 0.8671148919956623, 0.8701289750578857, 0.8701289750578857, 0.8726696708578798, 0.8726696708578798, 0.8728271197866291, 0.8728271197866291, 0.8798234121750345, 0.8798234121750345, 0.880804156042088, 0.880804156042088, 0.8812956856883262, 0.8812956856883262, 0.8826571558369237, 0.8826571558369237, 0.8832003575720273, 0.8832003575720273, 0.8840418681672968, 0.8840418681672968, 0.8845906972654533, 0.8845906972654533, 0.8863296696855125, 0.8863296696855125, 0.8872584630264662, 0.8872584630264662, 0.8881930302763856, 0.8881930302763856, 0.8899980655939506, 0.8899980655939506, 0.8923980040446672, 0.8923980040446672, 0.8928590521410358, 0.8928590521410358, 0.8943353703215218, 0.8943353703215218, 0.8961634866203582, 0.8961634866203582, 0.8968301093232509, 0.8968301093232509, 0.8976024355930713, 0.8976024355930713, 