{"title": "subpopulation_size_1.1_1", "popultion": 40, "subpopulation": 44, "number_of_rect": 20, "scores": [0.6163070429965708, 0.6163070429965708, 0.6168755971745948, 0.6168755971745948, 0.6200374424807291, 0.6200374424807291, 0.6202087106890588, 0.6202087106890588, 0.6204554207333157, 0.6204554207333157, 0.6214826196547378, 0.6214826196547378, 0.6238489990914153, 0.6238489990914153, 0.6249061373428295, 0.6249061373428295, 0.6263304024150766, 0.6263304024150766, 0.6274615610070635, 0.6274615610070635, 0.6278610891292242, 0.6278610891292242, 0.6283040094961752, 0.6283040094961752, 0.6308358978868079, 0.6308358978868079, 0.631078841701105, 0.631078841701105, 0.631447316744336, 0.631447316744336, 0.6319082769131569, 0.6319082769131569, 0.6322525865353615, 0.6322525865353615, 0.6354213488085817, 0.6354213488085817, 0.638425290893637, 0.638425290893637, 0.6387531580644216, 0.6387531580644216, 0.639489404730502, 0.639489404730502, 0.6450519065623259, 0.6450519065623259, 0.6485015826958587, 0.6485015826958587, 0.6514747501392186, 0.6514747501392186, 0.6551476889709547, 0.6551476889709547, 0.6553869398282481, 0.6553869398282481, 0.6560252058970075, 0.6560252058970075, 0.6560852164483133, 0.6560852164483133, 0.656125267446291, 0.656125267446291, 0.6566818341686451, 0.6566818341686451, 0.6571894252469299, 0.6571894252469299, 0.6572305460300712, 0.6572305460300712, 0.6574309915296462, 0.6574309915296462, 0.6579765379993552, 0.6579765379993552, 0.6582082417421378, 0.6582082417421378, 0.6596176910225975, 0.6596176910225975, 0.6599760543978428, 0.6599760543978428, 0.661719056830505, 0.661719056830505, 0.6620548081714002, 0.6620548081714002, 0.6624142559864006, 0.6624142559864006, 0.6632080805416337, 0.6632080805416337, 0.6636182625516573, 0.6636182625516573, 0.6642002842990709, 0.6642002842990709, 0.6659573697939565, 0.6659573697939565, 0.666181834168645, 0.666181834168645, 0.667903265042938, 0.667903265042938, 0.6680408276913157, 0.6680408276913157, 0.6682395879128931, 0.6682395879128931, 0.6684405902869368, 0.6684405902869368, 0.6685753099446057, 0.6685753099446057, 0.6688808728274569, 0.6688808728274569, 0.6690362994226091, 0.6690362994226091, 0.6701202702306632, 0.6701202702306632, 0.6702730589993845, 0.6702730589993845, 0.6706434098302998, 0.6706434098302998, 0.670699873970515, 0.670699873970515, 0.6721261467217678, 0.6721261467217678, 0.6723072041970749, 0.6723072041970749, 0.6723359858143556, 0.6723359858143556, 0.6735994314018582, 0.6735994314018582, 0.6736347782760339, 0.6736347782760339, 0.6760518772531434, 0.6760518772531434, 0.6764654444737537, 0.6764654444737537, 0.6781188780444913, 0.6781188780444913, 0.6781330636888536, 0.6781330636888536, 0.6794220229197807, 0.6794220229197807, 0.6808480465429819, 0.6808480465429819, 0.6809589817989976, 0.6809589817989976, 0.6809636859227997, 0.6809636859227997, 0.6822749054778863, 0.6822749054778863, 0.6822764295553797], "iters": [0, 31, 32, 33, 34, 34, 35, 37, 38, 38, 39, 40, 41, 42, 43, 43, 44, 44, 45, 46, 47, 47, 48, 48, 49, 148, 149, 149, 150, 150, 151, 163, 164, 164, 165, 167, 168, 168, 169, 169, 170, 170, 171, 171, 172, 174, 175, 175, 176, 176, 177, 177, 178, 193, 194, 195, 196, 196, 197, 200, 201, 203, 204, 205, 206, 207, 208, 213, 214, 215, 216, 222, 223, 224, 225, 230, 231, 233, 234, 235, 236, 238, 239, 239, 240, 241, 242, 251, 252, 258, 259, 301, 302, 304, 305, 316, 317, 341, 342, 343, 344, 353, 354, 377, 378, 446, 447, 453, 454, 477, 478, 509, 510, 552, 553, 556, 557, 560, 561, 563, 564, 568, 569, 571, 572, 584, 585, 588, 589, 591, 592, 601, 602, 673, 674, 731, 732, 737, 738, 776, 777], "finalScore": 0.6822764295553797, "finalIter": 1000}