{"title": "population_size_50_3", "popultion": 50, "subpopulation": 75, "number_of_rect": 20, "scores": [0.6311729681409186, 0.6311729681409186, 0.6312080219232685, 0.6312080219232685, 0.6328186054690934, 0.6328186054690934, 0.6332248160848795, 0.6332248160848795, 0.6343905008939301, 0.6343905008939301, 0.6346310120460741, 0.6346310120460741, 0.6357634016237288, 0.6357634016237288, 0.6358156305870629, 0.6358156305870629, 0.6378984876461795, 0.6378984876461795, 0.6424828980919722, 0.6424828980919722, 0.6429671590609338, 0.6429671590609338, 0.6429910313901346, 0.6429910313901346, 0.6438459802456109, 0.6438459802456109, 0.6452591078284826, 0.6452591078284826, 0.6466937923151324, 0.6466937923151324, 0.6490700636009261, 0.6490700636009261, 0.6529982854128198, 0.6529982854128198, 0.6564789706615082, 0.6564789706615082, 0.657020882792579, 0.657020882792579, 0.657582930332073, 0.657582930332073, 0.6585949617515168, 0.6585949617515168, 0.6588864562267358, 0.6588864562267358, 0.6729794982267945, 0.6729794982267945, 0.6796840763211114, 0.6796840763211114, 0.6858236173393124, 0.6858236173393124, 0.69256131480993, 0.69256131480993, 0.6975589847299158, 0.6975589847299158, 0.7192122717547408, 0.7192122717547408, 0.7212004015358011, 0.7212004015358011, 0.7258348574108269, 0.7258348574108269, 0.7272919487675489, 0.7272919487675489, 0.7322808992057211, 0.7322808992057211, 0.7333081127817345, 0.7333081127817345, 0.7347237169905332, 0.7347237169905332, 0.7357402327149096, 0.7357402327149096, 0.7373121867581114, 0.7373121867581114, 0.7415986693631115, 0.7415986693631115, 0.7438341539904452, 0.7438341539904452, 0.7444220815381459, 0.7444220815381459, 0.7466390427620974, 0.7466390427620974, 0.7488993669216566, 0.7488993669216566, 0.7491701398048008, 0.7491701398048008, 0.7523904862393388, 0.7523904862393388, 0.7546874029133328, 0.7546874029133328, 0.7555311849702512, 0.7555311849702512, 0.7570425569330872, 0.7570425569330872, 0.7579969078812392, 0.7579969078812392, 0.7589525191242417, 0.7589525191242417, 0.7622960373985169, 0.7622960373985169, 0.7632312201412703, 0.7632312201412703, 0.7640596588411149, 0.7640596588411149, 0.7646907441601454, 0.7646907441601454, 0.7682924909874264, 0.7682924909874264, 0.7698644010668543, 0.7698644010668543, 0.7717131949939916, 0.7717131949939916, 0.7747363199390369, 0.7747363199390369, 0.7749454995750169, 0.7749454995750169, 0.7755401096163428, 0.7755401096163428, 0.7759595386734663, 0.7759595386734663, 0.777765687739969, 0.777765687739969, 0.7780044843049327, 0.7780044843049327, 0.7785405492540813, 0.7785405492540813, 0.7791954922477212, 0.7791954922477212, 0.7803053284093906, 0.7803053284093906, 0.7807206248717723, 0.7807206248717723, 0.7822216800023447, 0.7822216800023447, 0.7831163134910167, 0.7831163134910167, 0.783825610363727, 0.783825610363727, 0.7838768721240365, 0.7838768721240365, 0.7848003605029455, 0.7848003605029455, 0.7850203259181101, 0.7850203259181101, 0.7857464755707964, 0.7857464755707964, 0.7865877516926053, 0.7865877516926053, 0.7876534335707377, 0.7876534335707377, 0.7877423429760544, 0.7877423429760544, 0.7880512617603095, 0.7880512617603095, 0.7885502799026936, 0.7885502799026936, 0.7888661889269908, 0.7888661889269908, 0.7892599431401859, 0.7892599431401859, 0.7894375714411326, 0.7894375714411326, 0.7895070488584073, 0.7895070488584073, 0.7898649139775491, 0.7898649139775491, 0.790113690319177, 0.790113690319177, 0.7901723526480846, 0.7901723526480846, 0.7904952519124242, 0.7904952519124242, 0.7906185116797093, 0.7906185116797093, 0.790657742020575, 0.790657742020575, 0.7908797297693367, 0.7908797297693367, 0.79109362818371, 0.79109362818371, 0.7913229578827047, 0.7913229578827047, 0.7913357659954864, 0.7913357659954864, 0.7915529323837158, 0.7915529323837158, 0.791723248043612, 0.791723248043612, 0.7917355285911076, 0.7917355285911076, 0.7917382396904951, 0.7917382396904951, 0.7921061578592573, 0.7921061578592573, 0.7921678390339694, 0.7921678390339694, 0.7922056918432545, 0.7922056918432545, 0.7922799026935139, 0.7922799026935139, 0.7923464638471234, 0.7923464638471234, 0.7924565784460271, 0.7924565784460271, 0.7926473226061725, 0.7926473226061725, 0.792772619361646, 0.792772619361646, 0.7927750959875729, 0.7927750959875729, 0.7928218587883584, 0.7928218587883584, 0.7932742167120959, 0.7932742167120959, 0.7934551276414901, 0.7934551276414901, 0.7935668395908438, 0.7935668395908438, 0.7936452123450277, 0.7936452123450277, 0.793781719862833, 0.793781719862833, 0.7939839092587708, 0.7939839092587708, 0.7942694979337026, 0.7942694979337026, 0.7949003048154987, 0.7949003048154987, 0.7949501743896362, 0.7949501743896362, 0.7954119259063864, 0.7954119259063864, 0.7955426155514522, 0.7955426155514522, 0.7958627597526304, 0.7958627597526304, 0.7968690465722911, 0.7968690465722911, 0.7971430288109265, 0.7971430288109265, 0.7987616284181834, 0.7987616284181834, 0.7994682874644626, 0.7994682874644626, 0.8005506755766582, 0.8005506755766582, 0.8006989360766728, 0.8006989360766728, 0.8013930361382221, 0.8013930361382221, 0.8015156950672646, 0.8015156950672646, 0.8018683724610921, 0.8018683724610921, 0.8020277851050734, 0.8020277851050734, 0.8025243705853043, 0.8025243705853043, 0.8028831882528796, 0.8028831882528796, 0.8030310530789296, 0.8030310530789296, 0.8031031243588617, 0.8031031243588617, 0.8033115566106861, 0.8033115566106861, 0.8033753773557255, 0.8033753773557255, 0.8039991353791143, 0.8039991353791143, 0.804507547114511, 0.804507547114511, 0.8047779243236906, 0.8047779243236906, 0.8051635012749494, 0.8051635012749494, 0.8052900876344559, 0.8052900876344559, 0.8055672059556259, 0.8055672059556259, 0.8057584776810575, 0.8057584776810575, 0.8057683255663999, 0.8057683255663999, 0.8060197836982327, 0.8060197836982327, 0.8062507693660423, 0.8062507693660423, 0.8062943228113368, 0.8062943228113368, 0.8064467745244586, 0.8064467745244586, 0.8065974383774437, 0.8065974383774437, 0.8066087663765058, 0.8066087663765058, 0.8066734517424309, 0.8066734517424309, 0.8066737301796653, 0.8066737301796653, 0.8067221342946745, 0.8067221342946745, 0.8078764911046631, 0.8078764911046631, 0.8079819308889475, 0.8079819308889475, 0.8080250446965034, 0.8080250446965034, 0.8082955391424134, 0.8082955391424134, 0.808465825493127, 0.808465825493127, 0.8084889944019461, 0.8084889944019461, 0.8085317564993113, 0.8085317564993113, 0.8085786072276444, 0.8085786072276444, 0.8090329728303878, 0.8090329728303878, 0.8090541194056098, 0.8090541194056098, 0.8091264544681849, 0.8091264544681849, 0.8095734927752865, 0.8095734927752865, 0.8099162490108152, 0.8099162490108152, 0.8103639174653419, 0.8103639174653419, 0.8108463319558017, 0.8108463319558017, 0.8113186494328674, 0.8113186494328674, 0.8114612386060553, 0.8114612386060553, 0.8115890999150034, 0.8115890999150034, 0.811646516603652, 0.811646516603652, 0.8120207655558487, 0.8120207655558487, 0.8127563234561388, 0.8127563234561388, 0.812967950408863, 0.812967950408863, 0.8138180925583985, 0.8138180925583985, 0.8139359301269088, 0.8139359301269088, 0.8141348662035816, 0.8141348662035816, 0.8142756382074504, 0.8142756382074504, 0.814470529616929, 0.814470529616929, 0.8146795187432222, 0.8146795187432222, 0.8158222837715056, 0.8158222837715056, 0.816335018611331, 0.816335018611331, 0.8165579442539348, 0.8165579442539348, 0.8166514552009144, 0.8166514552009144, 0.8167657170491515, 0.8167657170491515, 0.8169553621149506, 0.8169553621149506, 0.8177324218177555, 0.8177324218177555, 0.817782232773528, 0.817782232773528, 0.8178238078489991, 0.8178238078489991, 0.8178533954688003, 0.8178533954688003, 0.8179451039010522, 0.8179451039010522, 0.817980406811454, 0.817980406811454, 0.8180819924382309, 0.8180819924382309, 0.8180843371728362, 0.8180843371728362, 0.8181224684193558, 0.8181224684193558, 0.8181561446701251, 0.8181561446701251, 0.8181779507019549, 0.8181779507019549, 0.8182027755795891],