{"title": "subpopulation_size_15_2", "popultion": 30, "subpopulation": 15, "number_of_rect": 20, "scores": [0.5834050382484832], "iters": [0], "finalScore": 0.5834050382484832, "finalIter": 5}