{"title": "subpopulation_size_50_4", "popultion": 30, "subpopulation": 50, "number_of_rect": 20, "scores": [0.6492408335531522], "iters": [0], "finalScore": 0.6492408335531522, "finalIter": 5}