{"title": "subpopulation_size_40_2", "popultion": 30, "subpopulation": 40, "number_of_rect": 20, "scores": [0.6094469650341452], "iters": [0], "finalScore": 0.6094469650341452, "finalIter": 5}