{"title": "subpopulation_size_3_0", "popultion": 50, "subpopulation": 150, "number_of_rect": 20, "scores": [0.6262910841466631], "iters": [0], "finalScore": 0.6262910841466631, "finalIter": 5}