{"title": "population_size_30_3", "popultion": 30, "subpopulation": 45, "number_of_rect": 20, "scores": [0.6156110378381547, 0.6156110378381547, 0.6167068788651484, 0.6167068788651484, 0.6173034819308889, 0.6173034819308889, 0.6174673495706204, 0.6174673495706204, 0.6175327090477447, 0.6175327090477447, 0.6185279609601688, 0.6185279609601688, 0.6191769395351563, 0.6191769395351563, 0.6191866701837685, 0.6191866701837685, 0.6208291860840001, 0.6208291860840001, 0.6220843664820188, 0.6220843664820188, 0.6223081274363258, 0.6223081274363258, 0.6223328790410035, 0.6223328790410035, 0.6225092763562825, 0.6225092763562825, 0.622643937395586, 0.622643937395586, 0.6227520150063015, 0.6227520150063015, 0.6227952900143615, 0.6227952900143615, 0.6229598024561095, 0.6229598024561095, 0.6230550426448607, 0.6230550426448607, 0.6231312318649433, 0.6231312318649433, 0.6232414637005774, 0.6232414637005774, 0.623249245288549, 0.623249245288549, 0.6234354025616226, 0.6234354025616226, 0.6234689469210704, 0.6234689469210704, 0.6237150414724933, 0.6237150414724933, 0.6240404466719423, 0.6240404466719423, 0.6242913918930801, 0.6242913918930801, 0.6244079105483749, 0.6244079105483749, 0.624604794982268, 0.624604794982268, 0.6246313344470823, 0.6246313344470823, 0.6248019725079867, 0.6248019725079867, 0.624869456900847, 0.624869456900847, 0.6251355989331457, 0.6251355989331457, 0.6251590755883818, 0.6251590755883818, 0.6251678683431519, 0.6251678683431519, 0.6251944810809227, 0.6251944810809227, 0.6253078196899089, 0.6253078196899089, 0.6254369559482986, 0.6254369559482986, 0.6254554793516809, 0.6254554793516809, 0.6255232275271843, 0.6255232275271843, 0.6255425129693133, 0.6255425129693133, 0.62557444532372, 0.62557444532372, 0.6261925759840558, 0.6261925759840558, 0.6263924499545708, 0.6263924499545708, 0.626495398458337, 0.626495398458337, 0.6267634455875026, 0.6267634455875026, 0.6279688296843401, 0.6279688296843401, 0.6284106363023535, 0.6284106363023535, 0.6289317682229842, 0.6289317682229842, 0.6295834725519506, 0.6295834725519506, 0.6296071397168732, 0.6296071397168732, 0.6297115976435417, 0.6297115976435417, 0.6298233682112606, 0.6298233682112606, 0.6300713825141417, 0.6300713825141417, 0.6300842785544711, 0.6300842785544711, 0.63016373574841, 0.63016373574841, 0.6305149623377004, 0.6305149623377004, 0.6305249128051819, 0.6305249128051819, 0.6305986253993376, 0.6305986253993376, 0.6306405375304083, 0.6306405375304083, 0.6306730121046924, 0.6306730121046924, 0.6307417421378119, 0.6307417421378119, 0.6307898531609953, 0.6307898531609953, 0.6307993200269645, 0.6307993200269645, 0.6308629795714997, 0.6308629795714997, 0.6309124241624902, 0.6309124241624902, 0.6309727131510302, 0.6309727131510302, 0.6310219965415165, 0.6310219965415165, 0.6310299979483572, 0.6310299979483572, 0.6310443008294498, 0.6310443008294498, 0.6317446290922946, 0.6317446290922946, 0.6322398077317624, 0.6322398077317624, 0.6322788329083502, 0.6322788329083502, 0.632302866438055, 0.632302866438055, 0.6323862950262318, 0.6323862950262318, 0.6323888595797063, 0.6323888595797063, 0.6326019959553328, 0.6326019959553328, 0.6326688062369941, 0.6326688062369941, 0.6327094727278056, 0.6327094727278056, 0.6327656584307864, 0.6327656584307864, 0.6327819983000673, 0.6327819983000673, 0.6328720067997304, 0.6328720067997304, 0.6329430669128637, 0.6329430669128637, 0.6329844514786482, 0.6329844514786482, 0.6333410856121222, 0.6333410856121222, 0.6334254081303672, 0.6334254081303672, 0.6336325654327501, 0.6336325654327501, 0.6345194026788593, 0.6345194026788593, 0.6348198218001699, 0.6348198218001699, 0.6349334828101645, 0.6349334828101645, 0.6350921773791729, 0.6350921773791729, 0.636996585480231, 0.636996585480231, 0.6375958117178112, 0.6375958117178112, 0.6388170667370087, 0.6388170667370087, 0.6398012104692401, 0.6398012104692401, 0.6406503854157508, 0.6406503854157508, 0.6419759225065214, 0.6419759225065214, 0.6427540373398986, 0.6427540373398986, 0.6430520237990562, 0.6430520237990562, 0.6440522289633341, 0.6440522289633341, 0.6449302294908995, 0.6449302294908995, 0.6456423400451361, 0.6456423400451361, 0.6472501392186172, 0.6472501392186172, 0.6481199478296551, 0.6481199478296551, 0.6491457252557227, 0.6491457252557227, 0.6513265775667516, 0.6513265775667516, 0.6719145490782261, 0.6719145490782261, 0.6719302588000822, 0.6719302588000822, 0.6721787860136581, 0.6721787860136581, 0.6725646414021513, 0.6725646414021513, 0.6726843987221196, 0.6726843987221196, 0.6727500952548433, 0.6727500952548433, 0.6727550485066971, 0.6727550485066971, 0.6728044930976875, 0.6728044930976875, 0.6728335678067938, 0.6728335678067938, 0.6728446027140303, 0.6728446027140303, 0.6728528825581055, 0.6728528825581055, 0.672889768164366, 0.672889768164366, 0.672982839473607, 0.672982839473607, 0.6730616079017556], "iters": [0, 161, 162, 233, 234, 247, 248, 251, 252, 255, 256, 258, 259, 260, 261, 263, 264, 271, 272, 274, 275, 285, 286, 292, 293, 293, 294, 298, 299, 305, 306, 307, 308, 310, 311, 318, 319, 319, 320, 321, 322, 330, 331, 333, 334, 338, 339, 343, 344, 354, 355, 357, 358, 362, 363, 365, 366, 369, 370, 370, 371, 375, 376, 377, 378, 378, 379, 380, 381, 382, 383, 384, 385, 398, 399, 403, 404, 412, 413, 414, 415, 417, 418, 425, 426, 426, 427, 427, 428, 428, 429, 429, 430, 432, 433, 434, 435, 435, 436, 438, 439, 439, 440, 445, 446, 475, 476, 483, 484, 494, 495, 524, 525, 527, 528, 544, 545, 553, 554, 559, 560, 565, 566, 576, 577, 586, 587, 594, 595, 602, 603, 637, 638, 645, 646, 656, 657, 657, 658, 667, 668, 671, 672, 681, 682, 699, 700, 716, 717, 717, 718, 749, 750, 779, 780, 786, 787, 798, 799, 801, 802, 807, 808, 808, 809, 811, 812, 820, 821, 822, 823, 827, 828, 829, 830, 830, 831, 831, 832, 832, 833, 834, 835, 835, 836, 836, 837, 838, 839, 840, 841, 842, 843, 843, 844, 844, 845, 846, 847, 848, 849, 850, 851, 851, 852, 853, 854, 855, 856, 856, 857, 859, 860, 860, 861, 863, 864, 864, 865, 867, 868, 881, 882, 887, 888, 891, 892, 912, 913, 916, 917, 930, 931, 945, 946, 970, 971], "finalScore": 0.6730616079017556, "finalIter": 1000}