{"title": "subpopulation_size_2.5_2", "popultion": 50, "subpopulation": 125, "number_of_rect": 20, "scores": [0.6397570708402942], "iters": [0], "finalScore": 0.6397570708402942, "finalIter": 5}