{"title": "population_size_30_0", "popultion": 30, "subpopulation": 45, "number_of_rect": 20, "scores": [0.6805828277499341, 0.6805828277499341, 0.6825203552272927, 0.6825203552272927, 0.6838967290952256, 0.6838967290952256, 0.6850432456988775, 0.6850432456988775, 0.685074240159442, 0.685074240159442, 0.6860179665289134, 0.6860179665289134, 0.6863365280342331, 0.6863365280342331, 0.686766830798089, 0.686766830798089, 0.6872271022011196, 0.6872271022011196, 0.687958073214338, 0.687958073214338, 0.6887734693279404, 0.6887734693279404, 0.6894185644362378, 0.6894185644362378, 0.6903439286028312, 0.6903439286028312, 0.6913581582109676, 0.6913581582109676, 0.692729036607169, 0.692729036607169, 0.6941657287728246, 0.6941657287728246, 0.6943387115683344, 0.6943387115683344, 0.6943912922418594, 0.6943912922418594, 0.6958498783668923, 0.6958498783668923, 0.695979732700255, 0.695979732700255, 0.6974139482399836, 0.6974139482399836, 0.7005043670682025, 0.7005043670682025, 0.701852604120871, 0.701852604120871, 0.7026191564817257, 0.7026191564817257, 0.7069563293179753, 0.7069563293179753, 0.7070732729564173, 0.7070732729564173, 0.7102006653184443, 0.7102006653184443, 0.7220456197426653, 0.7220456197426653, 0.7291241536973534, 0.7291241536973534, 0.7363651484510096, 0.7363651484510096, 0.7399663090946393, 0.7399663090946393, 0.7459580145959729, 0.7459580145959729, 0.7463595650517307, 0.7463595650517307, 0.74911829186084, 0.74911829186084, 0.7500451214865618, 0.7500451214865618, 0.7504495002784373, 0.7504495002784373, 0.7520387027755796, 0.7520387027755796, 0.7530803218148245, 0.7530803218148245, 0.7560994314018582, 0.7560994314018582, 0.7576329464521234, 0.7576329464521234, 0.7609969664996044, 0.7609969664996044, 0.7658619390955186, 0.7658619390955186, 0.7685605234620007, 0.7685605234620007, 0.7795557607198336, 0.7795557607198336, 0.780739631876667, 0.780739631876667, 0.7816833435915472, 0.7816833435915472, 0.7833887716521586, 0.7833887716521586, 0.7839025616225563, 0.7839025616225563, 0.7851126498431958, 0.7851126498431958, 0.7868874234297605, 0.7868874234297605, 0.7878469621032269, 0.7878469621032269, 0.7880666197719746, 0.7880666197719746, 0.7890831648055335, 0.7890831648055335, 0.7892711392479264, 0.7892711392479264, 0.7896407573492775, 0.7896407573492775, 0.7898050939359301, 0.7898050939359301, 0.7903241595591899, 0.7903241595591899, 0.790864488994402, 0.790864488994402, 0.7911744189454556, 0.7911744189454556, 0.7912362613206718, 0.7912362613206718, 0.7912642808992058, 0.7912642808992058, 0.7913422872886076, 0.7913422872886076, 0.7914637005773909, 0.7914637005773909, 0.7915538263137841, 0.7915538263137841, 0.7915612561915648, 0.7915612561915648, 0.7916175298220932, 0.7916175298220932, 0.7916311732465782, 0.7916311732465782, 0.7916932207860723, 0.7916932207860723, 0.791771373721387, 0.791771373721387, 0.7918141944371171, 0.7918141944371171, 0.7920000732729564, 0.7920000732729564, 0.7921272458161142, 0.7921272458161142, 0.7923197924909874, 0.7923197924909874, 0.7925125736393213, 0.7925125736393213, 0.7925375157536856, 0.7925375157536856, 0.79265060523462, 0.79265060523462, 0.7926636624754535, 0.7926636624754535, 0.7929285442129019, 0.7929285442129019, 0.7931193469914124, 0.7931193469914124, 0.7932249186670184, 0.7932249186670184, 0.7934975526832557, 0.7934975526832557, 0.7936743456724992, 0.7936743456724992, 0.7939067381810722, 0.7939067381810722, 0.7940348632726633, 0.7940348632726633, 0.7941006477329347, 0.7941006477329347, 0.7946446261613764, 0.7946446261613764, 0.794696254286468, 0.794696254286468, 0.7947258858700431, 0.7947258858700431, 0.7949633342126088, 0.7949633342126088, 0.7951818195140538, 0.7951818195140538, 0.7954080131305138, 0.7954080131305138, 0.7956491837392655, 0.7956491837392655, 0.7963903250388347, 0.7963903250388347, 0.7967872153345643, 0.7967872153345643, 0.7968370995632932, 0.7968370995632932, 0.7972622439110173, 0.7972622439110173, 0.7974539845833699, 0.7974539845833699, 0.7983996600134822, 0.7983996600134822, 0.7984221255019197, 0.7984221255019197, 0.7992188077024531, 0.7992188077024531, 0.7997237023359418, 0.7997237023359418, 0.8005177027462704, 0.8005177027462704, 0.800964843635511, 0.800964843635511, 0.8015130132770597, 0.8015130132770597, 0.8029583663061637, 0.8029583663061637, 0.8033004923942672, 0.8033004923942672, 0.8043138866907003, 0.8043138866907003, 0.804623875260119, 0.804623875260119, 0.80525188311498, 0.80525188311498, 0.8059934933614701, 0.8059934933614701, 0.8081974266537706, 0.8081974266537706, 0.808488261672382, 0.808488261672382, 0.8104939183446174, 0.8104939183446174, 0.8130217620680559, 0.8130217620680559, 0.813277220903309, 0.813277220903309, 0.8143412321580351, 0.8143412321580351, 0.8151313784108561, 0.8151313784108561, 0.8158611184384068, 0.8158611184384068, 0.8167384741639556, 0.8167384741639556, 0.8178111609367215, 0.8178111609367215, 0.8178484715261292, 0.8178484715261292, 0.8182731029631584, 0.8182731029631584, 0.8185967056478795, 0.8185967056478795, 0.8187859696943052, 0.8187859696943052, 0.8190332073038483, 0.8190332073038483, 0.8196386177789501, 0.8196386177789501, 0.8201793868519007, 0.8201793868519007, 0.8218072774700313, 0.8218072774700313, 0.8221880330607579, 0.8221880330607579, 0.8231047656730854, 0.8231047656730854, 0.8242479117207421, 0.8242479117207421, 0.826971101145989, 0.826971101145989, 0.8273872622292564, 0.8273872622292564, 0.8273917465341891, 0.8273917465341891, 0.8275914153404261, 0.8275914153404261, 0.8285487558252, 0.8285487558252, 0.8301288138573815, 0.8301288138573815, 0.8310891438787772, 0.8310891438787772, 0.8325489316802954, 0.8325489316802954, 0.8330870922359975, 0.8330870922359975, 0.8338200709282217, 0.8338200709282217, 0.8339219349922331, 0.8339219349922331, 0.834480978340514, 0.834480978340514, 0.835558061490665, 0.835558061490665, 0.8391083267387672, 0.8391083267387672, 0.839120665904628, 0.839120665904628, 0.8398161141885753, 0.8398161141885753, 0.8404264339517571, 0.8404264339517571, 0.8422276737301797, 0.8422276737301797, 0.8432167120958997, 0.8432167120958997, 0.8444326621530526, 0.8444326621530526, 0.8452089158533369, 0.8452089158533369, 0.8467671678536886, 0.8467671678536886, 0.847729241771447, 0.847729241771447, 0.8487241419736804, 0.8487241419736804, 0.8487920953134618, 0.8487920953134618, 0.8488555790029015, 0.8488555790029015, 0.8492150268179021, 0.8492150268179021, 0.8495268472112313, 0.8495268472112313, 0.8499067967994373, 0.8499067967994373, 0.8502638705706498, 0.8502638705706498, 0.8502676221460184, 0.8502676221460184, 0.8502963744541165, 0.8502963744541165, 0.850809226530672, 0.850809226530672, 0.8510876637650576],