{"title": "subpopulation_size_2.5_2", "popultion": 40, "subpopulation": 100, "number_of_rect": 20, "scores": [0.6110983469621032, 0.6110983469621032, 0.6124391687915824, 0.6124391687915824, 0.6127717107769863, 0.6127717107769863, 0.6141075647000205, 0.6141075647000205, 0.6141170315659896, 0.6141170315659896, 0.6143542307805036, 0.6143542307805036, 0.6152110700782556, 0.6152110700782556, 0.6155756323456139, 0.6155756323456139, 0.6165748703068672, 0.6165748703068672, 0.6169531199624843, 0.6169531199624843, 0.6187525425715876, 0.6187525425715876, 0.6225086901726311, 0.6225086901726311, 0.6259851842082125, 0.6259851842082125, 0.6307753890793986, 0.6307753890793986, 0.6336460916205047, 0.6336460916205047, 0.6344989741786102, 0.6344989741786102, 0.639641094404877, 0.639641094404877, 0.6397208007268678, 0.6397208007268678, 0.6429659134206747, 0.6429659134206747, 0.6507903074533251, 0.6507903074533251, 0.6516260881034028, 0.6516260881034028, 0.6541648348427562, 0.6541648348427562, 0.6617355872094728, 0.6617355872094728, 0.676061578592573, 0.676061578592573, 0.6766058794220229, 0.6766058794220229, 0.6768653829244702, 0.6768653829244702, 0.6810842345906973, 0.6810842345906973, 0.685705252205516, 0.685705252205516, 0.6869563000087927, 0.6869563000087927, 0.6875811571265278, 0.6875811571265278, 0.6905292505642018, 0.6905292505642018, 0.6912456695682757, 0.6912456695682757, 0.6916481139541018, 0.6916481139541018, 0.6935256162255634, 0.6935256162255634, 0.6964758638881561, 0.6964758638881561, 0.6978081127817345, 0.6978081127817345, 0.697983821331223, 0.697983821331223, 0.7012421817755503, 0.7012421817755503, 0.7031989360766728, 0.7031989360766728, 0.7045317711539025, 0.7045317711539025, 0.7064292476332835, 0.7064292476332835, 0.7082795363287318, 0.7082795363287318, 0.7097056332248893, 0.7097056332248893, 0.7117343708783962, 0.7117343708783962, 0.7138457311175591, 0.7138457311175591, 0.7150170872534365, 0.7150170872534365, 0.7160255722617896, 0.7160255722617896, 0.7171581816583136, 0.7171581816583136, 0.7190605234620007, 0.7190605234620007, 0.71972345320789, 0.71972345320789, 0.7218814443565169, 0.7218814443565169, 0.7250790761745656, 0.7250790761745656, 0.7287596647029515, 0.7287596647029515, 0.7311533896069639, 0.7311533896069639, 0.7357584630264662, 0.7357584630264662, 0.738479424953838, 0.738479424953838, 0.739766933380228, 0.739766933380228, 0.7430600691696709, 0.7430600691696709, 0.7445423224596266, 0.7445423224596266, 0.7446588997332864, 0.7446588997332864, 0.7447424015944195, 0.7447424015944195, 0.7448141211641607, 0.7448141211641607, 0.7448210381312466, 0.7448210381312466, 0.7448259327647352, 0.7448259327647352, 0.7448989419385094, 0.7448989419385094, 0.7451590755883818, 0.7451590755883818, 0.7453181804859463, 0.7453181804859463, 0.7454002901609074, 0.7454002901609074, 0.7456755620035758, 0.7456755620035758, 0.7456866555291773, 0.7456866555291773, 0.7457576570239456, 0.7457576570239456, 0.7460598933145755, 0.7460598933145755, 0.7462271315103022, 0.7462271315103022, 0.7465155778305343, 0.7465155778305343, 0.7466512646912278, 0.7466512646912278, 0.7468886690700196, 0.7468886690700196, 0.7478444708227088, 0.7478444708227088, 0.7489524458512853, 0.7489524458512853, 0.7493334212608811, 0.7493334212608811, 0.7515687446877106, 0.7515687446877106, 0.7523711128696621, 0.7523711128696621, 0.7527444532371992, 0.7527444532371992, 0.752978853424778, 0.752978853424778, 0.7542395586037105, 0.7542395586037105, 0.7567576863331282, 0.7567576863331282, 0.7569129956915501, 0.7569129956915501, 0.7572058090799847, 0.7572058090799847, 0.7577417714469943, 0.7577417714469943, 0.760583648407046, 0.760583648407046, 0.7614553767695419, 0.7614553767695419, 0.762079413230165, 0.762079413230165, 0.7625597321140714, 0.7625597321140714, 0.7627656877399689, 0.7627656877399689, 0.763277733814004, 0.763277733814004, 0.7633190011430582, 0.7633190011430582, 0.7637922711685571, 0.7637922711685571, 0.7648436941293707, 0.7648436941293707, 0.7648821477768986, 0.7648821477768986, 0.765290453999238, 0.765290453999238, 0.7686581816583136, 0.7686581816583136, 0.7687029367800933, 0.7687029367800933, 0.7688933731938217, 0.7688933731938217, 0.7709545854216127, 0.7709545854216127, 0.771902854714382, 0.771902854714382, 0.7730789296286527, 0.7730789296286527, 0.7735528737653508, 0.7735528737653508, 0.7743826899967761, 0.7743826899967761, 0.7750614906650254, 0.7750614906650254, 0.7767400275506315, 0.7767400275506315, 0.7793501861133093, 0.7793501861133093, 0.780003824848325, 0.780003824848325, 0.7809485037662299, 0.7809485037662299, 0.7820254257158767, 0.7820254257158767, 0.7824767285090419, 0.7824767285090419, 0.7848008441044579, 0.7848008441044579, 0.787287098097834, 0.787287098097834, 0.7879484011840909, 0.7879484011840909, 0.7892592397198042, 0.7892592397198042, 0.7905129546586945, 0.7905129546586945, 0.7912479263753334, 0.7912479263753334, 0.7918868225915179, 0.7918868225915179, 0.7921465166036519, 0.7921465166036519, 0.7922964330724815, 0.7922964330724815, 0.7929895659310062, 0.7929895659310062, 0.7933895776546792, 0.7933895776546792, 0.7933899879832351, 0.7933899879832351, 0.7934213341539904, 0.7934213341539904, 0.7934871039596706, 0.7934871039596706, 0.7936601307189542, 0.7936601307189542, 0.7936766464433307, 0.7936766464433307, 0.7936928690758815, 0.7936928690758815, 0.7939077053840968, 0.7939077053840968, 0.7940346874175679, 0.7940346874175679, 0.7941331662709927, 0.7941331662709927, 0.794208974471702, 0.794208974471702, 0.7942937512822767, 0.7942937512822767, 0.7942952900143615, 0.7942952900143615, 0.7943413787039479, 0.7943413787039479, 0.7943873941205779, 0.7943873941205779, 0.7944760690524342], "iters": [0, 21, 22, 27, 28, 38, 39, 43, 44, 47, 48, 50, 51, 60, 61, 62, 63, 63, 64, 65, 66, 66, 67, 68, 69, 70, 71, 71, 72, 72, 73, 74, 75, 75, 76, 76, 77, 77, 78, 78, 79, 79, 80, 80, 81, 82, 83, 83, 84, 84, 85, 85, 86, 86, 87, 87, 88, 88, 89, 89, 90, 90, 91, 91, 92, 92, 93, 93, 94, 94, 95, 95, 96, 96, 97, 98, 99, 99, 100, 100, 101, 101, 102, 102, 103, 103, 104, 104, 105, 106, 107, 107, 108, 108, 109, 109, 110, 111, 112, 112, 113, 114, 115, 116, 117, 118, 119, 120, 121, 123, 124, 124, 125, 125, 126, 127, 128, 128, 129, 129, 130, 130, 131, 132, 133, 134, 135, 135, 136, 136, 137, 142, 143, 143, 144, 145, 146, 146, 147, 147, 148, 148, 149, 150, 151, 151, 152, 152, 153, 153, 154, 155, 156, 156, 157, 159, 160, 160, 161, 166, 167, 168, 169, 169, 170, 171, 172, 172, 173, 174, 175, 175, 176, 176, 177, 177, 178, 180, 181, 182, 183, 185, 186, 187, 188, 188, 189, 189, 190, 190, 191, 192, 193, 194, 195, 197, 198, 198, 199, 200, 201, 205, 206, 207, 208, 208, 209, 209, 210, 213, 214, 214, 215, 215, 216, 221, 222, 225, 226, 231, 232, 233, 234, 234, 235, 235, 236, 236, 237, 239, 240, 242, 243, 243, 244, 244, 245, 247, 248, 249, 250, 255, 256, 259, 260, 268, 269, 320, 321, 374, 375, 397, 398, 507, 508, 514, 515, 518, 519, 527, 528, 532, 533, 533, 534, 564, 565, 707, 708, 741, 742, 772, 773, 780, 781, 805, 806, 954, 955], "finalScore": 0.7944760690524342, "finalIter": 1000}