{"title": "population_size_100_2", "popultion": 100, "subpopulation": 150, "number_of_rect": 20, "scores": [0.7018329962777339], "iters": [0], "finalScore": 0.7018329962777339, "finalIter": 5}