{"title": "subpopulation_size_10_1", "popultion": 30, "subpopulation": 10, "number_of_rect": 20, "scores": [0.5976299569155017], "iters": [0], "finalScore": 0.5976299569155017, "finalIter": 5}