{"title": "subpopulation_size_3_0", "popultion": 40, "subpopulation": 120, "number_of_rect": 20, "scores": [0.6142267211817463, 0.6142267211817463, 0.6154087312054867, 0.6154087312054867, 0.6159165274480495, 0.6159165274480495, 0.6159495588968024, 0.6159495588968024, 0.6170142296081362, 0.6170142296081362, 0.6180477593129927, 0.6180477593129927, 0.619972859696943, 0.619972859696943, 0.6214693279404437, 0.6214693279404437, 0.6219569008470354, 0.6219569008470354, 0.6246742577449516, 0.6246742577449516, 0.6262070840294265, 0.6262070840294265, 0.6270863595064333, 0.6270863595064333, 0.6282081245054075, 0.6282081245054075, 0.6286226882382251, 0.6286226882382251, 0.630324115595416, 0.630324115595416, 0.6308803306075794, 0.6308803306075794, 0.6309840411500923, 0.6309840411500923, 0.6316861426184823, 0.6316861426184823, 0.6335160174682728, 0.6335160174682728, 0.6343207890031948, 0.6343207890031948, 0.6349803628476802, 0.6349803628476802, 0.6377019549224772, 0.6377019549224772, 0.6384621032269411, 0.6384621032269411, 0.6403663354729037, 0.6403663354729037, 0.6427740848207744, 0.6427740848207744, 0.6460562882851197, 0.6460562882851197, 0.6463481344705296, 0.6463481344705296, 0.6481979395644656, 0.6481979395644656, 0.6484304639643601, 0.6484304639643601, 0.6503982824819016, 0.6503982824819016, 0.6507966382367596, 0.6507966382367596, 0.6523851373135203, 0.6523851373135203, 0.6526319792490987, 0.6526319792490987, 0.653815220258507, 0.653815220258507, 0.6557027316158153, 0.6557027316158153, 0.6563239690495033, 0.6563239690495033, 0.6566888244086873, 0.6566888244086873, 0.6571147161405668, 0.6571147161405668, 0.6575706790937601, 0.6575706790937601, 0.6591430434655178, 0.6591430434655178, 0.6602788622175328, 0.6602788622175328, 0.6611266889416454, 0.6611266889416454, 0.6640725988452183, 0.6640725988452183, 0.6653957912013834, 0.6653957912013834, 0.6659826050001465, 0.6659826050001465, 0.6678009759957795, 0.6678009759957795, 0.6687194085406958, 0.6687194085406958, 0.6702409361352912, 0.6702409361352912, 0.673075632345614, 0.673075632345614, 0.6780922066883555, 0.6780922066883555, 0.6794636859227996, 0.6794636859227996, 0.6801336205633225, 0.6801336205633225, 0.6811579178756704, 0.6811579178756704, 0.6895281075060816, 0.6895281075060816, 0.6910393036138223, 0.6910393036138223, 0.6940423078050353, 0.6940423078050353, 0.6942101321844134, 0.6942101321844134, 0.6965393475775961, 0.6965393475775961, 0.6999383774436532, 0.6999383774436532, 0.7044992819250271, 0.7044992819250271, 0.7066242709340836, 0.7066242709340836, 0.707713370849087, 0.707713370849087, 0.7171260148304464, 0.7171260148304464, 0.720076672821595, 0.720076672821595, 0.721896860986547, 0.721896860986547, 0.7255759840558047, 0.7255759840558047, 0.7273141797825259, 0.7273141797825259, 0.732089598171107, 0.732089598171107, 0.7331329757613061, 0.7331329757613061, 0.7353943550514377, 0.7353943550514377, 0.736527037720918, 0.736527037720918, 0.7386847504323104, 0.7386847504323104, 0.7393216975878543, 0.7393216975878543, 0.7398541281983646, 0.7398541281983646, 0.7439625428646794, 0.7439625428646794, 0.747142852955831, 0.747142852955831, 0.7488119962484245, 0.7488119962484245, 0.752414900788417, 0.752414900788417, 0.7531996394970544, 0.7531996394970544, 0.7581342214015652, 0.7581342214015652, 0.7620313754799378, 0.7620313754799378, 0.7625177320554529, 0.7625177320554529, 0.7637202291978077, 0.7637202291978077, 0.7666474691520854, 0.7666474691520854, 0.7690240335297048, 0.7690240335297048, 0.7703608106919898, 0.7703608106919898, 0.7761127524253348, 0.7761127524253348, 0.7764394618834081, 0.7764394618834081, 0.7773391218968903, 0.7773391218968903, 0.7822432369061227, 0.7822432369061227, 0.7845676162841818, 0.7845676162841818, 0.7852609836161669, 0.7852609836161669, 0.7862749934054339, 0.7862749934054339, 0.7863045956798265, 0.7863045956798265, 0.7866097335795305, 0.7866097335795305, 0.7892828629209532, 0.7892828629209532, 0.7898593452328615, 0.7898593452328615, 0.7903007268677277, 0.7903007268677277, 0.7904705149623377, 0.7904705149623377, 0.7905700636009262, 0.7905700636009262, 0.7937117734986371, 0.7937117734986371, 0.7943190744160146, 0.7943190744160146, 0.7952915384389929, 0.7952915384389929, 0.7957189249391834, 0.7957189249391834, 0.7988462733374366, 0.7988462733374366, 0.7988519739734459, 0.7988519739734459, 0.7996071836806471, 0.7996071836806471, 0.8000256601893373, 0.8000256601893373, 0.801986810867845, 0.801986810867845, 0.8032489668513145, 0.8032489668513145, 0.8032592690289868, 0.8032592690289868, 0.8063924792637533, 0.8063924792637533, 0.8068460388639761, 0.8068460388639761, 0.8071964008323808, 0.8071964008323808, 0.8076143937395586, 0.8076143937395586, 0.8087482048125678, 0.8087482048125678, 0.8099046572291099, 0.8099046572291099, 0.8118154107681936, 0.8118154107681936, 0.8141058647674316, 0.8141058647674316, 0.815227688384771, 0.815227688384771, 0.8157237462997157, 0.8157237462997157, 0.8169202350596442, 0.8169202350596442, 0.8191136317008119, 0.8191136317008119, 0.8205831208417598, 0.8205831208417598, 0.8221130748263431, 0.8221130748263431, 0.8224225797942495, 0.8224225797942495, 0.823611726603945, 0.823611726603945, 0.8250209707201266, 0.8250209707201266, 0.8301873296403763, 0.8301873296403763, 0.830768017819983, 0.830768017819983, 0.8318897828189572, 0.8318897828189572, 0.8337955684515959, 0.8337955684515959, 0.8349563879363404, 0.8349563879363404, 0.8357350449895953, 0.8357350449895953, 0.8360999150033706, 0.8360999150033706, 0.8368211260587942, 0.8368211260587942, 0.8377506814384947, 0.8377506814384947, 0.8394679064450892, 0.8394679064450892, 0.8395451801049268, 0.8395451801049268, 0.8416285940385122, 0.8416285940385122, 0.8432751106421642, 0.8432751106421642, 0.8449931709604619, 0.8449931709604619, 0.8454351387789795, 0.8454351387789795, 0.8456492423576306, 0.8456492423576306, 0.8489104604472582, 0.8489104604472582, 0.8493113661009994, 0.8493113661009994, 0.8506306603358832, 0.8506306603358832, 0.8526077845188897, 0.8526077845188897, 0.8529995603622615, 0.8529995603622615, 0.8531809255839855, 0.8531809255839855, 0.8557234238987075, 0.8557234238987075, 0.8564476537999355, 0.8564476537999355, 0.8567580233887278, 0.8567580233887278, 0.8571354230780504, 0.8571354230780504, 0.8578642252117589, 0.8578642252117589, 0.8579538966558222, 0.8579538966558222, 0.8580774202057505, 0.8580774202057505, 0.8581327705970281, 0.8581327705970281, 0.8582181629004367, 0.8582181629004367, 0.8582426800316539, 0.8582426800316539, 0.8584792784079252, 0.8584792784079252, 0.8585581347636214, 0.8585581347636214, 0.8590410768193675, 0.8590410768193675, 0.8592493478706879, 0.8592493478706879, 0.8594446202995398, 0.8594446202995398, 0.8597019402678859, 0.8597019402678859, 0.8597488203054017, 0.8597488203054017, 0.859879172894868, 0.859879172894868, 0.8600514522699962, 0.8600514522699962, 0.8602791992731322, 0.8602791992731322, 0.8604667780415605, 0.8604667780415605, 0.8604732553709077, 0.8604732553709077, 0.8608931387203611, 0.8608931387203611, 0.8609509510829743],