{"title": "subpopulation_size_2_1", "popultion": 50, "subpopulation": 100, "number_of_rect": 20, "scores": [0.6418721240364607], "iters": [0], "finalScore": 0.6418721240364607, "finalIter": 5}