{"title": "population_size_10_0", "popultion": 10, "subpopulation": 15, "number_of_rect": 20, "scores": [0.5921378557402034, 0.5921378557402034, 0.5932164336586653, 0.5932164336586653, 0.5936155661068613, 0.5936155661068613, 0.5949956622409801, 0.5949956622409801, 0.5965275799407954, 0.5965275799407954, 0.5965388493214925, 0.5965388493214925, 0.5997287874791173, 0.5997287874791173, 0.6005524487822035, 0.6005524487822035, 0.6027462850611096, 0.6027462850611096, 0.6046059380403881, 0.6046059380403881, 0.6053686948621002, 0.6053686948621002, 0.6053985169553622, 0.6053985169553622, 0.6094646677804156, 0.6094646677804156, 0.610870541340602, 0.610870541340602, 0.6188349453383746, 0.6188349453383746, 0.6274321052785838, 0.6274321052785838, 0.6290406664908116, 0.6290406664908116, 0.6301834754828688, 0.6301834754828688, 0.6324073097101321, 0.6324073097101321, 0.6331849409419972, 0.6331849409419972, 0.634861440839415, 0.634861440839415, 0.6352483953222545, 0.6352483953222545, 0.6378427415809373, 0.6378427415809373, 0.6423073360883964, 0.6423073360883964, 0.6447183094463496, 0.6447183094463496, 0.6465999003487792, 0.6465999003487792, 0.6534138896216184, 0.6534138896216184, 0.6560902283185321, 0.6560902283185321, 0.6571543568099886, 0.6571543568099886, 0.6620146399366922, 0.6620146399366922, 0.6650548960989477, 0.6650548960989477, 0.6696648641519388, 0.6696648641519388, 0.6727560010551306, 0.6727560010551306, 0.6752596647029514, 0.6752596647029514, 0.6753703801400979, 0.6753703801400979, 0.6765110788710103, 0.6765110788710103, 0.680471101145989, 0.680471101145989, 0.6819794396084293, 0.6819794396084293, 0.6851263372314547, 0.6851263372314547, 0.6874617075529763, 0.6874617075529763, 0.6877262522348251, 0.6877262522348251, 0.6895922653067206, 0.6895922653067206, 0.6949820774348603, 0.6949820774348603, 0.6962713883759781, 0.6962713883759781, 0.6971499897417861, 0.6971499897417861, 0.6993210674404291, 0.6993210674404291, 0.7022895161053958, 0.7022895161053958, 0.7048027931650986, 0.7048027931650986, 0.7095011137489375, 0.7095011137489375, 0.7097683255664, 0.7097683255664, 0.7110201500630148, 0.7110201500630148, 0.7199360180544565, 0.7199360180544565, 0.7272578035698585, 0.7272578035698585, 0.7288482663618512, 0.7288482663618512, 0.7353215217327589, 0.7353215217327589, 0.7381163867639732, 0.7381163867639732, 0.7405396260148305, 0.7405396260148305, 0.7432298865734634, 0.7432298865734634, 0.7447572466953897, 0.7447572466953897, 0.7498094610041326, 0.7498094610041326, 0.754613792901316, 0.754613792901316, 0.7562436472346786, 0.7562436472346786, 0.7564559336440106, 0.7564559336440106, 0.7606686596910812, 0.7606686596910812, 0.7674574430669129, 0.7674574430669129, 0.7704428177848119, 0.7704428177848119, 0.7718224742811923, 0.7718224742811923, 0.7721967671971629, 0.7721967671971629, 0.7722585216448313, 0.7722585216448313, 0.7725714411325069, 0.7725714411325069, 0.7783850933497465, 0.7783850933497465, 0.7787365690670887, 0.7787365690670887, 0.7847041091473959, 0.7847041091473959, 0.7851222925642604, 0.7851222925642604, 0.7882481168850201, 0.7882481168850201, 0.788555321082095, 0.788555321082095, 0.7915781675899058, 0.7915781675899058, 0.7936836806471468, 0.7936836806471468, 0.79414569594654, 0.79414569594654, 0.795324423341833, 0.795324423341833, 0.8005066971482165, 0.8005066971482165, 0.8021439667047686, 0.8021439667047686, 0.8025958703361763, 0.8025958703361763, 0.8028014889064744, 0.8028014889064744, 0.8033883613236027, 0.8033883613236027, 0.8037714030305695, 0.8037714030305695, 0.8038387555321083, 0.8038387555321083, 0.8047628740584425, 0.8047628740584425, 0.8059418212726047, 0.8059418212726047, 0.8064952226032416, 0.8064952226032416, 0.8065074152231895, 0.8065074152231895, 0.806963392830974, 0.806963392830974, 0.8072834637591958, 0.8072834637591958, 0.8101763240423224, 0.8101763240423224, 0.8112821155367977, 0.8112821155367977, 0.8118973299334682, 0.8118973299334682, 0.8123177408482077, 0.8123177408482077, 0.8125400070342038, 0.8125400070342038, 0.8127730296902019, 0.8127730296902019, 0.8130152407749348, 0.8130152407749348, 0.813104179489434, 0.813104179489434, 0.8132238928456286, 0.8132238928456286, 0.8138200416190392, 0.8138200416190392, 0.8141559688150297, 0.8141559688150297, 0.8154063278525162, 0.8154063278525162, 0.8158282921539318, 0.8158282921539318, 0.8161068612796389, 0.8161068612796389, 0.8170120607286263, 0.8170120607286263, 0.8170313608253466, 0.8170313608253466, 0.8177971364928632, 0.8177971364928632, 0.8188391512060729, 0.8188391512060729, 0.8189553474603594, 0.8189553474603594, 0.8191773498637123, 0.8191773498637123, 0.8202490694334534, 0.8202490694334534, 0.8203025147278642, 0.8203025147278642, 0.821431182039333, 0.821431182039333, 0.8220662094434186, 0.8220662094434186, 0.822392464609162, 0.822392464609162, 0.8237343562238049, 0.8237343562238049, 0.8238066180134236, 0.8238066180134236, 0.8238860312435886, 0.8238860312435886, 0.8244168498490577, 0.8244168498490577, 0.8249436824056977, 0.8249436824056977, 0.825391893080102, 0.825391893080102, 0.8263328643864123, 0.8263328643864123, 0.8265831941147161, 0.8265831941147161, 0.8272749347870688, 0.8272749347870688, 0.827288959230927, 0.827288959230927, 0.8276532870248249, 0.8276532870248249, 0.8287615258360445, 0.8287615258360445, 0.8292613060171752, 0.8292613060171752, 0.8293489111638677, 0.8293489111638677, 0.8300779917348104], "iters": [0, 7, 8, 14, 15, 20, 21, 22, 23, 30, 31, 39, 40, 41, 42, 49, 50, 50, 51, 55, 56, 56, 57, 60, 61, 66, 67, 67, 68, 70, 71, 72, 73, 75, 76, 76, 77, 80, 81, 81, 82, 83, 84, 85, 86, 86, 87, 87, 88, 91, 92, 94, 95, 98, 99, 99, 100, 101, 102, 104, 105, 105, 106, 108, 109, 109, 110, 115, 116, 116, 117, 117, 118, 121, 122, 122, 123, 125, 126, 127, 128, 128, 129, 129, 130, 130, 131, 131, 132, 132, 133, 134, 135, 137, 138, 138, 139, 140, 141, 143, 144, 145, 146, 150, 151, 152, 153, 153, 154, 154, 155, 156, 157, 157, 158, 158, 159, 159, 160, 161, 162, 164, 165, 167, 168, 168, 169, 169, 170, 179, 180, 183, 184, 184, 185, 185, 186, 186, 187, 188, 189, 192, 193, 193, 194, 199, 200, 200, 201, 204, 205, 205, 206, 209, 210, 210, 211, 211, 212, 212, 213, 216, 217, 222, 223, 223, 224, 224, 225, 225, 226, 226, 227, 228, 229, 230, 231, 232, 233, 247, 248, 248, 249, 257, 258, 258, 259, 285, 286, 294, 295, 297, 298, 298, 299, 299, 300, 301, 302, 304, 305, 306, 307, 309, 310, 312, 313, 313, 314, 315, 316, 317, 318, 324, 325, 333, 334, 334, 335, 335, 336, 341, 342, 354, 355, 355, 356, 357, 358, 361, 362, 370, 371, 380, 381, 384, 385, 398, 399, 407, 408, 420, 421, 444, 445, 456, 457, 483, 484, 501, 502, 512, 513, 517, 518, 519, 520, 552, 553, 598, 599, 724, 725, 881, 882], "finalScore": 0.8300779917348104, "finalIter": 1000}