{"title": "population_size_40_1", "popultion": 40, "subpopulation": 60, "number_of_rect": 20, "scores": [0.6476680735074298, 0.6476680735074298, 0.6478133005070489, 0.6478133005070489, 0.6481297370966324, 0.6481297370966324, 0.6494017116562619, 0.6494017116562619, 0.6503336850435242, 0.6503336850435242, 0.6504513614115301, 0.6504513614115301, 0.6515366804419824, 0.6515366804419824, 0.6519526363609719, 0.6519526363609719, 0.6527198628330255, 0.6527198628330255, 0.6533344617368622, 0.6533344617368622, 0.6541995369149154, 0.6541995369149154, 0.6550392010316832, 0.6550392010316832, 0.6563932413025, 0.6563932413025, 0.656648949265805, 0.656648949265805, 0.6573188252879627, 0.6573188252879627, 0.6579456314663383, 0.6579456314663383, 0.6589168938128316, 0.6589168938128316, 0.6589243090360211, 0.6589243090360211, 0.6590320935549108, 0.6590320935549108, 0.6593397373897243, 0.6593397373897243, 0.6595884258038043, 0.6595884258038043, 0.6600631026700665, 0.6600631026700665, 0.6601500923239252, 0.6601500923239252, 0.6631945543538791, 0.6631945543538791, 0.6635638060904481, 0.6635638060904481, 0.6652058970075325, 0.6652058970075325, 0.667056669304493, 0.667056669304493, 0.6695893636976464, 0.6695893636976464, 0.6762089011987455, 0.6762089011987455, 0.6762262522348252, 0.6762262522348252, 0.6762912160379847, 0.6762912160379847, 0.6763116445382338, 0.6763116445382338, 0.6763433131099974, 0.6763433131099974, 0.6763545531815118, 0.6763545531815118, 0.6764202643688267, 0.6764202643688267, 0.6764630704299657, 0.6764630704299657, 0.6764780913860313, 0.6764780913860313, 0.6766747266918726, 0.6766747266918726, 0.676710630440517, 0.676710630440517, 0.6767195990503825, 0.6767195990503825, 0.6767603534687417, 0.6767603534687417, 0.6767925056420176, 0.6767925056420176, 0.6769157507547114, 0.6769157507547114, 0.6771006037691609, 0.6771006037691609, 0.6771416512793458, 0.6771416512793458, 0.6773099006418711, 0.6773099006418711, 0.677380052170345, 0.677380052170345, 0.6773996746680735, 0.6773996746680735, 0.6776899821213986, 0.6776899821213986, 0.6778750256455348, 0.6778750256455348, 0.6782305460300713, 0.6782305460300713, 0.6782349424074563, 0.6782349424074563, 0.678245273894311, 0.678245273894311, 0.6782515607139716, 0.6782515607139716, 0.6782765467921099, 0.6782765467921099, 0.6783092411852634, 0.6783092411852634, 0.678431753568393, 0.678431753568393, 0.6784319294234884, 0.6784319294234884, 0.6784668073507429, 0.6784668073507429, 0.6785600398604883, 0.6785600398604883, 0.6787223980773176, 0.6787223980773176, 0.6787518977695712, 0.6787518977695712, 0.6787650282833613, 0.6787650282833613, 0.6792317037427826, 0.6792317037427826, 0.6794974794102993, 0.6794974794102993, 0.6797475746651426, 0.6797475746651426, 0.6797513995134676, 0.6797513995134676, 0.6801199185204725, 0.6801199185204725, 0.6802418740291334, 0.6802418740291334, 0.6802491427064099, 0.6802491427064099, 0.6807599871039596, 0.6807599871039596, 0.6810971599402093, 0.6810971599402093, 0.6817860869310355, 0.6817860869310355, 0.6822453032034936, 0.6822453032034936, 0.6837572613499809, 0.6837572613499809, 0.6841835194466426, 0.6841835194466426, 0.6859674814619421, 0.6859674814619421, 0.6871986283302558, 0.6871986283302558, 0.6933678595503971, 0.6933678595503971, 0.6946439373955859, 0.6946439373955859, 0.6990382484832498, 0.6990382484832498, 0.6993690758814737, 0.6993690758814737, 0.6994126293267682, 0.6994126293267682, 0.6994260382777924, 0.6994260382777924, 0.6994823558720947, 0.6994823558720947, 0.699571294586594, 0.699571294586594, 0.6995909757026877, 0.6995909757026877, 0.6999352267065271, 0.6999352267065271, 0.7005115185087487, 0.7005115185087487, 0.7006355696239632, 0.7006355696239632, 0.7008914680969548, 0.7008914680969548, 0.7009879392713737, 0.7009879392713737, 0.7012575104780328, 0.7012575104780328, 0.7015369735338082, 0.7015369735338082, 0.7016073741903338, 0.7016073741903338, 0.7016715026817901, 0.7016715026817901, 0.7017206834901375, 0.7017206834901375, 0.701759899176412, 0.701759899176412, 0.7017665230516721, 0.7017665230516721, 0.7017793018552713, 0.7017793018552713, 0.7017866438055043, 0.7017866438055043, 0.7018075705618569, 0.7018075705618569, 0.7018545824906943, 0.7018545824906943, 0.7019257305313755, 0.7019257305313755, 0.7019357103080395, 0.7019357103080395, 0.7020125003663648, 0.7020125003663648, 0.7020137460066239, 0.7020137460066239, 0.7020546469708959, 0.7020546469708959, 0.7020984348896508, 0.7020984348896508, 0.7021029924675402, 0.7021029924675402, 0.7021680295436561, 0.7021680295436561, 0.702230428793341, 0.702230428793341, 0.7022707875377356, 0.7022707875377356, 0.7023024121457253, 0.7023024121457253, 0.7023167150268179], "iters": [0, 36, 37, 37, 38, 41, 42, 42, 43, 46, 47, 47, 48, 48, 49, 49, 50, 50, 51, 51, 52, 52, 53, 53, 54, 54, 55, 55, 56, 56, 57, 57, 58, 61, 62, 63, 64, 67, 68, 71, 72, 75, 76, 76, 77, 79, 80, 85, 86, 87, 88, 88, 89, 89, 90, 90, 91, 106, 107, 107, 108, 108, 109, 109, 110, 112, 113, 114, 115, 117, 118, 119, 120, 122, 123, 130, 131, 166, 167, 170, 171, 173, 174, 179, 180, 188, 189, 190, 191, 193, 194, 203, 204, 210, 211, 211, 212, 216, 217, 218, 219, 240, 241, 251, 252, 253, 254, 264, 265, 276, 277, 301, 302, 312, 313, 324, 325, 330, 331, 341, 342, 348, 349, 350, 351, 351, 352, 354, 355, 359, 360, 362, 363, 363, 364, 365, 366, 366, 367, 367, 368, 368, 369, 369, 370, 371, 372, 372, 373, 373, 374, 374, 375, 375, 376, 376, 377, 377, 378, 378, 379, 379, 380, 390, 391, 392, 393, 397, 398, 399, 400, 406, 407, 407, 408, 420, 421, 421, 422, 422, 423, 423, 424, 424, 425, 426, 427, 433, 434, 445, 446, 469, 470, 484, 485, 493, 494, 511, 512, 517, 518, 523, 524, 531, 532, 537, 538, 561, 562, 564, 565, 568, 569, 588, 589, 597, 598, 604, 605, 613, 614, 637, 638, 689, 690, 760, 761, 967, 968], "finalScore": 0.7023167150268179, "finalIter": 1000}