{"title": "population_size_40_1", "popultion": 40, "subpopulation": 60, "number_of_rect": 20, "scores": [0.6281338403821917, 0.6281338403821917, 0.628389152671532, 0.628389152671532, 0.6291302060435535, 0.6291302060435535, 0.6291783463759195, 0.6291783463759195, 0.6299181541076819, 0.6299181541076819, 0.6311420469533104, 0.6311420469533104, 0.6316356722061022, 0.6316356722061022, 0.632513291714294, 0.632513291714294, 0.6332370966323749, 0.6332370966323749, 0.6345735074298777, 0.6345735074298777, 0.6347626542395732, 0.6347626542395732, 0.6351095870336176, 0.6351095870336176, 0.6353646501949061, 0.6353646501949061, 0.6361850435241361, 0.6361850435241361, 0.6364847592250653, 0.6364847592250653, 0.6379527242885197, 0.6379527242885197, 0.6407533192649257, 0.6407533192649257, 0.6424382455523315, 0.6424382455523315, 0.6439718192209619, 0.6439718192209619, 0.644357718573229, 0.644357718573229, 0.6452948796858056, 0.6452948796858056, 0.647236686303819, 0.647236686303819, 0.6474039538087283, 0.6474039538087283, 0.6486050734195024, 0.6486050734195024, 0.649599416747267, 0.649599416747267, 0.6511712095899644, 0.6511712095899644, 0.6517767959201617, 0.6517767959201617, 0.6526388229432281, 0.6526388229432281, 0.6544624549371318, 0.6544624549371318, 0.6552729710718368, 0.6552729710718368, 0.6600068876579033, 0.6600068876579033, 0.6614992526158445, 0.6614992526158445, 0.6670717195697412, 0.6670717195697412, 0.6707158621296052, 0.6707158621296052, 0.6721771886632082, 0.6721771886632082, 0.6729439901521147, 0.6729439901521147, 0.6764449573551394, 0.6764449573551394, 0.6779553914241332, 0.6779553914241332, 0.6820100677042118, 0.6820100677042118, 0.6846894692107037, 0.6846894692107037, 0.6896904950320936, 0.6896904950320936, 0.6932290219525777, 0.6932290219525777, 0.7001652744804947, 0.7001652744804947, 0.7019031331516163, 0.7019031331516163, 0.708022538761394, 0.708022538761394, 0.7107006213546705, 0.7107006213546705, 0.713876432486298, 0.713876432486298, 0.726169319147689, 0.726169319147689, 0.7337343269146224, 0.7337343269146224, 0.7352558545092178, 0.7352558545092178, 0.7400980685248688, 0.7400980685248688, 0.7437455962953192, 0.7437455962953192, 0.7457853248922888, 0.7457853248922888, 0.7478109118086697, 0.7478109118086697, 0.7496051906562327, 0.7496051906562327, 0.7514334241917993, 0.7514334241917993, 0.7525277557958908, 0.7525277557958908, 0.7555072979864592, 0.7555072979864592, 0.7570956798264896, 0.7570956798264896, 0.7584638178141212, 0.7584638178141212, 0.7652878015182156, 0.7652878015182156, 0.7678038922594449, 0.7678038922594449, 0.771701119610774, 0.771701119610774, 0.7752715642310736, 0.7752715642310736, 0.7763112342096778, 0.7763112342096778, 0.7787272487470325, 0.7787272487470325, 0.780035464110906, 0.780035464110906, 0.7812440868724171, 0.7812440868724171, 0.7827336088396495, 0.7827336088396495, 0.7833717137079047, 0.7833717137079047, 0.784406474398429, 0.784406474398429, 0.7846866701837686, 0.7846866701837686, 0.7859455875025646, 0.7859455875025646, 0.7870011870218939, 0.7870011870218939, 0.7872782613792901, 0.7872782613792901, 0.7873901491837393, 0.7873901491837393, 0.7879657082563967, 0.7879657082563967, 0.78888878630675, 0.78888878630675, 0.7895804243969635, 0.7895804243969635, 0.7902362613206717, 0.7902362613206717, 0.7902508719481813, 0.7902508719481813, 0.7904917348105162, 0.7904917348105162, 0.7905522875816994, 0.7905522875816994, 0.7906605557021015, 0.7906605557021015, 0.7906908174331018, 0.7906908174331018, 0.7909698701603213, 0.7909698701603213, 0.7912358509921158, 0.7912358509921158, 0.7917693367331985, 0.7917693367331985, 0.79186035639966, 0.79186035639966, 0.7919431108766377, 0.7919431108766377, 0.7920494885547642, 0.7920494885547642, 0.7921234356223805, 0.7921234356223805, 0.7924769190187286, 0.7924769190187286, 0.79248960989478, 0.79248960989478, 0.7926692458747325, 0.7926692458747325, 0.7927217825844837, 0.7927217825844837, 0.7928169641548697, 0.7928169641548697, 0.7929948708930508, 0.7929948708930508, 0.7935490342624344, 0.7935490342624344, 0.7935697265453266, 0.7935697265453266, 0.7935931885459715, 0.7935931885459715, 0.7939572232480436, 0.7939572232480436, 0.7941061285500748, 0.7941061285500748, 0.7941257070840294, 0.7941257070840294, 0.794421978956007, 0.794421978956007, 0.7950356106568188, 0.7950356106568188, 0.7951346463847123, 0.7951346463847123, 0.795178829977432, 0.795178829977432, 0.7956573023828366, 0.7956573023828366, 0.7962397491133972, 0.7962397491133972, 0.797031331516164, 0.797031331516164, 0.7975407983821331, 0.7975407983821331, 0.7975451507957443, 0.7975451507957443, 0.7982314546147308, 0.7982314546147308, 0.7984880418535127, 0.7984880418535127, 0.7985851431753568, 0.7985851431753568, 0.8000031067733521, 0.8000031067733521, 0.8001817902048712, 0.8001817902048712, 0.801258243207597, 0.801258243207597, 0.8016876080776107, 0.8016876080776107, 0.8021967085787978, 0.8021967085787978, 0.8026250622820129, 0.8026250622820129, 0.8029508191916528, 0.8029508191916528, 0.8037668894164541, 0.8037668894164541, 0.8038847709487382, 0.8038847709487382, 0.8044448401184091, 0.8044448401184091, 0.8047147776898502, 0.8047147776898502, 0.8057617163457311, 0.8057617163457311, 0.8064252615844544, 0.8064252615844544, 0.8079312699668806, 0.8079312699668806, 0.8092296960637768, 0.8092296960637768, 0.809553459949002, 0.809553459949002, 0.8101649081157126, 0.8101649081157126, 0.8116870365485507, 0.8116870365485507, 0.8118353263577479, 0.8118353263577479, 0.8124439461883408, 0.8124439461883408, 0.8138423165977902, 0.8138423165977902, 0.8169103285559366, 0.8169103285559366, 0.817112503297283, 0.817112503297283, 0.8182426067586974, 0.8182426067586974, 0.8183378322928574, 0.8183378322928574, 0.8183821331223072, 0.8183821331223072, 0.818421466045312, 0.818421466045312, 0.8186576247838449, 0.8186576247838449, 0.820290146252821, 0.820290146252821, 0.8205711773498637, 0.8205711773498637, 0.8210735953574255, 0.8210735953574255, 0.8228878337583165, 0.8228878337583165, 0.8229558750256456, 0.8229558750256456, 0.8247558398546264, 0.8247558398546264, 0.8252812802250945, 0.8252812802250945, 0.8262181629004367, 0.8262181629004367, 0.826545341305431, 0.826545341305431, 0.8274709252908936, 0.8274709252908936, 0.8296490078841701, 0.8296490078841701, 0.8312695565520678, 0.8312695565520678, 0.8313931094111785, 0.8313931094111785, 0.832432325097453, 0.832432325097453, 0.8340055980538703, 0.8340055980538703, 0.834307365397579, 0.834307365397579, 0.8382420791934113, 0.8382420791934113, 0.8382944400480671, 0.8382944400480671, 0.8399150619889211, 0.8399150619889211, 0.8423313109997362, 0.8423313109997362, 0.8450492247721211, 0.8450492247721211, 0.8464086725871216, 0.8464086725871216, 0.8469239573258301, 0.8469239573258301, 0.8476862745098039, 0.8476862745098039, 0.8534565931006184, 0.8534565931006184, 0.8542939417919635, 0.8542939417919635, 0.8573315161640143, 0.8573315161640143, 0.8595209853747179, 0.8595209853747179, 0.8608641665933937, 0.8608641665933937, 0.8625081479527537, 0.8625081479527537, 0.8660341158885079, 0.8660341158885079, 0.8667100442568656, 0.8667100442568656, 0.867821375186846, 0.867821375186846, 0.8687304141387497, 0.8687304141387497, 0.8704543802573346, 0.8704543802573346, 0.8705597321140713, 0.8705597321140713, 0.8712700401535801, 0.8712700401535801, 0.8715675576658167, 0.8715675576658167, 0.8717714616489346, 0.8717714616489346, 0.8746600427914065, 0.8746600427914065, 0.8768529265218793, 0.8768529265218793, 0.8789307277470031, 0.8789307277470031, 0.8796304844807878, 0.8796304844807878, 0.8806817755502799, 0.8806817755502799, 0.8808136229080571, 0.8808136229080571, 0.8837697324071632, 0.8837697324071632, 0.8839563586271579, 0.8839563586271579, 0.8845282833611771, 0.8845282833611771, 0.886753905448577, 0.886753905448577, 0.8880580175268912, 0.8880580175268912, 0.8891843107945719, 0.8891843107945719, 0.8901835047920513, 0.8901835047920513, 0.8904941674726692, 0.8904941674726692, 0.8924382015885577, 0.8924382015885577, 0.8936421495354494, 