{"title": "subpopulation_size_2_1", "popultion": 40, "subpopulation": 80, "number_of_rect": 20, "scores": [0.6437327735279463, 0.6437327735279463, 0.6445018904422756, 0.6445018904422756, 0.6447711392479263, 0.6447711392479263, 0.6447859110759401, 0.6447859110759401, 0.6456312465195345, 0.6456312465195345, 0.6464647263987807, 0.6464647263987807, 0.6492549752337408, 0.6492549752337408, 0.6501766757525134, 0.6501766757525134, 0.6502513408951024, 0.6502513408951024, 0.6506442597965942, 0.6506442597965942, 0.6514207333157478, 0.6514207333157478, 0.6514906943345351, 0.6514906943345351, 0.6519977725021249, 0.6519977725021249, 0.6529666754594214, 0.6529666754594214, 0.653206908174331, 0.653206908174331, 0.6538946188340807, 0.6538946188340807, 0.6559512588293912, 0.6559512588293912, 0.6573424191799291, 0.6573424191799291, 0.6575677042117296, 0.6575677042117296, 0.6586110671473373, 0.6586110671473373, 0.6599567396465313, 0.6599567396465313, 0.6604569594654006, 0.6604569594654006, 0.6610829156774818, 0.6610829156774818, 0.661637679885108, 0.661637679885108, 0.6617295055540902, 0.6617295055540902, 0.6619303760368123, 0.6619303760368123, 0.6619315044403411, 0.6619315044403411, 0.6623613822210499, 0.6623613822210499, 0.6626296052053109, 0.6626296052053109, 0.6632245376476451, 0.6632245376476451, 0.6635218060318298, 0.6635218060318298, 0.6635593657492893, 0.6635593657492893, 0.6638034526217064, 0.6638034526217064, 0.6641851021425011, 0.6641851021425011, 0.665974823412175, 0.665974823412175, 0.6667933409537208, 0.6667933409537208, 0.6669882177086082, 0.6669882177086082, 0.6677463729886574, 0.6677463729886574, 0.6678564729329699, 0.6678564729329699, 0.6682160819484744, 0.6682160819484744, 0.6683905302031126, 0.6683905302031126, 0.6685544711158006, 0.6685544711158006, 0.6698304610334418, 0.6698304610334418, 0.6708534247779829, 0.6708534247779829, 0.671356165186553, 0.671356165186553, 0.6726535214982854, 0.6726535214982854, 0.672676558515783, 0.672676558515783, 0.6737255634690349, 0.6737255634690349, 0.674137577302969, 0.674137577302969, 0.6760068583487207, 0.6760068583487207, 0.6763855329874849, 0.6763855329874849, 0.6764206160790176, 0.6764206160790176, 0.677570312728978, 0.677570312728978, 0.6780896714440634, 0.6780896714440634, 0.6808925671913011, 0.6808925671913011, 0.6811146135584278, 0.6811146135584278, 0.6814355637621267, 0.6814355637621267, 0.682044930976875, 0.682044930976875, 0.6823114540285471, 0.6823114540285471, 0.6834397403206425, 0.6834397403206425, 0.6835186552947039, 0.6835186552947039, 0.6846073009173774, 0.6846073009173774, 0.6851490371933526, 0.6851490371933526, 0.685582520003517, 0.685582520003517, 0.685734048477388, 0.685734048477388, 0.6868013570151529, 0.6868013570151529, 0.688386881209883, 0.688386881209883, 0.6888588762859403, 0.6888588762859403, 0.688934493976963, 0.688934493976963, 0.6900288841994197, 0.6900288841994197, 0.690348310325625, 0.690348310325625, 0.6908044784430962, 0.6908044784430962, 0.6910212345027698, 0.6910212345027698, 0.6912531873736041, 0.6912531873736041, 0.6919116035053783, 0.6919116035053783, 0.6927142647791553, 0.6927142647791553, 0.6930606846625047, 0.6930606846625047, 0.6931037984700607, 0.6931037984700607, 0.6933127436325801, 0.6933127436325801, 0.6940909170843226, 0.6940909170843226, 0.6948745566986136, 0.6948745566986136, 0.6955887628594039, 0.6955887628594039, 0.6964038072628154, 0.6964038072628154, 0.6966935285324892, 0.6966935285324892, 0.6975287229989156, 0.6975287229989156, 0.6982738356927225, 0.6982738356927225, 0.698633078343445, 0.698633078343445, 0.7000710161493596, 0.7000710161493596, 0.7023175649931124, 0.7023175649931124, 0.7024012573639321, 0.7024012573639321, 0.7041998446613325, 0.7041998446613325, 0.7067701427357191, 0.7067701427357191, 0.7089868401770275, 0.7089868401770275, 0.7110919575603036, 0.7110919575603036, 0.7123641226296198, 0.7123641226296198, 0.7159109293941792, 0.7159109293941792, 0.7188817374483425, 0.7188817374483425, 0.7227245669568276, 0.7227245669568276, 0.7238150004396378, 0.7238150004396378, 0.7266437175767169, 0.7266437175767169, 0.7289531639262581, 0.7289531639262581, 0.7294490459861074, 0.7294490459861074, 0.7296336498725051, 0.7296336498725051, 0.731751780532841, 0.731751780532841, 0.7321417538614847, 0.7321417538614847, 0.7332141915061989, 0.7332141915061989, 0.7340908291567748, 0.7340908291567748, 0.734421466045312, 0.734421466045312, 0.7357819543362936, 0.7357819543362936, 0.7362794923649579, 0.7362794923649579, 0.7370987133268854, 0.7370987133268854, 0.7374205281514699, 0.7374205281514699, 0.7377981036958879, 0.7377981036958879, 0.7378954834549665, 0.7378954834549665, 0.7379822239807732, 0.7379822239807732, 0.7388390046601601, 0.7388390046601601, 0.7392582285530056, 0.7392582285530056, 0.7392701720449016, 0.7392701720449016, 0.7401647615697998, 0.7401647615697998, 0.7410051291069493, 0.7410051291069493, 0.7413021483630822, 0.7413021483630822, 0.7415402708168468, 0.7415402708168468, 0.7423427269263461, 0.7423427269263461, 0.7426309534277089, 0.7426309534277089, 0.742988056508104, 0.742988056508104, 0.7431104076907296, 0.7431104076907296, 0.7434548931680296, 0.7434548931680296, 0.7446165919282511, 0.7446165919282511, 0.7451174418945457, 0.7451174418945457, 0.7455368269878953, 0.7455368269878953, 0.7460839708080542, 0.7460839708080542, 0.7467971511474545, 0.7467971511474545, 0.7474337905565813, 0.7474337905565813, 0.7481617280694042, 0.7481617280694042, 0.7495134382602069, 0.7495134382602069, 0.7495376769541897, 0.7495376769541897, 0.7501172953486327, 0.7501172953486327, 0.7507990122805475, 0.7507990122805475, 0.7518672587121545, 0.7518672587121545, 0.75231274363258, 0.75231274363258, 0.7525509979776663, 0.7525509979776663, 0.754238547436912, 0.754238547436912, 0.7542977519856972, 0.7542977519856972, 0.7558621735689792, 0.7558621735689792, 0.7565707963304904, 0.7565707963304904, 0.7576987162578036, 0.7576987162578036, 0.7603118936662856, 0.7603118936662856, 0.7604870893050792, 0.7604870893050792, 0.7610652862041678, 0.7610652862041678, 0.7619679210996806, 0.7619679210996806, 0.762338330548961, 0.762338330548961, 0.7623734722588587, 0.7623734722588587, 0.7624265804976699, 0.7624265804976699, 0.7632177379172895, 0.7632177379172895, 0.7645102582138984, 0.7645102582138984, 0.7646375333391952, 0.7646375333391952, 0.765285955039714, 0.765285955039714, 0.7653478267241126, 0.7653478267241126, 0.7657123157185146, 0.7657123157185146, 0.7665063454380258, 0.7665063454380258, 0.7665188164952079, 0.7665188164952079, 0.7668963627304435, 0.7668963627304435, 0.767300433775902, 0.767300433775902, 0.7678610158562678, 0.7678610158562678, 0.7697431050148011, 0.7697431050148011, 0.7698124212315718, 0.7698124212315718, 0.7706878425510713, 0.7706878425510713, 0.7710501187021894, 0.7710501187021894, 0.7711338403821917, 0.7711338403821917, 0.7712663471965767, 0.7712663471965767, 0.7713100325331926, 0.7713100325331926, 0.7714621618453061, 0.7714621618453061, 0.7715571235968228, 0.7715571235968228, 0.7721932354406635, 0.7721932354406635, 0.772228875406665, 0.772228875406665, 0.7727473988100472, 0.7727473988100472, 0.7728503619684047, 0.7728503619684047, 0.7729272106450951, 0.7729272106450951, 0.7731664908115713, 0.7731664908115713, 0.7732743925671913, 0.7732743925671913, 0.7733411881942612, 0.7733411881942612, 0.7735256308801548, 0.7735256308801548, 0.7738145754564905, 0.7738145754564905, 0.773829698994695, 0.773829698994695, 0.7740146106275096, 0.7740146106275096, 0.7740710014947683, 0.7740710014947683, 0.774245010111668, 0.774245010111668, 0.7749028693689732, 0.7749028693689732, 0.7752673876725578, 0.7752673876725578, 0.7756082241566282, 0.7756082241566282, 0.775628579383921, 0.775628579383921, 0.7756406547671385, 0.7756406547671385, 0.7765632638705706, 0.7765632638705706, 0.7767194671590609, 0.7767194671590609, 0.7771150825053489, 0.7771150825053489, 0.7774008323807848, 0.7774008323807848, 0.7777835663413347, 0.7777835663413347, 0.7785884404583956, 0.7785884404583956, 0.7785920308332601, 