{"title": "population_size_100_4", "popultion": 100, "subpopulation": 150, "number_of_rect": 20, "scores": [0.6287831267035962, 0.6287831267035962, 0.6289581318327032, 0.6289581318327032, 0.6320783141358188, 0.6320783141358188, 0.6338622028781618, 0.6338622028781618, 0.6347277616577274, 0.6347277616577274, 0.6358176382660687, 0.6358176382660687, 0.6362484685952109, 0.6362484685952109, 0.6367565872387819, 0.6367565872387819, 0.6440919868694862, 0.6440919868694862, 0.6445544857703918, 0.6445544857703918, 0.6448158504059323, 0.6448158504059323, 0.6451000468946921, 0.6451000468946921, 0.6459717606025968, 0.6459717606025968, 0.6478528385943316, 0.6478528385943316, 0.6505069902400422, 0.6505069902400422, 0.6559102552829801, 0.6559102552829801, 0.6588632286995515, 0.6588632286995515, 0.6617024238693983, 0.6617024238693983, 0.6659900495325186, 0.6659900495325186, 0.6668921275535625, 0.6668921275535625, 0.6696301181160058, 0.6696301181160058, 0.67108655001612, 0.67108655001612, 0.6721796359799526, 0.6721796359799526, 0.6726434977578475, 0.6726434977578475, 0.6765948591693778, 0.6765948591693778, 0.6781019813007415, 0.6781019813007415, 0.6795678654122337, 0.6795678654122337, 0.682406474398429, 0.682406474398429, 0.6849681555731411, 0.6849681555731411, 0.6867516046777455, 0.6867516046777455, 0.6890772883144289, 0.6890772883144289, 0.6916807936926639, 0.6916807936926639, 0.6951531551335033, 0.6951531551335033, 0.6986932207860723, 0.6986932207860723, 0.6987510184940942, 0.6987510184940942, 0.698849555965884, 0.698849555965884, 0.7044959260236232, 0.7044959260236232, 0.7054532811629883, 0.7054532811629883, 0.7066811893666286, 0.7066811893666286, 0.7090361235675138, 0.7090361235675138, 0.7094803775022716, 0.7094803775022716, 0.7095612561915647, 0.7095612561915647, 0.7102157302382837, 0.7102157302382837, 0.7133383745127349, 0.7133383745127349, 0.7150666344265658, 0.7150666344265658, 0.7172595621208124, 0.7172595621208124, 0.7219496175151675, 0.7219496175151675, 0.7219913537911428, 0.7219913537911428, 0.7244243823089774, 0.7244243823089774, 0.7289306544740467, 0.7289306544740467, 0.7336116093672147, 0.7336116093672147, 0.7350576365075179, 0.7350576365075179, 0.7372547407602802, 0.7372547407602802, 0.740323177701574, 0.740323177701574, 0.7422659954863859, 0.7422659954863859, 0.7427127260470705, 0.7427127260470705, 0.7435895542073332, 0.7435895542073332, 0.7453851666227029, 0.7453851666227029, 0.7475775081332983, 0.7475775081332983, 0.7481184237521615, 0.7481184237521615, 0.7496734810516135, 0.7496734810516135, 0.7514674374981682, 0.7514674374981682, 0.7537718866320818, 0.7537718866320818, 0.7538051378997039, 0.7538051378997039, 0.7552448635657552, 0.7552448635657552, 0.7578252293443536, 0.7578252293443536, 0.7588196899088484, 0.7588196899088484, 0.7597830680852311, 0.7597830680852311, 0.7615544271520267, 0.7615544271520267, 0.7630840880447844, 0.7630840880447844, 0.7635749582344149, 0.7635749582344149, 0.7650203845364753, 0.7650203845364753, 0.7653050939359302, 0.7653050939359302, 0.7661186875348047, 0.7661186875348047, 0.7672476772472816, 0.7672476772472816, 0.7709855359184032, 0.7709855359184032, 0.7726623142530555, 0.7726623142530555, 0.7749022392215481, 0.7749022392215481, 0.7757314546147308, 0.7757314546147308, 0.776546630909464, 0.776546630909464, 0.778105469093467, 0.778105469093467, 0.7790422638412615, 0.7790422638412615, 0.7799115009232392, 0.7799115009232392, 0.7818235880301299, 0.7818235880301299, 0.7876184530613441, 0.7876184530613441, 0.7877981769688444, 0.7877981769688444, 0.7895662680617838, 0.7895662680617838, 0.791412937073185, 0.791412937073185, 0.7940052903074533, 0.7940052903074533, 0.7978545385269205, 0.7978545385269205, 0.7980457076702131, 0.7980457076702131, 0.7991423400451362, 0.7991423400451362, 0.8015072833318678, 0.8015072833318678, 0.8026348955127641, 0.8026348955127641, 0.8043289076467657, 0.8043289076467657, 0.8052303848295671, 0.8052303848295671, 0.8061005011870219, 0.8061005011870219, 0.8072128579383921, 0.8072128579383921, 0.8088927137372139, 0.8088927137372139, 0.8091973240716317, 0.8091973240716317, 0.8109326621530526, 0.8109326621530526, 0.8111626219994724, 0.8111626219994724, 0.8116861279638911, 0.8116861279638911, 0.8134780474222574, 0.8134780474222574, 0.8140992995105367, 0.8140992995105367, 0.8144538380374571, 0.8144538380374571, 0.8149721416219702, 0.8149721416219702, 0.8159673056068466, 0.8159673056068466, 0.8191069198980041, 0.8191069198980041, 0.819207318502887, 0.819207318502887, 0.8196000029309183, 0.8196000029309183, 0.820198115419561, 0.820198115419561, 0.8210841759723322, 0.8210841759723322, 0.8218382133122307, 0.8218382133122307, 0.8218930947565872, 0.8218930947565872, 0.8218983117910841, 0.8218983117910841, 0.8220066971482165, 0.8220066971482165, 0.8225545736979396, 0.8225545736979396, 0.8228669949295114, 0.8228669949295114, 0.823502227497875, 0.823502227497875, 0.8238502886954483, 0.8238502886954483, 0.8252059116621238, 0.8252059116621238, 0.8253248483249802, 0.8253248483249802, 0.8254662211670917, 0.8254662211670917, 0.8260857147044169, 0.8260857147044169, 0.8263543773264164, 0.8263543773264164, 0.8268799349336147, 0.8268799349336147, 0.828393549048917, 0.828393549048917, 0.8304155162812509, 0.8304155162812509, 0.8333074533251268, 0.8333074533251268, 0.8367262815440077, 0.8367262815440077, 0.8427972244204109, 0.8427972244204109, 0.8444151499164688, 0.8444151499164688, 0.8475184208212433, 0.8475184208212433, 0.8487861455494006, 0.8487861455494006, 0.8521291216037985, 0.8521291216037985, 0.8588110436999912, 0.8588110436999912, 0.8593999677598991, 0.8593999677598991, 0.8675213663940913, 0.8675213663940913, 0.8737250652129311, 0.8737250652129311, 0.8814009789266978, 0.8814009789266978, 0.8819482839473607, 0.8819482839473607, 0.8823720654180955, 0.8823720654180955, 0.8878642545209414, 0.8878642545209414, 0.8885321668278672, 0.8885321668278672, 0.8890257334622937, 0.8890257334622937, 0.8937837568510214, 0.8937837568510214, 0.8945223189425247, 0.8945223189425247, 0.8961186728802134, 0.8961186728802134, 0.8989316656408453, 0.8989316656408453, 0.9008285412819836, 0.9008285412819836, 0.9010223775608899, 0.9010223775608899, 0.9012138691051906, 0.9012138691051906, 0.9021283449104605, 0.9021283449104605, 0.9052917289486796, 0.9052917289486796, 0.9064747647938098, 0.9064747647938098, 0.9101776722647206, 0.9101776722647206, 0.9109977431929424, 0.9109977431929424, 0.9117040358744395, 0.9117040358744395, 0.9135150356106568, 0.9135150356106568, 0.9136301767343709, 0.9136301767343709, 0.9136306310267006, 0.9136306310267006, 0.9137688677862774, 0.9137688677862774, 0.9157135613587737, 0.9157135613587737, 0.9160583399278994, 0.9160583399278994, 0.917135042058677, 0.917135042058677, 0.9176118878044491, 0.9176118878044491, 0.9182993346815558, 0.9182993346815558, 0.9183255224361793, 0.9183255224361793, 0.9183867493185615, 0.9183867493185615, 0.9185085875904921, 0.9185085875904921, 0.9195311996248424, 0.9195311996248424, 0.9203359858143556, 0.9203359858143556, 0.9205686860693455, 0.9205686860693455, 0.9214543509481521, 0.9214543509481521, 0.9217704065183622, 0.9217704065183622, 0.9218798030422931, 0.9218798030422931, 0.9220317418447199, 0.9220317418447199, 0.9221389401799583],