{"title": "population_size_50_4", "popultion": 50, "subpopulation": 75, "number_of_rect": 20, "scores": [0.6550869163809021], "iters": [0], "finalScore": 0.6550869163809021, "finalIter": 5}