{"title": "subpopulation_size_1.3_0", "popultion": 50, "subpopulation": 65, "number_of_rect": 20, "scores": [0.6596684545268032], "iters": [0], "finalScore": 0.6596684545268032, "finalIter": 5}