{"title": "subpopulation_size_40_3", "popultion": 30, "subpopulation": 40, "number_of_rect": 20, "scores": [0.6418186201236847], "iters": [0], "finalScore": 0.6418186201236847, "finalIter": 5}