{"title": "subpopulation_size_1.5_0", "popultion": 40, "subpopulation": 60, "number_of_rect": 20, "scores": [0.5972192913039656, 0.5972192913039656, 0.5979102406283889, 0.5979102406283889, 0.5980927782174155, 0.5980927782174155, 0.5981422521175884, 0.5981422521175884, 0.5985640259093173, 0.5985640259093173, 0.5988440018757877, 0.5988440018757877, 0.6011742430903602, 0.6011742430903602, 0.6013249069433453, 0.6013249069433453, 0.6014672909522554, 0.6014672909522554, 0.6021185849526657, 0.6021185849526657, 0.6022726486708285, 0.6022726486708285, 0.6025190802778511, 0.6025190802778511, 0.6049243529997947, 0.6049243529997947, 0.606672836249597, 0.606672836249597, 0.6077740262024092, 0.6077740262024092, 0.6090536064949148, 0.6090536064949148, 0.609063542307805, 0.609063542307805, 0.6101098361616695, 0.6101098361616695, 0.613339986517776, 0.613339986517776, 0.6136691726017761, 0.6136691726017761, 0.6162867024238694, 0.6162867024238694, 0.6169916615375597, 0.6169916615375597, 0.6182296081362291, 0.6182296081362291, 0.6183085084556992, 0.6183085084556992, 0.6188477241419736, 0.6188477241419736, 0.6189461004132595, 0.6189461004132595, 0.6197256074328087, 0.6197256074328087, 0.6199655763650751, 0.6199655763650751, 0.6202374043787919, 0.6202374043787919, 0.6210788710102875, 0.6210788710102875, 0.6218082446730561, 0.6218082446730561, 0.6222770743573962, 0.6222770743573962, 0.6223621442597966, 0.6223621442597966, 0.6228664087458601, 0.6228664087458601, 0.6248317359828834, 0.6248317359828834, 0.6252427679592016, 0.6252427679592016, 0.6261459743837745, 0.6261459743837745, 0.6264245581640728, 0.6264245581640728, 0.6272298865734635, 0.6272298865734635, 0.6277628300946687, 0.6277628300946687, 0.6278750549547173, 0.6278750549547173, 0.6332086520706938, 0.6332086520706938, 0.633367390603476, 0.633367390603476, 0.6338890940531668, 0.6338890940531668, 0.6360768047129166, 0.6360768047129166, 0.6361352765321375, 0.6361352765321375, 0.6367152612913626, 0.6367152612913626, 0.6384356516896743, 0.6384356516896743, 0.6395301005304962, 0.6395301005304962, 0.6402117734986371, 0.6402117734986371, 0.6414382748615142, 0.6414382748615142, 0.642514170989771, 0.642514170989771, 0.6430630293971101, 0.6430630293971101, 0.6446743749816817, 0.6446743749816817, 0.6449551129868988, 0.6449551129868988, 0.6463652070693748, 0.6463652070693748, 0.646770186699493, 0.646770186699493, 0.6482289926433952, 0.6482289926433952, 0.6486971189073536, 0.6486971189073536, 0.6492503736920778, 0.6492503736920778, 0.652265951522612, 0.652265951522612, 0.6531392772355579, 0.6531392772355579, 0.6591471614056684, 0.6591471614056684, 0.6609996189806266, 0.6609996189806266, 0.6629909141534043, 0.6629909141534043, 0.6631196840470119, 0.6631196840470119, 0.6638268999677599, 0.6638268999677599, 0.6657691901872858, 0.6657691901872858, 0.6695114012720185, 0.6695114012720185, 0.6697440429086433, 0.6697440429086433, 0.672564260382778, 0.672564260382778, 0.6725911369031918, 0.6725911369031918, 0.6751616841056303, 0.6751616841056303, 0.6752272340924412, 0.6752272340924412, 0.6761119757319969, 0.6761119757319969, 0.678251677950702, 0.678251677950702, 0.6802990855535038, 0.6802990855535038, 0.6809341422667722, 0.6809341422667722, 0.6817201998886251, 0.6817201998886251, 0.6840156804126734, 0.6840156804126734, 0.6842052668601073, 0.6842052668601073, 0.6849797327002549, 0.6849797327002549, 0.6854532518538058, 0.6854532518538058, 0.6855688912336235, 0.6855688912336235, 0.6869936105982004, 0.6869936105982004, 0.6873121427943375, 0.6873121427943375, 0.6873607813828072, 0.6873607813828072, 0.6881968990884844, 0.6881968990884844, 0.6882672118174624, 0.6882672118174624, 0.6898662915091298, 0.6898662915091298, 0.6901031243588616, 0.6901031243588616, 0.6917943667751106, 0.6917943667751106, 0.697217708608107, 0.697217708608107, 0.6975142442627276, 0.6975142442627276, 0.6984753509774613, 0.6984753509774613, 0.7000394208505525, 0.7000394208505525, 0.7062043582754477, 0.7062043582754477, 0.7064076174565491, 0.7064076174565491, 0.7090675283566341, 0.7090675283566341, 0.7096133239543949, 0.7096133239543949, 0.7116745654913684, 0.7116745654913684, 0.7132739236202702, 0.7132739236202702, 0.715802500073273, 0.715802500073273, 0.7183495266567015, 0.7183495266567015, 0.7206190392449954, 0.7206190392449954, 0.7214178023974911, 0.7214178023974911, 0.7233733696767197, 0.7233733696767197, 0.7238992643395176, 0.7238992643395176, 0.7250480670594097, 0.7250480670594097, 0.725106714733726, 0.725106714733726, 0.7251973387262229, 0.7251973387262229, 0.7256795920161787, 0.7256795920161787, 0.7260616518655295, 0.7260616518655295, 0.7273109264632609, 0.7273109264632609, 0.7273575280635423, 0.7273575280635423, 0.7277006067000791, 0.7277006067000791, 0.7285113133444708, 0.7285113133444708, 0.7289508924646091, 0.7289508924646091, 0.7296080189923503, 0.7296080189923503, 0.7298048008441045, 0.7298048008441045, 0.730570517893256, 0.730570517893256, 0.7310759107828483, 0.7310759107828483, 0.7316876960051584, 0.7316876960051584, 0.7320142442627275, 0.7320142442627275, 0.7328293033207304, 0.7328293033207304, 0.7328964799671737, 0.7328964799671737, 0.7330290160907412, 0.7330290160907412, 0.733888273396055, 0.733888273396055, 0.734361074474633, 0.734361074474633, 0.7352171663882294, 0.7352171663882294, 0.7356486854831619, 0.7356486854831619, 0.7358233389020781, 0.7358233389020781, 0.7359435065506024, 0.7359435065506024, 0.7367757847533632, 0.7367757847533632, 0.7374137137665231, 0.7374137137665231, 0.737421055716756, 0.737421055716756, 0.737983088601659, 0.737983088601659, 0.7384049649755269, 0.7384049649755269, 0.7391764266244615, 0.7391764266244615, 0.7391846185409889, 0.7391846185409889, 0.7413134763621443, 0.7413134763621443, 0.741825200035171, 0.741825200035171, 0.7426969137430757, 0.7426969137430757, 0.7437949236495793, 0.7437949236495793, 0.7440573580702834, 0.7440573580702834, 0.7449945045282687, 0.7449945045282687, 0.7452742899850523, 0.7452742899850523, 0.7472831560127788, 0.7472831560127788, 0.7479980949031332, 0.7479980949031332, 0.749575280635423, 0.749575280635423, 0.7507653506843694, 0.7507653506843694, 0.7509668220053343, 0.7509668220053343, 0.7514590843811366, 0.7514590843811366, 0.7521683372900729, 0.7521683372900729, 0.7524378352237756, 0.7524378352237756, 0.7537736451830359, 0.7537736451830359, 0.7551153169788094, 0.7551153169788094, 0.7556929716580205, 0.7556929716580205, 0.7562819689908848, 0.7562819689908848, 0.7567545942143674, 0.7567545942143674, 0.7567771476303526, 0.7567771476303526, 0.7569142852955831, 0.7569142852955831, 0.7572164483132565, 0.7572164483132565, 0.7575743573961722, 0.7575743573961722, 0.7580675430112254, 0.7580675430112254, 0.7581673700870483, 0.7581673700870483, 0.7581948181365221, 0.7581948181365221, 0.7584532078900319, 0.7584532078900319, 0.7586353937688678, 0.7586353937688678, 0.7605988159090243, 0.7605988159090243, 0.7611351299862247, 0.7611351299862247, 0.7611550895395527, 0.7611550895395527, 0.7612574665142589, 0.7612574665142589, 0.7614382308977403, 0.7614382308977403, 0.7616525982590345, 0.7616525982590345, 0.7619679357542718, 0.7619679357542718, 0.7621528327324951, 0.7621528327324951, 0.7624955156950672, 0.7624955156950672, 0.7625305255136434, 0.7625305255136434, 0.7626487734107096, 0.7626487734107096, 0.7626727190128667, 0.7626727190128667, 0.762691916527448, 0.762691916527448, 0.7627402913332747, 0.7627402913332747, 0.7628043758609573, 0.7628043758609573, 0.7629625282100883, 0.7629625282100883, 0.763153653389607, 0.763153653389607, 0.7636121662416835, 0.7636121662416835, 0.763679196342214, 0.763679196342214, 0.7638641372842111, 0.7638641372842111, 0.7641278319997655],