{"title": "population_size_100_3", "popultion": 100, "subpopulation": 150, "number_of_rect": 20, "scores": [0.620833216096603], "iters": [0], "finalScore": 0.620833216096603, "finalIter": 5}