{"title": "population_size_50_3", "popultion": 50, "subpopulation": 75, "number_of_rect": 20, "scores": [0.6276397754916615], "iters": [0], "finalScore": 0.6276397754916615, "finalIter": 5}