{"title": "subpopulation_size_40_0", "popultion": 30, "subpopulation": 40, "number_of_rect": 20, "scores": [0.6355511591781705], "iters": [0], "finalScore": 0.6355511591781705, "finalIter": 5}