{"title": "population_size_15_2", "popultion": 15, "subpopulation": 22, "number_of_rect": 20, "scores": [0.6483546557636508, 0.6483546557636508, 0.6487640024619714, 0.6487640024619714, 0.6488305196518069, 0.6488305196518069, 0.6503571323895776, 0.6503571323895776, 0.6516719862833026, 0.6516719862833026, 0.6521151704328967, 0.6521151704328967, 0.6528508162607345, 0.6528508162607345, 0.6550804243969636, 0.6550804243969636, 0.6569473753627011, 0.6569473753627011, 0.6586687476186289, 0.6586687476186289, 0.6590119874556699, 0.6590119874556699, 0.6593202614379086, 0.6593202614379086, 0.6597408482077435, 0.6597408482077435, 0.6597767373017966, 0.6597767373017966, 0.660298631261174, 0.660298631261174, 0.6604101820100238, 0.6604101820100238, 0.66101370204285, 0.66101370204285, 0.6612208007268677, 0.6612208007268677, 0.6615447990855534, 0.6615447990855534, 0.6624065916351594, 0.6624065916351594, 0.6633361323602684, 0.6633361323602684, 0.6643202614379085, 0.6643202614379085, 0.6665471584747502, 0.6665471584747502, 0.6670786658460095, 0.6670786658460095, 0.6674986371230107, 0.6674986371230107, 0.668372094727278, 0.668372094727278, 0.6699842902781441, 0.6699842902781441, 0.6703880975409596, 0.6703880975409596, 0.670454966440986, 0.670454966440986, 0.6721841935578416, 0.6721841935578416, 0.6733163779712183, 0.6733163779712183, 0.6763423459069726, 0.6763423459069726, 0.6770646707113339, 0.6770646707113339, 0.6799747354846273, 0.6799747354846273, 0.6856046191271725, 0.6856046191271725, 0.6866200064480201, 0.6866200064480201, 0.6897494797620094, 0.6897494797620094, 0.6917060582080365, 0.6917060582080365, 0.6941943491896011, 0.6941943491896011, 0.6993396348075852, 0.6993396348075852, 0.7018285266273924, 0.7018285266273924, 0.7018338608986195, 0.7018338608986195, 0.7025812597086667, 0.7025812597086667, 0.7032030540168235, 0.7032030540168235, 0.7034405609777543, 0.7034405609777543, 0.7035854802309564, 0.7035854802309564, 0.7041354670418243, 0.7041354670418243, 0.704462103226941, 0.704462103226941, 0.7049418212726046, 0.7049418212726046, 0.7053159090242973, 0.7053159090242973, 0.7057944840118409, 0.7057944840118409, 0.706097409068261, 0.706097409068261, 0.7062416542102641, 0.7062416542102641, 0.7065853483396347, 0.7065853483396347, 0.7074473020897447, 0.7074473020897447, 0.7076055863301973, 0.7076055863301973, 0.7078704973768282, 0.7078704973768282, 0.7086194056097775, 0.7086194056097775, 0.7089131862012369, 0.7089131862012369, 0.7097697910255283, 0.7097697910255283, 0.7102793018552712, 0.7102793018552712, 0.7106853073067791, 0.7106853073067791, 0.7110284005979073, 0.7110284005979073, 0.7111308361909786, 0.7111308361909786, 0.7111332248893578, 0.7111332248893578, 0.7115613880828864, 0.7115613880828864, 0.7116969430522583, 0.7116969430522583, 0.7125399484158387, 0.7125399484158387, 0.7131378997039772, 0.7131378997039772, 0.7136871684398722, 0.7136871684398722, 0.7139461443770333, 0.7139461443770333, 0.7149066502535244, 0.7149066502535244, 0.7153471086491399, 0.7153471086491399, 0.7157798147659662, 0.7157798147659662, 0.7162973270025499, 0.7162973270025499, 0.7167267211817463, 0.7167267211817463, 0.7172459186963276, 0.7172459186963276, 0.7179393299920865, 0.7179393299920865, 0.7186424279726839, 0.7186424279726839, 0.718750490928808, 0.718750490928808, 0.7191643658958351, 0.7191643658958351, 0.7195687300331194, 0.7195687300331194, 0.7198882294322811, 0.7198882294322811, 0.7200477153492189, 0.7200477153492189, 0.7207471057182215, 0.7207471057182215, 0.7210042791406548, 0.7210042791406548, 0.7216202116122982, 0.7216202116122982, 0.721706805592192, 0.721706805592192, 0.7221102464902254, 0.7221102464902254, 0.7226431020838828, 0.7226431020838828, 0.7227438963627304, 0.7227438963627304, 0.7229257891497406, 0.7229257891497406, 0.7248635364459686, 0.7248635364459686, 0.72499451918286, 0.72499451918286, 0.7255010111667985, 0.7255010111667985, 0.7257606025967935, 0.7257606025967935, 0.7261902752132243, 0.7261902752132243, 0.7271250769366042, 0.7271250769366042, 0.7278568979161171, 0.7278568979161171, 0.7283323661303086, 0.7283323661303086, 0.7292529089363697, 0.7292529089363697, 0.729606143204666, 0.729606143204666, 0.729637885049386, 0.729637885049386, 0.7300526539464814, 0.7300526539464814, 0.7315008939300683, 0.7315008939300683, 0.7318418769600515, 0.7318418769600515, 0.7324751897769571, 0.7324751897769571, 0.7335, 0.7335, 0.7335358451302794, 0.7335358451302794, 0.7343776488173746, 0.7343776488173746, 0.7349868401770274, 0.7349868401770274, 0.7351861133092998, 0.7351861133092998, 0.7365317858084939, 0.7365317858084939, 0.7366135437732642, 0.7366135437732642, 0.7366189366628564, 0.7366189366628564, 0.7371141592660981, 0.7371141592660981, 0.7378434450013189, 0.7378434450013189, 0.7379674081889855, 0.7379674081889855, 0.73900114305812, 0.73900114305812, 0.7391635598933146, 0.7391635598933146, 0.7394590843811366, 0.7394590843811366, 0.7409867522494797, 0.7409867522494797, 0.741527140303057, 0.741527140303057, 0.7419156042087987, 0.7419156042087987, 0.7420596588411149, 0.7420596588411149, 0.7431654503355902, 0.7431654503355902, 0.7434932735426009, 0.7434932735426009, 0.7448498344031185, 0.7448498344031185, 0.7454053753040828, 0.7454053753040828, 0.7457564993112342, 0.7457564993112342, 0.7461540050997978, 0.7461540050997978, 0.7468790263489551, 0.7468790263489551, 0.7469104457926669, 0.7469104457926669, 0.7469285881766757, 0.7469285881766757, 0.7469609455142296, 0.7469609455142296, 0.7476461648934611, 0.7476461648934611, 0.7479764940355813, 0.7479764940355813, 0.748116430727747, 0.748116430727747, 0.7500503824848325, 0.7500503824848325, 0.7515652862041677, 0.7515652862041677, 0.7516563644889944, 0.7516563644889944, 0.7527448928749377, 0.7527448928749377, 0.7530246929863126, 0.7530246929863126, 0.7534020340572701, 0.7534020340572701, 0.7549467598698673, 0.7549467598698673, 0.7555065945660775, 0.7555065945660775, 0.7560205750461619, 0.7560205750461619, 0.7572676954189748, 0.7572676954189748, 0.7585465722910988, 0.7585465722910988, 0.7602370526686011, 0.7602370526686011, 0.7602795656379143, 0.7602795656379143, 0.7618769014332191, 0.7618769014332191, 0.763234517424309, 0.763234517424309, 0.7636527301503561, 0.7636527301503561, 0.7641097482341217, 0.7641097482341217, 0.7650373692077728, 0.7650373692077728, 0.7650401975438905, 0.7650401975438905, 0.7650774348603417, 0.7650774348603417, 0.7652902634895513, 0.7652902634895513, 0.7660274627040652, 0.7660274627040652, 0.766061109645652, 0.766061109645652, 0.7663971101145989],