{"title": "subpopulation_size_1.1_1", "popultion": 50, "subpopulation": 55, "number_of_rect": 20, "scores": [0.6239199566224098], "iters": [0], "finalScore": 0.6239199566224098, "finalIter": 5}