{"title": "population_size_15_4", "popultion": 15, "subpopulation": 22, "number_of_rect": 20, "scores": [0.6159041296638237], "iters": [0], "finalScore": 0.6159041296638237, "finalIter": 5}