{"title": "population_size_15_0", "popultion": 15, "subpopulation": 22, "number_of_rect": 20, "scores": [0.5900174682728099], "iters": [0], "finalScore": 0.5900174682728099, "finalIter": 5}