{"title": "subpopulation_size_10_3", "popultion": 30, "subpopulation": 10, "number_of_rect": 20, "scores": [0.6367535830475688], "iters": [0], "finalScore": 0.6367535830475688, "finalIter": 5}