{"title": "population_size_15_4", "popultion": 15, "subpopulation": 22, "number_of_rect": 20, "scores": [0.6162229109880126, 0.6162229109880126, 0.6164724054046132, 0.6164724054046132, 0.616825610363727, 0.616825610363727, 0.6199472581259708, 0.6199472581259708, 0.6220902429731234, 0.6220902429731234, 0.6224458073214338, 0.6224458073214338, 0.6234805387027755, 0.6234805387027755, 0.6241043406899381, 0.6241043406899381, 0.627840660628975, 0.627840660628975, 0.6278439725666052, 0.6278439725666052, 0.629263885225241, 0.629263885225241, 0.6296082827749934, 0.6296082827749934, 0.6320689791611712, 0.6320689791611712, 0.6328236026847212, 0.6328236026847212, 0.6345863155426595, 0.6345863155426595, 0.635524766259269, 0.635524766259269, 0.6383122600310678, 0.6383122600310678, 0.6398915999882764, 0.6398915999882764, 0.6418074386705355, 0.6418074386705355, 0.6421060552771183, 0.6421060552771183, 0.6453050939359302, 0.6453050939359302, 0.6476240950789882, 0.6476240950789882, 0.6482078167589906, 0.6482078167589906, 0.6515175562003576, 0.6515175562003576, 0.6541226735836337, 0.6541226735836337, 0.654255869163809, 0.654255869163809, 0.6552815293531463, 0.6552815293531463, 0.6562794630557753, 0.6562794630557753, 0.6568450130425862, 0.6568450130425862, 0.6568846390574168, 0.6568846390574168, 0.6589104018288929, 0.6589104018288929, 0.6596459890383657, 0.6596459890383657, 0.6619765233447639, 0.6619765233447639, 0.664510184940942, 0.664510184940942, 0.6645727747003136, 0.6645727747003136, 0.6661007210058911, 0.6661007210058911, 0.6691915355080746, 0.6691915355080746, 0.669951918285999, 0.669951918285999, 0.6730912101761481, 0.6730912101761481, 0.673730428793341, 0.673730428793341, 0.6762701427357192, 0.6762701427357192, 0.6824873237785398, 0.6824873237785398, 0.686024194730209, 0.686024194730209, 0.6871930156217944, 0.6871930156217944, 0.6906255019197515, 0.6906255019197515, 0.6962330226559981, 0.6962330226559981, 0.6997792432369061, 0.6997792432369061, 0.7000505436853366, 0.7000505436853366, 0.7040491368445734, 0.7040491368445734, 0.7090208388288051, 0.7090208388288051, 0.7148104868255225, 0.7148104868255225, 0.7168961429115742, 0.7168961429115742, 0.718570517893256, 0.718570517893256, 0.7257094434186231, 0.7257094434186231, 0.7291259708666725, 0.7291259708666725, 0.7322140449602861, 0.7322140449602861, 0.7334122922711686, 0.7334122922711686, 0.7342098390925877, 0.7342098390925877, 0.7356657434274159, 0.7356657434274159, 0.740762537002843, 0.740762537002843, 0.7419250564201765, 0.7419250564201765, 0.7440966616841056, 0.7440966616841056, 0.7451230546030072, 0.7451230546030072, 0.7465909170843226, 0.7465909170843226, 0.7487548579970105, 0.7487548579970105, 0.7514877194525045, 0.7514877194525045, 0.7539247486737595, 0.7539247486737595, 0.7550628535420147, 0.7550628535420147, 0.7576968844338932, 0.7576968844338932, 0.75934117353967, 0.75934117353967, 0.7643896948914095, 0.7643896948914095, 0.7710002051642779, 0.7710002051642779, 0.7728848002579208, 0.7728848002579208, 0.7737183387555321, 0.7737183387555321, 0.7754339664116767, 0.7754339664116767, 0.7773986488466836, 0.7773986488466836, 0.7789158093730766, 0.7789158093730766, 0.7789959260236232, 0.7789959260236232, 0.7793158210967497, 0.7793158210967497, 0.7797299012280547, 0.7797299012280547, 0.7802718280137166, 0.7802718280137166, 0.7809108707758141, 0.7809108707758141, 0.7813181072129898, 0.7813181072129898, 0.7815448430493274, 0.7815448430493274, 0.7819123508895337, 0.7819123508895337, 0.7824112371405961, 0.7824112371405961, 0.7831131774084821, 0.7831131774084821, 0.7833392830973944, 0.7833392830973944, 0.7835700929101087, 0.7835700929101087, 0.7847009291010874, 0.7847009291010874, 0.7850404613265336, 0.7850404613265336, 0.7859052727219438, 0.7859052727219438, 0.7861958146487295, 0.7861958146487295, 0.7873225182449661, 0.7873225182449661, 0.7875740203405727, 0.7875740203405727, 0.7878576013364987, 0.7878576013364987, 0.7882885342477798, 0.7882885342477798, 0.7889088924059908, 0.7889088924059908, 0.7895044403411589, 0.7895044403411589, 0.789923898707465, 0.789923898707465, 0.7899513467569389, 0.7899513467569389, 0.7900291919458367, 0.7900291919458367, 0.7907353527360121, 0.7907353527360121, 0.7910332073038483, 0.7910332073038483, 0.7913297429584689, 0.7913297429584689, 0.7924504528268707, 0.7924504528268707, 0.7931859960725696, 0.7931859960725696, 0.793323807848999, 0.793323807848999, 0.7935034291743603, 0.7935034291743603, 0.793900685834872, 0.793900685834872, 0.7946202116122981, 0.7946202116122981, 0.7955907558838184, 0.7955907558838184, 0.795827163750403, 0.795827163750403, 0.7958420967789208, 0.7958420967789208, 0.7980288109264633, 0.7980288109264633, 0.7983051672088866, 0.7983051672088866, 0.799852809285149, 0.799852809285149, 0.8002633430053636, 0.8002633430053636, 0.8010333391951698, 0.8010333391951698, 0.8019876901433218, 0.8019876901433218, 0.8029844661332395, 0.8029844661332395, 0.8045738737946598, 0.8045738737946598, 0.804753128755239, 0.804753128755239, 0.8050878689293356, 0.8050878689293356, 0.8061617280694041, 0.8061617280694041, 0.8082044608575867, 0.8082044608575867, 0.80824971423547, 0.80824971423547, 0.8099097570268765, 0.8099097570268765, 0.8109908262258565, 0.8109908262258565, 0.8120673378469474, 0.8120673378469474, 0.8144106069931709, 0.8144106069931709, 0.8148063981945544, 0.8148063981945544, 0.8164708813271198, 0.8164708813271198, 0.8180653887863067, 0.8180653887863067, 0.8183818839942554, 0.8183818839942554, 0.8187454937131804, 0.8187454937131804, 0.8189071778188106, 0.8189071778188106, 0.8189424514200299, 0.8189424514200299, 0.8196600574459978, 0.8196600574459978, 0.8202159354025615, 0.8202159354025615, 0.8203562238049181, 0.8203562238049181, 0.8204807731762361, 0.8204807731762361, 0.8205380579735632, 0.8205380579735632, 0.820583604443272, 0.820583604443272, 0.8206146428676104, 0.8206146428676104, 0.8210059644186524, 0.8210059644186524, 0.8211547817931357, 0.8211547817931357, 0.8215562882851197, 0.8215562882851197, 0.8218459069726545, 0.8218459069726545, 0.8219040270816846, 0.8219040270816846, 0.8221922828922301, 0.8221922828922301, 0.8222534071924734, 0.8222534071924734, 0.8222723848881854, 0.8222723848881854, 0.8226698320583838, 0.8226698320583838, 0.8231825962073918, 0.8231825962073918, 0.8232962279082037, 0.8232962279082037, 0.8234230340865794, 0.8234230340865794, 0.8235412233652804, 0.8235412233652804, 0.8237057064978458, 0.8237057064978458, 0.8238617632404233, 0.8238617632404233, 0.8239502330080014, 0.8239502330080014, 0.8247705091005012, 0.8247705091005012, 0.8254905184794397, 0.8254905184794397, 0.8257575397872153, 0.8257575397872153, 0.8259059761423254, 0.8259059761423254, 0.8260984055804683, 0.8260984055804683, 0.8261132506814385, 0.8261132506814385, 0.8267174155162813, 0.8267174155162813, 0.826995295876198, 0.826995295876198, 0.8270432163896949, 0.8270432163896949, 0.8272373164512442, 0.8272373164512442, 0.8277047099856385, 0.8277047099856385, 0.827883100325332, 0.827883100325332, 0.8279346258682845, 0.8279346258682845, 0.828312787596354, 0.828312787596354, 0.828693206131481, 0.828693206131481, 0.8291093672147484, 0.8291093672147484, 0.8291665347753452, 0.8291665347753452, 0.8292763855916059, 0.8292763855916059, 0.8293272223687681, 0.8293272223687681, 0.8298810047187783, 0.8298810047187783, 0.8300056127084616, 0.8300056127084616, 0.8301065828424046, 0.8301065828424046, 0.8310226853073068, 0.8310226853073068, 0.8311491983938568, 0.8311491983938568, 0.831836777162285, 0.831836777162285, 0.8324270640991823, 0.8324270640991823, 0.8327994226091034, 0.8327994226091034, 0.8330123977842258, 0.8330123977842258, 0.8334416600721006, 0.8334416600721006, 0.8337777777777777, 0.8337777777777777, 0.8340720859345233, 0.8340720859345233, 0.8343223423898707, 0.8343223423898707, 0.834377414343914, 0.834377414343914, 0.8345006008382426, 0.8345006008382426, 0.8351758550954014, 0.8351758550954014, 0.8353628623347695, 0.8353628623347695, 0.8356773205545297, 0.8356773205545297, 0.8357747882411559, 