{"title": "subpopulation_size_2_0", "popultion": 50, "subpopulation": 100, "number_of_rect": 20, "scores": [0.6548987514288227, 0.6548987514288227, 0.6552228377150562], "iters": [0, 1, 2], "finalScore": 0.6552228377150562, "finalIter": 5}