{"title": "subpopulation_size_3_1", "popultion": 40, "subpopulation": 120, "number_of_rect": 20, "scores": [0.5819572232480437, 0.5819572232480437, 0.5827334622937366, 0.5827334622937366, 0.5844673056068466, 0.5844673056068466, 0.5863818986488467, 0.5863818986488467, 0.5865870336176324, 0.5865870336176324, 0.587724845394062, 0.587724845394062, 0.5897421524663677, 0.5897421524663677, 0.5909226237580234, 0.5909226237580234, 0.5915851431753568, 0.5915851431753568, 0.5937707142647792, 0.5937707142647792, 0.5947494944166007, 0.5947494944166007, 0.5953056801195815, 0.5953056801195815, 0.5960507341950233, 0.5960507341950233, 0.5977929452797561, 0.5977929452797561, 0.5978552566018933, 0.5978552566018933, 0.5999467305606847, 0.5999467305606847, 0.600750959875729, 0.600750959875729, 0.6021775550279902, 0.6021775550279902, 0.6032464902253876, 0.6032464902253876, 0.6051242855886749, 0.6051242855886749, 0.6057189102845921, 0.6057189102845921, 0.6074469650341452, 0.6074469650341452, 0.6074522113778247, 0.6074522113778247, 0.6107422110847328, 0.6107422110847328, 0.610981798997626, 0.610981798997626, 0.6122465488437527, 0.6122465488437527, 0.6124411178522231, 0.6124411178522231, 0.6151165919282511, 0.6151165919282511, 0.6160372666256339, 0.6160372666256339, 0.6188104721709311, 0.6188104721709311, 0.6195359477124183, 0.6195359477124183, 0.6203208329669685, 0.6203208329669685, 0.6221388522524107, 0.6221388522524107, 0.6230546030071221, 0.6230546030071221, 0.6232700694627626, 0.6232700694627626, 0.6243212432955245, 0.6243212432955245, 0.6251108619830593, 0.6251108619830593, 0.6265902869368973, 0.6265902869368973, 0.6281470295143469, 0.6281470295143469, 0.629648275154606, 0.629648275154606, 0.6324431108766376, 0.6324431108766376, 0.6363184149594068, 0.6363184149594068, 0.6365539435505143, 0.6365539435505143, 0.6368052258272516, 0.6368052258272516, 0.6394208652070694, 0.6394208652070694, 0.6415468214191506, 0.6415468214191506, 0.6431481579178757, 0.6431481579178757, 0.6453059878659984, 0.6453059878659984, 0.645876022157742, 0.645876022157742, 0.6495294996922536, 0.6495294996922536, 0.6501979395644655, 0.6501979395644655, 0.6522870394794689, 0.6522870394794689, 0.6565159588499077, 0.6565159588499077, 0.6593512705530642, 0.6593512705530642, 0.6618509774612387, 0.6618509774612387, 0.6687639584981975, 0.6687639584981975, 0.6691385151968112, 0.6691385151968112, 0.6715924997801811, 0.6715924997801811, 0.6792629912951729, 0.6792629912951729, 0.6804561974266538, 0.6804561974266538, 0.6820528151469856, 0.6820528151469856, 0.6906951405375303, 0.6906951405375303, 0.6910891878425511, 0.6910891878425511, 0.6921986429848472, 0.6921986429848472, 0.6985112547261056, 0.6985112547261056, 0.698792681497113, 0.698792681497113, 0.7055313608253466, 0.7055313608253466, 0.7091539318268414, 0.7091539318268414, 0.7120173363814883, 0.7120173363814883, 0.7184717606025968, 0.7184717606025968, 0.7255149183739266, 0.7255149183739266, 0.7293994401946129, 0.7293994401946129, 0.7361719862833025, 0.7361719862833025, 0.7441962835956506, 0.7441962835956506, 0.7528040974237229, 0.7528040974237229, 0.7568557988217708, 0.7568557988217708, 0.7643537325243999, 0.7643537325243999, 0.7743330255869164, 0.7743330255869164, 0.778045136141153, 0.778045136141153, 0.7806205486678977, 0.7806205486678977, 0.7829333655734342, 0.7829333655734342, 0.7852315278876872, 0.7852315278876872, 0.785691242416249, 0.785691242416249, 0.7857507107476772, 0.7857507107476772, 0.7870030188458044, 0.7870030188458044, 0.7879670125150209, 0.7879670125150209, 0.7894207626249303, 0.7894207626249303, 0.7913024707640903, 0.7913024707640903, 0.7930007327295642, 0.7930007327295642, 0.7932096339283097, 0.7932096339283097, 0.7943377883290835, 0.7943377883290835, 0.7965132624051116, 0.7965132624051116, 0.7974351387789794, 0.7974351387789794, 0.7979457487030687, 0.7979457487030687, 0.8010494592455817, 0.8010494592455817, 0.8012325830182596, 0.8012325830182596, 0.8023083326006037, 0.8023083326006037, 0.8041882089158533, 0.8041882089158533, 0.8058067352501539, 0.8058067352501539, 0.8063794513321023, 0.8063794513321023, 0.8099967320261438, 0.8099967320261438, 0.8132256513965825, 0.8132256513965825, 0.8158852838594332, 0.8158852838594332, 0.8204018435475835, 0.8204018435475835, 0.8225596881502975, 0.8225596881502975, 0.8228969782232773, 0.8228969782232773, 0.8239443858260793, 0.8239443858260793, 0.8244378645329582, 0.8244378645329582, 0.8253189132155104, 0.8253189132155104, 0.8275571089422316, 0.8275571089422316, 0.8335076057328761, 0.8335076057328761, 0.8351452123450277, 0.8351452123450277, 0.8367540813036725, 0.8367540813036725, 0.8392888126850142, 0.8392888126850142, 0.8413800082065711, 0.8413800082065711, 0.8414221401565111, 0.8414221401565111, 0.8420761599109001, 0.8420761599109001, 0.8427865851871391, 0.8427865851871391, 0.8434357835809959, 0.8434357835809959, 0.843700181716932, 0.843700181716932, 0.8441044286174859, 0.8441044286174859, 0.8442797268384185, 0.8442797268384185, 0.8449506579911487, 0.8449506579911487, 0.8452027023066326, 0.8452027023066326, 0.8453617339312407, 0.8453617339312407, 0.8458250827984408, 0.8458250827984408, 0.8458867639731528, 0.8458867639731528, 0.8459168205398752, 0.8459168205398752, 0.8459310061842376, 0.8459310061842376, 0.8468444561681174, 0.8468444561681174, 0.8471073888449251, 0.8471073888449251, 0.8473026759283684, 0.8473026759283684, 0.8474753070136873, 0.8474753070136873, 0.8480557753744248, 0.8480557753744248, 0.8491765731703743, 0.8491765731703743, 0.8496673700870483, 0.8496673700870483, 0.8505106245786805, 0.8505106245786805, 0.8511016002813682, 0.8511016002813682, 0.8515675137020429, 0.8515675137020429, 0.8516664468477975, 0.8516664468477975, 0.8519635247222955, 0.8519635247222955, 0.8524380696972361, 0.8524380696972361, 0.8526658753187374, 0.8526658753187374, 0.8532701134265366, 0.8532701134265366, 0.8540998563850054, 0.8540998563850054, 0.8541745215275947, 0.8541745215275947, 0.8548986781558663, 0.8548986781558663, 0.8560012602948504, 0.8560012602948504, 0.8567758580263196, 0.8567758580263196, 0.8574213927723556, 0.8574213927723556, 0.8575439198100765, 0.8575439198100765, 0.8578423312523813, 0.8578423312523813, 0.8588325712945866, 0.8588325712945866, 0.8597868489697822, 0.8597868489697822, 0.859787874791172, 0.859787874791172, 0.8600016999325889, 0.8600016999325889, 0.8613550660922067, 0.8613550660922067, 0.8620749435798235, 0.8620749435798235, 0.8626128550074739, 0.8626128550074739, 0.8628159383334799, 0.8628159383334799, 0.8629684047011928, 0.8629684047011928, 0.8635530203112636, 0.8635530203112636, 0.8645412819836455, 0.8645412819836455, 0.8651073888449251, 0.8651073888449251, 0.8654469503795539, 0.8654469503795539, 0.865661156540344, 0.865661156540344, 0.865808757583751, 0.865808757583751, 0.8663686362437352, 0.8663686362437352, 0.8667249186670184, 0.8667249186670184, 0.8674915882646033, 0.8674915882646033, 0.8675248102230428, 0.8675248102230428, 0.8679378498783669, 0.8679378498783669, 0.868100662387526, 0.868100662387526, 0.8687415223189425, 0.8687415223189425, 0.8692300770831501, 0.8692300770831501, 0.8701375333391952, 0.8701375333391952, 0.8708289369559483, 0.8708289369559483, 0.870955537970046, 0.870955537970046, 0.8712886368299189, 0.8712886368299189, 0.8723149271666814, 0.8723149271666814, 0.8725981417978252, 0.8725981417978252, 0.8726719716287112, 0.8726719716287112, 0.8729241771446994, 0.8729241771446994, 0.8730157097218558, 0.8730157097218558, 0.8739576921949647, 0.8739576921949647, 0.8741327119786629, 0.8741327119786629, 0.8744144318414959, 0.8744144318414959, 0.8745390691403616, 0.8745390691403616, 0.8750717488789238, 0.8750717488789238, 0.8757091356722061, 0.8757091356722061, 0.8761970163252146, 0.8761970163252146, 0.8765887188956301, 0.8765887188956301, 0.8769448547730003, 0.8769448547730003, 0.8769701046337818, 0.8769701046337818, 0.8773344763914535, 0.8773344763914535, 0.877722368768135, 0.877722368768135, 0.8779944898736775, 0.8779944898736775, 0.8780284592162725, 0.8780284592162725, 