{"title": "population_size_30_3", "popultion": 30, "subpopulation": 45, "number_of_rect": 20, "scores": [0.609942202291978], "iters": [0], "finalScore": 0.609942202291978, "finalIter": 5}