{"title": "population_size_100_3", "popultion": 100, "subpopulation": 150, "number_of_rect": 20, "scores": [0.6388939154136991, 0.6388939154136991, 0.639532108209502, 0.639532108209502, 0.6407249919399748, 0.6407249919399748, 0.6418065593950585, 0.6418065593950585, 0.6419030012602949, 0.6419030012602949, 0.6429458512852076, 0.6429458512852076, 0.6433796858055629, 0.6433796858055629, 0.6445673378469474, 0.6445673378469474, 0.6464627333743662, 0.6464627333743662, 0.6474477124183007, 0.6474477124183007, 0.6492047099856385, 0.6492047099856385, 0.6495298220932618, 0.6495298220932618, 0.6500342624344206, 0.6500342624344206, 0.6502251971042528, 0.6502251971042528, 0.65196825815528, 0.65196825815528, 0.6558727834930684, 0.6558727834930684, 0.6563832761804274, 0.6563832761804274, 0.656945924558164, 0.656945924558164, 0.6582740555115918, 0.6582740555115918, 0.6583637269556553, 0.6583637269556553, 0.6603271784049942, 0.6603271784049942, 0.660777733814004, 0.660777733814004, 0.6607802544037047, 0.6607802544037047, 0.6616743163633166, 0.6616743163633166, 0.6622061168264017, 0.6622061168264017, 0.6623390632785251, 0.6623390632785251, 0.6628173891380169, 0.6628173891380169, 0.6638867639731527, 0.6638867639731527, 0.6642590931738914, 0.6642590931738914, 0.664980670594097, 0.664980670594097, 0.6651783903396934, 0.6651783903396934, 0.6660193000967203, 0.6660193000967203, 0.6665162226325507, 0.6665162226325507, 0.6666830651543129, 0.6666830651543129, 0.6679376154049064, 0.6679376154049064, 0.6691925173656906, 0.6691925173656906, 0.6705611975731997, 0.6705611975731997, 0.6718588762859403, 0.6718588762859403, 0.673096573756558, 0.673096573756558, 0.6743958351651572, 0.6743958351651572, 0.6743986195375011, 0.6743986195375011, 0.676034379671151, 0.676034379671151, 0.6767132536123568, 0.6767132536123568, 0.6767550045429234, 0.6767550045429234, 0.6775379847006067, 0.6775379847006067, 0.6799062985433336, 0.6799062985433336, 0.6816815117676368, 0.6816815117676368, 0.6836071397168733, 0.6836071397168733, 0.6841905536504587, 0.6841905536504587, 0.6854019461297225, 0.6854019461297225, 0.6857624637298866, 0.6857624637298866, 0.6874437703332454, 0.6874437703332454, 0.6874864591576542, 0.6874864591576542, 0.6886795040886309, 0.6886795040886309, 0.6910492247721212, 0.6910492247721212, 0.6974371171488027, 0.6974371171488027, 0.6974717166388229, 0.6974717166388229, 0.6993280283712887, 0.6993280283712887, 0.6993413933585393, 0.6993413933585393, 0.70080395087781, 0.70080395087781, 0.702437029221255, 0.702437029221255, 0.7081123274421877, 0.7081123274421877, 0.7109756880330608, 0.7109756880330608, 0.7122726926346024, 0.7122726926346024, 0.7147069374835135, 0.7147069374835135, 0.7152898091972215, 0.7152898091972215, 0.7164691667399397, 0.7164691667399397, 0.7196353937688678, 0.7196353937688678, 0.7203806823177701, 0.7203806823177701, 0.720951039010522, 0.720951039010522, 0.7228680793692663, 0.7228680793692663, 0.7236843547583458, 0.7236843547583458, 0.7240400363433863, 0.7240400363433863, 0.7269655617104839, 0.7269655617104839, 0.727854098889182, 0.727854098889182, 0.7288210088220639, 0.7288210088220639, 0.7310661361704622, 0.7310661361704622, 0.7328370849087018, 0.7328370849087018, 0.73484665435681, 0.73484665435681, 0.7349764793809901, 0.7349764793809901, 0.7411440985960902, 0.7411440985960902, 0.7431592660980686, 0.7431592660980686, 0.7435268618658226, 0.7435268618658226, 0.744329288666139, 0.744329288666139, 0.7455121633107653, 0.7455121633107653, 0.7471641607315572, 0.7471641607315572, 0.7487945133210234, 0.7487945133210234, 0.7489243529997949, 0.7489243529997949, 0.7511243588616313, 0.7511243588616313, 0.7513680647146751, 0.7513680647146751, 0.7520772590052464, 0.7520772590052464, 0.753685248688414, 0.753685248688414, 0.7550346727629766, 0.7550346727629766, 0.7571177789501451, 0.7571177789501451, 0.7602074650487998, 0.7602074650487998, 0.7603356634133474, 0.7603356634133474, 0.7705173803452622, 0.7705173803452622, 0.7753027198921422, 0.7753027198921422, 0.7798124065769806, 0.7798124065769806, 0.7799190920015241, 0.7799190920015241, 0.7824113250681439, 0.7824113250681439, 0.783730223629063, 0.783730223629063, 0.7854983586857762, 0.7854983586857762, 0.7857970485653155, 0.7857970485653155, 0.7882875816993464, 0.7882875816993464, 0.7903708197778364, 0.7903708197778364, 0.7904227409947537, 0.7904227409947537, 0.791762742167121, 0.791762742167121, 0.7919782086227615, 0.7919782086227615, 0.7929630997391482, 0.7929630997391482, 0.7931732026143791, 0.7931732026143791, 0.7933154986957414, 0.7933154986957414, 0.7940088367185439, 0.7940088367185439, 0.7946131920630733, 0.7946131920630733, 0.7947117441894546, 0.7947117441894546, 0.794922550485067, 0.794922550485067, 0.7960657698056801, 0.7960657698056801, 0.7961381781412117, 0.7961381781412117, 0.7962061021718104, 0.7962061021718104, 0.7962750227146165, 0.7962750227146165, 0.7963120841759723, 0.7963120841759723, 0.7964959406782145, 0.7964959406782145, 0.7969490313315162, 0.7969490313315162, 0.7970205164277968, 0.7970205164277968, 0.7971736275975263, 0.7971736275975263, 0.7973526480846449, 0.7973526480846449, 0.7974731967525426, 0.7974731967525426, 0.7975029748820306, 0.7975029748820306, 0.7977862481315396, 0.7977862481315396, 0.7979556112430024, 0.7979556112430024, 0.7979849643893432, 0.7979849643893432, 0.7979945338374512, 0.7979945338374512, 0.7981036812333304, 0.7981036812333304, 0.7983191916527448, 0.7983191916527448, 0.7983214338052111, 0.7983214338052111, 0.7983464785017146, 0.7983464785017146, 0.7983552419473021, 0.7983552419473021, 0.7983750989184912, 0.7983750989184912, 0.798406884726985, 0.798406884726985, 0.7984088630968083, 0.7984088630968083, 0.7985528004923943, 0.7985528004923943, 0.7985820657111873], "iters": [0, 117, 118, 168, 169, 211, 212, 215, 216, 216, 217, 217, 218, 219, 220, 221, 222, 224, 225, 225, 226, 226, 227, 227, 228, 228, 229, 229, 230, 231, 232, 234, 235, 235, 236, 236, 237, 239, 240, 240, 241, 244, 245, 247, 248, 249, 250, 250, 251, 253, 254, 254, 255, 256, 257, 257, 258, 262, 263, 264, 265, 265, 266, 266, 267, 268, 269, 269, 270, 270, 271, 271, 272, 273, 274, 276, 277, 277, 278, 280, 281, 281, 282, 282, 283, 283, 284, 284, 285, 286, 287, 287, 288, 292, 293, 293, 294, 294, 295, 295, 296, 296, 297, 297, 298, 298, 299, 299, 300, 300, 301, 301, 302, 304, 305, 305, 306, 306, 307, 307, 308, 308, 309, 309, 310, 310, 311, 311, 312, 312, 313, 313, 314, 314, 315, 316, 317, 317, 318, 318, 319, 320, 321, 321, 322, 322, 323, 323, 324, 324, 325, 325, 326, 326, 327, 327, 328, 328, 329, 329, 330, 330, 331, 332, 333, 333, 334, 334, 335, 335, 336, 337, 338, 338, 339, 339, 340, 340, 341, 341, 342, 342, 343, 344, 345, 345, 346, 347, 348, 348, 349, 349, 350, 353, 354, 355, 356, 356, 357, 357, 358, 358, 359, 359, 360, 360, 361, 361, 362, 362, 363, 363, 364, 364, 365, 365, 366, 366, 367, 367, 368, 368, 369, 369, 370, 370, 371, 373, 374, 374, 375, 375, 376, 378, 379, 380, 381, 381, 382, 385, 386, 386, 387, 387, 388, 390, 391, 399, 400, 401, 402, 405, 406, 412, 413, 420, 421, 436, 437, 465, 466, 484, 485, 511, 512, 531, 532, 558, 559, 572, 573, 606, 607, 678, 679, 722, 723, 743, 744, 784, 785, 917, 918], "finalScore": 0.7985820657111873, "finalIter": 1000}