{"title": "population_size_40_0", "popultion": 40, "subpopulation": 60, "number_of_rect": 20, "scores": [0.6427817784811982, 0.6427817784811982, 0.6432894428324394, 0.6432894428324394, 0.6439549371318034, 0.6439549371318034, 0.6440164277968288, 0.6440164277968288, 0.6446003399865178, 0.6446003399865178, 0.6454487382396905, 0.6454487382396905, 0.647636595445353, 0.647636595445353, 0.6480228171986283, 0.6480228171986283, 0.6489509217737917, 0.6489509217737917, 0.6496823324247487, 0.6496823324247487, 0.650629356077259, 0.650629356077259, 0.6514922916849849, 0.6514922916849849, 0.6528077464169524, 0.6528077464169524, 0.6546429115741962, 0.6546429115741962, 0.6551951991558955, 0.6551951991558955, 0.6560493566634427, 0.6560493566634427, 0.6561050734195023, 0.6561050734195023, 0.6563435475834579, 0.6563435475834579, 0.6576500043963773, 0.6576500043963773, 0.6599518450130426, 0.6599518450130426, 0.6602773088308567, 0.6602773088308567, 0.661252352061901, 0.661252352061901, 0.6629471262346494, 0.6629471262346494, 0.665168806236994, 0.665168806236994, 0.6664275037369207, 0.6664275037369207, 0.6676747999648289, 0.6676747999648289, 0.6677692927694246, 0.6677692927694246, 0.669713576013365, 0.669713576013365, 0.6727900290160906, 0.6727900290160906, 0.6734288226501364, 0.6734288226501364, 0.6763597409068262, 0.6763597409068262, 0.6778144728743516, 0.6778144728743516, 0.6800276971775256, 0.6800276971775256, 0.6856939095518626, 0.6856939095518626, 0.6865820510565961, 0.6865820510565961, 0.6881242562794924, 0.6881242562794924, 0.6900474955303497, 0.6900474955303497, 0.6921126351886047, 0.6921126351886047, 0.6927175620621941, 0.6927175620621941, 0.6934630264661918, 0.6934630264661918, 0.6950526099827076, 0.6950526099827076, 0.6969713942378147, 0.6969713942378147, 0.6971693924206455, 0.6971693924206455, 0.6997065125003663, 0.6997065125003663, 0.7014168938128316, 0.7014168938128316, 0.701905389958674, 0.701905389958674, 0.7033956153462879, 0.7033956153462879, 0.7044643307248161, 0.7044643307248161, 0.7065016999325888, 0.7065016999325888, 0.7075599226237581, 0.7075599226237581, 0.7093579530466896, 0.7093579530466896, 0.7099305372373164, 0.7099305372373164, 0.7124487235850991, 0.7124487235850991, 0.7134360180544564, 0.7134360180544564, 0.7160484920425569, 0.7160484920425569, 0.7169497200973065, 0.7169497200973065, 0.7181266449778716, 0.7181266449778716, 0.7200680266127377, 0.7200680266127377, 0.7219908115712652, 0.7219908115712652, 0.7261874908408805, 0.7261874908408805, 0.7298734282950848, 0.7298734282950848, 0.7307331985110935, 0.7307331985110935, 0.7311250329728304, 0.7311250329728304, 0.7329919839385679, 0.7329919839385679, 0.7343294205574606, 0.7343294205574606, 0.735453002725754, 0.735453002725754, 0.7370811278173452, 0.7370811278173452, 0.7403544945631466, 0.7403544945631466, 0.7428263577478824, 0.7428263577478824, 0.743574606524224, 0.743574606524224, 0.7448458776634719, 0.7448458776634719, 0.7452377267798002, 0.7452377267798002, 0.746337817638266, 0.746337817638266, 0.7473236319939037, 0.7473236319939037, 0.748792109968053, 0.748792109968053, 0.7517786277440722, 0.7517786277440722, 0.7522200093789384, 0.7522200093789384, 0.752284255107125, 0.752284255107125, 0.7537462704065183, 0.7537462704065183, 0.754005378235001, 0.754005378235001, 0.757199668806237, 0.757199668806237, 0.7580860224508339, 0.7580860224508339, 0.76072014127026, 0.76072014127026, 0.7630245610949911, 0.7630245610949911, 0.7654996629444004, 0.7654996629444004, 0.7697757554441806, 0.7697757554441806, 0.7697959494709692, 0.7697959494709692, 0.7700049239426713, 0.7700049239426713, 0.7702486884140801, 0.7702486884140801, 0.7712319089070606, 0.7712319089070606, 0.7712569975673378, 0.7712569975673378, 0.7718301239778422, 0.7718301239778422, 0.7734795714997509, 0.7734795714997509, 0.7740583399278994, 0.7740583399278994, 0.7749617368621589, 0.7749617368621589, 0.7755972185585744, 0.7755972185585744, 0.7756899235030335, 0.7756899235030335, 0.7761771007356605, 0.7761771007356605, 0.7786116386763973, 0.7786116386763973, 0.7793929189014919, 0.7793929189014919, 0.779872871420616, 0.779872871420616, 0.7801064069873092, 0.7801064069873092, 0.7808018259620739, 0.7808018259620739, 0.7812695565520678, 0.7812695565520678, 0.7814085260412087, 0.7814085260412087, 0.78217526891175, 0.78217526891175, 0.7828166710630441, 0.7828166710630441, 0.7833098566780973, 0.7833098566780973, 0.7840791201383394, 0.7840791201383394, 0.7849360327090478, 0.7849360327090478, 0.7851162841818342, 0.7851162841818342, 0.7853251121076233, 0.7853251121076233, 0.7853456724991941, 0.7853456724991941, 0.7864806705940971, 0.7864806705940971, 0.7867904100354641, 0.7867904100354641, 0.7877393827486151, 0.7877393827486151, 0.7882322019988862, 0.7882322019988862, 0.7884758199243823, 0.7884758199243823, 0.7889605205310823, 0.7889605205310823, 0.7890618423752161, 0.7890618423752161, 0.7891429408833788, 0.7891429408833788, 0.7901228347841378, 0.7901228347841378, 0.7904820188164952, 0.7904820188164952, 0.7905240042205223, 0.7905240042205223, 0.7908119522846508, 0.7908119522846508, 0.7909269175532694, 0.7909269175532694, 0.791730589993845, 0.791730589993845, 0.792791699639497, 0.792791699639497, 0.792891790497963, 0.792891790497963, 0.793304668952783, 0.793304668952783, 0.7943963041120783, 0.7943963041120783, 0.794550616958293, 0.794550616958293, 0.7950118409097571, 0.7950118409097571, 0.7962755942436766, 0.7962755942436766, 0.7964233857967702, 0.7964233857967702, 0.7966842814853894, 0.7966842814853894, 0.7990855388493214, 0.7990855388493214, 0.7991411383686509, 0.7991411383686509, 0.7994705442715203, 0.7994705442715203, 0.8001500043963774, 0.8001500043963774, 0.8018810633371435, 0.8018810633371435, 0.8020245171312173, 0.8020245171312173, 0.8021009554793517, 0.8021009554793517, 0.8031135584278555, 0.8031135584278555, 0.8043191183797884, 0.8043191183797884, 0.8046666959758493, 0.8046666959758493, 0.8048768428148539, 0.8048768428148539, 0.8049190480377503, 0.8049190480377503, 0.8055324013013276, 0.8055324013013276, 0.8057454937131804, 0.8057454937131804, 0.805873794659867, 0.805873794659867, 0.8069580292505643, 0.8069580292505643, 0.8072386939828249, 0.8072386939828249, 0.8081487734107096, 0.8081487734107096, 0.8115673818107213, 0.8115673818107213, 0.8124110466309095, 0.8124110466309095, 0.8134829274011548, 0.8134829274011548, 0.8141347050030775, 0.8141347050030775, 0.8148535566693045, 0.8148535566693045, 0.8156542688824409, 0.8156542688824409, 0.816534071924734, 0.816534071924734, 0.8167877868636244, 0.8167877868636244, 0.817762537002843, 0.817762537002843, 0.8185851285207656, 0.8185851285207656, 0.8191648348427563, 0.8191648348427563, 0.8214502769717753, 0.8214502769717753, 0.8214929951053664, 0.8214929951053664, 0.8221757085494885, 0.8221757085494885, 0.8231406547671385, 0.8231406547671385, 0.8243732377853982, 0.8243732377853982, 0.8246585333685044, 0.8246585333685044, 0.8246786687769279, 0.8246786687769279, 0.8270374131715467, 0.8270374131715467, 0.8272590785193001, 0.8272590785193001, 0.8273571763533515, 0.8273571763533515, 0.8275545150795744, 0.8275545150795744, 0.8294219936105982, 0.8294219936105982, 0.8302308537764882, 0.8302308537764882, 0.8305924265072246, 0.8305924265072246, 0.8314406342507108, 0.8314406342507108, 0.8314552595328116, 0.8314552595328116, 0.8321140420293678, 0.8321140420293678, 0.8341153316334007, 0.8341153316334007, 0.8346941147161406, 0.8346941147161406, 0.8353241888683725, 0.8353241888683725, 0.8359893021483631, 0.8359893021483631, 0.8376495940678215, 0.8376495940678215, 0.8378543480172338, 0.8378543480172338, 0.8387437937805915, 0.8387437937805915, 0.839944209970984, 0.839944209970984, 0.8399477563820745, 0.8399477563820745, 0.8402353966997861, 0.8402353966997861, 0.8408709516691579, 0.8408709516691579, 0.8410737125941558, 0.8410737125941558, 0.8417136932500953, 0.8417136932500953, 0.8439952665670154, 0.8439952665670154, 0.8442332278202761, 0.8442332278202761, 0.844798572642809, 0.844798572642809, 0.8461495061402737, 