{"title": "subpopulation_size_2.5_1", "popultion": 50, "subpopulation": 125, "number_of_rect": 20, "scores": [0.6505560245024766], "iters": [0], "finalScore": 0.6505560245024766, "finalIter": 5}