{"title": "population_size_2_3", "popultion": 2, "subpopulation": 3, "number_of_rect": 20, "scores": [0.5400505729945192, 0.5400505729945192, 0.5409052287581699, 0.5409052287581699, 0.5426285647293296, 0.5426285647293296, 0.5465431138075559, 0.5465431138075559, 0.5498200123098567, 0.5498200123098567, 0.5500698877458308, 0.5500698877458308, 0.5513725783287904, 0.5513725783287904, 0.5520803071602334, 0.5520803071602334, 0.5526676485242826, 0.5526676485242826, 0.553205457369794, 0.553205457369794, 0.5552800932032005, 0.5552800932032005, 0.5554166153755972, 0.5554166153755972, 0.5585030774641695, 0.5585030774641695, 0.5597356311732465, 0.5597356311732465, 0.5617464169524312, 0.5617464169524312, 0.5620335883232217, 0.5620335883232217, 0.5623550074738415, 0.5623550074738415, 0.5623922301357015, 0.5623922301357015, 0.563644816671063, 0.563644816671063, 0.5645339546880037, 0.5645339546880037, 0.5651585187139131, 0.5651585187139131, 0.5667874204988423, 0.5667874204988423, 0.5676273483982531, 0.5676273483982531, 0.568887657903221, 0.568887657903221, 0.5705669568275741, 0.5705669568275741, 0.5720852017937219, 0.5720852017937219, 0.5761875934230194, 0.5761875934230194, 0.5776650546616255, 0.5776650546616255, 0.5801611711949354, 0.5801611711949354, 0.585973841554559, 0.585973841554559, 0.5867516046777455, 0.5867516046777455, 0.5879477563820745, 0.5879477563820745, 0.5902717547407603, 0.5902717547407603, 0.5919293648700137, 0.5919293648700137, 0.59196985550573, 0.59196985550573, 0.5952487909962192, 0.5952487909962192, 0.5960048506697149, 0.5960048506697149, 0.5972797708021923, 0.5972797708021923, 0.598767607491427, 0.598767607491427, 0.599539083794953, 0.599539083794953, 0.6023656760162959, 0.6023656760162959, 0.6043453207890033, 0.6043453207890033, 0.6050407690729506, 0.6050407690729506, 0.6056409332043728, 0.6056409332043728, 0.6083671561300155, 0.6083671561300155, 0.6087061168264016, 0.6087061168264016, 0.609061783756851, 0.609061783756851, 0.6105922066883555, 0.6105922066883555, 0.6123794659866937, 0.6123794659866937, 0.6139526510155632, 0.6139526510155632, 0.6153105307892963, 0.6153105307892963, 0.6187417861015856, 0.6187417861015856, 0.6189124095078988, 0.6189124095078988, 0.6228869105190656, 0.6228869105190656, 0.6229259063864709, 0.6229259063864709, 0.6241484656642926, 0.6241484656642926, 0.6313302412145725, 0.6313302412145725, 0.6317029221255019, 0.6317029221255019, 0.6344154430082944, 0.6344154430082944, 0.6396850288695448, 0.6396850288695448, 0.6404620592631671, 0.6404620592631671, 0.6447618775462352, 0.6447618775462352, 0.6459969225358304, 0.6459969225358304, 0.6490964272106452, 0.6490964272106452, 0.6523731791670331, 0.6523731791670331, 0.6544028840235646, 0.6544028840235646, 0.6554878806530087, 0.6554878806530087, 0.6594620299539846, 0.6594620299539846, 0.6651437175767168, 0.6651437175767168, 0.6675430698437821, 0.6675430698437821, 0.6724016383833055, 0.6724016383833055, 0.6741246812626396, 0.6741246812626396, 0.6745943755678654, 0.6745943755678654, 0.6758940912687945, 0.6758940912687945, 0.6763576746094551, 0.6763576746094551, 0.6785854216125913, 0.6785854216125913, 0.6795147132096486, 0.6795147132096486, 0.6814302734546733, 0.6814302734546733, 0.6823008294498667, 0.6823008294498667, 0.68231548404115, 0.68231548404115, 0.683322459626601, 0.683322459626601, 0.6864365749289252, 0.6864365749289252, 0.6900226266889417, 0.6900226266889417, 0.6922621559834696, 0.6922621559834696, 0.6932388112195551, 0.6932388112195551, 0.6939910900084996, 0.6939910900084996, 0.6949906064069873, 0.6949906064069873, 0.6979544828394737, 0.6979544828394737, 0.7002347079339957, 0.7002347079339957, 0.7003095196224978, 0.7003095196224978, 0.7007839766698907, 0.7007839766698907, 0.7016638383305489, 0.7016638383305489, 0.7067317916703304, 0.7067317916703304, 0.7070530496204461, 0.7070530496204461, 0.7113526480846449, 0.7113526480846449, 0.7136980421466046, 0.7136980421466046, 0.7151661537559717, 0.7151661537559717, 0.7161722793751282, 0.7161722793751282, 0.7178334359154723, 0.7178334359154723, 0.7191384858876286, 0.7191384858876286, 0.7198548316187461, 0.7198548316187461, 0.7201352618775463, 0.7201352618775463, 0.7215964418652363, 0.7215964418652363, 0.7221251062457867, 0.7221251062457867, 0.7230215715583692, 0.7230215715583692, 0.7231922389284563, 0.7231922389284563, 0.7235672499193997, 0.7235672499193997, 0.7260167208886543, 0.7260167208886543, 0.7268324687124477, 0.7268324687124477, 0.7268858553884932, 0.7268858553884932, 0.7296890442275565, 0.7296890442275565, 0.7297898091972215, 0.7297898091972215, 0.7301788592866145, 0.7301788592866145, 0.7312912160379847, 0.7312912160379847, 0.7354088191330344, 0.7354088191330344, 0.7355204871186143, 0.7355204871186143, 0.7408307980890413, 0.7408307980890413, 0.7417697470617544, 0.7417697470617544, 0.7435465576365075, 0.7435465576365075, 0.7464366335472903, 0.7464366335472903, 0.7481194495735514, 0.7481194495735514, 0.74953505378235, 0.74953505378235, 0.7504730208974472, 0.7504730208974472, 0.7519658548023096, 0.7519658548023096, 0.7583222104985492, 0.7583222104985492, 0.7626598815909025, 0.7626598815909025, 0.7655163252146897, 0.7655163252146897, 0.7657637972976934, 0.7657637972976934, 0.7670138778979454, 0.7670138778979454, 0.76736640874586, 0.76736640874586, 0.7675597028048888, 0.7675597028048888, 0.7679372490401243, 0.7679372490401243, 0.7682179577361588, 0.7682179577361588, 0.7686261613763592, 0.7686261613763592, 0.7686697734400187, 0.7686697734400187, 0.7690251326240511, 0.7690251326240511, 0.7709705442715202, 0.7709705442715202, 0.7721080043377591], "iters": [0, 3, 4, 7, 8, 8, 9, 13, 14, 14, 15, 15, 16, 17, 18, 18, 19, 19, 20, 20, 21, 28, 29, 29, 30, 30, 31, 32, 33, 38, 39, 44, 45, 48, 49, 57, 58, 63, 64, 65, 66, 67, 68, 73, 74, 74, 75, 75, 76, 82, 83, 83, 84, 88, 89, 91, 92, 96, 97, 100, 101, 102, 103, 106, 107, 107, 108, 110, 111, 111, 112, 112, 113, 116, 117, 127, 128, 128, 129, 130, 131, 136, 137, 139, 140, 141, 142, 146, 147, 151, 152, 154, 155, 155, 156, 161, 162, 165, 166, 176, 177, 178, 179, 183, 184, 186, 187, 189, 190, 191, 192, 193, 194, 198, 199, 200, 201, 201, 202, 205, 206, 206, 207, 211, 212, 216, 217, 219, 220, 224, 225, 225, 226, 231, 232, 245, 246, 246, 247, 249, 250, 257, 258, 263, 264, 268, 269, 274, 275, 276, 277, 278, 279, 280, 281, 282, 283, 287, 288, 288, 289, 289, 290, 291, 292, 294, 295, 296, 297, 297, 298, 299, 300, 301, 302, 303, 304, 309, 310, 314, 315, 315, 316, 317, 318, 320, 321, 322, 323, 323, 324, 325, 326, 329, 330, 330, 331, 351, 352, 355, 356, 357, 358, 358, 359, 375, 376, 382, 383, 385, 386, 389, 390, 417, 418, 447, 448, 459, 460, 461, 462, 494, 495, 586, 587, 587, 588, 618, 619, 627, 628, 628, 629, 637, 638, 654, 655, 668, 669, 686, 687, 708, 709, 721, 722, 722, 723, 726, 727, 728, 729, 731, 732, 753, 754, 763, 764, 810, 811, 820, 821, 836, 837, 849, 850, 868, 869, 896, 897, 901, 902, 910, 911, 977, 978], "finalScore": 0.7721080043377591, "finalIter": 1000}