{"title": "subpopulation_size_2.5_0", "popultion": 40, "subpopulation": 100, "number_of_rect": 20, "scores": [0.6081650546616255, 0.6081650546616255, 0.6102477358656466, 0.6102477358656466, 0.6117932969899469, 0.6117932969899469, 0.611917846361265, 0.611917846361265, 0.6125896421348809, 0.6125896421348809, 0.6125969254667487, 0.6125969254667487, 0.6130624139042762, 0.6130624139042762, 0.6139358568539524, 0.6139358568539524, 0.6143226354816964, 0.6143226354816964, 0.6151158738532783, 0.6151158738532783, 0.6151874322225153, 0.6151874322225153, 0.6159117060875172, 0.6159117060875172, 0.6168839063278526, 0.6168839063278526, 0.6169885254550251, 0.6169885254550251, 0.6180027257539787, 0.6180027257539787, 0.618450159735045, 0.618450159735045, 0.6186876373867933, 0.6186876373867933, 0.6187903807262816, 0.6187903807262816, 0.6189956329317976, 0.6189956329317976, 0.620581684691814, 0.620581684691814, 0.621076262493039, 0.621076262493039, 0.6227309563586272, 0.6227309563586272, 0.6227419033383159, 0.6227419033383159, 0.6241143497757847, 0.6241143497757847, 0.624199668806237, 0.624199668806237, 0.6246796506345438, 0.6246796506345438, 0.6260594536768369, 0.6260594536768369, 0.6261875348046544, 0.6261875348046544, 0.6275346287992027, 0.6275346287992027, 0.6306683665992555, 0.6306683665992555, 0.6354461590316247, 0.6354461590316247, 0.6363459509364284, 0.6363459509364284, 0.6418862364078666, 0.6418862364078666, 0.6422710513203786, 0.6422710513203786, 0.6441723673026759, 0.6441723673026759, 0.6457300917377414, 0.6457300917377414, 0.6497986605703567, 0.6497986605703567, 0.6512805621501216, 0.6512805621501216, 0.6517894135232569, 0.6517894135232569, 0.6540356692751839, 0.6540356692751839, 0.6541544154283536, 0.6541544154283536, 0.6542716375040301, 0.6542716375040301, 0.6574990034877928, 0.6574990034877928, 0.6643211846771594, 0.6643211846771594, 0.6645626337231455, 0.6645626337231455, 0.6682471057182215, 0.6682471057182215, 0.6721957560303643, 0.6721957560303643, 0.6743522231014977, 0.6743522231014977, 0.6751046924001289, 0.6751046924001289, 0.675857000498256, 0.675857000498256, 0.6820324599196929, 0.6820324599196929, 0.6852483660130719, 0.6852483660130719, 0.689666065828424, 0.689666065828424, 0.6940008939300684, 0.6940008939300684, 0.6962129019021659, 0.6962129019021659, 0.6974252908936369, 0.6974252908936369, 0.6994442539347577, 0.6994442539347577, 0.7059439315337495, 0.7059439315337495, 0.7077589173187959, 0.7077589173187959, 0.7094914270640992, 0.7094914270640992, 0.7117789647996717, 0.7117789647996717, 0.713232656291216, 0.713232656291216, 0.713953369090536, 0.713953369090536, 0.7159615316978809, 0.7159615316978809, 0.7170011137489376, 0.7170011137489376, 0.7201354230780503, 0.7201354230780503, 0.7204750578856356, 0.7204750578856356, 0.7228599021073303, 0.7228599021073303, 0.7234478296550308, 0.7234478296550308, 0.7291170022568071, 0.7291170022568071, 0.7291775257188078, 0.7291775257188078, 0.7297518391512061, 0.7297518391512061, 0.7344018142384009, 0.7344018142384009, 0.7392010316832263, 0.7392010316832263, 0.7409719804214661, 0.7409719804214661, 0.742343137254902, 0.742343137254902, 0.7496370204285002, 0.7496370204285002, 0.7497028048887717, 0.7497028048887717, 0.7614300389812128, 0.7614300389812128, 0.7619549664409859, 0.7619549664409859, 0.7810091444649608, 0.7810091444649608, 0.7870152407749348, 0.7870152407749348, 0.7912666109792198, 0.7912666109792198, 0.7914788973885518, 0.7914788973885518, 0.7921227028928164, 0.7921227028928164, 0.7925861396875641, 0.7925861396875641, 0.7928295231395996, 0.7928295231395996, 0.792877004015358, 0.792877004015358, 0.7932562062194085, 0.7932562062194085, 0.7934955303496586, 0.7934955303496586, 0.7937693953515637, 0.7937693953515637, 0.7938902224566957, 0.7938902224566957, 0.79438387701867, 0.79438387701867, 0.794874673935344, 0.794874673935344, 0.795298675224948, 0.795298675224948, 0.7955197690436414, 0.7955197690436414, 0.7958148685483162, 0.7958148685483162, 0.7968248336703889, 0.7968248336703889, 0.7971332688531316, 0.7971332688531316, 0.7973273102963159, 0.7973273102963159, 0.7977031126351886, 0.7977031126351886, 0.7977961399806559, 0.7977961399806559, 0.7979438582607932, 0.7979438582607932, 0.7979715554383189, 0.7979715554383189, 0.7984594947096926, 0.7984594947096926, 0.7990801459597292, 0.7990801459597292, 0.7991214132887834, 0.7991214132887834, 0.7997822474281192, 0.7997822474281192, 0.8000699317096046, 0.8000699317096046, 0.8001506785075765, 0.8001506785075765, 0.8001890295729652, 0.8001890295729652, 0.8004191359652979, 0.8004191359652979, 0.8012511503854157, 0.8012511503854157, 0.8013885957970632, 0.8013885957970632, 0.8022782760338814, 0.8022782760338814, 0.803046938655881, 0.803046938655881, 0.8035119581464873, 0.8035119581464873, 0.8036840323573375, 0.8036840323573375, 0.8044550250593511, 0.8044550250593511, 0.8059206453882002, 0.8059206453882002, 0.8060352736012193, 0.8060352736012193, 0.8067906884726985, 0.8067906884726985, 0.8080800287229989, 0.8080800287229989, 0.8091575808200709, 0.8091575808200709, 0.809790717781881, 0.809790717781881, 0.8130666344265658, 0.8130666344265658, 0.8148818400304816, 0.8148818400304816, 0.8210317271901286, 0.8210317271901286, 0.8213417890325039, 0.8213417890325039, 0.8249844807878308, 0.8249844807878308, 0.8297336528034234, 0.8297336528034234, 0.8317998329376594, 0.8317998329376594, 0.8322351622263255, 0.8322351622263255, 0.8323973299334682, 0.8323973299334682, 0.832440443741024, 0.832440443741024, 0.8328626571704916, 0.8328626571704916, 0.8329691960491221, 0.8329691960491221, 0.8330836190978633, 0.8330836190978633, 0.8338462879920279, 0.8338462879920279, 0.8342204490166769, 0.8342204490166769, 0.8344464667780416, 0.8344464667780416, 0.8346191418271345, 0.8346191418271345, 0.8348742489521968, 0.8348742489521968, 0.8351562032884903, 0.8351562032884903, 0.8353548316187461, 0.8353548316187461, 0.836096266010141, 0.836096266010141, 0.8369786775696826, 0.8369786775696826, 0.8379824144904598, 0.8379824144904598, 0.8394571499750871, 0.8394571499750871, 0.8401591635159296, 0.8401591635159296, 0.8412559424367654, 0.8412559424367654, 0.8416346463847123, 0.8416346463847123, 0.84328419648876, 0.84328419648876, 0.8438054016823471, 0.8438054016823471, 0.844133180925584, 0.844133180925584, 0.8442269849643893, 0.8442269849643893, 0.8443493801107887, 0.8443493801107887, 0.8444427298572643, 0.8444427298572643, 0.8445220991236555, 0.8445220991236555, 0.8445525074005686, 0.8445525074005686, 0.844752352061901, 0.844752352061901, 0.8448164512441748, 0.8448164512441748, 0.8448957032738357, 0.8448957032738357, 0.8452693953515636, 0.8452693953515636, 0.8456471760602597],