{"title": "population_size_100_3", "popultion": 100, "subpopulation": 150, "number_of_rect": 20, "scores": [0.6579294381429702], "iters": [0], "finalScore": 0.6579294381429702, "finalIter": 5}