{"title": "subpopulation_size_1.1_3", "popultion": 50, "subpopulation": 55, "number_of_rect": 20, "scores": [0.6691444942700548], "iters": [0], "finalScore": 0.6691444942700548, "finalIter": 5}