{"title": "population_size_50_1", "popultion": 50, "subpopulation": 75, "number_of_rect": 20, "scores": [0.6331903777953632, 0.6331903777953632, 0.6335688472698497, 0.6335688472698497, 0.6338072921246227, 0.6338072921246227, 0.6351602772648671, 0.6351602772648671, 0.6354303760368123, 0.6354303760368123, 0.6389595386734663, 0.6389595386734663, 0.6394295553797005, 0.6394295553797005, 0.640030759987104, 0.640030759987104, 0.6453720507635041, 0.6453720507635041, 0.6470140684076321, 0.6470140684076321, 0.64910242093848, 0.64910242093848, 0.6535186552947039, 0.6535186552947039, 0.6557933995720859, 0.6557933995720859, 0.6580027843723438, 0.6580027843723438, 0.6606985843664821, 0.6606985843664821, 0.6645923092704944, 0.6645923092704944, 0.6648119229754683, 0.6648119229754683, 0.6660397285969695, 0.6660397285969695, 0.6669499399161758, 0.6669499399161758, 0.6685788123919224, 0.6685788123919224, 0.6719833963480759, 0.6719833963480759, 0.6735536797678713, 0.6735536797678713, 0.6743648846683665, 0.6743648846683665, 0.6751970602889885, 0.6751970602889885, 0.6790613148099299, 0.6790613148099299, 0.6803363375245465, 0.6803363375245465, 0.6810729945191829, 0.6810729945191829, 0.6836904217591371, 0.6836904217591371, 0.6837392948210674, 0.6837392948210674, 0.6855647879480642, 0.6855647879480642, 0.6860952108795686, 0.6860952108795686, 0.687580087341364, 0.687580087341364, 0.6882633136961811, 0.6882633136961811, 0.6904074855652276, 0.6904074855652276, 0.6914080131305138, 0.6914080131305138, 0.6926513526187754, 0.6926513526187754, 0.6939836015123538, 0.6939836015123538, 0.6972650282833612, 0.6972650282833612, 0.6978709223599754, 0.6978709223599754, 0.6983064568129195, 0.6983064568129195, 0.7007193792315132, 0.7007193792315132, 0.7024604326035346, 0.7024604326035346, 0.7030958410269937, 0.7030958410269937, 0.7043947946891762, 0.7043947946891762, 0.7048194114716141, 0.7048194114716141, 0.7053951610539582, 0.7053951610539582, 0.7059490606406987, 0.7059490606406987, 0.7064382015885577, 0.7064382015885577, 0.7090547788622176, 0.7090547788622176, 0.7096621237433688, 0.7096621237433688, 0.7099084820774348, 0.7099084820774348, 0.7111493302851783, 0.7111493302851783, 0.7112111433512119, 0.7112111433512119, 0.7130644508924646, 0.7130644508924646, 0.7148886690700196, 0.7148886690700196, 0.7159829713649286, 0.7159829713649286, 0.7164946803833641, 0.7164946803833641, 0.7185849233564876, 0.7185849233564876, 0.7203558281309534, 0.7203558281309534, 0.7207312641050441, 0.7207312641050441, 0.7237479117207422, 0.7237479117207422, 0.7245941997127701, 0.7245941997127701, 0.7265278730326211, 0.7265278730326211, 0.7270666051173833, 0.7270666051173833, 0.7284701485975555, 0.7284701485975555, 0.7293220492980451, 0.7293220492980451, 0.7333633752454645, 0.7333633752454645, 0.7382150707816759, 0.7382150707816759, 0.7425863741610246, 0.7425863741610246, 0.7458986928104575, 0.7458986928104575, 0.7519820920894515, 0.7519820920894515, 0.7566862012368475, 0.7566862012368475, 0.7609921744482546, 0.7609921744482546, 0.7621427943374659, 0.7621427943374659, 0.7646148626864797, 0.7646148626864797, 0.7767933556083121, 0.7767933556083121, 0.7805523901638384, 0.7805523901638384, 0.7831244028254052, 0.7831244028254052, 0.7858747325537091, 0.7858747325537091, 0.785877414343914, 0.785877414343914, 0.7895929687271022, 0.7895929687271022, 0.7899169963949706, 0.7899169963949706, 0.7904502330080014, 0.7904502330080014, 0.7904725959143, 0.7904725959143, 0.7919441220434362, 0.7919441220434362, 0.7921491837392655, 0.7921491837392655, 0.7926839297751986, 0.7926839297751986, 0.7930227585802632, 0.7930227585802632, 0.793221328292154, 0.793221328292154, 0.7943630381898649, 0.7943630381898649, 0.7950244438582608, 0.7950244438582608, 0.7960173803452621, 0.7960173803452621, 0.7964237961253261, 0.7964237961253261, 0.7981418124798499, 0.7981418124798499, 0.7997854128198365, 0.7997854128198365, 0.8003054163369383, 0.8003054163369383, 0.8006683812538469, 0.8006683812538469, 0.8009209677892084, 0.8009209677892084, 0.8015531668571764, 0.8015531668571764, 0.8025685102142501, 0.8025685102142501, 0.8047072891937044, 0.8047072891937044, 0.8064055658137694, 0.8064055658137694, 0.8076928544212902, 0.8076928544212902, 0.8077226325507781, 0.8077226325507781, 0.8095872094727279, 0.8095872094727279, 0.812771740086169, 0.812771740086169, 0.8129637005773909, 0.8129637005773909, 0.8130074738415546, 0.8130074738415546, 0.8148423019431988, 0.8148423019431988, 0.8205825053489259, 0.8205825053489259, 0.8207928720067997, 0.8207928720067997, 0.8215598346962103, 0.8215598346962103, 0.8220423664234005, 0.8220423664234005, 0.8224121457252557, 0.8224121457252557, 0.824734517424309, 0.824734517424309, 0.8249311673847416, 0.8249311673847416, 0.8250243412761218, 0.8250243412761218, 0.8254732407163164, 0.8254732407163164, 0.8260638353996307, 0.8260638353996307, 0.8275422491866702, 0.8275422491866702, 0.8277952460505876, 0.8277952460505876, 0.8278581875201501, 0.8278581875201501, 0.8282464902253877, 0.8282464902253877, 0.828334403118497, 0.828334403118497, 0.8294475805269791, 0.8294475805269791, 0.8297940590286936, 0.8297940590286936, 0.8303982678273103, 0.8303982678273103, 0.830706028898854, 0.830706028898854, 0.8323044930976875, 0.8323044930976875, 0.8328875992848559, 0.8328875992848559, 0.8340989331457546, 0.8340989331457546, 0.8348186640874586, 0.8348186640874586, 0.8352387086374161, 0.8352387086374161, 0.835443902224567, 0.835443902224567, 0.8356875787684281, 0.8356875787684281, 0.8381126205340133, 0.8381126205340133, 0.8387885489023711, 0.8387885489023711, 0.8401615961780826, 0.8401615961780826, 0.8409276063190598, 0.8409276063190598, 0.8412711392479264, 0.8412711392479264, 0.8422045194759518, 0.8422045194759518, 0.8425123977842258, 0.8425123977842258, 0.8462300331193763, 0.8462300331193763, 0.8463390193147513, 0.8463390193147513, 0.8483698379202205, 0.8483698379202205, 0.850617881532284, 0.850617881532284, 0.8510650077669334, 0.8510650077669334, 0.8541109059468331, 0.8541109059468331, 0.8551050294557285, 0.8551050294557285, 0.8570821976025089, 0.8570821976025089, 0.8604415135261878, 0.8604415135261878, 0.8618476801781998, 0.8618476801781998, 0.8641986429848472, 0.8641986429848472, 0.8642491573610012, 0.8642491573610012, 0.8656785368856063, 0.8656785368856063, 0.8675551159178171, 0.8675551159178171, 0.8737258419062692, 0.8737258419062692, 0.8760759694012135, 0.8760759694012135, 0.8790696239631877, 0.8790696239631877, 0.8805158562677687, 0.8805158562677687, 0.881610436999912, 0.881610436999912, 0.8817508279844075, 0.8817508279844075, 0.8835495764823119, 0.8835495764823119, 0.8854874556698613, 0.8854874556698613, 0.8858056801195815, 0.8858056801195815, 0.8872349863712301, 0.8872349863712301, 0.8877221782584483, 0.8877221782584483, 0.8883939300682904, 0.8883939300682904, 0.8891446554705589, 0.8891446554705589, 0.8900373838623641, 0.8900373838623641, 0.8901932354406635, 0.8901932354406635, 0.8910528004923942, 0.8910528004923942, 0.8915816260734488, 0.8915816260734488, 0.8921028019578534, 0.8921028019578534, 0.8930508074679797, 0.8930508074679797, 0.8933589349043055, 0.8933589349043055, 0.8937403352970485, 0.8937403352970485, 0.8948312670359624, 0.8948312670359624, 0.8948344910460447, 0.8948344910460447, 0.8953700284299071],