{"title": "population_size_30_0", "popultion": 30, "subpopulation": 45, "number_of_rect": 20, "scores": [0.5910923239250857], "iters": [0], "finalScore": 0.5910923239250857, "finalIter": 5}