{"title": "population_size_40_2", "popultion": 40, "subpopulation": 60, "number_of_rect": 20, "scores": [0.6523738825874146, 0.6523738825874146, 0.6535039713942379, 0.6535039713942379, 0.653598596090155, 0.653598596090155, 0.6536606582842405, 0.6536606582842405, 0.6549396523930948, 0.6549396523930948, 0.65848629795715, 0.65848629795715, 0.6602855007473841, 0.6602855007473841, 0.661476581963129, 0.661476581963129, 0.6629075881473665, 0.6629075881473665, 0.6630048946334887, 0.6630048946334887, 0.6631543128462147, 0.6631543128462147, 0.6652626102757995, 0.6652626102757995, 0.6699180222163603, 0.6699180222163603, 0.6721623728714207, 0.6721623728714207, 0.6732045634397257, 0.6732045634397257, 0.6751978369823266, 0.6751978369823266, 0.6752537149388904, 0.6752537149388904, 0.675325405199449, 0.675325405199449, 0.6755550719540432, 0.6755550719540432, 0.6757211670916499, 0.6757211670916499, 0.6757712857938392, 0.6757712857938392, 0.675879744423928, 0.675879744423928, 0.6762587561182918, 0.6762587561182918, 0.6765417362759754, 0.6765417362759754, 0.6765750608165538, 0.6765750608165538, 0.6767817345174243, 0.6767817345174243, 0.6774121750344383, 0.6774121750344383, 0.6775220405052903, 0.6775220405052903, 0.6776815996951846, 0.6776815996951846, 0.6790653887863067, 0.6790653887863067, 0.6801443184149594, 0.6801443184149594, 0.6804029719511122, 0.6804029719511122, 0.6812198628330256, 0.6812198628330256, 0.6814332190275214, 0.6814332190275214, 0.6819876608341393, 0.6819876608341393, 0.6820363287317917, 0.6820363287317917, 0.6827477212110554, 0.6827477212110554, 0.684120973651045, 0.684120973651045, 0.6849473753627011, 0.6849473753627011, 0.6853341539904452, 0.6853341539904452, 0.686272516779507, 0.686272516779507, 0.6865090711920044, 0.6865090711920044, 0.68692109968053, 0.68692109968053, 0.6869731088249948, 0.6869731088249948, 0.6872536270113427, 0.6872536270113427, 0.6873033500395673, 0.6873033500395673, 0.6880157390310384, 0.6880157390310384, 0.6886269527242885, 0.6886269527242885, 0.6888723878191036, 0.6888723878191036, 0.6892613060171752, 0.6892613060171752, 0.6896182478970662, 0.6896182478970662, 0.6900825493126996, 0.6900825493126996, 0.6900953134617076, 0.6900953134617076, 0.6912295641724553, 0.6912295641724553, 0.6913024854186818, 0.6913024854186818, 0.6919189161464288, 0.6919189161464288, 0.6929948855476421, 0.6929948855476421, 0.6937326123274421, 0.6937326123274421, 0.6944422462557519, 0.6944422462557519, 0.6946647908789825, 0.6946647908789825, 0.6949122922711686, 0.6949122922711686, 0.6954071631642194, 0.6954071631642194, 0.6954209677892084, 0.6954209677892084, 0.6957969166739939, 0.6957969166739939, 0.6963199390369003, 0.6963199390369003, 0.6970359330578271, 0.6970359330578271, 0.697646985550573, 0.697646985550573, 0.6988576599548639, 0.6988576599548639, 0.699060801899235, 0.699060801899235, 0.7007834051408306, 0.7007834051408306, 0.7024102259737977, 0.7024102259737977, 0.7043482370526686, 0.7043482370526686, 0.7052334183299628, 0.7052334183299628, 0.7054760690524342, 0.7054760690524342, 0.7063749084088045, 0.7063749084088045, 0.7067637679885108, 0.7067637679885108, 0.7080575632345614, 0.7080575632345614, 0.7085572554881445, 0.7085572554881445, 0.7086196547378294, 0.7086196547378294, 0.7099260529323838, 0.7099260529323838, 0.7099717166388229, 0.7099717166388229, 0.7105970280488878, 0.7105970280488878, 0.7113516808816203, 0.7113516808816203, 0.7121141153023243, 0.7121141153023243, 0.7125710747677247, 0.7125710747677247, 0.712977768985023, 0.712977768985023, 0.7136218236173393, 0.7136218236173393, 0.7139507898824702, 0.7139507898824702, 0.7141275682171224, 0.7141275682171224, 0.7141995515695068, 0.7141995515695068, 0.7149204255693309, 0.7149204255693309, 0.7150003663647821, 0.7150003663647821, 0.7158386822591518, 0.7158386822591518, 0.7170416630030189, 0.7170416630030189, 0.718092954072511, 0.718092954072511, 0.7182099270201354, 0.7182099270201354, 0.7187238049180809, 0.7187238049180809, 0.7187934728450422, 0.7187934728450422, 0.7199277528649726, 0.7199277528649726, 0.720145021835341, 0.720145021835341, 0.7204823265629121, 0.7204823265629121, 0.7214553914241332, 0.7214553914241332, 0.7220064919839386, 0.7220064919839386, 0.7233848295671034, 0.7233848295671034, 0.7244442685893491, 0.7244442685893491, 0.7251788592866145, 0.7251788592866145, 0.7261717957736158, 0.7261717957736158, 0.7262654972302822, 0.7262654972302822, 0.7270440956651719, 0.7270440956651719, 0.7276219261994783, 0.7276219261994783, 0.7282879773733111, 0.7282879773733111, 0.7290870922359975, 0.7290870922359975, 0.7294728303877605, 0.7294728303877605, 0.7302163457311176, 0.7302163457311176, 0.7307161698760222, 0.7307161698760222, 0.7308812538468302, 0.7308812538468302, 0.7317323778539817, 0.7317323778539817, 0.7320168234707933, 0.7320168234707933, 0.7327144992526159, 0.7327144992526159, 0.7334876608341394, 0.7334876608341394, 0.734158723878191, 0.734158723878191, 0.734574606524224, 0.734574606524224, 0.7348528679035142, 0.7348528679035142, 0.7356610686127965, 0.7356610686127965, 0.7357399542776752, 0.7357399542776752, 0.7361766464433307, 0.7361766464433307, 0.7382664351241244, 0.7382664351241244, 0.7397244497200973, 0.7397244497200973, 0.7400007034203816, 0.7400007034203816, 0.7403227966822006, 0.7403227966822006, 0.741146619185791, 0.741146619185791, 0.7413355901403911, 0.7413355901403911, 0.7416880623699404, 0.7416880623699404, 0.7427112898971249, 0.7427112898971249, 0.743039450159735, 0.743039450159735, 0.7435485213517394, 0.7435485213517394, 0.7453692957003429, 0.7453692957003429, 0.7454923649579412, 0.7454923649579412, 0.7469186670183768, 0.7469186670183768, 0.7475933937102495, 0.7475933937102495, 0.7482995105366512, 0.7482995105366512, 0.748684677159354, 0.748684677159354, 0.7492511796945983, 0.7492511796945983, 0.7494256132946452, 0.7494256132946452, 0.7503261232744218, 0.7503261232744218, 0.7507872006799731, 0.7507872006799731, 0.751307980890413, 0.751307980890413, 0.7521950233008001, 0.7521950233008001, 0.7565989771095284, 0.7565989771095284, 0.7581119024590404, 0.7581119024590404, 0.7584338638295378, 0.7584338638295378, 0.758873179167033, 0.758873179167033, 0.7589658694569008, 0.7589658694569008, 0.76056131480993, 0.76056131480993, 0.7606920923825434, 0.7606920923825434, 0.7618571323895776, 0.7618571323895776, 0.7624303906914036, 0.7624303906914036, 0.7647366716492277, 0.7647366716492277, 0.7647747296227908, 0.7647747296227908, 0.7658856795333978, 0.7658856795333978, 0.7659276649374249, 0.7659276649374249, 0.7678874087751693, 0.7678874087751693, 0.7684624842463144, 0.7684624842463144, 0.7697112752425335, 0.7697112752425335, 0.7699495002784372, 0.7699495002784372, 0.769960652422404, 0.769960652422404, 0.7700578270172045, 0.7700578270172045, 0.7715048799788974, 0.7715048799788974, 0.7724666168410563, 0.7724666168410563, 0.7747434860341745, 0.7747434860341745, 0.7750189190773469, 0.7750189190773469, 0.7751614789413523, 0.7751614789413523, 0.7757970925290893, 0.7757970925290893, 0.7762903807262815, 0.7762903807262815, 0.7763828511972801, 0.7763828511972801, 0.7764333509188429, 0.7764333509188429, 0.7768832175620621, 0.7768832175620621, 0.7771806031829772, 0.7771806031829772, 0.7774474632902488, 0.7774474632902488, 0.7774616342800199, 0.7774616342800199, 0.7786070517893255, 0.7786070517893255, 0.7793926111550749, 0.7793926111550749, 0.7796494035581347, 0.7796494035581347, 0.7799768310911809, 0.7799768310911809, 0.7804603007122132, 0.7804603007122132, 0.780509613411882, 0.780509613411882, 0.781788695448284, 0.781788695448284, 0.7820830475688033, 0.7820830475688033, 0.7828682112605879, 0.7828682112605879, 0.7832187783932706, 0.7832187783932706, 0.7836153169788095, 0.7836153169788095, 0.7837362906298544, 0.7837362906298544, 0.783814033236613, 0.783814033236613, 0.7840326650839708, 0.7840326650839708, 0.7852260031067734, 0.7852260031067734, 0.7853352237756089, 0.7853352237756089, 0.7864925994314018, 0.7864925994314018, 0.7869936985257482, 0.7869936985257482, 0.7870726721181747, 