{"title": "population_size_50_1", "popultion": 50, "subpopulation": 75, "number_of_rect": 20, "scores": [0.6010121193469914, 0.6010121193469914, 0.601441323016501, 0.601441323016501, 0.6016031536680442, 0.6016031536680442, 0.6020380286643805, 0.6020380286643805, 0.6021672821595005, 0.6021672821595005, 0.6037096778920836, 0.6037096778920836, 0.604153653389607, 0.604153653389607, 0.6042679152378441, 0.6042679152378441, 0.6042708315015094, 0.6042708315015094, 0.6044987836689235, 0.6044987836689235, 0.6045654474046719, 0.6045654474046719, 0.6049682728098713, 0.6049682728098713, 0.6051064216419004, 0.6051064216419004, 0.6052691608781031, 0.6052691608781031, 0.605276707992614, 0.605276707992614, 0.6057762976640582, 0.6057762976640582, 0.6058592866144963, 0.6058592866144963, 0.6061594712623465, 0.6061594712623465, 0.6065516427796829, 0.6065516427796829, 0.6070145373545532, 0.6070145373545532, 0.6070406957999941, 0.6070406957999941, 0.6077772502124916, 0.6077772502124916, 0.6079041589730062, 0.6079041589730062, 0.6082401447873619, 0.6082401447873619, 0.6086863917465342, 0.6086863917465342, 0.6087892230135702, 0.6087892230135702, 0.6088459509364283, 0.6088459509364283, 0.6093635217913773, 0.6093635217913773, 0.6098254198540403, 0.6098254198540403, 0.6102196430141564, 0.6102196430141564, 0.6112445851285208, 0.6112445851285208, 0.6113901198745567, 0.6113901198745567, 0.6119853454087165, 0.6119853454087165, 0.6129302148363083, 0.6129302148363083, 0.6137165508953955, 0.6137165508953955, 0.615473577771916, 0.615473577771916, 0.6167269263460242, 0.6167269263460242, 0.616987851343826, 0.616987851343826, 0.6181720302470765, 0.6181720302470765, 0.6187353820451948, 0.6187353820451948, 0.619122995984642, 0.619122995984642, 0.6201512940004104, 0.6201512940004104, 0.6202635628242328, 0.6202635628242328, 0.6216456373281749, 0.6216456373281749, 0.6221215305255137, 0.6221215305255137, 0.6227032152173275, 0.6227032152173275, 0.6244254374395498, 0.6244254374395498, 0.6264090682610861, 0.6264090682610861, 0.6284166886485536, 0.6284166886485536, 0.6293925525367098, 0.6293925525367098, 0.6294899322957883, 0.6294899322957883, 0.6295291626366541, 0.6295291626366541, 0.6303408218294791, 0.6303408218294791, 0.6306085612122279, 0.6306085612122279, 0.6307801371669745, 0.6307801371669745, 0.6312108062956124, 0.6312108062956124, 0.6318832175620621, 0.6318832175620621, 0.6319536475277705, 0.6319536475277705, 0.6324266830798089, 0.6324266830798089, 0.6332709927020135, 0.6332709927020135, 0.6332795070195492, 0.6332795070195492, 0.6334372930038981, 0.6334372930038981, 0.6335232421817756, 0.6335232421817756, 0.6338182537589027, 0.6338182537589027, 0.6339115741961956, 0.6339115741961956, 0.6342922711685571, 0.6342922711685571, 0.6352915530935842, 0.6352915530935842, 0.6353429760543978, 0.6353429760543978, 0.6356785661947888, 0.6356785661947888, 0.6370974237228524, 0.6370974237228524, 0.6375358158210968, 0.6375358158210968, 0.6378022362906298, 0.6378022362906298, 0.6385893636976465, 0.6385893636976465, 0.6394344793223716, 0.6394344793223716, 0.6401513965825494, 0.6401513965825494, 0.6406223218734429, 0.6406223218734429, 0.6411640288402356, 0.6411640288402356, 0.6429904158973005, 0.6429904158973005, 0.6445537090770539, 0.6445537090770539, 0.6447886661391014, 0.6447886661391014, 0.64496277733814, 0.64496277733814, 0.6463832175620622, 0.6463832175620622, 0.647559614877341, 0.647559614877341, 0.6485255722617896, 0.6485255722617896, 0.6486719276649374, 0.6486719276649374, 0.6487430024326621, 0.6487430024326621, 0.6493433570737712, 0.6493433570737712, 0.6512705384096837, 0.6512705384096837, 0.6514322957882704, 0.6514322957882704, 0.6555491221899821, 0.6555491221899821, 0.6563184442685894, 0.6563184442685894, 0.6575471584747501, 0.6575471584747501, 0.6588960989478003, 0.6588960989478003, 0.6623174770655647, 0.6623174770655647, 0.669694862100296, 0.669694862100296, 0.6719150326797385, 0.6719150326797385, 0.673294952958762, 0.673294952958762, 0.6735624285588675, 0.6735624285588675, 0.6740766435124124, 0.6740766435124124, 0.6755424690055394, 0.6755424690055394, 0.6755450921773791, 0.6755450921773791, 0.676165083970808, 0.676165083970808, 0.6763016354523872, 0.6763016354523872, 0.6764214513907207, 0.6764214513907207, 0.6778602977812949, 0.6778602977812949, 0.6780681878132419, 0.6780681878132419, 0.6787314546147308, 0.6787314546147308, 0.679465151381928, 0.679465151381928, 0.6797758873355022, 0.6797758873355022, 0.680108575866819, 0.680108575866819, 0.6803956886192444, 0.6803956886192444, 0.6806548111023183, 0.6806548111023183, 0.6818498050939359, 0.6818498050939359, 0.6827691315689206, 0.6827691315689206, 0.6831211201969577, 0.6831211201969577, 0.683883100325332, 0.683883100325332, 0.6839879099621912, 0.6839879099621912, 0.6859078372754184, 0.6859078372754184, 0.6870779038072627, 0.6870779038072627, 0.6882081538145901, 0.6882081538145901, 0.6889520062135467, 0.6889520062135467, 0.6892179284269762, 0.6892179284269762, 0.6898594478150004, 0.6898594478150004, 0.6905014068407632, 0.6905014068407632, 0.6914525044696503, 0.6914525044696503, 0.6919752044315484, 0.6919752044315484, 0.6924096690993289, 0.6924096690993289, 0.6945342184706469, 0.6945342184706469, 0.6947973709663238, 0.6947973709663238, 0.6976354963510067, 0.6976354963510067, 0.6985317125355375, 0.6985317125355375, 0.699696356868607, 0.699696356868607, 0.7009438289516106, 0.7009438289516106, 0.7009861221020546, 0.7009861221020546, 0.7009965415164572, 0.7009965415164572, 0.7016564084527682, 0.7016564084527682, 0.7020261584454409, 0.7020261584454409, 0.7020361821858788, 0.7020361821858788, 0.7020530203112636, 0.7020530203112636, 0.7039175679240306, 0.7039175679240306, 0.7042726047070547, 0.7042726047070547, 0.7047039039831179, 0.7047039039831179, 0.7056537852809286, 0.7056537852809286, 0.7056790644508925, 0.7056790644508925, 0.7059583076877985, 0.7059583076877985, 0.7061463260939653, 0.7061463260939653, 0.7061956827574078, 0.7061956827574078, 0.7067801371669744, 0.7067801371669744, 0.7070721005891145, 0.7070721005891145, 0.7076450951082974, 0.7076450951082974, 0.7086250476274216, 0.7086250476274216, 0.7089164541750931, 0.7089164541750931, 0.7094334535009819, 0.7094334535009819, 0.7098776341627833, 0.7098776341627833, 0.7099804654298192, 0.7099804654298192, 0.7112359975380287, 0.7112359975380287, 0.7121314956475864, 0.7121314956475864, 0.7124562560450189, 0.7124562560450189, 0.7132007092822181, 0.7132007092822181, 0.7135007327295642, 0.7135007327295642, 0.7140123098566782, 0.7140123098566782, 0.7150937747296229, 0.7150937747296229, 0.7201057475307013, 0.7201057475307013, 0.723389416454175, 0.723389416454175, 0.7240755004542923, 0.7240755004542923, 0.7245539142413318, 0.7245539142413318, 0.7246533749523726, 0.7246533749523726, 0.7255316539171722, 0.7255316539171722, 0.725940179958381, 0.725940179958381, 0.7275491808083473, 0.7275491808083473, 0.7275790175562004, 0.7275790175562004, 0.727879685805563, 0.727879685805563, 0.7285240042205223, 0.7285240042205223, 0.7288672733667458, 0.7288672733667458, 0.72935213517395, 0.72935213517395, 0.729498344031185, 0.729498344031185, 0.7296193616460036, 0.7296193616460036, 0.7297374043787919, 0.7297374043787919, 0.7299710864913977, 0.7299710864913977, 0.7306369618101352, 0.7306369618101352, 0.7306922535830476, 0.7306922535830476, 0.7307159793663355, 0.7307159793663355, 0.7307419619566811, 0.7307419619566811, 0.7309117940150649, 0.7309117940150649, 0.7311321404496028, 0.7311321404496028, 0.7312575690963978, 0.7312575690963978, 0.7314669978604296, 0.7314669978604296, 0.7315177027462705, 0.7315177027462705, 0.7316693631114628, 0.7316693631114628, 0.7318591693777661, 0.7318591693777661, 0.7318657346346611, 0.7318657346346611, 0.7318753773557256, 0.7318753773557256, 0.7318986195375011, 0.7318986195375011, 0.7319146076965913, 0.7319146076965913, 0.7320111081801928, 0.7320111081801928, 0.7320638207450394, 0.7320638207450394, 0.7320793692663912, 0.7320793692663912, 0.7322087839620153, 0.7322087839620153, 0.7322293736627685,