{"title": "subpopulation_size_2.5_4", "popultion": 40, "subpopulation": 100, "number_of_rect": 20, "scores": [0.6068026612737771, 0.6068026612737771, 0.607883158943697, 0.607883158943697, 0.6079276942466074, 0.6079276942466074, 0.6079971130455171, 0.6079971130455171, 0.608576672821595, 0.608576672821595, 0.6090728186640875, 0.6090728186640875, 0.6094769629825024, 0.6094769629825024, 0.61000331193763, 0.61000331193763, 0.6101539611360238, 0.6101539611360238, 0.6103340514083062, 0.6103340514083062, 0.611455435387907, 0.611455435387907, 0.6114978897388552, 0.6114978897388552, 0.6124935080160614, 0.6124935080160614, 0.6125295143468449, 0.6125295143468449, 0.6129000263782644, 0.6129000263782644, 0.6139986371230106, 0.6139986371230106, 0.6144982121398634, 0.6144982121398634, 0.614946232304581, 0.614946232304581, 0.6161681760895689, 0.6161681760895689, 0.6172734546733492, 0.6172734546733492, 0.6174220815381459, 0.6174220815381459, 0.6182547114510977, 0.6182547114510977, 0.62003893724904, 0.62003893724904, 0.6204202497142355, 0.6204202497142355, 0.6204938890354348, 0.6204938890354348, 0.6205857440135994, 0.6205857440135994, 0.6219424660746211, 0.6219424660746211, 0.6224594507459187, 0.6224594507459187, 0.6236955069023125, 0.6236955069023125, 0.6240967203024708, 0.6240967203024708, 0.6247988071162696, 0.6247988071162696, 0.625737565579296, 0.625737565579296, 0.6280960755004543, 0.6280960755004543, 0.6294680529910021, 0.6294680529910021, 0.6296179108414666, 0.6296179108414666, 0.629724273865002, 0.629724273865002, 0.6317191594126439, 0.6317191594126439, 0.6318609132741287, 0.6318609132741287, 0.6323574547905859, 0.6323574547905859, 0.6329985198862804, 0.6329985198862804, 0.6338385503678302, 0.6338385503678302, 0.6339388463905742, 0.6339388463905742, 0.6359344646677805, 0.6359344646677805, 0.6374319587326709, 0.6374319587326709, 0.639947214162197, 0.639947214162197, 0.6415664585714704, 0.6415664585714704, 0.6429297605439784, 0.6429297605439784, 0.6432369793956446, 0.6432369793956446, 0.643804361206366, 0.643804361206366, 0.6443265336029778, 0.6443265336029778, 0.6483299334681556, 0.6483299334681556, 0.6485741522318942, 0.6485741522318942, 0.6553645183035846, 0.6553645183035846, 0.6604695331047217, 0.6604695331047217, 0.6613831882528797, 0.6613831882528797, 0.6661907148509628, 0.6661907148509628, 0.6720982443799642, 0.6720982443799642, 0.6722906738181073, 0.6722906738181073, 0.6774559776077844, 0.6774559776077844, 0.6806944078079662, 0.6806944078079662, 0.6813314868548317, 0.6813314868548317, 0.6855585597467686, 0.6855585597467686, 0.6880357718573229, 0.6880357718573229, 0.689308655001612, 0.689308655001612, 0.6898887276883847, 0.6898887276883847, 0.691267607491427, 0.691267607491427, 0.6933194993991618, 0.6933194993991618, 0.6963619977138837, 0.6963619977138837, 0.7004020194026788, 0.7004020194026788, 0.7036042087986166, 0.7036042087986166, 0.7052397051496233, 0.7052397051496233, 0.7064891995662241, 0.7064891995662241, 0.7094213781177643, 0.7094213781177643, 0.7105166329611067, 0.7105166329611067, 0.713476215598347, 0.713476215598347, 0.7161608634485184, 0.7161608634485184, 0.7165850405932179, 0.7165850405932179, 0.7176829186084, 0.7176829186084, 0.7204602714030306, 0.7204602714030306, 0.7253584806119757, 0.7253584806119757, 0.7284923942671239, 0.7284923942671239, 0.7297501538732085, 0.7297501538732085, 0.7333929628652657, 0.7333929628652657, 0.736507034203816, 0.736507034203816, 0.738181570386002, 0.738181570386002, 0.7420830036050294, 0.7420830036050294, 0.7431880623699405, 0.7431880623699405, 0.7478445147864826, 0.7478445147864826, 0.7491218675811131, 0.7491218675811131, 0.7531185702980744, 0.7531185702980744, 0.7536784636126499, 0.7536784636126499, 0.7549984612679153, 0.7549984612679153, 0.75859419971277, 0.75859419971277, 0.7596498871596471, 0.7596498871596471, 0.763090477446584, 0.763090477446584, 0.7657067909376007, 0.7657067909376007, 0.7686339869281046, 0.7686339869281046, 0.7719240305987867, 0.7719240305987867, 0.7751165479644773, 0.7751165479644773, 0.778132975761306, 0.778132975761306, 0.77850879275477, 0.77850879275477, 0.782187725314341, 0.782187725314341, 0.7831314809929951, 0.7831314809929951, 0.7849741199917935, 0.7849741199917935, 0.7865592338579677, 0.7865592338579677, 0.7873357073771212, 0.7873357073771212, 0.7909200885137313, 0.7909200885137313, 0.7913438553298748, 0.7913438553298748, 0.7923231630469826, 0.7923231630469826, 0.7923464198833494, 0.7923464198833494, 0.7948511240071514, 0.7948511240071514, 0.7950144347724142, 0.7950144347724142, 0.7971385738151763, 0.7971385738151763, 0.7972913186201237, 0.7972913186201237, 0.7973243061051027, 0.7973243061051027, 0.8010802045780943, 0.8010802045780943, 0.8016484363551101, 0.8016484363551101, 0.8019144025323134, 0.8019144025323134, 0.8024885401096163, 0.8024885401096163, 0.8027089305079281, 0.8027089305079281, 0.8037022333597116, 0.8037022333597116, 0.8046129282804302, 0.8046129282804302, 0.8052705970280489, 0.8052705970280489, 0.8057283038776049, 0.8057283038776049, 0.8066769248805651, 0.8066769248805651, 0.8090905653741317, 0.8090905653741317, 0.810523007708315, 0.810523007708315, 0.8115509100501187, 0.8115509100501187, 0.8116180866965621, 0.8116180866965621, 0.8137870248248776, 0.8137870248248776, 0.8144552595328116, 0.8144552595328116, 0.8145353908379496, 0.8145353908379496, 0.8150499868108678, 0.8150499868108678, 0.8161555877956563, 0.8161555877956563, 0.8165977314692694, 0.8165977314692694, 0.8192050177320555, 0.8192050177320555, 0.8196720009378938, 0.8196720009378938, 0.8197260617251385, 0.8197260617251385, 0.8202653067205956, 0.8202653067205956, 0.8215746358334066, 0.8215746358334066, 0.8219780913860313, 0.8219780913860313, 0.8225052023799057, 0.8225052023799057, 0.8257859843488965, 0.8257859843488965, 0.8257868196605996, 0.8257868196605996, 0.8263165831354964, 0.8263165831354964, 0.8264441513526188, 0.8264441513526188, 0.8334051115214396, 0.8334051115214396, 0.8335078402063366, 0.8335078402063366, 0.8344044374102406, 0.8344044374102406, 0.8371975878542748, 0.8371975878542748, 0.8390912248307395, 0.8390912248307395, 0.8404419971277001, 0.8404419971277001, 0.8428358099592602, 0.8428358099592602, 0.8429375274773587, 0.8429375274773587, 0.8463164365895834, 0.8463164365895834, 0.8485060523462, 0.8485060523462, 0.8535632052522055, 0.8535632052522055, 0.8553567220610218, 0.8553567220610218, 0.8565351710190803, 0.8565351710190803, 0.8568549635100677, 0.8568549635100677, 0.8598310472170931, 0.8598310472170931, 0.8606163867639731, 0.8606163867639731, 0.8649221255019197, 0.8649221255019197, 0.8652851930009672, 0.8652851930009672, 0.8665825639672909, 0.8665825639672909, 0.8673736481139541, 0.8673736481139541, 0.8683283654268883, 0.8683283654268883, 0.869809739441367, 0.869809739441367, 0.8715071660951376, 0.8715071660951376, 0.8737316451244175, 0.8737316451244175, 0.8740475248395322, 0.8740475248395322, 0.876887291538439, 0.876887291538439, 0.8772049884228729, 0.8772049884228729, 0.878653448225329, 0.878653448225329, 0.8809186963275595, 0.8809186963275595, 0.8812955831061872, 0.8812955831061872, 0.8851597496995809, 0.8851597496995809, 0.8867496409625135, 0.8867496409625135, 0.8867791260001758, 0.8867791260001758, 0.8885895395527419, 0.8885895395527419, 0.8889620592631672, 0.8889620592631672, 0.8890393329230047, 0.8890393329230047, 0.8892662153052552, 0.8892662153052552, 0.8895289867815587, 0.8895289867815587, 0.8911212960520531, 0.8911212960520531, 0.8920359037486445, 0.8920359037486445, 0.8931662563381108, 0.8931662563381108, 0.8939018142384009, 0.8939018142384009, 0.8940443008294499, 0.8940443008294499, 0.8941620065066386, 0.8941620065066386, 0.8944554060787244, 0.8944554060787244, 0.8949037046806765, 0.8949037046806765, 0.8951357308244673, 0.8951357308244673, 0.8952440429086432],