{"title": "population_size_30_2", "popultion": 30, "subpopulation": 45, "number_of_rect": 20, "scores": [0.6260729065916352, 0.6260729065916352, 0.6264752777045048, 0.6264752777045048, 0.6276241536973534, 0.6276241536973534, 0.6276968990884845, 0.6276968990884845, 0.6280338081420909, 0.6280338081420909, 0.6286376945396993, 0.6286376945396993, 0.629996585480231, 0.629996585480231, 0.6310504411031976, 0.6310504411031976, 0.6317481315396114, 0.6317481315396114, 0.6317930185527125, 0.6317930185527125, 0.6324572672118175, 0.6324572672118175, 0.6336202116122982, 0.6336202116122982, 0.6351872563674199, 0.6351872563674199, 0.6354527535977021, 0.6354527535977021, 0.6358055189190773, 0.6358055189190773, 0.6369890823294938, 0.6369890823294938, 0.6370148304463789, 0.6370148304463789, 0.6380437732641636, 0.6380437732641636, 0.6383109997362173, 0.6383109997362173, 0.6423640493566634, 0.6423640493566634, 0.6429080277851051, 0.6429080277851051, 0.6442212257100149, 0.6442212257100149, 0.6443437380931445, 0.6443437380931445, 0.6494998094903133, 0.6494998094903133, 0.6508236173393125, 0.6508236173393125, 0.6551316715026818, 0.6551316715026818, 0.6568553298748498, 0.6568553298748498, 0.6569380843518273, 0.6569380843518273, 0.6575988598727982, 0.6575988598727982, 0.6577426214132889, 0.6577426214132889, 0.6577697177525719, 0.6577697177525719, 0.6594979483572203, 0.6594979483572203, 0.6606990533134032, 0.6606990533134032, 0.6612123450276972, 0.6612123450276972, 0.6621649520794866, 0.6621649520794866, 0.6664039538087283, 0.6664039538087283, 0.6669244848911164, 0.6669244848911164, 0.6699090536064949, 0.6699090536064949, 0.6705371347343123, 0.6705371347343123, 0.6708293033207304, 0.6708293033207304, 0.6714639350508514, 0.6714639350508514, 0.6728919663530584, 0.6728919663530584, 0.6730470705472025, 0.6730470705472025, 0.6780038395029162, 0.6780038395029162, 0.6785683050499722, 0.6785683050499722, 0.6792200973064861, 0.6792200973064861, 0.6799695770684955, 0.6799695770684955, 0.680871830944635, 0.680871830944635, 0.6832688091679123, 0.6832688091679123, 0.6849757906151998, 0.6849757906151998, 0.685539450159735, 0.685539450159735, 0.6860930273454673, 0.6860930273454673, 0.6896387057064979, 0.6896387057064979, 0.6902454497494065, 0.6902454497494065, 0.6922802544037047, 0.6922802544037047, 0.6931137782467247, 0.6931137782467247, 0.693798001113749, 0.693798001113749, 0.6975849819748527, 0.6975849819748527, 0.6980860664146077, 0.6980860664146077, 0.7006224391101732, 0.7006224391101732, 0.7009248219467159, 0.7009248219467159, 0.7021820979512882, 0.7021820979512882, 0.7039120724522994, 0.7039120724522994, 0.707620050411794, 0.707620050411794, 0.7077211084732846, 0.7077211084732846, 0.7085677042117295, 0.7085677042117295, 0.7087589612825698, 0.7087589612825698, 0.7120400509979776, 0.7120400509979776, 0.7125629561241538, 0.7125629561241538, 0.7128946627978545, 0.7128946627978545, 0.7158313696181013, 0.7158313696181013, 0.717630953427709, 0.717630953427709, 0.7190405932178552, 0.7190405932178552, 0.7196818634778277, 0.7196818634778277, 0.7219430376036813, 0.7219430376036813, 0.7227573932413025, 0.7227573932413025, 0.7263635217913772, 0.7263635217913772, 0.7268699258477681, 0.7268699258477681, 0.7287918168762273, 0.7287918168762273, 0.7295148011371964, 0.7295148011371964, 0.7331849262874058, 0.7331849262874058, 0.7373784401653039, 0.7373784401653039, 0.7376376798851081, 0.7376376798851081, 0.7386478501714587, 0.7386478501714587, 0.7387769571206659, 0.7387769571206659, 0.7397266479087898, 0.7397266479087898, 0.7397863067499048, 0.7397863067499048, 0.7400837509891849, 0.7400837509891849, 0.7401931182039333, 0.7401931182039333, 0.7412065271549577, 0.7412065271549577, 0.7414561681174712, 0.7414561681174712, 0.7447940004103286, 0.7447940004103286, 0.7448140772003868, 0.7448140772003868, 0.7472955537970045, 0.7472955537970045, 0.7502301063923327, 0.7502301063923327, 0.7507899557431343, 0.7507899557431343, 0.7536721181746241, 0.7536721181746241, 0.7546289897124769, 0.7546289897124769, 0.7547284797327003, 0.7547284797327003, 0.7582669187256368, 0.7582669187256368, 0.7587311468683138, 0.7587311468683138, 0.7611370204285002, 0.7611370204285002, 0.7626431753568393, 0.7626431753568393, 0.7629969958087869, 0.7629969958087869, 0.7648770919429058, 0.7648770919429058, 0.7661843401037545, 0.7661843401037545, 0.7665156071397169, 0.7665156071397169, 0.7671379436677511, 0.7671379436677511, 0.7688844925115038, 0.7688844925115038, 0.7719327061168264, 0.7719327061168264, 0.774481183504792, 0.774481183504792, 0.775872812802251, 0.775872812802251, 0.7797353234268296, 0.7797353234268296, 0.7800067411119904, 0.7800067411119904, 0.7829159998827633, 0.7829159998827633, 0.7837092235997538, 0.7837092235997538, 0.788954189747648, 0.788954189747648, 0.7892286116240218, 0.7892286116240218, 0.793702204050529, 0.793702204050529, 0.7978511240071514, 0.7978511240071514, 0.8014194730208974, 0.8014194730208974, 0.8026385298514025, 0.8026385298514025, 0.8027957589612825, 0.8027957589612825, 0.8045942583311352, 0.8045942583311352, 0.80487896773059, 0.80487896773059, 0.8084729476244907, 0.8084729476244907, 0.810115756616548, 0.810115756616548, 0.8140747237609542, 0.8140747237609542, 0.8161495647586389, 0.8161495647586389, 0.8173852105864767, 0.8173852105864767, 0.819971980421466, 0.819971980421466, 0.8201741991265863, 0.8201741991265863, 0.8203030129839679, 0.8203030129839679, 0.8215488290981564, 0.8215488290981564, 0.8238690172631085, 0.8238690172631085, 0.8279076467657317, 0.8279076467657317, 0.8293693982824819, 0.8293693982824819, 0.831217606025968, 0.831217606025968, 0.831237052668601, 0.831237052668601, 0.8318852105864767, 0.8318852105864767, 0.8320234473460535, 0.8320234473460535, 0.8328858993522671, 0.8328858993522671, 0.8334126000175855, 0.8334126000175855, 0.8339941235088953, 0.8339941235088953, 0.8359105190656233, 0.8359105190656233, 0.8365035171019081, 0.8365035171019081, 0.8382121984817843, 0.8382121984817843, 0.8387033617632405, 0.8387033617632405, 0.8408568979161171, 0.8408568979161171, 0.8422066297370967, 0.8422066297370967, 0.8422671092353234, 0.8422671092353234, 0.8441670330314488, 0.8441670330314488, 0.8449570327383569, 0.8449570327383569, 0.8457995838096075, 0.8457995838096075, 0.8460634397256661, 0.8460634397256661, 0.8475826225856561, 0.8475826225856561, 0.8493791875494592, 0.8493791875494592, 0.8496345877663471, 0.8496345877663471, 0.853374263606788, 0.853374263606788, 0.8541014683900466, 0.8541014683900466, 0.8570617984114424, 0.8570617984114424, 0.8578158357513409, 0.8578158357513409, 0.8579268735894956, 0.8579268735894956, 0.8587268530730678, 0.8587268530730678, 0.8594113836865089, 0.8594113836865089, 0.8616090594683314, 0.8616090594683314, 0.8654655324013013, 0.8654655324013013, 0.870161977197456, 0.870161977197456, 0.8702035815821096, 0.8702035815821096, 0.8704665435680998, 0.8704665435680998, 0.8730237844016531, 0.8730237844016531, 0.8740328995574314, 0.8740328995574314, 0.8746186875348047, 0.8746186875348047, 0.8764585861250329, 0.8764585861250329, 0.8767794777103667, 0.8767794777103667, 0.8769135965297927, 0.8769135965297927, 0.8782127113924793, 0.8782127113924793, 0.8801791523784401, 0.8801791523784401, 0.8820458249069434, 0.8820458249069434, 0.8825523168908819, 0.8825523168908819, 0.8826621970163252, 0.8826621970163252, 0.8827797854567836, 0.8827797854567836, 0.8831112136932501, 0.8831112136932501, 0.8850487265160175, 0.8850487265160175, 0.885934186230546, 0.885934186230546, 0.8869878073800521, 0.8869878073800521, 0.8888752747735865, 0.8888752747735865, 0.8891711949353732, 0.8891711949353732, 0.8898390632785251, 0.8898390632785251, 0.8898750109909435, 0.8898750109909435, 0.8907205515988159, 0.8907205515988159, 0.8914391834461737],