{"title": "subpopulation_size_2.5_0", "popultion": 50, "subpopulation": 125, "number_of_rect": 20, "scores": [0.6469725666051174, 0.6469725666051174, 0.648420953134617], "iters": [0, 0, 1], "finalScore": 0.648420953134617, "finalIter": 5}