{"title": "subpopulation_size_10_0", "popultion": 30, "subpopulation": 10, "number_of_rect": 20, "scores": [0.6058833934171576], "iters": [0], "finalScore": 0.6058833934171576, "finalIter": 5}