{"title": "subpopulation_size_50_2", "popultion": 30, "subpopulation": 50, "number_of_rect": 20, "scores": [0.6157882265013629], "iters": [0], "finalScore": 0.6157882265013629, "finalIter": 5}