{"title": "subpopulation_size_3_4", "popultion": 50, "subpopulation": 150, "number_of_rect": 20, "scores": [0.6706212227790966], "iters": [0], "finalScore": 0.6706212227790966, "finalIter": 5}