{"title": "population_size_15_0", "popultion": 15, "subpopulation": 22, "number_of_rect": 20, "scores": [0.593302089744717, 0.593302089744717, 0.5948081127817345, 0.5948081127817345, 0.5948217708608107, 0.5948217708608107, 0.5953373047275712, 0.5953373047275712, 0.5982265306720596, 0.5982265306720596, 0.6000028869544829, 0.6000028869544829, 0.6012075822855301, 0.6012075822855301, 0.6014648143263285, 0.6014648143263285, 0.6017404818429615, 0.6017404818429615, 0.6021868606934553, 0.6021868606934553, 0.6046000322401008, 0.6046000322401008, 0.604705354787655, 0.604705354787655, 0.6048089774026202, 0.6048089774026202, 0.6051126058794221, 0.6051126058794221, 0.6057144406342507, 0.6057144406342507, 0.6059121017614819, 0.6059121017614819, 0.6083364694158679, 0.6083364694158679, 0.6091135144640816, 0.6091135144640816, 0.6106669011401271, 0.6106669011401271, 0.6123006389401799, 0.6123006389401799, 0.6144300096720303, 0.6144300096720303, 0.6170834139335855, 0.6170834139335855, 0.6179149594067821, 0.6179149594067821, 0.6191075940092031, 0.6191075940092031, 0.622847431050148, 0.622847431050148, 0.6231235382045195, 0.6231235382045195, 0.6246338110730092, 0.6246338110730092, 0.6255273308127436, 0.6255273308127436, 0.6264668220053343, 0.6264668220053343, 0.626685292652188, 0.626685292652188, 0.6278376857469445, 0.6278376857469445, 0.6293800961341187, 0.6293800961341187, 0.6304704563439726, 0.6304704563439726, 0.6323710395967057, 0.6323710395967057, 0.6323726809109294, 0.6323726809109294, 0.6340507488496145, 0.6340507488496145, 0.6351002227497875, 0.6351002227497875, 0.6362065857733228, 0.6362065857733228, 0.6396557489961605, 0.6396557489961605, 0.6400925437439551, 0.6400925437439551, 0.6412683841847651, 0.6412683841847651, 0.6422396025674844, 0.6422396025674844, 0.6439833377297107, 0.6439833377297107, 0.6475303203493654, 0.6475303203493654, 0.6479681848823237, 0.6479681848823237, 0.651075896128257, 0.651075896128257, 0.6513715671619918, 0.6513715671619918, 0.6537869075881473, 0.6537869075881473, 0.6550436267182509, 0.6550436267182509, 0.6554078079662358, 0.6554078079662358, 0.656446642633137, 0.656446642633137, 0.6582330373105894, 0.6582330373105894, 0.6595049092880799, 0.6595049092880799, 0.6610913713766523, 0.6610913713766523, 0.6620910050118702, 0.6620910050118702, 0.6657620387467393, 0.6657620387467393, 0.6707065564641402, 0.6707065564641402, 0.6718133298162314, 0.6718133298162314, 0.6758473138134178, 0.6758473138134178, 0.6779330578270173, 0.6779330578270173, 0.6796664028840236, 0.6796664028840236, 0.6808603417450687, 0.6808603417450687, 0.6812283624959701, 0.6812283624959701, 0.6860993874380843, 0.6860993874380843, 0.686983454966441, 0.686983454966441, 0.6906805592192033, 0.6906805592192033, 0.696077449514933, 0.696077449514933, 0.6961773791728949, 0.6961773791728949, 0.7001695975849234, 0.7001695975849234, 0.7047767226472054, 0.7047767226472054, 0.7072903953808728, 0.7072903953808728, 0.7102584044081011, 0.7102584044081011, 0.7126935431870806, 0.7126935431870806, 0.712851050734195, 0.712851050734195, 0.7243078929628652, 0.7243078929628652, 0.7279041736275975, 0.7279041736275975, 0.7331527741141299, 0.7331527741141299, 0.7397737917289486, 0.7397737917289486, 0.7453723438553299, 0.7453723438553299, 0.746111624021806, 0.746111624021806, 0.7476411530232422, 0.7476411530232422, 0.7512030979805974, 0.7512030979805974, 0.7538192942348838, 0.7538192942348838, 0.754773908965679, 0.754773908965679, 0.7577200533427122, 0.7577200533427122, 0.7579779301855272, 0.7579779301855272, 0.7593278671707846, 0.7593278671707846, 0.7610108297429585, 0.7610108297429585, 0.7617313959963656, 0.7617313959963656, 0.7627969313285853, 0.7627969313285853, 0.7650086608634485, 0.7650086608634485, 0.7675652862041678, 0.7675652862041678, 0.7697822620827105, 0.7697822620827105, 0.7714612679152378, 0.7714612679152378, 0.7723266948034819, 0.7723266948034819, 0.7728451888976816, 0.7728451888976816, 0.7734282804302588, 0.7734282804302588, 0.7736338257276004, 0.7736338257276004, 0.774130543099153, 0.774130543099153, 0.778251062457868, 0.778251062457868, 0.7796420029895367, 0.7796420029895367, 0.7804661185849526, 0.7804661185849526, 0.7819329112811044, 0.7819329112811044, 0.7822364518303584, 0.7822364518303584, 0.7828145461473079, 0.7828145461473079, 0.7837132682669481, 0.7837132682669481, 0.786902385767461, 0.786902385767461, 0.7869526803247457, 0.7869526803247457, 0.7897490987426361, 0.7897490987426361, 0.7936206805592192, 0.7936206805592192, 0.795221225710015, 0.795221225710015, 0.795696254286468, 0.795696254286468, 0.7986764412790527, 0.7986764412790527, 0.8004007591078285, 0.8004007591078285, 0.8015682903953809, 0.8015682903953809, 0.8032711832117002, 0.8032711832117002, 0.8040060230370175, 0.8040060230370175, 0.8057835223775609, 0.8057835223775609, 0.8064204255693308, 0.8064204255693308, 0.8067454497494064, 0.8067454497494064, 0.8073014889064745, 0.8073014889064745, 0.8083318532196138, 0.8083318532196138, 0.809462879920279, 0.809462879920279, 0.8100193000967203, 0.8100193000967203, 0.8126485535918403, 0.8126485535918403, 0.8142681350567132, 0.8142681350567132, 0.8143206864210557, 0.8143206864210557, 0.8160546762800786, 0.8160546762800786, 0.8170835751340895, 0.8170835751340895, 0.8191106275095987, 0.8191106275095987, 0.8194504088630968, 0.8194504088630968, 0.819781617280694, 0.819781617280694, 0.8231618013423605, 0.8231618013423605, 0.8252864093320438, 0.8252864093320438, 0.8266873003311938, 0.8266873003311938, 0.8272478970661508, 0.8272478970661508, 0.828031228934025, 0.828031228934025, 0.828075485799701, 0.828075485799701, 0.8321411530232422, 0.8321411530232422, 0.8323402649550105, 0.8323402649550105, 0.8324045986107447, 0.8324045986107447, 0.8327618335824614, 0.8327618335824614, 0.8327712564846567, 0.8327712564846567, 0.8330648905302032, 0.8330648905302032, 0.8335308625692429, 0.8335308625692429, 0.8335871215451801, 0.8335871215451801, 0.8338089187842551, 0.8338089187842551, 0.8340504264486064], "iters": [0, 6, 7, 15, 16, 18, 19, 22, 23, 32, 33, 37, 38, 45, 46, 52, 53, 57, 58, 58, 59, 64, 65, 65, 66, 66, 67, 79, 80, 81, 82, 83, 84, 91, 92, 97, 98, 105, 106, 108, 109, 119, 120, 123, 124, 126, 127, 128, 129, 130, 131, 131, 132, 134, 135, 135, 136, 136, 137, 137, 138, 139, 140, 141, 142, 142, 143, 143, 144, 147, 148, 149, 150, 154, 155, 155, 156, 159, 160, 160, 161, 163, 164, 164, 165, 167, 168, 170, 171, 172, 173, 176, 177, 178, 179, 179, 180, 182, 183, 185, 186, 186, 187, 188, 189, 189, 190, 190, 191, 191, 192, 193, 194, 202, 203, 204, 205, 205, 206, 206, 207, 208, 209, 209, 210, 212, 213, 216, 217, 218, 219, 224, 225, 227, 228, 230, 231, 232, 233, 238, 239, 239, 240, 243, 244, 244, 245, 245, 246, 247, 248, 248, 249, 250, 251, 251, 252, 252, 253, 254, 255, 255, 256, 257, 258, 260, 261, 261, 262, 264, 265, 265, 266, 266, 267, 268, 269, 272, 273, 273, 274, 275, 276, 285, 286, 304, 305, 334, 335, 350, 351, 366, 367, 367, 368, 368, 369, 370, 371, 380, 381, 388, 389, 389, 390, 390, 391, 391, 392, 392, 393, 393, 394, 394, 395, 399, 400, 401, 402, 402, 403, 414, 415, 419, 420, 426, 427, 430, 431, 451, 452, 455, 456, 467, 468, 470, 471, 473, 474, 481, 482, 495, 496, 509, 510, 542, 543, 549, 550, 563, 564, 565, 566, 567, 568, 571, 572, 583, 584, 587, 588, 588, 589, 593, 594, 598, 599, 600, 601, 601, 602, 602, 603, 604, 605, 605, 606, 730, 731, 776, 777, 795, 796, 800, 801, 873, 874, 876, 877, 914, 915, 916, 917, 954, 955], "finalScore": 0.8340504264486064, "finalIter": 1000}