{"title": "population_size_50_2", "popultion": 50, "subpopulation": 75, "number_of_rect": 20, "scores": [0.6846699053313403, 0.6846699053313403, 0.6883653243061051, 0.6883653243061051, 0.6901600867551805, 0.6901600867551805, 0.6942998475922506, 0.6942998475922506, 0.6946207684867669, 0.6946207684867669, 0.6946862745098039, 0.6946862745098039, 0.6947727805621501, 0.6947727805621501, 0.6954116035053782, 0.6954116035053782, 0.6970004982561036, 0.6970004982561036, 0.697868782789648, 0.697868782789648, 0.6990248395322254, 0.6990248395322254, 0.6995052463436795, 0.6995052463436795, 0.7003729740027551, 0.7003729740027551, 0.7013953369090536, 0.7013953369090536, 0.7036352618775463, 0.7036352618775463, 0.7071294879685806, 0.7071294879685806, 0.7072768105747531, 0.7072768105747531, 0.7085096720302471, 0.7085096720302471, 0.7097604560508808, 0.7097604560508808, 0.7150054221987749, 0.7150054221987749, 0.717314135818752, 0.717314135818752, 0.7208776488173745, 0.7208776488173745, 0.7216024795568452, 0.7216024795568452, 0.730027506667839, 0.730027506667839, 0.7300843957912013, 0.7300843957912013, 0.7307337700401536, 0.7307337700401536, 0.7326758550954013, 0.7326758550954013, 0.7356279052727219, 0.7356279052727219, 0.7368816641753861, 0.7368816641753861, 0.7444338931387204, 0.7444338931387204, 0.7483907939857557, 0.7483907939857557, 0.7494747208300361, 0.7494747208300361, 0.7536514405463232, 0.7536514405463232, 0.7552623464931563, 0.7552623464931563, 0.7559459099035728, 0.7559459099035728, 0.7572026729974501, 0.7572026729974501, 0.7587532020281954, 0.7587532020281954, 0.7613579530466895, 0.7613579530466895, 0.7616199331750637, 0.7616199331750637, 0.763013438260207, 0.763013438260207, 0.7642404964975527, 0.7642404964975527, 0.7649503062809578, 0.7649503062809578, 0.7659649315630588, 0.7659649315630588, 0.7661430288109264, 0.7661430288109264, 0.7677797708021923, 0.7677797708021923, 0.7678440165303789, 0.7678440165303789, 0.7681735103607961, 0.7681735103607961, 0.7692421085025939, 0.7692421085025939, 0.7693369090536065, 0.7693369090536065, 0.7697418740291333, 0.7697418740291333, 0.771191344998388, 0.771191344998388, 0.7714674374981682, 0.7714674374981682, 0.7719128784548199, 0.7719128784548199, 0.7743010346141446, 0.7743010346141446, 0.7746876373867932, 0.7746876373867932, 0.7752399249684927, 0.7752399249684927, 0.7760521996541516, 0.7760521996541516, 0.7763570298074387, 0.7763570298074387, 0.7770858026319646, 0.7770858026319646, 0.777482473108825, 0.777482473108825, 0.7791477768985023, 0.7791477768985023, 0.7816074914270641, 0.7816074914270641, 0.7816591048975644, 0.7816591048975644, 0.782648128608693, 0.782648128608693, 0.7832979864591576, 0.7832979864591576, 0.7838975790615199, 0.7838975790615199, 0.7852279228582315, 0.7852279228582315, 0.7858956446554706, 0.7858956446554706, 0.7861142325390544, 0.7861142325390544, 0.7866527008411736, 0.7866527008411736, 0.7881301767343709, 0.7881301767343709, 0.7902988803892259, 0.7902988803892259, 0.7906612298133004, 0.7906612298133004, 0.7907158914387877, 0.7907158914387877, 0.7947200973064861, 0.7947200973064861, 0.7965378235001026, 0.7965378235001026, 0.796806324921598, 0.796806324921598, 0.7975237404378792, 0.7975237404378792, 0.797867493185615, 0.797867493185615, 0.7981632228377151, 0.7981632228377151, 0.7988690319176999, 0.7988690319176999, 0.7992545355960022, 0.7992545355960022, 0.7994477417274832, 0.7994477417274832, 0.8022433248336704, 0.8022433248336704, 0.8028292593569566, 0.8028292593569566, 0.8028333040241508, 0.8028333040241508, 0.8035714704416894, 0.8035714704416894, 0.8044930537237316, 0.8044930537237316, 0.8045872974002755, 0.8045872974002755, 0.8055167795070195, 0.8055167795070195, 0.8059087165508954, 0.8059087165508954, 0.8070318883906328, 0.8070318883906328, 0.8075062428558868, 0.8075062428558868, 0.8080055980538703, 0.8080055980538703, 0.8091337671092353, 0.8091337671092353, 0.8092775286497259, 0.8092775286497259, 0.8103856502242153, 0.8103856502242153, 0.8108888156159325, 0.8108888156159325, 0.8116389401799584, 0.8116389401799584, 0.8125886602772648, 0.8125886602772648, 0.8131379729769337, 0.8131379729769337, 0.8136308655001612, 0.8136308655001612, 0.8150310677335209, 0.8150310677335209, 0.8165896421348808, 0.8165896421348808, 0.8166471027873032, 0.8166471027873032, 0.8218057240833553, 0.8218057240833553, 0.8220727014273572, 0.8220727014273572, 0.8222152612913626, 0.8222152612913626, 0.822802089744717, 0.822802089744717, 0.8262774993405434, 0.8262774993405434, 0.828121911544887, 0.828121911544887, 0.8283935343943257, 0.8283935343943257, 0.8287996717371553, 0.8287996717371553, 0.828903939154137, 0.828903939154137, 0.8292617163457311, 0.8292617163457311, 0.8296375333391952, 0.8296375333391952, 0.8298002432662153, 0.8298002432662153, 0.8303084644919253, 0.8303084644919253, 0.8309520941410944, 0.8309520941410944, 0.8331533016794161, 0.8331533016794161, 0.8344988276326973, 0.8344988276326973, 0.8357040505290307, 0.8357040505290307, 0.8369439901521146, 0.8369439901521146, 0.8369682288460975, 0.8369682288460975, 0.8374028254051995, 0.8374028254051995, 0.8380524194730209, 0.8380524194730209, 0.8400548228259914, 0.8400548228259914, 0.8409529147982062, 0.8409529147982062, 0.8410481842961399, 0.8410481842961399, 0.8412348984436824, 0.8412348984436824, 0.8443460242093848, 0.8443460242093848, 0.8450199155895541, 0.8450199155895541, 0.845334710864914, 0.845334710864914, 0.8459083941498872, 0.8459083941498872, 0.8467332571294587, 0.8467332571294587, 0.8468301239778423, 0.8468301239778423, 0.8469673056068466, 0.8469673056068466, 0.8474909288079955, 0.8474909288079955, 0.847537691608781, 0.847537691608781, 0.8478086696562033, 0.8478086696562033, 0.8482562208739999, 0.8482562208739999, 0.8486959905038248, 0.8486959905038248, 0.8488960549840265, 0.8488960549840265, 0.849125018318239, 0.849125018318239, 0.8491546205926317, 0.8491546205926317, 0.8491701837685747, 0.8491701837685747, 0.8495248541868168, 0.8495248541868168, 0.8497559570913567, 0.8497559570913567, 0.8499678771359067, 0.8499678771359067, 0.8500883085670741, 0.8500883085670741, 0.8501874615316979, 0.8501874615316979, 0.8503327911134558, 0.8503327911134558, 0.850336879744424, 0.850336879744424, 0.850964535889094, 0.850964535889094, 0.8511068759342302, 0.8511068759342302, 0.8517817491720155, 0.8517817491720155, 0.8518018552712565, 0.8518018552712565, 0.8522212110554237, 0.8522212110554237, 0.8524713795832234, 0.8524713795832234, 0.8533903543480172, 0.8533903543480172, 0.8535021688795099, 0.8535021688795099, 0.8542972537295934, 0.8542972537295934, 0.8543959084381136, 0.8543959084381136, 0.854568451595885, 0.854568451595885, 0.855173612942935, 0.855173612942935, 0.8552552390163839, 0.8552552390163839, 0.8555475101849409, 0.8555475101849409, 0.8559961018787186, 0.8559961018787186, 0.8562317916703304, 0.8562317916703304, 0.8565576804712917, 0.8565576804712917, 0.8569680090272283, 0.8569680090272283, 0.8587123303731059, 0.8587123303731059, 0.8591088396494622, 0.8591088396494622, 0.859326284474926, 0.859326284474926, 0.8597698203347108, 0.8597698203347108, 0.8602001230985667, 0.8602001230985667, 0.8610017145871802, 0.8610017145871802, 0.8611473958791289, 0.8611473958791289, 0.8613248336703889, 0.8613248336703889, 0.8622723995427768, 0.8622723995427768, 0.863077552097072, 0.863077552097072, 0.8633703654855066, 0.8633703654855066, 0.8634334388463906, 0.8634334388463906, 0.8638956739646532, 0.8638956739646532, 0.8641168703654856, 0.8641168703654856, 0.8646857176353351, 0.8646857176353351, 0.8647467833172133, 0.8647467833172133, 0.8656738474163955, 0.8656738474163955, 0.8669738708637416, 0.8669738708637416, 0.8673125531228933, 0.8673125531228933, 0.867505583399279],