{"title": "population_size_40_4", "popultion": 40, "subpopulation": 60, "number_of_rect": 20, "scores": [0.6510353761833583, 0.6510353761833583, 0.6554297898531609, 0.6554297898531609, 0.6582760778451888, 0.6582760778451888, 0.6609702511796947, 0.6609702511796947, 0.6610018464785017, 0.6610018464785017, 0.6630089686098655, 0.6630089686098655, 0.6646802368181952, 0.6646802368181952, 0.6651321111404203, 0.6651321111404203, 0.665370438758463, 0.665370438758463, 0.6696906415780064, 0.6696906415780064, 0.6743201588557695, 0.6743201588557695, 0.6764577654679211, 0.6764577654679211, 0.6793064568129195, 0.6793064568129195, 0.6810614906650254, 0.6810614906650254, 0.6821684838359858, 0.6821684838359858, 0.6823382426214133, 0.6823382426214133, 0.6831064509510829, 0.6831064509510829, 0.6862060288988541, 0.6862060288988541, 0.6862851930009672, 0.6862851930009672, 0.6872013980480084, 0.6872013980480084, 0.6872121545180105, 0.6872121545180105, 0.6877340045136141, 0.6877340045136141, 0.6892646033002139, 0.6892646033002139, 0.6905078255517454, 0.6905078255517454, 0.6918673759488848, 0.6918673759488848, 0.6939977725021249, 0.6939977725021249, 0.7003018992350303, 0.7003018992350303, 0.7017862627861309, 0.7017862627861309, 0.7054452651015564, 0.7054452651015564, 0.707890339693426, 0.707890339693426, 0.7082851783463759, 0.7082851783463759, 0.7086902898678156, 0.7086902898678156, 0.7090044989595241, 0.7090044989595241, 0.7097500512910695, 0.7097500512910695, 0.7101220873999824, 0.7101220873999824, 0.7123554031478062, 0.7123554031478062, 0.713628740584425, 0.713628740584425, 0.7147028341979542, 0.7147028341979542, 0.7152672850904188, 0.7152672850904188, 0.717142589173188, 0.717142589173188, 0.7177943667751107, 0.7177943667751107, 0.7178628476801783, 0.7178628476801783, 0.7193996746680735, 0.7193996746680735, 0.7195133649872505, 0.7195133649872505, 0.7237344441513526, 0.7237344441513526, 0.7240745332512677, 0.7240745332512677, 0.7269816817608956, 0.7269816817608956, 0.728536445968522, 0.728536445968522, 0.7288446466778041, 0.7288446466778041, 0.7328555350391277, 0.7328555350391277, 0.7338430932911282, 0.7338430932911282, 0.7346215744892874, 0.7346215744892874, 0.7363645476127672, 0.7363645476127672, 0.7421892493918345, 0.7421892493918345, 0.7447432662153053, 0.7447432662153053, 0.745347841378704, 0.745347841378704, 0.7488749230633958, 0.7488749230633958, 0.74972950555409, 0.74972950555409, 0.7514099328819719, 0.7514099328819719, 0.7526864064011255, 0.7526864064011255, 0.7558359271959905, 0.7558359271959905, 0.7576383246871244, 0.7576383246871244, 0.7603017087253436, 0.7603017087253436, 0.7628994108854303, 0.7628994108854303, 0.7637479996482898, 0.7637479996482898, 0.7649379817696884, 0.7649379817696884, 0.7679979630118116, 0.7679979630118116, 0.7693315747823793, 0.7693315747823793, 0.7721147894135232, 0.7721147894135232, 0.7726594126439814, 0.7726594126439814, 0.7763024414549078, 0.7763024414549078, 0.7800226413435329, 0.7800226413435329, 0.7816860400363433, 0.7816860400363433, 0.7824345525953281, 0.7824345525953281, 0.7854940795451215, 0.7854940795451215, 0.7876660951376067, 0.7876660951376067, 0.7903799642427973, 0.7903799642427973, 0.7907949089949882, 0.7907949089949882, 0.7908178287757555, 0.7908178287757555, 0.797033192649257, 0.797033192649257, 0.7974808024854186, 0.7974808024854186, 0.7981097775433044, 0.7981097775433044, 0.7996057768398839, 0.7996057768398839, 0.800286731733052, 0.800286731733052, 0.8014058295964126, 0.8014058295964126, 0.8030982883437381, 0.8030982883437381, 0.8048703215217328, 0.8048703215217328, 0.8070861396875642, 0.8070861396875642, 0.8149724347137959, 0.8149724347137959, 0.8150813036724406, 0.8150813036724406, 0.8166465752220171, 0.8166465752220171, 0.8170802338872769, 0.8170802338872769, 0.8204709252908936, 0.8204709252908936, 0.8236535361528767, 0.8236535361528767, 0.8237727805621501, 0.8237727805621501, 0.8238022802544037, 0.8238022802544037, 0.8246881063337144, 0.8246881063337144, 0.8262542718133592, 0.8262542718133592, 0.8271931768222984, 0.8271931768222984, 0.8280746944517717, 0.8280746944517717, 0.8298064421583282, 0.8298064421583282, 0.8303432691462236, 0.8303432691462236, 0.8343989859022831, 0.8343989859022831, 0.8364572232480436, 0.8364572232480436, 0.8414996336352178, 0.8414996336352178, 0.8443995574313432, 0.8443995574313432, 0.8483756557929599, 0.8483756557929599, 0.8529803188839064, 0.8529803188839064, 0.8534155895542074, 0.8534155895542074, 0.8536316421934992, 0.8536316421934992, 0.8564801869925848, 0.8564801869925848, 0.8583311497992321, 0.8583311497992321, 0.8586974706175445, 0.8586974706175445, 0.8602031272897799, 0.8602031272897799, 0.8606662563381108, 0.8606662563381108, 0.8628191183797884, 0.8628191183797884, 0.8640891878425511, 0.8640891878425511, 0.8657937805914593, 0.8657937805914593, 0.8676185702980744, 0.8676185702980744, 0.8678433570737712, 0.8678433570737712, 0.8682036695096573, 0.8682036695096573, 0.8691783903396935, 0.8691783903396935, 0.8699384214074269, 0.8699384214074269, 0.870853893724904, 0.870853893724904, 0.8714376300594977, 0.8714376300594977, 0.872762639584982, 0.872762639584982, 0.8731998300067412, 0.8731998300067412, 0.8732763562824233, 0.8732763562824233, 0.8747356751370204, 0.8747356751370204, 0.875035727893549, 0.875035727893549, 0.8751793868519007, 0.8751793868519007, 0.8755264222280841, 0.8755264222280841, 0.8781090008499663, 0.8781090008499663, 0.8791699492951142, 0.8791699492951142, 0.8792123743368797, 0.8792123743368797, 0.8800541047510185, 0.8800541047510185, 0.8801587092235997, 0.8801587092235997, 0.8804138896216185, 0.8804138896216185, 0.8839141534042616, 0.8839141534042616, 0.8843203493654562, 0.8843203493654562, 0.8845110495618277, 0.8845110495618277, 0.885416146428676], "iters": [0, 3, 4, 7, 8, 13, 14, 17, 18, 18, 19, 19, 20, 21, 22, 22, 23, 23, 24, 25, 26, 32, 33, 33, 34, 36, 37, 42, 43, 49, 50, 53, 54, 58, 59, 67, 68, 68, 69, 74, 75, 75, 76, 76, 77, 79, 80, 80, 81, 81, 82, 84, 85, 90, 91, 91, 92, 93, 94, 94, 95, 95, 96, 96, 97, 97, 98, 98, 99, 101, 102, 102, 103, 103, 104, 107, 108, 108, 109, 109, 110, 110, 111, 111, 112, 112, 113, 115, 116, 119, 120, 120, 121, 121, 122, 123, 124, 124, 125, 127, 128, 130, 131, 131, 132, 132, 133, 135, 136, 137, 138, 138, 139, 139, 140, 140, 141, 141, 142, 142, 143, 144, 145, 145, 146, 147, 148, 149, 150, 150, 151, 151, 152, 155, 156, 157, 158, 158, 159, 161, 162, 162, 163, 165, 166, 167, 168, 168, 169, 169, 170, 171, 172, 173, 174, 174, 175, 175, 176, 178, 179, 179, 180, 181, 182, 182, 183, 183, 184, 186, 187, 189, 190, 192, 193, 194, 195, 195, 196, 199, 200, 200, 201, 201, 202, 204, 205, 209, 210, 210, 211, 211, 212, 213, 214, 214, 215, 215, 216, 217, 218, 218, 219, 220, 221, 225, 226, 227, 228, 230, 231, 232, 233, 236, 237, 239, 240, 241, 242, 243, 244, 244, 245, 246, 247, 247, 248, 254, 255, 258, 259, 263, 264, 266, 267, 268, 269, 282, 283, 291, 292, 298, 299, 303, 304, 321, 322, 323, 324, 326, 327, 343, 344, 354, 355, 362, 363, 368, 369, 371, 372, 377, 378, 381, 382, 387, 388, 395, 396, 422, 423, 425, 426, 429, 430, 439, 440, 589, 590, 762, 763, 819, 820], "finalScore": 0.885416146428676, "finalIter": 1000}