{"title": "subpopulation_size_10_4", "popultion": 30, "subpopulation": 10, "number_of_rect": 20, "scores": [0.6428758023388728], "iters": [0], "finalScore": 0.6428758023388728, "finalIter": 5}