{"title": "population_size_50_0", "popultion": 50, "subpopulation": 75, "number_of_rect": 20, "scores": [0.6496321551041941], "iters": [0], "finalScore": 0.6496321551041941, "finalIter": 5}