{"title": "subpopulation_size_50_1", "popultion": 30, "subpopulation": 50, "number_of_rect": 20, "scores": [0.6133633312816906], "iters": [0], "finalScore": 0.6133633312816906, "finalIter": 5}