{"title": "subpopulation_size_1.3_3", "popultion": 50, "subpopulation": 65, "number_of_rect": 20, "scores": [0.6237807966235822], "iters": [0], "finalScore": 0.6237807966235822, "finalIter": 5}