{"title": "subpopulation_size_100_1", "popultion": 30, "subpopulation": 100, "number_of_rect": 20, "scores": [0.6269464521234502], "iters": [0], "finalScore": 0.6269464521234502, "finalIter": 5}