{"title": "subpopulation_size_1.5_0", "popultion": 40, "subpopulation": 60, "number_of_rect": 20, "scores": [0.6190413845657845, 0.6190413845657845, 0.6192085787977373, 0.6192085787977373, 0.6203245698877458, 0.6203245698877458, 0.6220447111580059, 0.6220447111580059, 0.6228293765936868, 0.6228293765936868, 0.6244511562472522, 0.6244511562472522, 0.6252668601072716, 0.6252668601072716, 0.626865939798939, 0.626865939798939, 0.6316573316920191, 0.6316573316920191, 0.6343316040915619, 0.6343316040915619, 0.635237462997157, 0.635237462997157, 0.6366494914856824, 0.6366494914856824, 0.6367423429760544, 0.6367423429760544, 0.6375557167560597, 0.6375557167560597, 0.6376058647674316, 0.6376058647674316, 0.6380205017732056, 0.6380205017732056, 0.6386418124798499, 0.6386418124798499, 0.6387932237169905, 0.6387932237169905, 0.63890031947009, 0.63890031947009, 0.6395243852398956, 0.6395243852398956, 0.639913918930801, 0.639913918930801, 0.6402300917377415, 0.6402300917377415, 0.642053562531141, 0.642053562531141, 0.6434274304639643, 0.6434274304639643, 0.6454217591371376, 0.6454217591371376, 0.6459049796301182, 0.6459049796301182, 0.6461487734107096, 0.6461487734107096, 0.6469423341832996, 0.6469423341832996, 0.6500426595152261, 0.6500426595152261, 0.6500728772824527, 0.6500728772824527, 0.6501338110730092, 0.6501338110730092, 0.6523074386705354, 0.6523074386705354, 0.6527777777777777, 0.6527777777777777, 0.6531017907910548, 0.6531017907910548, 0.6534297605439784, 0.6534297605439784, 0.654227849585275, 0.654227849585275, 0.6558300213957033, 0.6558300213957033, 0.6564531639262581, 0.6564531639262581, 0.6576427796828747, 0.6576427796828747, 0.6583329230047774, 0.6583329230047774, 0.6596123714059614, 0.6596123714059614, 0.6615926902898678, 0.6615926902898678, 0.6622813095342771, 0.6622813095342771, 0.664278202760925, 0.664278202760925, 0.6645137899703977, 0.6645137899703977, 0.66469993258888, 0.66469993258888, 0.6653770626337232, 0.6653770626337232, 0.6680633224889359, 0.6680633224889359, 0.6684282218118937, 0.6684282218118937, 0.6689963949705443, 0.6689963949705443, 0.6725438465371201, 0.6725438465371201, 0.673895043817228, 0.673895043817228, 0.6741667839033969, 0.6741667839033969, 0.6759747501392186, 0.6759747501392186, 0.677478545678361, 0.677478545678361, 0.6792441601453736, 0.6792441601453736, 0.68255366511328, 0.68255366511328, 0.6875023154254227, 0.6875023154254227, 0.6878640640112548, 0.6878640640112548, 0.6897484099768457, 0.6897484099768457, 0.6953659251443477, 0.6953659251443477, 0.7003759488847856, 0.7003759488847856, 0.7027328174917202, 0.7027328174917202, 0.705052478091386, 0.705052478091386, 0.7066696708578797, 0.7066696708578797, 0.7097164043494827, 0.7097164043494827, 0.7141455494006272, 0.7141455494006272, 0.7143251121076233, 0.7143251121076233, 0.7160142149535449, 0.7160142149535449, 0.717744497200973, 0.717744497200973, 0.7185634836894399, 0.7185634836894399, 0.7270168674345673, 0.7270168674345673, 0.7283764911046631, 0.7283764911046631, 0.7343345643190011, 0.7343345643190011, 0.7404874849790439, 0.7404874849790439, 0.7407632257686333, 0.7407632257686333, 0.7450634690348485, 0.7450634690348485, 0.7521113162753891, 0.7521113162753891, 0.7602365251033149, 0.7602365251033149, 0.7615367537149389, 0.7615367537149389, 0.7620937161112576, 0.7620937161112576, 0.7623857088425804, 0.7623857088425804, 0.7645935402561623, 0.7645935402561623, 0.7646345438025733, 0.7646345438025733, 0.7649265804976699, 0.7649265804976699, 0.7655102435593071, 0.7655102435593071, 0.7657366130308626, 0.7657366130308626, 0.7680668395908439, 0.7680668395908439, 0.768517057944254, 0.768517057944254, 0.7725641138368651, 0.7725641138368651, 0.7737080658870424, 0.7737080658870424, 0.7741163721093819, 0.7741163721093819, 0.7748926844280313, 0.7748926844280313, 0.7764656642926229, 0.7764656642926229, 0.776865939798939, 0.776865939798939, 0.7773204666021865, 0.7773204666021865, 0.7794043934464667, 0.7794043934464667, 0.780299862246842, 0.780299862246842, 0.782578123626132, 0.782578123626132, 0.7837717987045342, 0.7837717987045342, 0.7858974471701985, 0.7858974471701985, 0.7870419560948445, 0.7870419560948445, 0.7871805152554295, 0.7871805152554295, 0.7891486561739793, 0.7891486561739793, 0.7916302500073273, 0.7916302500073273, 0.7941397168732964, 0.7941397168732964, 0.7978790263489551, 0.7978790263489551, 0.7984773586564671, 0.7984773586564671, 0.8019630997391483, 0.8019630997391483, 0.8037875230809812, 0.8037875230809812, 0.8038161581523491, 0.8038161581523491, 0.8056029338491749, 0.8056029338491749, 0.8080942729857264, 0.8080942729857264, 0.8089817403792608, 0.8089817403792608, 0.8100190509686684, 0.8100190509686684, 0.8122543304317242, 0.8122543304317242, 0.8170167501978369, 0.8170167501978369, 0.8189691227761657, 0.8189691227761657, 0.8194422022919781, 0.8194422022919781, 0.8229677452445852, 0.8229677452445852, 0.8269934787068789, 0.8269934787068789, 0.8312054427152027, 0.8312054427152027, 0.8315324452651016, 0.8315324452651016, 0.8327301063923327, 0.8327301063923327, 0.8342470177906738, 0.8342470177906738, 0.8343814736656995, 0.8343814736656995, 0.8346363023535274, 0.8346363023535274, 0.8351340455464697, 0.8351340455464697, 0.8358816348662036, 0.8358816348662036, 0.8377208446906416, 0.8377208446906416, 0.8378567513702043, 0.8378567513702043, 0.8378674492218412, 0.8378674492218412, 0.8379052727219438, 0.8379052727219438, 0.8379323250974531, 0.8379323250974531, 0.837993024414549, 0.837993024414549, 0.8380917084322519, 0.8380917084322519, 0.8381101878718602, 0.8381101878718602, 0.8381241683519447], "iters": [0, 36, 37, 42, 43, 46, 47, 48, 49, 50, 51, 55, 56, 57, 58, 58, 59, 60, 61, 73, 74, 86, 87, 90, 91, 140, 141, 183, 184, 191, 192, 193, 194, 205, 206, 207, 208, 209, 210, 210, 211, 233, 234, 234, 235, 238, 239, 243, 244, 246, 247, 250, 251, 252, 253, 254, 255, 262, 263, 263, 264, 264, 265, 265, 266, 268, 269, 269, 270, 270, 271, 271, 272, 273, 274, 277, 278, 278, 279, 279, 280, 280, 281, 281, 282, 284, 285, 285, 286, 287, 288, 288, 289, 289, 290, 290, 291, 292, 293, 293, 294, 294, 295, 295, 296, 297, 298, 298, 299, 299, 300, 300, 301, 304, 305, 305, 306, 307, 308, 309, 310, 311, 312, 312, 313, 314, 315, 315, 316, 316, 317, 318, 319, 319, 320, 320, 321, 321, 322, 322, 323, 323, 324, 326, 327, 327, 328, 328, 329, 329, 330, 332, 333, 333, 334, 334, 335, 338, 339, 345, 346, 347, 348, 349, 350, 351, 352, 352, 353, 353, 354, 356, 357, 358, 359, 361, 362, 362, 363, 368, 369, 370, 371, 371, 372, 372, 373, 374, 375, 375, 376, 377, 378, 378, 379, 379, 380, 386, 387, 387, 388, 388, 389, 389, 390, 390, 391, 391, 392, 392, 393, 393, 394, 394, 395, 396, 397, 397, 398, 399, 400, 400, 401, 401, 402, 402, 403, 403, 404, 404, 405, 405, 406, 406, 407, 407, 408, 408, 409, 409, 410, 410, 411, 413, 414, 416, 417, 419, 420, 423, 424, 426, 427, 427, 428, 428, 429, 431, 432, 545, 546, 611, 612, 615, 616, 648, 649, 670, 671, 687, 688, 972, 973, 994, 995], "finalScore": 0.8381241683519447, "finalIter": 1000}