{"title": "population_size_100_4", "popultion": 100, "subpopulation": 150, "number_of_rect": 20, "scores": [0.628476274216712], "iters": [0], "finalScore": 0.628476274216712, "finalIter": 5}