{"title": "subpopulation_size_1.1_3", "popultion": 40, "subpopulation": 44, "number_of_rect": 20, "scores": [0.6417459626601014, 0.6417459626601014, 0.6459495588968024, 0.6459495588968024, 0.6486665347753451, 0.6486665347753451, 0.6497508279844075, 0.6497508279844075, 0.6497517658782497, 0.6497517658782497, 0.6515087487909963, 0.6515087487909963, 0.6545039420850552, 0.6545039420850552, 0.6546157419619567, 0.6546157419619567, 0.6556507371259415, 0.6556507371259415, 0.6566456666373575, 0.6566456666373575, 0.6587171224244556, 0.6587171224244556, 0.6591279199273132, 0.6591279199273132, 0.6598522670652716, 0.6598522670652716, 0.6613237345760427, 0.6613237345760427, 0.6613933292300478, 0.6613933292300478, 0.6632074943579823, 0.6632074943579823, 0.6638426389987984, 0.6638426389987984, 0.663899440194613, 0.663899440194613, 0.6667899850523169, 0.6667899850523169, 0.6671936750784021, 0.6671936750784021, 0.6676142471936457, 0.6676142471936457, 0.6677397051496234, 0.6677397051496234, 0.6697339165860664, 0.6697339165860664, 0.6698506697148217, 0.6698506697148217, 0.6722917582578621, 0.6722917582578621, 0.6725686860693455, 0.6725686860693455, 0.6737308830856708, 0.6737308830856708, 0.674313256543275, 0.674313256543275, 0.6747651455200915, 0.6747651455200915, 0.6827054720243853, 0.6827054720243853, 0.6865652715495765, 0.6865652715495765, 0.688515768340221, 0.688515768340221, 0.6906699639497054, 0.6906699639497054, 0.6935589114569595, 0.6935589114569595, 0.6946049561827721, 0.6946049561827721, 0.6948426096896158, 0.6948426096896158, 0.7027728538351066, 0.7027728538351066, 0.7035899059175239, 0.7035899059175239, 0.7038693836278906, 0.7038693836278906, 0.7051630909463935, 0.7051630909463935, 0.7071249596998739, 0.7071249596998739, 0.7089776517482927, 0.7089776517482927, 0.7105737712125209, 0.7105737712125209, 0.7108283361177057, 0.7108283361177057, 0.7131604091561886, 0.7131604091561886, 0.7139753802866438, 0.7139753802866438, 0.7142727952167414, 0.7142727952167414, 0.714332747149682, 0.714332747149682, 0.7144356516896744, 0.7144356516896744, 0.7162068935197397, 0.7162068935197397, 0.7167138251414168, 0.7167138251414168, 0.7171022304287933, 0.7171022304287933, 0.7186521879304786, 0.7186521879304786, 0.7191708139159998, 0.7191708139159998, 0.723257056185703, 0.723257056185703, 0.723763313696181, 0.723763313696181, 0.7250699024004221, 0.7250699024004221, 0.7251584014771828, 0.7251584014771828, 0.7251724991939975, 0.7251724991939975, 0.7281063044051701, 0.7281063044051701, 0.7283284973182098, 0.7283284973182098, 0.729476376798851, 0.729476376798851, 0.7349294674521527, 0.7349294674521527, 0.7376619918520473, 0.7376619918520473, 0.7377101321844134, 0.7377101321844134, 0.7383726809109294, 0.7383726809109294, 0.73991676192151, 0.73991676192151, 0.7447389870746506, 0.7447389870746506, 0.7454264779155308, 0.7454264779155308, 0.746688912336235, 0.746688912336235, 0.7481828892992175, 0.7481828892992175, 0.7497717547407603, 0.7497717547407603, 0.749799144171869, 0.749799144171869, 0.752703288490284, 0.752703288490284, 0.7532086960344676, 0.7532086960344676, 0.7567411119903866, 0.7567411119903866, 0.7576181306603359, 0.7576181306603359, 0.7578399718631847, 0.7578399718631847, 0.7598260646560567, 0.7598260646560567, 0.7606933380228026, 0.7606933380228026, 0.7607086374161025, 0.7607086374161025, 0.7621510448723585, 0.7621510448723585, 0.7622688091679123, 0.7622688091679123, 0.7631504440341159, 0.7631504440341159, 0.7641814238400891, 0.7641814238400891, 0.7657155250740058, 0.7657155250740058, 0.7667781734517425, 0.7667781734517425, 0.7669848911163868, 0.7669848911163868, 0.7672605879422023, 0.7672605879422023, 0.7683032767666109, 0.7683032767666109, 0.7686936604238108, 0.7686936604238108, 0.7694320466602187, 0.7694320466602187, 0.7695775814062545, 0.7695775814062545, 0.7714827222368768, 0.7714827222368768, 0.7719878806530086, 0.7719878806530086, 0.7720541926785662, 0.7720541926785662, 0.7727627568217122, 0.7727627568217122, 0.7744883495999296, 0.7744883495999296, 0.7769148714792344, 0.7769148714792344, 0.7770481696415487, 0.7770481696415487, 0.7772603974325156, 0.7772603974325156, 0.7772629326768077, 0.7772629326768077, 0.7789477710366658, 0.7789477710366658, 0.7795520384536475, 0.7795520384536475, 0.7807298279550984, 0.7807298279550984, 0.7808408364840704, 0.7808408364840704, 0.7815172484539405, 0.7815172484539405, 0.7821256484656642, 0.7821256484656642, 0.783111726603945, 0.783111726603945, 0.7836772765907559, 0.7836772765907559, 0.7839718045663706, 0.7839718045663706, 0.7840004396377385, 0.7840004396377385, 0.7851397022187051, 0.7851397022187051, 0.7852546528327324, 0.7852546528327324, 0.7869952519124241, 0.7869952519124241, 0.7879268735894955, 0.7879268735894955, 0.7882138544505993, 0.7882138544505993, 0.7889963216975878, 0.7889963216975878, 0.7891483630821536, 0.7891483630821536, 0.7910752513262405, 0.7910752513262405, 0.7917149681995369, 0.7917149681995369, 0.7918667311468683, 0.7918667311468683, 0.7922287874791172, 0.7922287874791172, 0.7925321814824584, 0.7925321814824584, 0.7926300741522319, 0.7926300741522319, 0.7935577830534306, 0.7935577830534306, 0.7936303525894663, 0.7936303525894663, 0.7949280752659809, 0.7949280752659809, 0.7954315337495237, 0.7954315337495237, 0.7964088191330344, 0.7964088191330344, 0.7967216067293883, 0.7967216067293883, 0.7972437498168176, 0.7972437498168176, 0.7976916673993962, 0.7976916673993962, 0.7989663823675958, 0.7989663823675958, 0.7999727278056215, 0.7999727278056215, 0.8008361763240424, 0.8008361763240424, 0.8011431020838828, 0.8011431020838828, 0.8029725372959349, 0.8029725372959349, 0.8044289838506404, 0.8044289838506404, 0.8081302060435535, 0.8081302060435535, 0.8101624314897857, 0.8101624314897857, 0.8102990122805475, 0.8102990122805475, 0.8125993288197192, 0.8125993288197192, 0.8138207157302383, 0.8138207157302383, 0.8159631290483308, 0.8159631290483308, 0.8181346024209385, 0.8181346024209385, 0.81945672499194, 0.81945672499194, 0.819569433453501, 0.819569433453501, 0.822140317711539, 0.822140317711539, 0.8227887687212403, 0.8227887687212403, 0.823133386089862, 0.823133386089862, 0.8263308713619977, 0.8263308713619977, 0.8281957706849556, 0.8281957706849556, 0.8303464785017146, 0.8303464785017146, 0.8305605381165919, 0.8305605381165919, 0.8310983616166945, 0.8310983616166945, 0.8320390691403616, 0.8320390691403616, 0.8332402327149095, 0.8332402327149095, 0.8335219379231513, 0.8335219379231513, 0.8348799642427973, 0.8348799642427973, 0.8356828453354436, 0.8356828453354436, 0.8366179548052405, 0.8366179548052405, 0.83790420293678, 0.83790420293678, 0.8380518772531433, 0.8380518772531433, 0.8391159324716434, 0.8391159324716434, 0.8398824262141329, 0.8398824262141329, 0.8400644655470559, 0.8400644655470559, 0.8405627949236496, 0.8405627949236496, 0.8407288754066649, 0.8407288754066649, 0.8412465341891615, 0.8412465341891615, 0.8413020457809431, 0.8413020457809431, 0.8424331310999736, 0.8424331310999736, 0.8436510155631759, 0.8436510155631759, 0.8455369735338082, 0.8455369735338082, 0.8457630938773117, 0.8457630938773117, 0.8463379495295876, 0.8463379495295876, 0.8471030217767227, 0.8471030217767227, 0.8480215275945954, 0.8480215275945954, 0.8482841525249861, 0.8482841525249861, 0.8482895600691697, 0.8482895600691697, 0.849825976728509, 0.849825976728509, 0.8502902341803688, 0.8502902341803688, 0.8505614027374777, 0.8505614027374777, 0.8528483835985814, 0.8528483835985814, 0.855467994372637, 0.855467994372637, 0.8555735367390603, 0.8555735367390603, 0.8563207890031947, 0.8563207890031947, 0.8571074034995164],