{"title": "subpopulation_size_2_4", "popultion": 40, "subpopulation": 80, "number_of_rect": 20, "scores": [0.6272332278202761, 0.6272332278202761, 0.6285760133649873, 0.6285760133649873, 0.6296645270963392, 0.6296645270963392, 0.632135921334154, 0.632135921334154, 0.6352269849643893, 0.6352269849643893, 0.6371385738151762, 0.6371385738151762, 0.6378724610920601, 0.6378724610920601, 0.6384699873970514, 0.6384699873970514, 0.6387420352296375, 0.6387420352296375, 0.6415242533485741, 0.6415242533485741, 0.6440605234620007, 0.6440605234620007, 0.6484791318620124, 0.6484791318620124, 0.6502426653770627, 0.6502426653770627, 0.6519593335091884, 0.6519593335091884, 0.6529318708051233, 0.6529318708051233, 0.6534022978399132, 0.6534022978399132, 0.6534570767021308, 0.6534570767021308, 0.6550088953369091, 0.6550088953369091, 0.6558893578358099, 0.6558893578358099, 0.6580494152818077, 0.6580494152818077, 0.6583584513027931, 0.6583584513027931, 0.6633339488261673, 0.6633339488261673, 0.6637195404320173, 0.6637195404320173, 0.6659947390017292, 0.6659947390017292, 0.6672517805328408, 0.6672517805328408, 0.6716472200240335, 0.6716472200240335, 0.6730591605850114, 0.6730591605850114, 0.6737046660218646, 0.6737046660218646, 0.6772290952255342, 0.6772290952255342, 0.6782893988686656, 0.6782893988686656, 0.679734356223805, 0.679734356223805, 0.6823797883877019, 0.6823797883877019, 0.6847791406547672, 0.6847791406547672, 0.6851804859462469, 0.6851804859462469, 0.6891587385327823, 0.6891587385327823, 0.6933256250183182, 0.6933256250183182, 0.7047643834813447, 0.7047643834813447, 0.7078733989859023, 0.7078733989859023, 0.7127654239573258, 0.7127654239573258, 0.7160757056185703, 0.7160757056185703, 0.7189265072247135, 0.7189265072247135, 0.7239842756235528, 0.7239842756235528, 0.7263468888302704, 0.7263468888302704, 0.7265147571734224, 0.7265147571734224, 0.7296504000703421, 0.7296504000703421, 0.7298598874527389, 0.7298598874527389, 0.7320465429819163, 0.7320465429819163, 0.7387188663208184, 0.7387188663208184, 0.7402941176470588, 0.7402941176470588, 0.7428245405785633, 0.7428245405785633, 0.7430890852604121, 0.7430890852604121, 0.7434520355227293, 0.7434520355227293, 0.7468442070400656, 0.7468442070400656, 0.7489327061168265, 0.7489327061168265, 0.7512804595679826, 0.7512804595679826, 0.7539236495794133, 0.7539236495794133, 0.755405595122952, 0.755405595122952, 0.7561926639116034, 0.7561926639116034, 0.7580350830915326, 0.7580350830915326, 0.760332644567543, 0.760332644567543, 0.7628573961722207, 0.7628573961722207, 0.7639422316011606, 0.7639422316011606, 0.7645412819836455, 0.7645412819836455, 0.7648741903338316, 0.7648741903338316, 0.7649487968580556, 0.7649487968580556, 0.7658987514288227, 0.7658987514288227, 0.7685304962044609, 0.7685304962044609, 0.7714011840909757, 0.7714011840909757, 0.774483147220024, 0.774483147220024, 0.7751026114481667, 0.7751026114481667, 0.777702042850025, 0.777702042850025, 0.7803071895424837, 0.7803071895424837, 0.7804007004894633, 0.7804007004894633, 0.7808545238723292, 0.7808545238723292, 0.7813775462352355, 0.7813775462352355, 0.7823496732026144, 0.7823496732026144, 0.783072745391131, 0.783072745391131, 0.7837344294967613, 0.7837344294967613, 0.7854083941498872, 0.7854083941498872, 0.7858757290659164, 0.7858757290659164, 0.7869813007415223, 0.7869813007415223, 0.7885921187608078, 0.7885921187608078, 0.7887764149007884, 0.7887764149007884, 0.788925759840558, 0.788925759840558, 0.7895352003282629, 0.7895352003282629, 0.7906255605381166, 0.7906255605381166, 0.7909940355813476, 0.7909940355813476, 0.7928048301532871, 0.7928048301532871, 0.7936960637767813, 0.7936960637767813, 0.7943657199800698, 0.7943657199800698, 0.7954766112723116, 0.7954766112723116, 0.7964392274099475, 0.7964392274099475, 0.7982014127025997, 0.7982014127025997, 0.7982703625545884, 0.7982703625545884, 0.8003785134382602, 0.8003785134382602, 0.8017692194964683, 0.8017692194964683, 0.80257501685278, 0.80257501685278, 0.8045355373838623, 0.8045355373838623, 0.805466235821683, 0.805466235821683, 0.8062315865060523, 0.8062315865060523, 0.8080011284035289, 0.8080011284035289, 0.8080674257744951, 0.8080674257744951, 0.8081515431284622, 0.8081515431284622, 0.8098429027814414, 0.8098429027814414, 0.8107143966704768, 0.8107143966704768, 0.8116166212374337, 0.8116166212374337, 0.8119931856150532, 0.8119931856150532, 0.8121987016032123, 0.8121987016032123, 0.8128961136023917, 0.8128961136023917, 0.8134353292886661, 0.8134353292886661, 0.81383569272253, 0.81383569272253, 0.8152139716873297, 0.8152139716873297, 0.8165162519417334, 0.8165162519417334, 0.8177346053518567, 0.8177346053518567, 0.818406987309124, 0.818406987309124, 0.8196680881620212, 0.8196680881620212, 0.8200826225856561, 0.8200826225856561, 0.8205433189718339, 0.8205433189718339, 0.8218906767490255, 0.8218906767490255, 0.8228910724229901, 0.8228910724229901, 0.8230731703742783, 0.8230731703742783, 0.8233005656672235, 0.8233005656672235, 0.8233017819983001, 0.8233017819983001, 0.8253575573727249, 0.8253575573727249, 0.8265290014361499, 0.8265290014361499, 0.8277994958820598, 0.8277994958820598, 0.8282735719100794, 0.8282735719100794, 0.8290127934581905, 0.8290127934581905, 0.8307706849555966, 0.8307706849555966, 0.8313196605996659, 0.8313196605996659, 0.8328160848793927, 0.8328160848793927, 0.835035258946628, 0.835035258946628, 0.8354593774729623, 0.8354593774729623, 0.8354822386353644, 0.8354822386353644, 0.8356399366921656, 0.8356399366921656, 0.8369503795539143, 0.8369503795539143, 0.8392987484979044, 0.8392987484979044, 0.8402684721123128, 0.8402684721123128, 0.8405532987484979, 0.8405532987484979, 0.84305423664234, 0.84305423664234, 0.8435560245024767, 0.8435560245024767, 0.8455666051173832, 0.8455666051173832, 0.848771945250447, 0.848771945250447, 0.8491778774289985, 0.8491778774289985, 0.8492332571294586, 0.8492332571294586, 0.8501538292447024, 0.8501538292447024, 0.8501693044930977, 0.8501693044930977, 0.8502145285617984, 0.8502145285617984, 0.8507766933380227, 0.8507766933380227, 0.8512450540754418, 0.8512450540754418, 0.8518046982619655, 0.8518046982619655, 0.8526749318561505, 0.8526749318561505, 0.8541770860810691, 0.8541770860810691, 0.8557400861689968, 0.8557400861689968, 0.8558686069345526, 0.8558686069345526, 0.8560138778979454, 0.8560138778979454, 0.8575671033734868, 0.8575671033734868, 0.8580894809343768, 0.8580894809343768, 0.8587102640757349, 0.8587102640757349, 0.8587628447492599, 0.8587628447492599, 0.85876615668689, 0.85876615668689, 0.8600911662123744, 0.8600911662123744, 0.8606427796828746, 0.8606427796828746, 0.8618404115009233, 0.8618404115009233, 0.8619893168029544, 0.8619893168029544, 0.8624249684926287, 0.8624249684926287, 0.8634515226120343, 0.8634515226120343, 0.8651228201295467, 0.8651228201295467, 0.8662365251033148, 0.8662365251033148, 0.8670287523080982, 0.8670287523080982, 0.867156188633899, 0.867156188633899, 0.8672254755414872, 0.8672254755414872, 0.8674588938714499, 0.8674588938714499, 0.8681886485535919, 0.8681886485535919, 0.8684305372373164, 0.8684305372373164, 0.8684834696210323, 0.8684834696210323, 0.8689487968580556, 0.8689487968580556, 0.8691315689205428, 0.8691315689205428, 0.86988387701867, 0.86988387701867, 0.8699790585890559, 0.8699790585890559, 0.8704760543978428, 0.8704760543978428, 0.8704936692165656, 0.8704936692165656, 0.8707759019900935, 0.8707759019900935, 0.8709411031976318, 0.8709411031976318, 0.8710157976494035, 0.8710157976494035, 0.8716685864181248, 0.8716685864181248, 0.8717754476977637, 0.8717754476977637, 0.8718230458102524, 0.8718230458102524, 0.8718322782027609, 0.8718322782027609, 0.871944107388845],