{"title": "population_size_40_0", "popultion": 40, "subpopulation": 60, "number_of_rect": 20, "scores": [0.6500184501304258], "iters": [0], "finalScore": 0.6500184501304258, "finalIter": 5}