{"title": "population_size_15_4", "popultion": 15, "subpopulation": 22, "number_of_rect": 20, "scores": [0.5819293941791963, 0.5819293941791963, 0.5860595709135672, 0.5860595709135672, 0.5910840440810106, 0.5910840440810106, 0.5921922389284563, 0.5921922389284563, 0.594558164072804, 0.594558164072804, 0.5949445616811747, 0.5949445616811747, 0.6021747706556464, 0.6021747706556464, 0.6047860136580792, 0.6047860136580792, 0.6050766142032298, 0.6050766142032298, 0.6059033383158944, 0.6059033383158944, 0.6079157654093028, 0.6079157654093028, 0.6096966792696152, 0.6096966792696152, 0.6125872534365017, 0.6125872534365017, 0.6161552800492394, 0.6161552800492394, 0.6207526744629093, 0.6207526744629093, 0.6215085436267183, 0.6215085436267183, 0.6223134910167356, 0.6223134910167356, 0.6235102582138985, 0.6235102582138985, 0.6258704680676456, 0.6258704680676456, 0.6258903836571998, 0.6258903836571998, 0.6297153638735016, 0.6297153638735016, 0.6297867024238695, 0.6297867024238695, 0.6308545971452857, 0.6308545971452857, 0.6321823031155661, 0.6321823031155661, 0.6338766669597585, 0.6338766669597585, 0.6354387877722091, 0.6354387877722091, 0.6372101614935959, 0.6372101614935959, 0.6376766171341481, 0.6376766171341481, 0.6428964360033999, 0.6428964360033999, 0.6433126410504411, 0.6433126410504411, 0.6435687446877107, 0.6435687446877107, 0.6441461355842786, 0.6441461355842786, 0.6465401975438905, 0.6465401975438905, 0.6470658870424104, 0.6470658870424104, 0.6488925525367097, 0.6488925525367097, 0.6501837685746945, 0.6501837685746945, 0.6513534540871655, 0.6513534540871655, 0.6514453090653302, 0.6514453090653302, 0.6524044960286057, 0.6524044960286057, 0.654045136141153, 0.654045136141153, 0.6548282335355666, 0.6548282335355666, 0.6560239602567484, 0.6560239602567484, 0.6561098068524869, 0.6561098068524869, 0.656125531228934, 0.656125531228934, 0.6571219701632521, 0.6571219701632521, 0.6577494357982356, 0.6577494357982356, 0.6578871596471174, 0.6578871596471174, 0.6593766669597585, 0.6593766669597585, 0.6606279932002697, 0.6606279932002697, 0.6621361118438407, 0.6621361118438407, 0.6633800668249363, 0.6633800668249363, 0.6646363609718925, 0.6646363609718925, 0.6657791260001759, 0.6657791260001759, 0.6681089715407837, 0.6681089715407837, 0.6681137049737682, 0.6681137049737682, 0.6713004777396758, 0.6713004777396758, 0.6713241888683724, 0.6713241888683724, 0.6721184237521616, 0.6721184237521616, 0.6724665728772825, 0.6724665728772825, 0.678967584044081, 0.678967584044081, 0.6802181189366628, 0.6802181189366628, 0.6912551217796535, 0.6912551217796535, 0.6924038219174067, 0.6924038219174067, 0.6930885283859434, 0.6930885283859434, 0.694386822591518, 0.694386822591518, 0.7014444151352619, 0.7014444151352619, 0.7034873677423137, 0.7034873677423137, 0.7047759312992761, 0.7047759312992761, 0.7054471701984232, 0.7054471701984232, 0.7065275506316129, 0.7065275506316129, 0.7081202555760719, 0.7081202555760719, 0.7092595181570386, 0.7092595181570386, 0.7167082563967291, 0.7167082563967291, 0.7172073771212522, 0.7172073771212522, 0.7184175825786219, 0.7184175825786219, 0.7297973563117325, 0.7297973563117325, 0.7321409771681467, 0.7321409771681467, 0.7376550162665964, 0.7376550162665964, 0.7400844397549753, 0.7400844397549753, 0.740399440194613, 0.740399440194613, 0.7413731938216244, 0.7413731938216244, 0.7461911984524752, 0.7461911984524752, 0.747872505055834, 0.747872505055834, 0.7489375128227673, 0.7489375128227673, 0.7566009847885342, 0.7566009847885342, 0.7587814267710074, 0.7587814267710074, 0.7601516603651924, 0.7601516603651924, 0.7637396904950321, 0.7637396904950321, 0.7641425745185967, 0.7641425745185967, 0.7691923122014127, 0.7691923122014127, 0.7695979073243647, 0.7695979073243647, 0.7725030188458044, 0.7725030188458044, 0.7756246079896831, 0.7756246079896831, 0.7780613880828864, 0.7780613880828864, 0.7790520824174214, 0.7790520824174214, 0.779895307599871, 0.779895307599871, 0.7817306339576189, 0.7817306339576189, 0.782189483865295, 0.782189483865295, 0.7826261906855418, 0.7826261906855418, 0.7836687036548551, 0.7836687036548551, 0.783890911222486, 0.783890911222486, 0.7880579002901609, 0.7880579002901609, 0.7884930390691404, 0.7884930390691404, 0.7890191095870336, 0.7890191095870336, 0.7895648465664292, 0.7895648465664292, 0.7910475541487147, 0.7910475541487147, 0.7916854831618746, 0.7916854831618746, 0.7918478706878865, 0.7918478706878865, 0.7923590814502184, 0.7923590814502184, 0.7928913948239984, 0.7928913948239984, 0.793127802690583, 0.793127802690583, 0.7936397461824789, 0.7936397461824789, 0.7954682435006888, 0.7954682435006888, 0.7955589993845071, 0.7955589993845071, 0.7956739060347606, 0.7956739060347606, 0.7961945250446965, 0.7961945250446965, 0.7977585216448313, 0.7977585216448313, 0.7986784489580585, 0.7986784489580585, 0.7995080014068408, 0.7995080014068408, 0.8044559189894194, 0.8044559189894194, 0.8048600339986518, 0.8048600339986518, 0.8061556464140215, 0.8061556464140215, 0.8076025088660277, 0.8076025088660277, 0.8105877810017879, 0.8105877810017879, 0.8113258301825962, 0.8113258301825962, 0.8133379934933614, 0.8133379934933614, 0.8140894369706029, 0.8140894369706029, 0.8153969049503209, 0.8153969049503209, 0.815702409214807, 0.815702409214807, 0.8163121574489287, 0.8163121574489287, 0.8187953046689528, 0.8187953046689528, 0.8196363463173012, 0.8196363463173012, 0.8206986136756647, 0.8206986136756647, 0.821036138222105, 0.821036138222105, 0.8211522465488438, 0.8211522465488438, 0.8212710513203787, 0.8212710513203787, 0.8221792403059879, 0.8221792403059879, 0.8222608956886193, 0.8222608956886193, 0.8224235763064568, 0.8224235763064568, 0.822864283830124, 0.822864283830124, 0.8229818576159911, 0.8229818576159911, 0.8234400480670594, 0.8234400480670594, 0.8234683314282365, 0.8234683314282365, 0.8240773762419766, 0.8240773762419766, 0.824218954248366, 0.824218954248366, 0.8249428764031771, 0.8249428764031771, 0.8251603651924148, 0.8251603651924148, 0.8262024385239896, 0.8262024385239896, 0.8279003048154987, 0.8279003048154987, 0.8289572232480437, 0.8289572232480437, 0.8303491163281456, 0.8303491163281456, 0.8307680324745743, 0.8307680324745743, 0.8308797737331106, 0.8308797737331106, 0.8317471496819954, 0.8317471496819954, 0.8318017380345262, 0.8318017380345262, 0.8320589114569594, 0.8320589114569594, 0.832260162959055, 0.832260162959055, 0.8331774084820774, 0.8331774084820774, 0.8345680705765116], "iters": [0, 0, 1, 4, 5, 7, 8, 9, 10, 10, 11, 12, 13, 13, 14, 14, 15, 15, 16, 17, 18, 18, 19, 19, 20, 20, 21, 23, 24, 25, 26, 26, 27, 31, 32, 33, 34, 35, 36, 37, 38, 40, 41, 42, 43, 44, 45, 45, 46, 46, 47, 48, 49, 49, 50, 51, 52, 55, 56, 59, 60, 60, 61, 64, 65, 67, 68, 75, 76, 77, 78, 78, 79, 81, 82, 82, 83, 86, 87, 88, 89, 91, 92, 93, 94, 94, 95, 95, 96, 99, 100, 101, 102, 102, 103, 105, 106, 106, 107, 108, 109, 109, 110, 114, 115, 121, 122, 124, 125, 127, 128, 129, 130, 136, 137, 137, 138, 138, 139, 140, 141, 143, 144, 146, 147, 147, 148, 149, 150, 150, 151, 151, 152, 155, 156, 156, 157, 159, 160, 161, 162, 162, 163, 163, 164, 164, 165, 169, 170, 176, 177, 182, 183, 185, 186, 192, 193, 196, 197, 197, 198, 198, 199, 200, 201, 202, 203, 203, 204, 208, 209, 215, 216, 216, 217, 225, 226, 230, 231, 234, 235, 235, 236, 237, 238, 246, 247, 251, 252, 253, 254, 263, 264, 264, 265, 275, 276, 280, 281, 282, 283, 284, 285, 302, 303, 316, 317, 327, 328, 328, 329, 331, 332, 343, 344, 352, 353, 402, 403, 405, 406, 416, 417, 423, 424, 424, 425, 425, 426, 429, 430, 434, 435, 436, 437, 442, 443, 447, 448, 451, 452, 458, 459, 462, 463, 464, 465, 472, 473, 482, 483, 484, 485, 506, 507, 507, 508, 512, 513, 519, 520, 537, 538, 579, 580, 594, 595, 620, 621, 636, 637, 644, 645, 723, 724, 779, 780, 798, 799, 819, 820, 834, 835, 845, 846, 854, 855, 860, 861, 868, 869, 890, 891, 893, 894, 904, 905, 908, 909, 916, 917, 920, 921, 925, 926, 926, 927, 929, 930, 931, 932, 932, 933, 933, 934, 935, 936], "finalScore": 0.8345680705765116, "finalIter": 1000}