{"title": "population_size_30_4", "popultion": 30, "subpopulation": 45, "number_of_rect": 20, "scores": [0.6218492628740584, 0.6218492628740584, 0.6221819220961927, 0.6221819220961927, 0.6224725226413436, 0.6224725226413436, 0.6224752483953222, 0.6224752483953222, 0.6225575925437439, 0.6225575925437439, 0.6226275242533486, 0.6226275242533486, 0.6227106011313344, 0.6227106011313344, 0.6229645945074592, 0.6229645945074592, 0.6229657961839444, 0.6229657961839444, 0.6230905214103579, 0.6230905214103579, 0.6231164746915208, 0.6231164746915208, 0.6231493009759959, 0.6231493009759959, 0.6232688531316861, 0.6232688531316861, 0.6232756528620418, 0.6232756528620418, 0.6232762830094669, 0.6232762830094669, 0.6232925935695653, 0.6232925935695653, 0.6233358685776254, 0.6233358685776254, 0.6233454526803248, 0.6233454526803248, 0.6233510214250124, 0.6233510214250124, 0.623357205662534, 0.623357205662534, 0.6233616899674668, 0.6233616899674668, 0.6233817374483426, 0.6233817374483426, 0.6233917611887805, 0.6233917611887805, 0.623403733989859, 0.623403733989859, 0.6234315044403411, 0.6234315044403411, 0.6234655177467101, 0.6234655177467101, 0.6234741346463848, 0.6234741346463848, 0.6235259386265717, 0.6235259386265717, 0.6235277557958909, 0.6235277557958909, 0.62355092470471, 0.62355092470471, 0.6235630293971102, 0.6235630293971102, 0.6235694627626835, 0.6235694627626835, 0.6235869749992673, 0.6235869749992673, 0.6236027726486708, 0.6236027726486708, 0.6236086931035494, 0.6236086931035494, 0.6236463407485565, 0.6236463407485565, 0.6236488173744834, 0.6236488173744834, 0.6236516457106012, 0.6236516457106012, 0.6236905976142325, 0.6236905976142325, 0.6237169026055863, 0.6237169026055863, 0.6237192473401917, 0.6237192473401917, 0.6237551364342449, 0.6237551364342449, 0.6237620680559219, 0.6237620680559219, 0.6237651015563176, 0.6237651015563176, 0.6237866144963218, 0.6237866144963218, 0.6238067792139277, 0.6238067792139277, 0.6238081567455084, 0.6238081567455084, 0.6238400304815499, 0.6238400304815499, 0.6238420381605557, 0.6238420381605557, 0.6238840089099915, 0.6238840089099915, 0.6238882880506462, 0.6238882880506462, 0.6239326474984612, 0.6239326474984612, 0.6239464081596764, 0.6239464081596764, 0.6239510536651133, 0.6239510536651133, 0.6239573697939564, 0.6239573697939564, 0.6240223189425247, 0.6240223189425247, 0.6240859638324687, 0.6240859638324687, 0.6241668864855359, 0.6241668864855359, 0.6242702892816319, 0.6242702892816319, 0.6243138427269264, 0.6243138427269264, 0.6243296403763299, 0.6243296403763299, 0.6243518420821244, 0.6243518420821244, 0.6244189747647938, 0.6244189747647938, 0.6244424221108473, 0.6244424221108473, 0.6244942993639907, 0.6244942993639907, 0.6246068466250476, 0.6246068466250476, 0.6246953310472171, 0.6246953310472171, 0.6247030540168235, 0.6247030540168235, 0.6247115976435418, 0.6247115976435418, 0.6247120226266889, 0.6247120226266889, 0.6249308889475073, 0.6249308889475073, 0.6250456343972566, 0.6250456343972566, 0.6250700489463349, 0.6250700489463349, 0.6251864503648993, 0.6251864503648993, 0.625293399572086, 0.625293399572086, 0.6254861807204197, 0.6254861807204197, 0.6255517160526394, 0.6255517160526394, 0.6256163721093819, 0.6256163721093819, 0.6256612444678917, 0.6256612444678917, 0.6257220463671269, 0.6257220463671269, 0.6257287874791172, 0.6257287874791172, 0.6257772355579003, 0.6257772355579003, 0.6258060757935462, 0.6258060757935462, 0.6258250241800756, 0.6258250241800756, 0.6258579530466895, 0.6258579530466895, 0.6258702922125502, 0.6258702922125502, 0.6258818400304815, 0.6258818400304815, 0.6259188135642897, 0.6259188135642897, 0.6259692546674873, 0.6259692546674873, 0.6260218353410123, 0.6260218353410123, 0.6260452826870658, 0.6260452826870658, 0.6260502505935109, 0.6260502505935109, 0.6260563322488936, 0.6260563322488936, 0.6260684369412937, 0.6260684369412937, 0.626068554178024, 0.626068554178024, 0.626068715378528], "iters": [0, 35, 36, 38, 39, 42, 43, 43, 44, 47, 48, 49, 50, 51, 52, 52, 53, 53, 54, 59, 60, 63, 64, 69, 70, 73, 74, 87, 88, 95, 96, 98, 99, 108, 109, 113, 114, 114, 115, 117, 118, 120, 121, 121, 122, 129, 130, 135, 136, 152, 153, 160, 161, 163, 164, 164, 165, 177, 178, 178, 179, 186, 187, 189, 190, 190, 191, 191, 192, 193, 194, 197, 198, 200, 201, 204, 205, 214, 215, 215, 216, 223, 224, 231, 232, 238, 239, 248, 249, 255, 256, 280, 281, 281, 282, 291, 292, 295, 296, 298, 299, 303, 304, 306, 307, 307, 308, 308, 309, 311, 312, 316, 317, 320, 321, 321, 322, 322, 323, 323, 324, 326, 327, 328, 329, 330, 331, 331, 332, 333, 334, 334, 335, 347, 348, 348, 349, 350, 351, 352, 353, 358, 359, 359, 360, 360, 361, 361, 362, 362, 363, 365, 366, 369, 370, 376, 377, 391, 392, 395, 396, 396, 397, 416, 417, 418, 419, 424, 425, 428, 429, 431, 432, 456, 457, 468, 469, 479, 480, 496, 497, 535, 536, 562, 563, 648, 649, 780, 781, 984, 985], "finalScore": 0.626068715378528, "finalIter": 1000}