{"title": "subpopulation_size_1.3_1", "popultion": 40, "subpopulation": 52, "number_of_rect": 20, "scores": [0.6038025293824555, 0.6038025293824555, 0.6040860517600164, 0.6040860517600164, 0.60430337934875, 0.60430337934875, 0.6051755913127583, 0.6051755913127583, 0.6071210469240014, 0.6071210469240014, 0.6079158533368505, 0.6079158533368505, 0.6092685453852692, 0.6092685453852692, 0.6097609689615757, 0.6097609689615757, 0.6119110026671357, 0.6119110026671357, 0.6119899176411969, 0.6119899176411969, 0.6145952401887511, 0.6145952401887511, 0.6169879832351476, 0.6169879832351476, 0.6200392596500484, 0.6200392596500484, 0.6207053401330637, 0.6207053401330637, 0.6214674961165334, 0.6214674961165334, 0.6221422960813623, 0.6221422960813623, 0.6281806764559337, 0.6281806764559337, 0.6305328995574313, 0.6305328995574313, 0.630615492833905, 0.630615492833905, 0.631953676836953, 0.631953676836953, 0.6320026231718398, 0.6320026231718398, 0.6321435270670301, 0.6321435270670301, 0.6330312142794337, 0.6330312142794337, 0.6337987338433131, 0.6337987338433131, 0.6348064714675108, 0.6348064714675108, 0.635721899821214, 0.635721899821214, 0.6358867346639703, 0.6358867346639703, 0.6372461092060142, 0.6372461092060142, 0.6378579823558721, 0.6378579823558721, 0.6388269146223512, 0.6388269146223512, 0.6388730033119376, 0.6388730033119376, 0.6408049327354259, 0.6408049327354259, 0.6412839327061168, 0.6412839327061168, 0.6422786570532548, 0.6422786570532548, 0.6456199185204725, 0.6456199185204725, 0.6463716990533135, 0.6463716990533135, 0.6468675371493888, 0.6468675371493888, 0.649151484510097, 0.649151484510097, 0.6513320144201178, 0.6513320144201178, 0.6551903777953633, 0.6551903777953633, 0.6568612503297283, 0.6568612503297283, 0.6603114100647733, 0.6603114100647733, 0.6662622146018347, 0.6662622146018347, 0.6708373780005276, 0.6708373780005276, 0.6750469972742461, 0.6750469972742461, 0.6858564143146048, 0.6858564143146048, 0.6915560831208418, 0.6915560831208418, 0.6919816524517131, 0.6919816524517131, 0.692157067909376, 0.692157067909376, 0.6921953163926258, 0.6921953163926258, 0.6926905389958674, 0.6926905389958674, 0.6927888713033794, 0.6927888713033794, 0.692955743134324, 0.692955743134324, 0.6931430874292916, 0.6931430874292916, 0.6932109235323427, 0.6932109235323427, 0.6935044843049327, 0.6935044843049327, 0.6935332219584396, 0.6935332219584396, 0.6937167560596735, 0.6937167560596735, 0.6941458131832703, 0.6941458131832703, 0.6943650751780532, 0.6943650751780532, 0.694564319001143, 0.694564319001143, 0.6946524077493479, 0.6946524077493479, 0.6948588762859403, 0.6948588762859403, 0.6949303613822211, 0.6949303613822211, 0.6949959992965796, 0.6949959992965796, 0.6955484627333743, 0.6955484627333743, 0.6956059233857967, 0.6956059233857967, 0.6956842961399807, 0.6956842961399807, 0.6959167619215101, 0.6959167619215101, 0.6960791054837481, 0.6960791054837481, 0.6966605410475102, 0.6966605410475102, 0.6969924528854891, 0.6969924528854891, 0.6974357103080395, 0.6974357103080395, 0.6982591078284827, 0.6982591078284827, 0.698294029719511, 0.698294029719511, 0.6985643336557343, 0.6985643336557343, 0.699621911544887, 0.699621911544887, 0.6996632081831238, 0.6996632081831238, 0.7001153755971746, 0.7001153755971746, 0.7001401272018524, 0.7001401272018524, 0.7007180310091152, 0.7007180310091152, 0.7009969225358306, 0.7009969225358306, 0.7013026319645945, 0.7013026319645945, 0.7016998446613324, 0.7016998446613324, 0.7023363961429115, 0.7023363961429115, 0.7024188868372461, 0.7024188868372461, 0.7024622058090799, 0.7024622058090799, 0.7063449690788124, 0.7063449690788124, 0.7070406811454029, 0.7070406811454029, 0.7073567953339781, 0.7073567953339781, 0.7074735338081422, 0.7074735338081422, 0.7074861367566458, 0.7074861367566458, 0.7075449602860576, 0.7075449602860576, 0.7078343884639058, 0.7078343884639058, 0.7078833347987925, 0.7078833347987925, 0.7081198159383335, 0.7081198159383335, 0.7081856150531962, 0.7081856150531962, 0.7082812802250945, 0.7082812802250945, 0.7083032621120198, 0.7083032621120198, 0.7083105454438876, 0.7083105454438876, 0.7083986781558662, 0.7083986781558662, 0.70849885694188, 0.70849885694188, 0.7085530349658549, 0.7085530349658549, 0.708675474076028, 0.708675474076028, 0.7087687358949559, 0.7087687358949559, 0.7087899117793605, 0.7087899117793605, 0.7087981623142531, 0.7087981623142531, 0.7089202936780092, 0.7089202936780092, 0.7093618511679709, 0.7093618511679709, 0.709422916849849, 0.709422916849849, 0.7094300096720303, 0.7094300096720303, 0.7094762449075296, 0.7094762449075296, 0.7096401858202175, 0.7096401858202175, 0.7098657199800698, 0.7098657199800698, 0.7101098215070781, 0.7101098215070781, 0.710146516603652, 0.710146516603652, 0.710215700929101, 0.710215700929101, 0.7106068319704564, 0.7106068319704564, 0.7106800023447346, 0.7106800023447346, 0.7110053342712271, 0.7110053342712271, 0.7112432222515314, 0.7112432222515314, 0.7117136199771388, 0.7117136199771388, 0.7118843166564084, 0.7118843166564084, 0.7126247252264135, 0.7126247252264135, 0.7128016354523873, 0.7128016354523873, 0.7131200797209766, 0.7131200797209766, 0.7133712007972097, 0.7133712007972097, 0.7135328555936575, 0.7135328555936575, 0.7139230633957618, 0.7139230633957618, 0.7139517424309036, 0.7139517424309036, 0.7142467100442569, 0.7142467100442569, 0.7143067499047452, 0.7143067499047452, 0.7143968170227732, 0.7143968170227732, 0.7144814033236613, 0.7144814033236613, 0.7144820481256777, 0.7144820481256777, 0.7145935402561623, 0.7145935402561623, 0.714813564289692, 0.714813564289692, 0.7149127025997244, 0.7149127025997244, 0.7154006125619157, 0.7154006125619157, 0.7155059497640611, 0.7155059497640611, 0.7159952079486502, 0.7159952079486502, 0.7166457252557226, 0.7166457252557226, 0.7166939828248191, 0.7166939828248191, 0.7171715613001554, 0.7171715613001554, 0.7176376652305168, 0.7176376652305168, 0.7179880271989214, 0.7179880271989214, 0.7181605703566927, 0.7181605703566927, 0.7183610305108591, 0.7183610305108591, 0.7183870570649784, 0.7183870570649784, 0.7187254022685308, 0.7187254022685308, 0.7188618804771535, 0.7188618804771535, 0.7192337114217885, 0.7192337114217885, 0.7194001875787684, 0.7194001875787684, 0.7194654005099798, 0.7194654005099798, 0.7195811864357102, 0.7195811864357102, 0.7203257862188224, 0.7203257862188224, 0.7206264398135936, 0.7206264398135936, 0.7211382953779419, 0.7211382953779419, 0.7219442246255752, 0.7219442246255752, 0.7220549254081303, 0.7220549254081303, 0.7222648377736745, 0.7222648377736745, 0.7224827515460593, 0.7224827515460593, 0.7226331076526276, 0.7226331076526276, 0.7232414050822122, 0.7232414050822122, 0.7234038805357719, 0.7234038805357719, 0.7235800140684077, 0.7235800140684077, 0.7237346639702218, 0.7237346639702218, 0.7239507752278789, 0.7239507752278789, 0.7240783434450013, 0.7240783434450013, 0.7248230897740262, 0.7248230897740262, 0.7249433306955069, 0.7249433306955069, 0.7249673056068466, 0.7249673056068466, 0.7250635716169875, 0.7250635716169875, 0.7251777748468595, 0.7251777748468595, 0.7252561182918609, 0.7252561182918609, 0.7255274187402914, 0.7255274187402914, 0.7255299979483572, 0.7255299979483572, 0.7257302089744717, 0.7257302089744717, 0.7261704035874439, 0.7261704035874439, 0.7262816905536504, 0.7262816905536504, 0.7268286585187139, 0.7268286585187139, 0.7273851519681116, 0.7273851519681116, 0.7274007737624197, 0.7274007737624197, 0.7275685541780239, 0.7275685541780239, 0.7278461121369325, 0.7278461121369325, 0.7278765936868021, 0.7278765936868021, 0.7279883935637035, 0.7279883935637035, 0.728076511621091, 0.728076511621091, 0.728090990357279, 0.728090990357279, 0.7281105835458249, 0.7281105835458249, 0.7281202116122981, 0.7281202116122981, 0.728179870453413, 0.728179870453413, 0.7282124476098362, 0.7282124476098362, 0.728264134353293, 0.728264134353293, 0.7282849292183241, 0.7282849292183241, 0.7282972830387759, 0.7282972830387759, 0.7283252879627187, 0.7283252879627187, 0.7287041091473959, 0.7287041091473959, 