{"title": "subpopulation_size_1.1_2", "popultion": 40, "subpopulation": 44, "number_of_rect": 20, "scores": [0.593876329904159, 0.593876329904159, 0.595388742342976, 0.595388742342976, 0.5981365368269879, 0.5981365368269879, 0.5990030628095782, 0.5990030628095782, 0.6002742606758698, 0.6002742606758698, 0.6024139922037575, 0.6024139922037575, 0.6027540813036725, 0.6027540813036725, 0.6033291567748176, 0.6033291567748176, 0.6059451332102348, 0.6059451332102348, 0.6066092060142443, 0.6066092060142443, 0.6090863448518421, 0.6090863448518421, 0.6092805035317564, 0.6092805035317564, 0.6099938890354348, 0.6099938890354348, 0.6132903221079165, 0.6132903221079165, 0.6145521996541516, 0.6145521996541516, 0.6152107037134734, 0.6152107037134734, 0.6171904510683197, 0.6171904510683197, 0.6174672469884814, 0.6174672469884814, 0.6241161669451039, 0.6241161669451039, 0.625244028254052, 0.625244028254052, 0.6298934025030042, 0.6298934025030042, 0.6337948796858055, 0.6337948796858055, 0.6347710659749699, 0.6347710659749699, 0.6355546909346699, 0.6355546909346699, 0.6385040739763768, 0.6385040739763768, 0.6406892054280606, 0.6406892054280606, 0.6425435680998857, 0.6425435680998857, 0.6445936428383012, 0.6445936428383012, 0.646497567337847, 0.646497567337847, 0.6465837363345937, 0.6465837363345937, 0.6467237756088983, 0.6467237756088983, 0.6471234502769718, 0.6471234502769718, 0.6484238547436912, 0.6484238547436912, 0.6488674345672499, 0.6488674345672499, 0.6512515167501978, 0.6512515167501978, 0.6537425481403323, 0.6537425481403323, 0.6542719305958558, 0.6542719305958558, 0.6554613118790117, 0.6554613118790117, 0.6597543450863155, 0.6597543450863155, 0.662745991969284, 0.662745991969284, 0.6629544095665172, 0.6629544095665172, 0.6631386763973153, 0.6631386763973153, 0.6691707259884522, 0.6691707259884522, 0.6749803775022714, 0.6749803775022714, 0.6757000205164279, 0.6757000205164279, 0.6809052287581698, 0.6809052287581698, 0.6814482106744043, 0.6814482106744043, 0.6832586388815616, 0.6832586388815616, 0.684947111580058, 0.684947111580058, 0.6850723204079838, 0.6850723204079838, 0.6859014332190275, 0.6859014332190275, 0.6897698056801196, 0.6897698056801196, 0.6910767754037339, 0.6910767754037339, 0.692087326709458, 0.692087326709458, 0.6947488056508104, 0.6947488056508104, 0.6961851461062751, 0.6961851461062751, 0.6972020868137988, 0.6972020868137988, 0.697504235176881, 0.697504235176881, 0.7010093789384214, 0.7010093789384214, 0.7015029748820305, 0.7015029748820305, 0.70277711832117, 0.70277711832117, 0.705064319001143, 0.705064319001143, 0.7053454966440986, 0.7053454966440986, 0.7056555877956564, 0.7056555877956564, 0.7061371669744131, 0.7061371669744131, 0.7072604853600633, 0.7072604853600633, 0.7086088543040534, 0.7086088543040534, 0.7095494006272165, 0.7095494006272165, 0.7114637885049386, 0.7114637885049386, 0.7166720449016677, 0.7166720449016677, 0.7183333333333333, 0.7183333333333333, 0.7188025880008206, 0.7188025880008206, 0.7188347548286879, 0.7188347548286879, 0.7241557929599343, 0.7241557929599343, 0.7260966030657405, 0.7260966030657405, 0.7285475394941235, 0.7285475394941235, 0.7292427972683841, 0.7292427972683841, 0.7314078958937835, 0.7314078958937835, 0.734798308860166, 0.734798308860166, 0.7370377941909201, 0.7370377941909201, 0.7394026935138779, 0.7394026935138779, 0.7425393915413699, 0.7425393915413699, 0.7544735777719159, 0.7544735777719159, 0.7578872036108912, 0.7578872036108912, 0.7580199888625107, 0.7580199888625107, 0.7629326768076439, 0.7629326768076439, 0.7644170403587444, 0.7644170403587444, 0.7663175649931123, 0.7663175649931123, 0.7724301122541692, 0.7724301122541692, 0.774935270670301, 0.774935270670301, 0.775544667194232, 0.775544667194232, 0.7776128110437, 0.7776128110437, 0.7777830534306398, 0.7777830534306398, 0.7834783698232657, 0.7834783698232657, 0.7837876842814854, 0.7837876842814854, 0.7840053342712272, 0.7840053342712272, 0.7865333685043524, 0.7865333685043524, 0.787009100501187, 0.787009100501187, 0.7886025821389842, 0.7886025821389842, 0.7922429145051144, 0.7922429145051144, 0.7946723086843108, 0.7946723086843108, 0.7956124739881005, 0.7956124739881005, 0.7967341950233008, 0.7967341950233008, 0.797097042703479, 0.797097042703479, 0.7988065447404672, 0.7988065447404672, 0.8001832556639995, 0.8001832556639995, 0.8025964858290102, 0.8025964858290102, 0.8052974295846889, 0.8052974295846889, 0.8057246841935578, 0.8057246841935578, 0.8060283566341335, 0.8060283566341335, 0.8073882147776898, 0.8073882147776898, 0.8073964360033998, 0.8073964360033998, 0.8090644069286907, 0.8090644069286907, 0.809930874292916, 0.809930874292916, 0.8103142677100736, 0.8103142677100736, 0.8117155836923708, 0.8117155836923708, 0.8123152349130983, 0.8123152349130983, 0.8125880447844309, 0.8125880447844309, 0.8131593247164337, 0.8131593247164337, 0.8132835223775609, 0.8132835223775609, 0.8168672440575633, 0.8168672440575633, 0.8208506110964565, 0.8208506110964565, 0.821383774436531, 0.821383774436531, 0.8219368973299335, 0.8219368973299335, 0.8242754623523549, 0.8242754623523549, 0.8243778100178786, 0.8243778100178786, 0.8249985785046455, 0.8249985785046455, 0.8258943550514376, 0.8258943550514376, 0.8259250271109939, 0.8259250271109939, 0.8271068026612738, 0.8271068026612738, 0.827398560919136, 0.827398560919136, 0.8279108561212227, 0.8279108561212227, 0.8286800023447346, 0.8286800023447346, 0.8288218294791758, 0.8288218294791758, 0.8294894780034585, 0.8294894780034585, 0.830396230839122, 0.830396230839122, 0.830954966440986, 0.830954966440986, 0.8311936311146282, 0.8311936311146282, 0.8313833641079751, 0.8313833641079751, 0.8322537295934817, 0.8322537295934817, 0.8325313168615727, 0.8325313168615727, 0.8325825200035171, 0.8325825200035171, 0.8339197954219058, 0.8339197954219058, 0.8342653506843694, 0.8342653506843694, 0.8343491749465107, 0.8343491749465107, 0.8350259972449368, 0.8350259972449368, 0.8353230604648436, 0.8353230604648436, 0.8357490108150883, 0.8357490108150883, 0.8365415311116973, 0.8365415311116973, 0.8373874820481257, 0.8373874820481257, 0.8377389138016941, 0.8377389138016941, 0.8383930947565872, 0.8383930947565872, 0.838434493976963, 0.838434493976963, 0.8392655851578299, 0.8392655851578299, 0.8398390925877077, 0.8398390925877077, 0.8399371171488027, 0.8399371171488027, 0.8403718749084088, 0.8403718749084088, 0.841646882968434, 0.841646882968434, 0.8417380198716258, 0.8417380198716258, 0.8421241683519447, 0.8421241683519447, 0.8425945367683695, 0.8425945367683695, 0.8427069374835136, 0.8427069374835136, 0.8429430082944986, 0.8429430082944986, 0.8451233183856502, 0.8451233183856502, 0.8472881532284064, 0.8472881532284064, 0.8474882909815645, 0.8474882909815645, 0.8480118702189396, 0.8480118702189396, 0.8480302177672264, 0.8480302177672264, 0.8480954600076204, 0.8480954600076204, 0.8487918754945925, 0.8487918754945925, 0.8489153697353381, 0.8489153697353381, 0.8489177730883086, 0.8489177730883086, 0.8489988569418799, 0.8489988569418799, 0.8491011606436296, 0.8491011606436296, 0.8492583750989184, 0.8492583750989184, 0.8492953486327266, 0.8492953486327266, 0.8497173715525074],