{"title": "population_size_30_4", "popultion": 30, "subpopulation": 45, "number_of_rect": 20, "scores": [0.6209126146721768, 0.6209126146721768, 0.6213396054984026, 0.6213396054984026, 0.6214428031302207, 0.6214428031302207, 0.6219518743222252, 0.6219518743222252, 0.6227916849849058, 0.6227916849849058, 0.6229870160321229, 0.6229870160321229, 0.6237652334476391, 0.6237652334476391, 0.6240449163222839, 0.6240449163222839, 0.6242496556171049, 0.6242496556171049, 0.6251710483894604, 0.6251710483894604, 0.626043113807556, 0.626043113807556, 0.6262378586711217, 0.6262378586711217, 0.626731982180017, 0.626731982180017, 0.6273474017409655, 0.6273474017409655, 0.6276320378674638, 0.6276320378674638, 0.6281405961487734, 0.6281405961487734, 0.6282366716492278, 0.6282366716492278, 0.6282582871713709, 0.6282582871713709, 0.6283770919429057, 0.6283770919429057, 0.6286896597203904, 0.6286896597203904, 0.6287285676602479, 0.6287285676602479, 0.6293613236026847, 0.6293613236026847, 0.6297495969987397, 0.6297495969987397, 0.6305581933819866, 0.6305581933819866, 0.6313630088806823, 0.6313630088806823, 0.6313986635012749, 0.6313986635012749, 0.6317086227615112, 0.6317086227615112, 0.6319017116562619, 0.6319017116562619, 0.6324648729446936, 0.6324648729446936, 0.6329979483572203, 0.6329979483572203, 0.6331229666754594, 0.6331229666754594, 0.6351226442744511, 0.6351226442744511, 0.6356361264984319, 0.6356361264984319, 0.6365031214279434, 0.6365031214279434, 0.6371946862452006, 0.6371946862452006, 0.6372246841935578, 0.6372246841935578, 0.6379833523843019, 0.6379833523843019, 0.6394812421231572, 0.6394812421231572, 0.6411324481960199, 0.6411324481960199, 0.6424264925701222, 0.6424264925701222, 0.6431157273073653, 0.6431157273073653, 0.6431869632755942, 0.6431869632755942, 0.6434257451859667, 0.6434257451859667, 0.644042908643278, 0.644042908643278, 0.6443581435563762, 0.6443581435563762, 0.6448703947946892, 0.6448703947946892, 0.646544667194232, 0.646544667194232, 0.6481589876608341, 0.6481589876608341, 0.6487010609924089, 0.6487010609924089, 0.6496049268735895, 0.6496049268735895, 0.6509141680588528, 0.6509141680588528, 0.6516194642281428, 0.6516194642281428, 0.6532418886837246, 0.6532418886837246, 0.6540019344060495, 0.6540019344060495, 0.6555223775608898, 0.6555223775608898, 0.6559533251267622, 0.6559533251267622, 0.6561912717254316, 0.6561912717254316, 0.6590815528004923, 0.6590815528004923, 0.6592315571968699, 0.6592315571968699, 0.660652158621296, 0.660652158621296, 0.6612054280606114, 0.6612054280606114, 0.6624780913860313, 0.6624780913860313, 0.663470632199068, 0.663470632199068, 0.6647449954570767, 0.6647449954570767, 0.6660553357366863, 0.6660553357366863, 0.667013496878572, 0.667013496878572, 0.667323075119435, 0.667323075119435, 0.667506360092617, 0.667506360092617, 0.6688368064714675, 0.6688368064714675, 0.6709583516515725, 0.6709583516515725, 0.6720747237609543, 0.6720747237609543, 0.6724860341745069, 0.6724860341745069, 0.6732622146018348, 0.6732622146018348, 0.6742278788944576, 0.6742278788944576, 0.675144245142003, 0.675144245142003, 0.6754688883027052, 0.6754688883027052, 0.6758755678654123, 0.6758755678654123, 0.6762772941762654, 0.6762772941762654, 0.6766347929306251, 0.6766347929306251, 0.6770441396289457, 0.6770441396289457, 0.6771478794806414, 0.6771478794806414, 0.6783797883877019, 0.6783797883877019, 0.6789059761423254, 0.6789059761423254, 0.6792587561182919, 0.6792587561182919, 0.680089436970603, 0.680089436970603, 0.6803332747149682, 0.6803332747149682, 0.680688868372461, 0.680688868372461, 0.6816852193792315, 0.6816852193792315, 0.6818055921920338, 0.6818055921920338, 0.6819134792930626, 0.6819134792930626, 0.6824780620768487, 0.6824780620768487, 0.6826601746827281, 0.6826601746827281, 0.6828585099211584, 0.6828585099211584, 0.683606817315865, 0.683606817315865, 0.6846136317008118, 0.6846136317008118, 0.6847502564553474, 0.6847502564553474, 0.6847808112781735, 0.6847808112781735, 0.6850244731674433, 0.6850244731674433, 0.685559248512559, 0.685559248512559, 0.6858689293355609, 0.6858689293355609, 0.6860866525982591, 0.6860866525982591, 0.6868166564084528, 0.6868166564084528, 0.6868577332278203, 0.6868577332278203, 0.6870663999531053, 0.6870663999531053, 0.6872420352296374, 0.6872420352296374, 0.6872424602127847, 0.6872424602127847, 0.6877131949939916, 0.6877131949939916, 0.688453310472171, 0.688453310472171, 0.6891697734400187, 0.6891697734400187, 0.689404715847475, 0.689404715847475, 0.689909830299833, 0.689909830299833, 0.6914408394149887, 0.6914408394149887, 0.691731308068818, 0.691731308068818, 0.6924443418623054, 0.6924443418623054, 0.693082358803013, 0.693082358803013, 0.6931067733520913, 0.6931067733520913, 0.6935392010316832, 0.6935392010316832, 0.6938259034555526, 0.6938259034555526, 0.6939481520560391, 0.6939481520560391, 0.6941143937395586, 0.6941143937395586, 0.6942381371083561, 0.6942381371083561, 0.6946975731996835, 0.6946975731996835, 0.6947413464638471, 0.6947413464638471, 0.695919399747941, 0.695919399747941, 0.696344998387995, 0.696344998387995, 0.6964665728772825, 0.6964665728772825, 0.6965517746710044, 0.6965517746710044, 0.6969785896421349, 0.6969785896421349, 0.697556918432545, 0.697556918432545, 0.6975988305636156, 0.6975988305636156, 0.6979727864239866, 0.6979727864239866, 0.6980496204460858, 0.6980496204460858, 0.6984003341246813, 0.6984003341246813, 0.6984675400803071, 0.6984675400803071, 0.6991661977197456, 0.6991661977197456, 0.6993415985228172, 0.6993415985228172, 0.6995563615580762, 0.6995563615580762, 0.699618497025118, 0.699618497025118, 0.699844280313022, 0.699844280313022, 0.7010177174008616, 0.7010177174008616, 0.7016345291479821, 0.7016345291479821, 0.7016630909463935, 0.7016630909463935, 0.702042806061139, 0.702042806061139, 0.7023235294117647, 0.7023235294117647, 0.7023310179079105, 0.7023310179079105, 0.70315003370556, 0.70315003370556, 0.7032543157771329, 0.7032543157771329, 0.7034491192590638, 0.7034491192590638, 0.7035133796418418, 0.7035133796418418, 0.7038188545971453, 0.7038188545971453, 0.7038747911720742, 0.7038747911720742, 0.7044736217356897, 0.7044736217356897, 0.7044904452064832, 0.7044904452064832, 0.7046698760221577, 0.7046698760221577, 0.7047004161903925, 0.7047004161903925, 0.7050957677540373, 0.7050957677540373, 0.7052374483425657, 0.7052374483425657, 0.7059776077845189, 0.7059776077845189, 0.7060537530408277, 0.7060537530408277, 0.7064297751985698, 0.7064297751985698, 0.7081776722647206, 0.7081776722647206, 0.7083788358392684, 0.7083788358392684, 0.7087142354699727, 0.7087142354699727, 0.7090216448313256, 0.7090216448313256, 0.7098620270230663, 0.7098620270230663, 0.7098839649462176, 0.7098839649462176, 0.7101615375597174, 0.7101615375597174, 0.7102751106421641, 0.7102751106421641, 0.7107229549517864, 0.7107229549517864, 0.711112400715144, 0.711112400715144, 0.7111800902722822, 0.7111800902722822, 0.7112199214513908, 0.7112199214513908, 0.7113561065681878, 0.7113561065681878, 0.7116916234356224, 0.7116916234356224, 0.7123905595122952, 0.7123905595122952, 0.7128928895923092, 0.7128928895923092, 0.7135859345232861, 0.7135859345232861, 0.7137463290248836, 0.7137463290248836, 0.7160918549781646, 0.7160918549781646, 0.7166075207362467, 0.7166075207362467, 0.7180470412380199, 0.7180470412380199, 0.7182286995515695, 0.7182286995515695, 0.7198949119259064, 0.7198949119259064, 0.7207400715144054, 0.7207400715144054, 0.7228976669890677, 0.7228976669890677, 0.7235230663266801, 0.7235230663266801, 0.7248465517746709, 0.7248465517746709, 0.7249845687153785, 0.7249845687153785, 0.7255436120636596, 0.7255436120636596, 0.7274827662006507, 0.7274827662006507, 0.7276606875934231, 0.7276606875934231, 0.7282982942055747, 0.7282982942055747, 0.7288303291421203, 0.7288303291421203, 0.7292489228875406, 0.7292489228875406, 0.7293559746768663, 0.7293559746768663, 0.7304718924939184, 0.7304718924939184, 0.7316695389665582, 0.7316695389665582, 0.7328707611594713, 0.7328707611594713, 0.7340071074767724, 