{"title": "population_size_30_4", "popultion": 30, "subpopulation": 45, "number_of_rect": 20, "scores": [0.6214387584630265], "iters": [0], "finalScore": 0.6214387584630265, "finalIter": 5}