{"title": "population_size_40_3", "popultion": 40, "subpopulation": 60, "number_of_rect": 20, "scores": [0.6246763680060963, 0.6246763680060963, 0.6265830475688032, 0.6265830475688032, 0.6272195404320173, 0.6272195404320173, 0.6274049942847093, 0.6274049942847093, 0.6280909170843225, 0.6280909170843225, 0.6285869310354935, 0.6285869310354935, 0.6301481139541019, 0.6301481139541019, 0.6306053225475541, 0.6306053225475541, 0.6319610774055511, 0.6319610774055511, 0.6320640112547261, 0.6320640112547261, 0.6325253231337378, 0.6325253231337378, 0.6326253553738386, 0.6326253553738386, 0.6327997450101117, 0.6327997450101117, 0.6331230546030071, 0.6331230546030071, 0.6333913362056331, 0.6333913362056331, 0.633529265218793, 0.633529265218793, 0.6340089393006829, 0.6340089393006829, 0.6348870570649785, 0.6348870570649785, 0.6354751604677746, 0.6354751604677746, 0.6354912218998212, 0.6354912218998212, 0.6356322723409245, 0.6356322723409245, 0.6359835428939886, 0.6359835428939886, 0.6366427796828746, 0.6366427796828746, 0.6381019666461503, 0.6381019666461503, 0.6381420616079018, 0.6381420616079018, 0.6389680676455933, 0.6389680676455933, 0.6392884023564582, 0.6392884023564582, 0.6394017702746271, 0.6394017702746271, 0.6395121046924002, 0.6395121046924002, 0.6397450394208506, 0.6397450394208506, 0.6397529675547349, 0.6397529675547349, 0.6420638207450394, 0.6420638207450394, 0.6421582988950438, 0.6421582988950438, 0.6432952753597703, 0.6432952753597703, 0.6434067967994372, 0.6434067967994372, 0.6446869193118204, 0.6446869193118204, 0.6451908320876931, 0.6451908320876931, 0.6455627216506932, 0.6455627216506932, 0.6467981623142531, 0.6467981623142531, 0.6483610744746329, 0.6483610744746329, 0.6517162871127524, 0.6517162871127524, 0.6528974471701985, 0.6528974471701985, 0.6536518362202879, 0.6536518362202879, 0.6553636829918814, 0.6553636829918814, 0.6673216975878542, 0.6673216975878542, 0.6682477798294205, 0.6682477798294205, 0.6711020252645155, 0.6711020252645155, 0.6713550367830241, 0.6713550367830241, 0.6718738093144583, 0.6718738093144583, 0.6728079222720478, 0.6728079222720478, 0.6731940560977754, 0.6731940560977754, 0.6734067528356634, 0.6734067528356634, 0.675510697851637, 0.675510697851637, 0.6758920689351974, 0.6758920689351974, 0.6762271168557109, 0.6762271168557109, 0.6781082388112196, 0.6781082388112196, 0.6781495794132302, 0.6781495794132302, 0.6809266830798089, 0.6809266830798089, 0.6815659163515929, 0.6815659163515929, 0.6820667370087048, 0.6820667370087048, 0.6832825405199449, 0.6832825405199449, 0.6847327149095812, 0.6847327149095812, 0.6850949617515167, 0.6850949617515167, 0.6859023271490958, 0.6859023271490958, 0.6870893050792813, 0.6870893050792813, 0.6894088191330343, 0.6894088191330343, 0.6932355139365163, 0.6932355139365163, 0.6970440077376242, 0.6970440077376242, 0.6970990357278934, 0.6970990357278934, 0.6976671356135877, 0.6976671356135877, 0.697686743456725, 0.697686743456725, 0.6977440868724172, 0.6977440868724172, 0.697775462352355, 0.697775462352355, 0.6980319909727717, 0.6980319909727717, 0.6990231689088191, 0.6990231689088191, 0.7005344089803336, 0.7005344089803336, 0.7018347548286878, 0.7018347548286878, 0.7039638764324863, 0.7039638764324863, 0.7048472405404613, 0.7048472405404613, 0.7069965415164572, 0.7069965415164572, 0.7073779565637914, 0.7073779565637914, 0.7083993522670653, 0.7083993522670653, 0.7100651836220289, 0.7100651836220289, 0.7117941469562414, 0.7117941469562414, 0.7127483367038894, 0.7127483367038894, 0.7154936692165655, 0.7154936692165655, 0.7165668395908438, 0.7165668395908438, 0.7226899821213986, 0.7226899821213986, 0.7271045018904423, 0.7271045018904423, 0.7305663120255577, 0.7305663120255577, 0.7324375274773587, 0.7324375274773587, 0.7358012983967878, 0.7358012983967878, 0.7398623347694833, 0.7398623347694833, 0.7430574899616049, 0.7430574899616049, 0.743245684222867, 0.743245684222867, 0.7444294821067441, 0.7444294821067441, 0.7484041589730062, 0.7484041589730062, 0.7550278290688472, 0.7550278290688472, 0.7554023711128697, 0.7554023711128697, 0.7668104135525661, 0.7668104135525661, 0.7693925378821185, 0.7693925378821185, 0.7703788358392685, 0.7703788358392685, 0.7706348515489903, 0.7706348515489903, 0.7739756587238782, 0.7739756587238782, 0.775575280635423, 0.775575280635423, 0.7758519886280372, 0.7758519886280372, 0.776833992789941, 0.776833992789941, 0.7769497054427152, 0.7769497054427152, 0.7783689293355609, 0.7783689293355609, 0.7784807292124623, 0.7784807292124623, 0.7801319059761423, 0.7801319059761423, 0.7801693924206454, 0.7801693924206454, 0.7821522172396612, 0.7821522172396612, 0.782503150737126, 0.782503150737126, 0.7909980802485419, 0.7909980802485419, 0.792074811688502, 0.792074811688502, 0.7930927928720068, 0.7930927928720068, 0.7939420557460652, 0.7939420557460652, 0.7961391453442364, 0.7961391453442364, 0.7972231747706556, 0.7972231747706556, 0.7985038981212814, 0.7985038981212814, 0.7989507605732876, 0.7989507605732876, 0.8029121457252557, 0.8029121457252557, 0.8031623142530555, 0.8031623142530555, 0.8046086784489581, 0.8046086784489581, 0.8050935842199362, 0.8050935842199362, 0.8110805709428764, 0.8110805709428764, 0.812445558193382, 0.812445558193382, 0.8147286702423869, 0.8147286702423869, 0.8150979073243647, 0.8150979073243647, 0.8182906298543333, 0.8182906298543333, 0.8223688707171957, 0.8223688707171957, 0.8226649960432604, 0.8226649960432604, 0.8235088660277265, 0.8235088660277265, 0.8241235088953369, 0.8241235088953369, 0.8251889563000088, 0.8251889563000088, 0.8315333391951698, 0.8315333391951698, 0.8332599871039597, 0.8332599871039597, 0.8354912805181863, 0.8354912805181863, 0.8374081743310179, 0.8374081743310179, 0.8381699346405229, 0.8381699346405229, 0.8386178815322841, 0.8386178815322841, 0.8395200474808757, 0.8395200474808757, 0.8399895366218236, 0.8399895366218236, 0.843074196195668, 0.843074196195668, 0.8443862950262317, 0.8443862950262317, 0.8461364488994402, 0.8461364488994402, 0.8477690143321903, 0.8477690143321903, 0.848892874937718, 0.848892874937718, 0.8523992789941088, 0.8523992789941088, 0.8552688531316861, 0.8552688531316861, 0.8559236788885958, 0.8559236788885958, 0.8597942055746065, 0.8597942055746065, 0.8605493713180339, 0.8605493713180339, 0.8614077346932794, 0.8614077346932794, 0.8617222222222223, 0.8617222222222223, 0.861808552419473, 0.861808552419473, 0.8623523110290454, 0.8623523110290454, 0.8658421847064686, 0.8658421847064686, 0.8699587619801283, 0.8699587619801283, 0.8707623758023388, 0.8707623758023388, 0.8714532225446232, 0.8714532225446232, 0.8724875875611829, 0.8724875875611829, 0.8726658899733286, 0.8726658899733286, 0.8728431519094932, 0.8728431519094932, 0.8729645505436854, 0.8729645505436854, 0.8738742342976055, 0.8738742342976055, 0.8769818283068085, 0.8769818283068085, 0.8781252527916996, 0.8781252527916996, 0.8801737887980304, 0.8801737887980304, 0.8810302763855916, 0.8810302763855916, 0.8815801313051379, 0.8815801313051379, 0.8821759723321316, 0.8821759723321316, 0.8828482370526686, 0.8828482370526686, 0.8829491192590638, 0.8829491192590638, 0.8829951053665113, 0.8829951053665113, 0.8842970778744981, 0.8842970778744981, 0.8844595826372402, 0.8844595826372402, 0.88500216887951, 0.88500216887951, 0.8851541516457107, 0.8851541516457107, 0.8856224098009906, 0.8856224098009906, 0.8871343972566605, 0.8871343972566605, 0.8880936574928925, 0.8880936574928925, 0.889245684222867, 0.889245684222867, 0.8898625106245787, 0.8898625106245787, 0.891054441806618, 0.891054441806618, 0.8921277147630353, 0.8921277147630353, 0.8924129956915502, 0.8924129956915502, 0.8927567191301035, 0.8927567191301035, 0.8938566634426566, 0.8938566634426566, 0.8939270640991823, 0.8939270640991823, 0.8943443096222047],