{"title": "population_size_40_1", "popultion": 40, "subpopulation": 60, "number_of_rect": 20, "scores": [0.6323148685483162], "iters": [0], "finalScore": 0.6323148685483162, "finalIter": 5}