{"title": "population_size_2_4", "popultion": 2, "subpopulation": 3, "number_of_rect": 20, "scores": [0.5161194349189602, 0.5161194349189602, 0.5189057416688648, 0.5189057416688648, 0.5190559219203377, 0.5190559219203377, 0.520211817462411, 0.520211817462411, 0.5204757906151998, 0.5204757906151998, 0.5205358890940531, 0.5205358890940531, 0.5211427357191007, 0.5211427357191007, 0.5216589876608342, 0.5216589876608342, 0.523735704446203, 0.523735704446203, 0.5249751018494094, 0.5249751018494094, 0.5253716697441309, 0.5253716697441309, 0.5255286497259591, 0.5255286497259591, 0.5264551422960814, 0.5264551422960814, 0.5272891057768399, 0.5272891057768399, 0.5281572584190627, 0.5281572584190627, 0.5295912834491046, 0.5295912834491046, 0.5315793839209825, 0.5315793839209825, 0.5342373750696092, 0.5342373750696092, 0.535162548726516, 0.535162548726516, 0.5352714616489346, 0.5352714616489346, 0.5354094785896422, 0.5354094785896422, 0.5373346815557314, 0.5373346815557314, 0.5384091561886339, 0.5384091561886339, 0.5386971628711275, 0.5386971628711275, 0.5388730179665289, 0.5388730179665289, 0.5394461443770333, 0.5394461443770333, 0.54037782467247, 0.54037782467247, 0.5413906181306604, 0.5413906181306604, 0.542537017497582, 0.542537017497582, 0.5448854597145285, 0.5448854597145285, 0.5457445704739294, 0.5457445704739294, 0.5469255107125062, 0.5469255107125062, 0.547070620475395, 0.547070620475395, 0.5476116679855798, 0.5476116679855798, 0.548489448694276, 0.548489448694276, 0.551746255751927, 0.551746255751927, 0.5537241126644978, 0.5537241126644978, 0.5562753011518509, 0.5562753011518509, 0.5576802661273776, 0.5576802661273776, 0.5625487265160174, 0.5625487265160174, 0.5644340983029983, 0.5644340983029983, 0.5658198364547613, 0.5658198364547613, 0.5684748380667664, 0.5684748380667664, 0.5690464257451859, 0.5690464257451859, 0.5714390808640347, 0.5714390808640347, 0.5743935343943258, 0.5743935343943258, 0.5777474427738211, 0.5777474427738211, 0.5839197221489493, 0.5839197221489493, 0.5899943286731733, 0.5899943286731733, 0.597389255253671, 0.597389255253671, 0.6114295114159266, 0.6114295114159266, 0.6119380843518274, 0.6119380843518274, 0.6126995662240979, 0.6126995662240979, 0.6127546088689586, 0.6127546088689586, 0.6166820979512881, 0.6166820979512881, 0.6177006653184443, 0.6177006653184443, 0.6191985990210733, 0.6191985990210733, 0.6248160702248013, 0.6248160702248013, 0.6256588118057387, 0.6256588118057387, 0.6259153990445206, 0.6259153990445206, 0.6329286761042234, 0.6329286761042234, 0.6342134148128609, 0.6342134148128609, 0.6404819162343562, 0.6404819162343562, 0.6411798118350479, 0.6411798118350479, 0.6451498431958733, 0.6451498431958733, 0.6473473138134177, 0.6473473138134177, 0.6492732934728451, 0.6492732934728451, 0.6508072481608488, 0.6508072481608488, 0.6549290864327794, 0.6549290864327794, 0.6593774876168703, 0.6593774876168703, 0.6613928016647616, 0.6613928016647616, 0.6648026466191858, 0.6648026466191858, 0.666773865001905, 0.666773865001905, 0.6680083091532577, 0.6680083091532577, 0.6694470822708755, 0.6694470822708755, 0.6727253729593481, 0.6727253729593481, 0.6751650839708081, 0.6751650839708081, 0.6774295114159266, 0.6774295114159266, 0.6775798968316773, 0.6775798968316773, 0.6824706761628418, 0.6824706761628418, 0.6836461942026437, 0.6836461942026437, 0.6878649872505056, 0.6878649872505056, 0.6938667604560509, 0.6938667604560509, 0.6967687505495472, 0.6967687505495472, 0.6982720038688122, 0.6982720038688122, 0.6991827427533046, 0.6991827427533046, 0.7054674374981682, 0.7054674374981682, 0.7068879070312729, 0.7068879070312729, 0.7089064011254727, 0.7089064011254727, 0.7205667516632961, 0.7205667516632961, 0.7237932090623993, 0.7237932090623993, 0.7284295846888831, 0.7284295846888831, 0.7313937835223776, 0.7313937835223776, 0.7329593921275536, 0.7329593921275536, 0.7373546264544681, 0.7373546264544681, 0.7379098156452417, 0.7379098156452417, 0.7394778422579795, 0.7394778422579795, 0.742937703332454, 0.742937703332454, 0.7463302998329376, 0.7463302998329376, 0.7508970368416426, 0.7508970368416426, 0.7530991236554412, 0.7530991236554412, 0.7534320906239925, 0.7534320906239925, 0.7547619947829656, 0.7547619947829656, 0.7570714411325068, 0.7570714411325068, 0.7597677540373399, 0.7597677540373399, 0.7609383627890618, 0.7609383627890618, 0.7611106128550075, 0.7611106128550075, 0.762076672821595, 0.762076672821595, 0.7636137342829509, 0.7636137342829509, 0.7641480846449192, 0.7641480846449192, 0.7642000058618366, 0.7642000058618366, 0.7648512705530643, 0.7648512705530643, 0.7652668601072716, 0.7652668601072716, 0.7654696796506346, 0.7654696796506346, 0.7658433277645886, 0.7658433277645886, 0.7660365925144348, 0.7660365925144348, 0.7668104135525661, 0.7668104135525661, 0.7690048799788973, 0.7690048799788973, 0.7690742841232158, 0.7690742841232158, 0.7698423898707465, 0.7698423898707465, 0.7708453207890031, 0.7708453207890031, 0.7713993962308392, 0.7713993962308392, 0.7735644069286908, 0.7735644069286908, 0.7737331105835459, 0.7737331105835459, 0.7755405785632639, 0.7755405785632639, 0.7765983762712858, 0.7765983762712858, 0.7780968082300185, 0.7780968082300185, 0.7791276707992614], "iters": [0, 0, 1, 3, 4, 8, 9, 14, 15, 16, 17, 18, 19, 19, 20, 20, 21, 21, 22, 24, 25, 32, 33, 37, 38, 39, 40, 40, 41, 41, 42, 44, 45, 47, 48, 52, 53, 61, 62, 72, 73, 88, 89, 94, 95, 112, 113, 116, 117, 128, 129, 129, 130, 132, 133, 133, 134, 143, 144, 150, 151, 154, 155, 155, 156, 156, 157, 157, 158, 160, 161, 165, 166, 187, 188, 190, 191, 193, 194, 195, 196, 197, 198, 198, 199, 199, 200, 200, 201, 201, 202, 202, 203, 205, 206, 208, 209, 213, 214, 214, 215, 216, 217, 217, 218, 219, 220, 221, 222, 222, 223, 225, 226, 231, 232, 235, 236, 236, 237, 243, 244, 251, 252, 252, 253, 255, 256, 256, 257, 257, 258, 258, 259, 260, 261, 261, 262, 262, 263, 264, 265, 273, 274, 281, 282, 283, 284, 293, 294, 297, 298, 298, 299, 302, 303, 303, 304, 304, 305, 306, 307, 308, 309, 311, 312, 314, 315, 317, 318, 323, 324, 324, 325, 325, 326, 327, 328, 328, 329, 329, 330, 330, 331, 331, 332, 333, 334, 334, 335, 337, 338, 339, 340, 341, 342, 346, 347, 351, 352, 378, 379, 534, 535, 538, 539, 540, 541, 541, 542, 554, 555, 569, 570, 572, 573, 580, 581, 610, 611, 647, 648, 652, 653, 670, 671, 741, 742, 817, 818, 895, 896, 933, 934, 954, 955, 968, 969, 972, 973, 976, 977, 977, 978, 980, 981, 981, 982, 985, 986, 987, 988, 988, 989, 997, 998], "finalScore": 0.7791276707992614, "finalIter": 1000}