{"title": "population_size_100_3", "popultion": 100, "subpopulation": 150, "number_of_rect": 20, "scores": [0.6301185702980744, 0.6301185702980744, 0.6307661420322987, 0.6307661420322987, 0.633098596090155, 0.633098596090155, 0.6331513233095929, 0.6331513233095929, 0.6332556933087137, 0.6332556933087137, 0.634590682610862, 0.634590682610862, 0.6348287024824878, 0.6348287024824878, 0.6362215481110232, 0.6362215481110232, 0.6363155573141065, 0.6363155573141065, 0.6366987602215775, 0.6366987602215775, 0.6398745127348398, 0.6398745127348398, 0.6402633136961811, 0.6402633136961811, 0.6413550367830241, 0.6413550367830241, 0.6423613675664586, 0.6423613675664586, 0.6430218353410124, 0.6430218353410124, 0.6446907001963715, 0.6446907001963715, 0.6449131129282804, 0.6449131129282804, 0.6457973123479586, 0.6457973123479586, 0.6478958351651573, 0.6478958351651573, 0.6530527125648465, 0.6530527125648465, 0.6573175649931123, 0.6573175649931123, 0.6574709252908937, 0.6574709252908937, 0.6582885489023711, 0.6582885489023711, 0.6640327823207011, 0.6640327823207011, 0.6666546059380404, 0.6666546059380404, 0.6699931856150532, 0.6699931856150532, 0.670179870453413, 0.670179870453413, 0.673850845569917, 0.673850845569917, 0.6873678742049885, 0.6873678742049885, 0.6900666783903397, 0.6900666783903397, 0.692756851021425, 0.692756851021425, 0.6941365954453531, 0.6941365954453531, 0.6955262463729887, 0.6955262463729887, 0.7032837275418389, 0.7032837275418389, 0.7050151675019785, 0.7050151675019785, 0.7070081479527536, 0.7070081479527536, 0.7091807790380726, 0.7091807790380726, 0.7094587326709458, 0.7094587326709458, 0.7133529851402445, 0.7133529851402445, 0.7133893871449926, 0.7133893871449926, 0.7144297605439784, 0.7144297605439784, 0.7153817227937513, 0.7153817227937513, 0.7194699727424603, 0.7194699727424603, 0.7216640874586008, 0.7216640874586008, 0.7251003106773353, 0.7251003106773353, 0.7267721357601336, 0.7267721357601336, 0.7342306632668014, 0.7342306632668014, 0.7350773615873853, 0.7350773615873853, 0.7379391248278085, 0.7379391248278085, 0.743875348046543, 0.743875348046543, 0.7509943286731733, 0.7509943286731733, 0.7562340338227966, 0.7562340338227966, 0.7584956329317976, 0.7584956329317976, 0.7596220873999824, 0.7596220873999824, 0.759696928397667, 0.759696928397667, 0.7649568568832615, 0.7649568568832615, 0.7663370849087019, 0.7663370849087019, 0.767095694481081, 0.767095694481081, 0.7674994724347138, 0.7674994724347138, 0.7709380550426448, 0.7709380550426448, 0.7711036372695566, 0.7711036372695566, 0.7726336791816877, 0.7726336791816877, 0.7729539406195961, 0.7729539406195961, 0.7746347050030775, 0.7746347050030775, 0.7747757994079545, 0.7747757994079545, 0.7759142999501744, 0.7759142999501744, 0.7781614056683959, 0.7781614056683959, 0.7782204343620857, 0.7782204343620857, 0.7784746329024883, 0.7784746329024883, 0.7814676133532636, 0.7814676133532636, 0.7817480729212463, 0.7817480729212463, 0.7830044403411589, 0.7830044403411589, 0.7836816290043671, 0.7836816290043671, 0.7845050411794015, 0.7845050411794015, 0.7908121281397462, 0.7908121281397462, 0.7926189513174478, 0.7926189513174478, 0.794366144963217, 0.794366144963217, 0.7982779243236906, 0.7982779243236906, 0.8000750021981887, 0.8000750021981887, 0.8028487646179548, 0.8028487646179548, 0.8049801723379935, 0.8049801723379935, 0.8082082710513203, 0.8082082710513203, 0.8101599402092676, 0.8101599402092676, 0.8106779800111374, 0.8106779800111374, 0.8139332190275212, 0.8139332190275212, 0.8166260294850376, 0.8166260294850376, 0.8188854157507547, 0.8188854157507547, 0.8194696356868607, 0.8194696356868607, 0.8219345379407368, 0.8219345379407368, 0.8237683402209912, 0.8237683402209912, 0.8252400568598142, 0.8252400568598142, 0.8313629502623172, 0.8313629502623172, 0.8395831208417597, 0.8395831208417597, 0.839896597203904, 0.839896597203904, 0.8423727395292946, 0.8423727395292946, 0.8424532371992145, 0.8424532371992145, 0.8425643776195082, 0.8425643776195082, 0.8438082593276474, 0.8438082593276474, 0.8444259796594273, 0.8444259796594273, 0.8476212081245054, 0.8476212081245054, 0.8485697265453267, 0.8485697265453267, 0.8487358949558896, 0.8487358949558896, 0.8504711890735368, 0.8504711890735368, 0.8530040007034204, 0.8530040007034204, 0.8530359623670096, 0.8530359623670096, 0.8532105571675606, 0.8532105571675606, 0.8553936369764648, 0.8553936369764648, 0.8569358715085437, 0.8569358715085437, 0.8581446115067851, 0.8581446115067851, 0.8606510009085846, 0.8606510009085846, 0.8613835106538879, 0.8613835106538879, 0.861788182537589, 0.861788182537589, 0.8633311644538234, 0.8633311644538234, 0.8635962220463671, 0.8635962220463671, 0.8640678214484598, 0.8640678214484598, 0.8641364342448489, 0.8641364342448489, 0.864761452563088, 0.864761452563088, 0.8647714616489346, 0.8647714616489346, 0.8652450394208505, 0.8652450394208505, 0.8652931650986254, 0.8652931650986254, 0.8654232832146311, 0.8654232832146311, 0.8656217356897916, 0.8656217356897916, 0.8661542102640758, 0.8661542102640758, 0.8664253495120021, 0.8664253495120021, 0.867153448225329, 0.867153448225329, 0.8671596324628505, 0.8671596324628505, 0.8676889269908262, 0.8676889269908262, 0.8680064187109822, 0.8680064187109822, 0.8689673935343943, 0.8689673935343943, 0.8696896890295729, 0.8696896890295729, 0.8699349922330666, 0.8699349922330666, 0.8708821038131247, 0.8708821038131247, 0.8709386998446613, 0.8709386998446613, 0.8711159031624608, 0.8711159031624608, 0.8715597760778452, 0.8715597760778452, 0.8717465048799788, 0.8717465048799788, 0.8718580849380111, 0.8718580849380111, 0.8723390925877077, 0.8723390925877077, 0.8728051672088866, 0.8728051672088866, 0.8732891790497963, 0.8732891790497963, 0.8735819191652745, 0.8735819191652745, 0.8745534306398195, 0.8745534306398195, 0.875446642633137, 0.875446642633137, 0.8764836015123538, 0.8764836015123538, 0.8765959289545414, 0.8765959289545414, 0.8765983323075119, 0.8765983323075119, 0.8766990826225857, 0.8766990826225857, 0.8767723995427767, 0.8767723995427767, 0.8770702980743867, 0.8770702980743867, 0.8771355696239632, 0.8771355696239632, 0.8783355022128433, 0.8783355022128433, 0.8783620270230663, 0.8783620270230663, 0.8796225856560861, 0.8796225856560861, 0.8800137166974413, 0.8800137166974413, 0.8800390105219965, 0.8800390105219965, 0.8803664380550427, 0.8803664380550427, 0.8805183182391043, 0.8805183182391043, 0.8819267710073566, 0.8819267710073566, 0.8819555965884112, 0.8819555965884112, 0.8819721416219701, 0.8819721416219701, 0.8820936868020751, 0.8820936868020751, 0.883031903045224, 0.883031903045224, 0.8835990357278936, 0.8835990357278936, 0.8847995691550162, 0.8847995691550162, 0.8848645036489933, 0.8848645036489933, 0.885954189747648, 0.885954189747648, 0.8860311116972948, 0.8860311116972948, 0.8876188633899, 0.8876188633899, 0.8889441513526187, 0.8889441513526187, 0.889146003692957, 0.889146003692957, 0.8893214631143938, 0.8893214631143938, 0.889537896773059, 0.889537896773059, 0.8898625838975351, 0.8898625838975351, 0.8905478912043143],