{"title": "population_size_50_2", "popultion": 50, "subpopulation": 75, "number_of_rect": 20, "scores": [0.6218583340660628], "iters": [0], "finalScore": 0.6218583340660628, "finalIter": 5}