{"title": "subpopulation_size_30_3", "popultion": 30, "subpopulation": 30, "number_of_rect": 20, "scores": [0.6474919106656115], "iters": [0], "finalScore": 0.6474919106656115, "finalIter": 5}