{"title": "population_size_15_3", "popultion": 15, "subpopulation": 22, "number_of_rect": 20, "scores": [0.6020273161581524], "iters": [0], "finalScore": 0.6020273161581524, "finalIter": 5}