{"title": "population_size_30_0", "popultion": 30, "subpopulation": 45, "number_of_rect": 20, "scores": [0.626495193294059], "iters": [0], "finalScore": 0.626495193294059, "finalIter": 5}