{"title": "subpopulation_size_2_4", "popultion": 50, "subpopulation": 100, "number_of_rect": 20, "scores": [0.6553815469386559], "iters": [0], "finalScore": 0.6553815469386559, "finalIter": 5}