{"title": "population_size_30_1", "popultion": 30, "subpopulation": 45, "number_of_rect": 20, "scores": [0.6551038570884258, 0.6551038570884258, 0.6563399278994109, 0.6563399278994109, 0.6578844338931387, 0.6578844338931387, 0.6601788153228406, 0.6601788153228406, 0.6622156569653272, 0.6622156569653272, 0.6634674668073508, 0.6634674668073508, 0.6651884287347226, 0.6651884287347226, 0.6693658665259825, 0.6693658665259825, 0.6704308889475072, 0.6704308889475072, 0.6705698730912395, 0.6705698730912395, 0.6711249303906914, 0.6711249303906914, 0.6714083648407045, 0.6714083648407045, 0.6727817784811981, 0.6727817784811981, 0.6732119933175064, 0.6732119933175064, 0.6733808874820482, 0.6733808874820482, 0.6735419560948446, 0.6735419560948446, 0.6740114598903837, 0.6740114598903837, 0.67452900143615, 0.67452900143615, 0.6747795656379143, 0.6747795656379143, 0.6752454497494065, 0.6752454497494065, 0.6757824086286233, 0.6757824086286233, 0.6761735836337525, 0.6761735836337525, 0.6765214982854129, 0.6765214982854129, 0.6774485916937776, 0.6774485916937776, 0.6776568480905067, 0.6776568480905067, 0.6778156305870628, 0.6778156305870628, 0.6778199536914915, 0.6778199536914915, 0.6809347431050148, 0.6809347431050148, 0.6816880184061667, 0.6816880184061667, 0.6818838916732612, 0.6818838916732612, 0.6822473255370908, 0.6822473255370908, 0.6842117002256807, 0.6842117002256807, 0.6845132330959289, 0.6845132330959289, 0.6847195697412, 0.6847195697412, 0.6856325947419326, 0.6856325947419326, 0.6863425950350245, 0.6863425950350245, 0.6865673085377648, 0.6865673085377648, 0.687424206453882, 0.687424206453882, 0.6876166212374337, 0.6876166212374337, 0.6894363258008733, 0.6894363258008733, 0.6897295495178639, 0.6897295495178639, 0.6904488554764208, 0.6904488554764208, 0.6909288519593189, 0.6909288519593189, 0.6909545854216126, 0.6909545854216126, 0.6913489111638677, 0.6913489111638677, 0.6916242709340836, 0.6916242709340836, 0.6918143702922126, 0.6918143702922126, 0.6935919722148949, 0.6935919722148949, 0.6937532020281953, 0.6937532020281953, 0.6942468858993522, 0.6942468858993522, 0.6954703097980597, 0.6954703097980597, 0.6956542395732583, 0.6956542395732583, 0.6959788827339606, 0.6959788827339606, 0.6970834432427679, 0.6970834432427679, 0.6979350508514317, 0.6979350508514317, 0.7002848559453677, 0.7002848559453677, 0.7025144640815968, 0.7025144640815968, 0.7031954336293561, 0.7031954336293561, 0.7034810076496967, 0.7034810076496967, 0.7049695917230868, 0.7049695917230868, 0.7061007942788475, 0.7061007942788475, 0.7066939974794103, 0.7066939974794103, 0.7075695506902313, 0.7075695506902313, 0.7113122014127026, 0.7113122014127026, 0.7115910050118702, 0.7115910050118702, 0.713846551774671, 0.713846551774671, 0.7155589700753247, 0.7155589700753247, 0.7162535537383863, 0.7162535537383863, 0.7177296667545943, 0.7177296667545943, 0.7200853629942261, 0.7200853629942261, 0.7203666432193205, 0.7203666432193205, 0.7257168586418126, 0.7257168586418126, 0.7259852281719863, 0.7259852281719863, 0.7285547055892612, 0.7285547055892612, 0.7299839825317271, 0.7299839825317271, 0.7300246050587649, 0.7300246050587649, 0.7304844075148744, 0.7304844075148744, 0.7315506902312494, 0.7315506902312494, 0.7327186611565404, 0.7327186611565404, 0.7327914212022627, 0.7327914212022627, 0.7328738093144582, 0.7328738093144582, 0.732926946862452, 0.732926946862452, 0.7336050148011373, 0.7336050148011373, 0.73411395410182, 0.73411395410182, 0.7358940033412469, 0.7358940033412469, 0.7373477974149301, 0.7373477974149301, 0.737605571675606, 0.737605571675606, 0.7376360532254755, 0.7376360532254755, 0.7402272634016237, 0.7402272634016237, 0.7419660746211788, 0.7419660746211788, 0.742774846859521, 0.742774846859521, 0.742859843488965, 0.742859843488965, 0.7429489287493771, 0.7429489287493771, 0.7429726398780738, 0.7429726398780738, 0.7444911339722735, 0.7444911339722735, 0.7464043348281016, 0.7464043348281016, 0.7469458512852076, 0.7469458512852076, 0.7477994665728773, 0.7477994665728773, 0.7485226999618981, 0.7485226999618981, 0.7504488847856033, 0.7504488847856033, 0.7509307130924119, 0.7509307130924119, 0.752339986517776, 0.752339986517776, 0.7542890031947009, 0.7542890031947009, 0.7555700489463348, 0.7555700489463348, 0.7560447551217797, 0.7560447551217797, 0.7568872329200739, 0.7568872329200739, 0.7576651132799906, 0.7576651132799906, 0.7588703215217327, 0.7588703215217327, 0.7589471701984232, 0.7589471701984232, 0.7604949588205985, 0.7604949588205985, 0.7619862393387848, 0.7619862393387848, 0.7620872241273191, 0.7620872241273191, 0.7623942085055248, 0.7623942085055248, 0.7626542688824409, 0.7626542688824409, 0.7627693220786071, 0.7627693220786071, 0.7629788973885518, 0.7629788973885518, 0.7633168029543655, 0.7633168029543655, 0.7634117060875172, 0.7634117060875172, 0.7638492335648759, 0.7638492335648759, 0.7640656965327237, 0.7640656965327237, 0.7651833582461385, 0.7651833582461385, 0.767113016207978, 0.767113016207978, 0.7671340162372872, 0.7671340162372872, 0.7671831384272693, 0.7671831384272693, 0.7672310149769923, 0.7672310149769923, 0.7683333333333333, 0.7683333333333333, 0.768971408892406, 0.768971408892406, 0.7689943433277646, 0.7689943433277646, 0.7695232861455494, 0.7695232861455494, 0.7700333685043524, 0.7700333685043524, 0.7701566136170462, 0.7701566136170462, 0.7703267241126646, 0.7703267241126646, 0.7707401447873619, 0.7707401447873619, 0.7709118086696563, 0.7709118086696563, 0.7709149740613734, 0.7709149740613734, 0.7709201324775052, 0.7709201324775052, 0.7718403821917407, 0.7718403821917407, 0.7723323221665348], "iters": [0, 35, 36, 38, 39, 39, 40, 41, 42, 42, 43, 44, 45, 45, 46, 48, 49, 49, 50, 50, 51, 51, 52, 52, 53, 55, 56, 57, 58, 59, 60, 60, 61, 61, 62, 67, 68, 69, 70, 70, 71, 71, 72, 72, 73, 75, 76, 76, 77, 78, 79, 79, 80, 80, 81, 85, 86, 88, 89, 90, 91, 92, 93, 97, 98, 99, 100, 100, 101, 102, 103, 104, 105, 107, 108, 111, 112, 112, 113, 117, 118, 119, 120, 122, 123, 123, 124, 124, 125, 126, 127, 127, 128, 129, 130, 130, 131, 133, 134, 137, 138, 138, 139, 140, 141, 142, 143, 145, 146, 147, 148, 152, 153, 153, 154, 155, 156, 156, 157, 157, 158, 158, 159, 159, 160, 160, 161, 161, 162, 164, 165, 166, 167, 167, 168, 168, 169, 169, 170, 172, 173, 173, 174, 175, 176, 176, 177, 178, 179, 180, 181, 182, 183, 184, 185, 186, 187, 187, 188, 188, 189, 189, 190, 191, 192, 192, 193, 193, 194, 194, 195, 197, 198, 198, 199, 199, 200, 200, 201, 203, 204, 204, 205, 206, 207, 207, 208, 208, 209, 209, 210, 210, 211, 212, 213, 214, 215, 217, 218, 219, 220, 224, 225, 228, 229, 230, 231, 234, 235, 236, 237, 239, 240, 241, 242, 246, 247, 247, 248, 250, 251, 269, 270, 271, 272, 285, 286, 291, 292, 293, 294, 296, 297, 302, 303, 322, 323, 323, 324, 326, 327, 341, 342, 361, 362, 379, 380, 383, 384, 393, 394, 403, 404, 457, 458, 502, 503, 556, 557, 581, 582, 583, 584, 619, 620, 622, 623, 641, 642, 645, 646, 666, 667, 838, 839], "finalScore": 0.7723323221665348, "finalIter": 1000}