{"title": "subpopulation_size_1.5_1", "popultion": 40, "subpopulation": 60, "number_of_rect": 20, "scores": [0.6135558486473812, 0.6135558486473812, 0.6136930888947507, 0.6136930888947507, 0.6164005099797767, 0.6164005099797767, 0.6168959377472962, 0.6168959377472962, 0.6176247105718221, 0.6176247105718221, 0.6177301357015152, 0.6177301357015152, 0.6183284973182098, 0.6183284973182098, 0.6190930859638324, 0.6190930859638324, 0.6203335531522026, 0.6203335531522026, 0.6207624197661127, 0.6207624197661127, 0.6225691403616753, 0.6225691403616753, 0.6226140420293678, 0.6226140420293678, 0.6243880828863684, 0.6243880828863684, 0.6252572320407983, 0.6252572320407983, 0.6252910694920719, 0.6252910694920719, 0.6263882147776898, 0.6263882147776898, 0.6274957062047539, 0.6274957062047539, 0.628582461385152, 0.628582461385152, 0.6286462821301915, 0.6286462821301915, 0.630970221870512, 0.630970221870512, 0.6309798939007591, 0.6309798939007591, 0.6315042791406548, 0.6315042791406548, 0.6327733520912102, 0.6327733520912102, 0.6359738708637416, 0.6359738708637416, 0.6374910020809519, 0.6374910020809519, 0.6377197749054779, 0.6377197749054779, 0.6446005158416133, 0.6446005158416133, 0.645664717606026, 0.645664717606026, 0.6475230223629063, 0.6475230223629063, 0.6486164160731558, 0.6486164160731558, 0.6489329112811044, 0.6489329112811044, 0.6493656906708872, 0.6493656906708872, 0.6522909815645241, 0.6522909815645241, 0.6533448225328995, 0.6533448225328995, 0.6548617192766494, 0.6548617192766494, 0.6563111609367215, 0.6563111609367215, 0.6568639321199332, 0.6568639321199332, 0.6580643776195082, 0.6580643776195082, 0.6598184589231806, 0.6598184589231806, 0.6649136991119318, 0.6649136991119318, 0.6650768340220992, 0.6650768340220992, 0.6696005891145695, 0.6696005891145695, 0.670951097628887, 0.670951097628887, 0.6743757876842815, 0.6743757876842815, 0.6797491280518186, 0.6797491280518186, 0.6812428705413406, 0.6812428705413406, 0.6837441454907822, 0.6837441454907822, 0.6837478237931944, 0.6837478237931944, 0.6875987865998416, 0.6875987865998416, 0.6964426419297166, 0.6964426419297166, 0.698057079633049, 0.698057079633049, 0.6991810281661244, 0.6991810281661244, 0.7063688267534218, 0.7063688267534218, 0.7104267123889915, 0.7104267123889915, 0.7155477593129929, 0.7155477593129929, 0.7201102904539993, 0.7201102904539993, 0.7221254286467951, 0.7221254286467951, 0.7225733169201911, 0.7225733169201911, 0.7255994460564494, 0.7255994460564494, 0.7296137342829508, 0.7296137342829508, 0.7318899440194613, 0.7318899440194613, 0.7336688648553592, 0.7336688648553592, 0.7372192326856004, 0.7372192326856004, 0.7372848266361851, 0.7372848266361851, 0.73964729329699, 0.73964729329699, 0.7411497406137343, 0.7411497406137343, 0.7420617104838947, 0.7420617104838947, 0.7422204636712681, 0.7422204636712681, 0.745450775227879, 0.745450775227879, 0.7464516838125385, 0.7464516838125385, 0.7475093935930126, 0.7475093935930126, 0.7527690143321902, 0.7527690143321902, 0.7539451918285999, 0.7539451918285999, 0.7547574811688502, 0.7547574811688502, 0.7588587590492102, 0.7588587590492102, 0.7601927225299686, 0.7601927225299686, 0.763439461883408, 0.763439461883408, 0.7650664439168792, 0.7650664439168792, 0.7684298338169349, 0.7684298338169349, 0.7736158298895044, 0.7736158298895044, 0.775993742489522, 0.775993742489522, 0.7878198364547613, 0.7878198364547613, 0.7881248717723263, 0.7881248717723263, 0.7900692722529968, 0.7900692722529968, 0.7914264486063484, 0.7914264486063484, 0.7918450570063601, 0.7918450570063601, 0.7937364664849498, 0.7937364664849498, 0.7950315806442159, 0.7950315806442159, 0.79518839942554, 0.79518839942554, 0.7956663589202497, 0.7956663589202497, 0.7958904129663824, 0.7958904129663824, 0.7967213576013366, 0.7967213576013366, 0.7967587414637005, 0.7967587414637005, 0.7978027345467336, 0.7978027345467336, 0.7983707171956974, 0.7983707171956974, 0.799518713913069, 0.799518713913069, 0.8010625457955978, 0.8010625457955978, 0.8013555350391277, 0.8013555350391277, 0.8018671854391981, 0.8018671854391981, 0.802455948298602, 0.802455948298602, 0.8034913684457341, 0.8034913684457341, 0.8037148216536241, 0.8037148216536241, 0.8039184471995076, 0.8039184471995076, 0.806740774934787, 0.806740774934787, 0.8067502418007562, 0.8067502418007562, 0.8086686743456726, 0.8086686743456726, 0.8091938362789062, 0.8091938362789062, 0.8095601424426273, 0.8095601424426273, 0.8097610568891234, 0.8097610568891234, 0.8099537061461356, 0.8099537061461356, 0.8107312347958615, 0.8107312347958615, 0.8116472639878074, 0.8116472639878074, 0.812239221548111, 0.812239221548111, 0.8128162314253056, 0.8128162314253056, 0.8128571177349864, 0.8128571177349864, 0.8133368797444239, 0.8133368797444239, 0.8141809255839855, 0.8141809255839855, 0.8156166358920249, 0.8156166358920249, 0.8160508514317536, 0.8160508514317536, 0.8165276825229344, 0.8165276825229344, 0.8170641871098215, 0.8170641871098215, 0.8172326856003986, 0.8172326856003986, 0.8175780503531757, 0.8175780503531757, 0.8179599050382484, 0.8179599050382484, 0.8179959992965796, 0.8179959992965796, 0.8180194173334505, 0.8180194173334505, 0.8182654386119171, 0.8182654386119171, 0.8182978692224274, 0.8182978692224274, 0.8183238957765469, 0.8183238957765469, 0.8186776576101292, 0.8186776576101292, 0.8188632580087342, 0.8188632580087342, 0.8189194730208975, 0.8189194730208975, 0.8189291157419619, 0.8189291157419619, 0.8189879099621912, 0.8189879099621912, 0.8190137606612151, 0.8190137606612151, 0.819066077552097, 0.819066077552097, 0.8191319792490988, 0.8191319792490988, 0.8192989390075911, 0.8192989390075911, 0.8194668220053343, 0.8194668220053343, 0.8196040329435212, 0.8196040329435212, 0.8196458131832703, 0.8196458131832703, 0.8196736569067089, 0.8196736569067089, 0.8197197455962953, 0.8197197455962953, 0.8198250095254843, 0.8198250095254843, 0.8198430493273543, 0.8198430493273543, 0.8199196342214016, 0.8199196342214016, 0.8200215422491867, 0.8200215422491867, 0.8200577244350655, 0.8200577244350655, 0.8201926492570122, 0.8201926492570122, 0.8204042175913714], "iters": [0, 33, 34, 35, 36, 44, 45, 46, 47, 49, 50, 50, 51, 52, 53, 54, 55, 59, 60, 62, 63, 67, 68, 71, 72, 86, 87, 88, 89, 89, 90, 90, 91, 91, 92, 92, 93, 93, 94, 94, 95, 96, 97, 98, 99, 100, 101, 103, 104, 105, 106, 106, 107, 112, 113, 114, 115, 115, 116, 116, 117, 117, 118, 118, 119, 120, 121, 121, 122, 122, 123, 123, 124, 125, 126, 126, 127, 128, 129, 132, 133, 133, 134, 134, 135, 135, 136, 136, 137, 137, 138, 138, 139, 139, 140, 140, 141, 142, 143, 143, 144, 144, 145, 145, 146, 147, 148, 148, 149, 149, 150, 152, 153, 153, 154, 154, 155, 155, 156, 159, 160, 160, 161, 161, 162, 164, 165, 165, 166, 167, 168, 168, 169, 169, 170, 170, 171, 172, 173, 173, 174, 175, 176, 176, 177, 178, 179, 179, 180, 180, 181, 183, 184, 184, 185, 185, 186, 187, 188, 188, 189, 189, 190, 191, 192, 193, 194, 196, 197, 197, 198, 198, 199, 199, 200, 203, 204, 204, 205, 205, 206, 207, 208, 208, 209, 209, 210, 212, 213, 213, 214, 216, 217, 218, 219, 220, 221, 222, 223, 223, 224, 224, 225, 225, 226, 226, 227, 230, 231, 231, 232, 232, 233, 233, 234, 235, 236, 236, 237, 237, 238, 238, 239, 239, 240, 242, 243, 243, 244, 245, 246, 246, 247, 251, 252, 259, 260, 261, 262, 275, 276, 280, 281, 284, 285, 288, 289, 290, 291, 296, 297, 313, 314, 322, 323, 351, 352, 361, 362, 487, 488, 505, 506, 534, 535, 552, 553, 554, 555, 561, 562, 564, 565, 592, 593, 666, 667, 701, 702, 776, 777, 790, 791, 792, 793, 795, 796, 831, 832, 843, 844, 860, 861, 876, 877, 901, 902, 929, 930], "finalScore": 0.8204042175913714, "finalIter": 1000}