{"title": "subpopulation_size_2_3", "popultion": 40, "subpopulation": 80, "number_of_rect": 20, "scores": [0.6230052170344968, 0.6230052170344968, 0.6230696825815528, 0.6230696825815528, 0.6235724522993054, 0.6235724522993054, 0.6246801342360562, 0.6246801342360562, 0.6253885664878807, 0.6253885664878807, 0.626356839297752, 0.626356839297752, 0.6298467129751751, 0.6298467129751751, 0.6315479205134968, 0.6315479205134968, 0.6320991529646238, 0.6320991529646238, 0.6332253436501656, 0.6332253436501656, 0.6350675869749993, 0.6350675869749993, 0.635559351094698, 0.635559351094698, 0.6362553562531141, 0.6362553562531141, 0.63770975116504, 0.63770975116504, 0.6384533690905361, 0.6384533690905361, 0.639669685512471, 0.639669685512471, 0.6419548785134384, 0.6419548785134384, 0.6457235411354377, 0.6457235411354377, 0.648377678126557, 0.648377678126557, 0.6500305108590522, 0.6500305108590522, 0.6501812040212198, 0.6501812040212198, 0.6519647117441895, 0.6519647117441895, 0.6523834227263402, 0.6523834227263402, 0.6565138778979455, 0.6565138778979455, 0.660385166622703, 0.660385166622703, 0.6627659515226121, 0.6627659515226121, 0.6646608341393359, 0.6646608341393359, 0.6656443623787333, 0.6656443623787333, 0.6679700313608253, 0.6679700313608253, 0.6724225797942496, 0.6724225797942496, 0.673710425276239, 0.673710425276239, 0.6770026817902048, 0.6770026817902048, 0.6784726691872563, 0.6784726691872563, 0.6805312435886164, 0.6805312435886164, 0.6819208505524781, 0.6819208505524781, 0.6828210967496116, 0.6828210967496116, 0.6866610393036139, 0.6866610393036139, 0.692918828218881, 0.692918828218881, 0.6954367361294294, 0.6954367361294294, 0.6997686186582257, 0.6997686186582257, 0.7037316304698262, 0.7037316304698262, 0.7083356194495736, 0.7083356194495736, 0.7107469005539435, 0.7107469005539435, 0.712107227644421, 0.712107227644421, 0.7123336410797503, 0.7123336410797503, 0.7129067528356634, 0.7129067528356634, 0.7132013687388259, 0.7132013687388259, 0.7171443916879159, 0.7171443916879159, 0.7198108971540784, 0.7198108971540784, 0.7213092704944459, 0.7213092704944459, 0.7234238547436912, 0.7234238547436912, 0.7249896831677365, 0.7249896831677365, 0.726155880887482, 0.726155880887482, 0.7289850816260735, 0.7289850816260735, 0.7314611067147337, 0.7314611067147337, 0.7314945045282687, 0.7314945045282687, 0.7371369911193177, 0.7371369911193177, 0.7398194700899792, 0.7398194700899792, 0.7399737682816026, 0.7399737682816026, 0.7440131891321551, 0.7440131891321551, 0.745524971423547, 0.745524971423547, 0.7464776517482927, 0.7464776517482927, 0.749985213517395, 0.749985213517395, 0.7533403675371494, 0.7533403675371494, 0.7574700753245992, 0.7574700753245992, 0.7606474691520854, 0.7606474691520854, 0.7620045282687066, 0.7620045282687066, 0.7659396817022773, 0.7659396817022773, 0.7681438934318122, 0.7681438934318122, 0.7706721181746241, 0.7706721181746241, 0.773170301005305, 0.773170301005305, 0.7761999618980626, 0.7761999618980626, 0.7778528679035142, 0.7778528679035142, 0.7809895952401887, 0.7809895952401887, 0.7861240071514406, 0.7861240071514406, 0.7902198335238431, 0.7902198335238431, 0.7921402151294, 0.7921402151294, 0.792668029543656, 0.792668029543656, 0.7939915149916469, 0.7939915149916469, 0.7965471291655676, 0.7965471291655676, 0.796927620973651, 0.796927620973651, 0.7995940238576746, 0.7995940238576746, 0.8017325830182596, 0.8017325830182596, 0.8029344646677804, 0.8029344646677804, 0.8030034584835429, 0.8030034584835429, 0.8049094346258683, 0.8049094346258683, 0.811039655324013, 0.811039655324013, 0.8129037486444504, 0.8129037486444504, 0.8144815205603916, 0.8144815205603916, 0.8151321844133768, 0.8151321844133768, 0.8160835458249069, 0.8160835458249069, 0.8188908526041209, 0.8188908526041209, 0.8203746739353439, 0.8203746739353439, 0.821049942847094, 0.821049942847094, 0.8212108942231601, 0.8212108942231601, 0.8225469093466984, 0.8225469093466984, 0.8241993903690026, 0.8241993903690026, 0.8245962513555497, 0.8245962513555497, 0.8255920015240775, 0.8255920015240775, 0.8276647029514347, 0.8276647029514347, 0.8278773410709576, 0.8278773410709576, 0.8279303027638559, 0.8279303027638559, 0.8301711363170081, 0.8301711363170081, 0.8316447727072892, 0.8316447727072892, 0.8320035757202732, 0.8320035757202732, 0.833332644567543, 0.833332644567543, 0.8339707054720245, 0.8339707054720245, 0.8346433365573434, 0.8346433365573434, 0.8382503297283039, 0.8382503297283039, 0.8383698525748117, 0.8383698525748117, 0.8419441513526188, 0.8419441513526188, 0.8420611975731997, 0.8420611975731997, 0.8450729212462265, 0.8450729212462265, 0.8455381165919282, 0.8455381165919282, 0.8466554559043349, 0.8466554559043349, 0.8478150004396378, 0.8478150004396378, 0.8482416835194466, 0.8482416835194466, 0.8487963451449339, 0.8487963451449339, 0.8503040094961751, 0.8503040094961751, 0.8513366159617808, 0.8513366159617808, 0.8536432779389783, 0.8536432779389783, 0.8563287757554442, 0.8563287757554442, 0.8564627333743662, 0.8564627333743662, 0.8581736715613002, 0.8581736715613002, 0.860039655324013, 0.860039655324013, 0.8605072979864592, 0.8605072979864592, 0.8622158914387877, 0.8622158914387877, 0.8627896626513086, 0.8627896626513086, 0.8641213253612356, 0.8641213253612356, 0.8647333597115976, 0.8647333597115976, 0.8647960520531083, 0.8647960520531083, 0.8649506140273748, 0.8649506140273748, 0.8651933380228025, 0.8651933380228025, 0.8659933028517834, 0.8659933028517834, 0.8668292007385914, 0.8668292007385914, 0.8669385386441573, 0.8669385386441573, 0.8688275301151851, 0.8688275301151851, 0.868844690641578, 0.868844690641578, 0.8693065740496497, 0.8693065740496497, 0.8694169084674228, 0.8694169084674228, 0.870227014273572, 0.870227014273572, 0.870336777162285, 0.870336777162285, 0.8703572789354905, 0.8703572789354905, 0.8706151557783053, 0.8706151557783053, 0.8710577390896568, 0.8710577390896568, 0.871143776195082, 0.871143776195082, 0.8715140684076321, 0.8715140684076321, 0.8716721767929893, 0.8716721767929893, 0.8739277675195638, 0.8739277675195638, 0.8741121369325009, 0.8741121369325009, 0.8747579794249538, 0.8747579794249538, 0.8748356047949822, 0.8748356047949822, 0.8748752894281778, 0.8748752894281778, 0.8749103578651192, 0.8749103578651192, 0.8755911369031918, 0.8755911369031918, 0.8757562062194085, 0.8757562062194085, 0.8757562208739998, 0.8757562208739998, 0.8767473988100472, 0.8767473988100472, 0.8771961370497376, 0.8771961370497376, 0.8783357659954864, 0.8783357659954864, 0.8783561505319617, 0.8783561505319617, 0.8791817755502799, 0.8791817755502799, 0.8798334798792462, 0.8798334798792462, 0.87985761599109, 0.87985761599109, 0.8804669978604297, 0.8804669978604297, 0.8820906679562707, 0.8820906679562707, 0.8827319382162432, 0.8827319382162432, 0.8827586242269703, 0.8827586242269703, 0.8833621442597965, 0.8833621442597965, 0.8855952694979337, 0.8855952694979337, 0.8860810985081626, 0.8860810985081626, 0.8870963832468712, 0.8870963832468712, 0.8872970632199068, 0.8872970632199068, 0.8884425540021689, 0.8884425540021689, 0.8887025411061286, 0.8887025411061286, 0.8902459626601014, 0.8902459626601014, 0.8906038717430171, 0.8906038717430171, 0.8910002491280518, 0.8910002491280518, 0.8914885840733902, 0.8914885840733902, 0.891510859052141, 0.891510859052141, 0.89345672499194],