{"title": "population_size_10_0", "popultion": 10, "subpopulation": 15, "number_of_rect": 20, "scores": [0.5815000293091825, 0.5815000293091825, 0.5820975263049913, 0.5820975263049913, 0.5822855300565668, 0.5822855300565668, 0.5834573551393651, 0.5834573551393651, 0.583524971423547, 0.583524971423547, 0.583639951346757, 0.583639951346757, 0.5839480348193089, 0.5839480348193089, 0.5843362349424075, 0.5843362349424075, 0.5847521615522143, 0.5847521615522143, 0.5852551217796536, 0.5852551217796536, 0.5854429350215422, 0.5854429350215422, 0.5861643512412438, 0.5861643512412438, 0.5868236173393124, 0.5868236173393124, 0.5868842140742695, 0.5868842140742695, 0.5878630381898649, 0.5878630381898649, 0.5889295700342918, 0.5889295700342918, 0.5911419590257627, 0.5911419590257627, 0.5914123801987163, 0.5914123801987163, 0.5916544887013101, 0.5916544887013101, 0.5930561417392068, 0.5930561417392068, 0.5936687769278115, 0.5936687769278115, 0.5940741229227117, 0.5940741229227117, 0.5957935754271813, 0.5957935754271813, 0.5979039831179109, 0.5979039831179109, 0.6028225768633313, 0.6028225768633313, 0.6099244409273425, 0.6099244409273425, 0.6116027286848971, 0.6116027286848971, 0.612446232304581, 0.612446232304581, 0.6136766464433306, 0.6136766464433306, 0.6167135613587738, 0.6167135613587738, 0.6170683783229285, 0.6170683783229285, 0.6173399132448196, 0.6173399132448196, 0.619591298103696, 0.619591298103696, 0.6196994196781851, 0.6196994196781851, 0.6215853336850435, 0.6215853336850435, 0.6215927635628242, 0.6215927635628242, 0.6222407895893785, 0.6222407895893785, 0.6226931035493419, 0.6226931035493419, 0.6233036431313931, 0.6233036431313931, 0.6245165303789677, 0.6245165303789677, 0.6262605146692459, 0.6262605146692459, 0.6267382983088602, 0.6267382983088602, 0.6283775755444181, 0.6283775755444181, 0.6289444444444444, 0.6289444444444444, 0.6297712857938391, 0.6297712857938391, 0.6303732964037633, 0.6303732964037633, 0.6324323397520444, 0.6324323397520444, 0.6327787596353938, 0.6327787596353938, 0.6339212315718514, 0.6339212315718514, 0.6342402473695008, 0.6342402473695008, 0.63608597848706, 0.63608597848706, 0.6385343650165597, 0.6385343650165597, 0.6395566546499019, 0.6395566546499019, 0.6405050704885841, 0.6405050704885841, 0.6415568011958146, 0.6415568011958146, 0.6424236202702307, 0.6424236202702307, 0.6443099592602363, 0.6443099592602363, 0.6462750813329816, 0.6462750813329816, 0.6463720361089129, 0.6463720361089129, 0.6470459861074475, 0.6470459861074475, 0.6487502271461649, 0.6487502271461649, 0.6505525074005686, 0.6505525074005686, 0.650936047363639, 0.650936047363639, 0.6524778129487969, 0.6524778129487969, 0.6527004748087576, 0.6527004748087576, 0.657661200504118, 0.657661200504118, 0.6593926258096662, 0.6593926258096662, 0.6620409302734547, 0.6620409302734547, 0.6638071162695272, 0.6638071162695272, 0.6646492863214045, 0.6646492863214045, 0.664954350948152, 0.664954350948152, 0.6685671913010347, 0.6685671913010347, 0.6704781646589877, 0.6704781646589877, 0.6708442363492482, 0.6708442363492482, 0.6727573053137548, 0.6727573053137548, 0.6730287523080981, 0.6730287523080981, 0.6737510771124593, 0.6737510771124593, 0.6747853102376975, 0.6747853102376975, 0.6748198950731263, 0.6748198950731263, 0.6755025498988834, 0.6755025498988834, 0.6766315689205429, 0.6766315689205429, 0.6768278964799672, 0.6768278964799672, 0.6783756557929599, 0.6783756557929599, 0.678585406958, 0.678585406958, 0.6798028810926463, 0.6798028810926463, 0.6804560948445149, 0.6804560948445149, 0.681475438905009, 0.681475438905009, 0.6839019021659486, 0.6839019021659486, 0.6870543099152965, 0.6870543099152965, 0.689641709897711, 0.689641709897711, 0.6908513291714293, 0.6908513291714293, 0.6913501274949442, 0.6913501274949442, 0.6925864181247985, 0.6925864181247985, 0.6954362671825083, 0.6954362671825083, 0.6955565374131716, 0.6955565374131716, 0.6962977812948796, 0.6962977812948796, 0.6967445411647469, 0.6967445411647469, 0.6967644714088924, 0.6967644714088924, 0.6971244614437704, 0.6971244614437704, 0.6993046103344178, 0.6993046103344178, 0.7004157067909376, 0.7004157067909376, 0.7041201823031156, 0.7041201823031156, 0.7044675400803071, 0.7044675400803071, 0.7048823089774026, 0.7048823089774026, 0.7075779770802193, 0.7075779770802193, 0.7092991295172777, 0.7092991295172777, 0.7098001113748937, 0.7098001113748937, 0.7105615199742079, 0.7105615199742079, 0.710587839620153, 0.710587839620153, 0.7121814824584543, 0.7121814824584543, 0.7128364987250506, 0.7128364987250506, 0.7130032972830388, 0.7130032972830388, 0.7131491690846743, 0.7131491690846743, 0.7138746299715701, 0.7138746299715701, 0.714462674756001, 0.714462674756001, 0.714490591752396, 0.714490591752396, 0.7155392156862745, 0.7155392156862745, 0.716170872534365, 0.716170872534365, 0.7163468302119054, 0.7163468302119054, 0.7163959524018875, 0.7163959524018875, 0.7165281661244468, 0.7165281661244468, 0.7174176851607608, 0.7174176851607608, 0.7177758140625459, 0.7177758140625459, 0.7178065593950584, 0.7178065593950584, 0.7178907353673907, 0.7178907353673907, 0.7180788856648788, 0.7180788856648788, 0.7195426448606348, 0.7195426448606348, 0.7198352237756089, 0.7198352237756089, 0.7199739734458805, 0.7199739734458805, 0.7199797180456637, 0.7199797180456637, 0.7206187754623523, 0.7206187754623523, 0.7208597848706, 0.7208597848706, 0.7215181716931915, 0.7215181716931915, 0.7215348046542982, 0.7215348046542982, 0.7224293355608312, 0.7224293355608312, 0.723147190714851, 0.723147190714851, 0.7233428148538937, 0.7233428148538937, 0.7237362466660805, 0.7237362466660805, 0.7244161171194935, 0.7244161171194935, 0.7257867170784607, 0.7257867170784607, 0.7278471672675049, 0.7278471672675049, 0.7286924001289604, 0.7286924001289604, 0.7287766347196576, 0.7287766347196576, 0.7302682376388523, 0.7302682376388523, 0.7317479410299247, 0.7317479410299247, 0.7329703684164248, 0.7329703684164248, 0.7330439344646678, 0.7330439344646678, 0.7351676338696913, 0.7351676338696913, 0.7358264163662476, 0.7358264163662476, 0.7368984290278144, 0.7368984290278144, 0.7370337495237258, 0.7370337495237258, 0.737750652129312, 0.737750652129312, 0.7378367478531024, 0.7378367478531024, 0.7393946627978545, 0.7393946627978545, 0.7396209443418623, 0.7396209443418623, 0.7397951727776313, 0.7397951727776313, 0.7402595181570386, 0.7402595181570386, 0.740612444678918, 0.740612444678918, 0.743433717283625, 0.743433717283625, 0.7436935578416718, 0.7436935578416718, 0.7440731264105044, 0.7440731264105044, 0.7442485711773499, 0.7442485711773499, 0.7450160028136815, 0.7450160028136815, 0.7453742929159706, 0.7453742929159706, 0.7464116328145608, 0.7464116328145608, 0.7464615170432897, 0.7464615170432897, 0.747643365866526, 0.747643365866526, 0.7479989009056538, 0.7479989009056538, 0.7484090096427212, 0.7484090096427212, 0.7502276444209971, 0.7502276444209971, 0.7533171107007826, 0.7533171107007826, 0.7565043231044286, 0.7565043231044286, 0.7568597115976435, 0.7568597115976435, 0.7601610539582051, 0.7601610539582051, 0.7609011987455669, 0.7609011987455669, 0.7622397637679885, 0.7622397637679885, 0.7622703185908145, 0.7622703185908145, 0.763454922477212, 0.763454922477212, 0.7647469005539436, 0.7647469005539436, 0.7654793077171078, 0.7654793077171078, 0.7668035405492541, 0.7668035405492541, 0.7676877839327061, 0.7676877839327061, 0.7678466250476275, 0.7678466250476275, 0.7678598874527389, 0.7678598874527389, 0.7680531961663589, 0.7680531961663589, 0.7690958117178112, 0.7690958117178112, 0.7695509686684838, 0.7695509686684838, 0.7702125355373839, 0.7702125355373839, 0.7702282012954659, 0.7702282012954659, 0.7707487030686714, 0.7707487030686714, 0.7708936076672821, 0.7708936076672821, 0.7711740672352648, 0.7711740672352648, 0.7715562589759372, 0.7715562589759372, 0.7715716023330109, 0.7715716023330109, 0.7717583164805534, 0.7717583164805534, 0.7720425862422697, 0.7720425862422697, 0.7722638998798323, 0.7722638998798323, 0.7724238254345086, 0.7724238254345086, 0.7726853219613705, 