{"title": "population_size_100_2", "popultion": 100, "subpopulation": 150, "number_of_rect": 20, "scores": [0.6660660335883233, 0.6660660335883233, 0.6707806940414431, 0.6707806940414431, 0.6730469093466983, 0.6730469093466983, 0.6766466338403822, 0.6766466338403822, 0.6773605322547553, 0.6773605322547553, 0.6782656877399689, 0.6782656877399689, 0.6786454761276708, 0.6786454761276708, 0.6796152143966705, 0.6796152143966705, 0.681644142559864, 0.681644142559864, 0.6825784020633665, 0.6825784020633665, 0.6826874175679241, 0.6826874175679241, 0.6829550836777163, 0.6829550836777163, 0.6832024971423547, 0.6832024971423547, 0.6832857059116622, 0.6832857059116622, 0.6835932911281104, 0.6835932911281104, 0.6854733579530468, 0.6854733579530468, 0.6862038160555701, 0.6862038160555701, 0.6873799788973886, 0.6873799788973886, 0.6892546821419151, 0.6892546821419151, 0.6894818722705823, 0.6894818722705823, 0.690384917494651, 0.690384917494651, 0.6909482546381781, 0.6909482546381781, 0.6920495325185381, 0.6920495325185381, 0.6925419560948445, 0.6925419560948445, 0.6927963744541165, 0.6927963744541165, 0.6939223599753803, 0.6939223599753803, 0.6956000615492834, 0.6956000615492834, 0.6980759107828483, 0.6980759107828483, 0.6982627714763036, 0.6982627714763036, 0.698272516779507, 0.698272516779507, 0.6997522201705795, 0.6997522201705795, 0.7016014830446379, 0.7016014830446379, 0.7017371845599226, 0.7017371845599226, 0.702359418505818, 0.702359418505818, 0.7069916175737858, 0.7069916175737858, 0.7074302294908995, 0.7074302294908995, 0.7083781763826607, 0.7083781763826607, 0.7085197397344588, 0.7085197397344588, 0.7091486122102054, 0.7091486122102054, 0.7105647439842904, 0.7105647439842904, 0.7112514288226501, 0.7112514288226501, 0.7133708197778363, 0.7133708197778363, 0.7179489140947859, 0.7179489140947859, 0.7184833523843019, 0.7184833523843019, 0.7215946393505086, 0.7215946393505086, 0.7227128725929834, 0.7227128725929834, 0.7235543099152965, 0.7235543099152965, 0.7296497845775081, 0.7296497845775081, 0.7392366423400452, 0.7392366423400452, 0.743039347577596, 0.743039347577596, 0.7634274451185556, 0.7634274451185556, 0.7677828336117706, 0.7677828336117706, 0.7723504059321785, 0.7723504059321785, 0.7845443887569976, 0.7845443887569976, 0.7865633224889358, 0.7865633224889358, 0.7884711597643541, 0.7884711597643541, 0.7897488056508104, 0.7897488056508104, 0.7904345672499193, 0.7904345672499193, 0.7906993610598201, 0.7906993610598201, 0.7923068231777015, 0.7923068231777015, 0.7945155631759431, 0.7945155631759431, 0.7951161669451039, 0.7951161669451039, 0.7957189689029573, 0.7957189689029573, 0.7960485653155134, 0.7960485653155134, 0.7966045018904423, 0.7966045018904423, 0.7995463085084558, 0.7995463085084558, 0.8013580702834198, 0.8013580702834198, 0.8030275652862042, 0.8030275652862042, 0.8039125853629943, 0.8039125853629943, 0.8050403587443946, 0.8050403587443946, 0.8074270347899997, 0.8074270347899997, 0.8079610041325948, 0.8079610041325948, 0.8088174037926082, 0.8088174037926082, 0.8096656848090507, 0.8096656848090507, 0.8101377385034731, 0.8101377385034731, 0.8115829156774818, 0.8115829156774818, 0.8121151411237141, 0.8121151411237141, 0.8125265394648143, 0.8125265394648143, 0.8138275740789589, 0.8138275740789589, 0.8153855476420763, 0.8153855476420763, 0.8185525953281163, 0.8185525953281163, 0.8194158973006243, 0.8194158973006243, 0.819585362994226, 0.819585362994226, 0.8207930478618951, 0.8207930478618951, 0.8214370585304376, 0.8214370585304376, 0.8242783346522465, 0.8242783346522465, 0.826074240159442, 0.826074240159442, 0.8260925144347724, 0.8260925144347724, 0.827119171136317, 0.827119171136317, 0.8279123215803511, 0.8279123215803511, 0.8291609367214748, 0.8291609367214748, 0.8318925232275272, 0.8318925232275272, 0.8319242504176558, 0.8319242504176558, 0.8324960872241274, 0.8324960872241274, 0.8349650341451977, 0.8349650341451977, 0.836201119610774, 0.836201119610774, 0.8396343972566604, 0.8396343972566604, 0.8400242826577566, 0.8400242826577566, 0.8421875787684282, 0.8421875787684282, 0.8424630118116005, 0.8424630118116005, 0.8448841261467218, 0.8448841261467218, 0.845207274539113, 0.845207274539113, 0.8455807907617456, 0.8455807907617456, 0.8465434508631554, 0.8465434508631554, 0.8465688472698496, 0.8465688472698496, 0.8525151821565696, 0.8525151821565696, 0.8528542454350948, 0.8528542454350948, 0.8541245640259093, 0.8541245640259093, 0.8542784958527507, 0.8542784958527507, 0.8579268882440869, 0.8579268882440869, 0.8596430727747003, 0.8596430727747003, 0.8611935578416718, 0.8611935578416718, 0.865239998241449, 0.865239998241449, 0.8671491544300829, 0.8671491544300829, 0.867963861777895, 0.867963861777895, 0.8720901403909845, 0.8720901403909845, 0.8723710102875231, 0.8723710102875231, 0.8782366716492277, 0.8782366716492277, 0.8798488378909113, 0.8798488378909113, 0.88111007063513, 0.88111007063513, 0.882175576658167, 0.882175576658167, 0.8837256367419912, 0.8837256367419912, 0.8837791553093585, 0.8837791553093585, 0.8852047979131862, 0.8852047979131862, 0.8872029514346845, 0.8872029514346845, 0.887220610217181, 0.887220610217181, 0.8888725783287904, 0.8888725783287904, 0.8891715759547466, 0.8891715759547466, 0.88951644245142, 0.88951644245142, 0.8904779155309358, 0.8904779155309358, 0.8909974354465254, 0.8909974354465254, 0.891596632374923, 0.891596632374923, 0.89161223951464, 0.89161223951464, 0.8924716873296403, 0.8924716873296403, 0.8931138222104985, 0.8931138222104985, 0.8932228670242387, 0.8932228670242387, 0.8934514786482605, 0.8934514786482605, 0.8936834608282775, 0.8936834608282775, 0.8937554148714792, 0.8937554148714792, 0.8940198130074152, 0.8940198130074152, 0.8944006125619156, 0.8944006125619156, 0.8944632755942437, 0.8944632755942437, 0.8947615991090009, 0.8947615991090009, 0.8949286907588148, 0.8949286907588148, 0.8950301884580439, 0.8950301884580439, 0.8950542806061139, 0.8950542806061139, 0.8950556727922858, 0.8950556727922858, 0.895162284943873, 0.895162284943873, 0.8951900847035377, 0.8951900847035377, 0.8952990269351387, 0.8952990269351387, 0.8957112898971248], "iters": [0, 35, 36, 41, 42, 47, 48, 60, 61, 61, 62, 64, 65, 66, 67, 69, 70, 108, 109, 124, 125, 129, 130, 130, 131, 133, 134, 135, 136, 140, 141, 141, 142, 148, 149, 150, 151, 153, 154, 156, 157, 157, 158, 158, 159, 159, 160, 161, 162, 162, 163, 163, 164, 165, 166, 168, 169, 169, 170, 170, 171, 173, 174, 176, 177, 179, 180, 180, 181, 184, 185, 185, 186, 186, 187, 187, 188, 188, 189, 189, 190, 190, 191, 193, 194, 195, 196, 196, 197, 197, 198, 199, 200, 200, 201, 201, 202, 204, 205, 205, 206, 208, 209, 210, 211, 211, 212, 214, 215, 216, 217, 219, 220, 220, 221, 221, 222, 222, 223, 225, 226, 226, 227, 228, 229, 229, 230, 230, 231, 231, 232, 232, 233, 233, 234, 235, 236, 237, 238, 238, 239, 241, 242, 242, 243, 243, 244, 245, 246, 246, 247, 247, 248, 249, 250, 252, 253, 253, 254, 256, 257, 257, 258, 259, 260, 262, 263, 263, 264, 265, 266, 266, 267, 268, 269, 269, 270, 270, 271, 273, 274, 275, 276, 278, 279, 279, 280, 280, 281, 281, 282, 283, 284, 286, 287, 287, 288, 288, 289, 289, 290, 290, 291, 291, 292, 294, 295, 295, 296, 296, 297, 298, 299, 299, 300, 301, 302, 303, 304, 305, 306, 306, 307, 307, 308, 310, 311, 313, 314, 315, 316, 318, 319, 319, 320, 322, 323, 329, 330, 330, 331, 332, 333, 334, 335, 335, 336, 342, 343, 354, 355, 359, 360, 363, 364, 376, 377, 378, 379, 389, 390, 413, 414, 415, 416, 421, 422, 423, 424, 430, 431, 437, 438, 450, 451, 463, 464, 468, 469, 485, 486, 589, 590, 605, 606, 671, 672, 710, 711, 742, 743, 754, 755, 769, 770, 842, 843, 896, 897, 933, 934], "finalScore": 0.8957112898971248, "finalIter": 1000}