{"title": "population_size_40_4", "popultion": 40, "subpopulation": 60, "number_of_rect": 20, "scores": [0.6217974295846889, 0.6217974295846889, 0.6255702248014303, 0.6255702248014303, 0.6271468243500689, 0.6271468243500689, 0.6288265336029778, 0.6288265336029778, 0.630493639907383, 0.630493639907383, 0.632091767050617, 0.632091767050617, 0.633821888097541, 0.633821888097541, 0.6356350274040857, 0.6356350274040857, 0.6359207040065653, 0.6359207040065653, 0.639217562062194, 0.639217562062194, 0.6392221489492658, 0.6392221489492658, 0.6392401301327706, 0.6392401301327706, 0.6401298103695887, 0.6401298103695887, 0.6427104838946042, 0.6427104838946042, 0.6440417069667927, 0.6440417069667927, 0.6442125501919751, 0.6442125501919751, 0.6450996365661361, 0.6450996365661361, 0.6464382455523315, 0.6464382455523315, 0.6465165157243764, 0.6465165157243764, 0.6474155016266596, 0.6474155016266596, 0.6476774671004426, 0.6476774671004426, 0.6477844163076292, 0.6477844163076292, 0.6501143937395586, 0.6501143937395586, 0.6501501949060641, 0.6501501949060641, 0.6502851636917847, 0.6502851636917847, 0.6537162431489786, 0.6537162431489786, 0.6594604179489434, 0.6594604179489434, 0.662665186552947, 0.662665186552947, 0.6651550455757789, 0.6651550455757789, 0.6657492892523227, 0.6657492892523227, 0.666384140801313, 0.666384140801313, 0.6666048096368593, 0.6666048096368593, 0.6672834344500131, 0.6672834344500131, 0.6681250036636478, 0.6681250036636478, 0.6685265541194056, 0.6685265541194056, 0.6692426507224714, 0.6692426507224714, 0.6697604267416981, 0.6697604267416981, 0.670040944928046, 0.670040944928046, 0.6720082065711188, 0.6720082065711188, 0.6731779067381811, 0.6731779067381811, 0.6740497669919986, 0.6740497669919986, 0.6755775814062546, 0.6755775814062546, 0.6771210029602275, 0.6771210029602275, 0.6778316334007444, 0.6778316334007444, 0.6809686098654708, 0.6809686098654708, 0.68309853747179, 0.68309853747179, 0.687071455787098, 0.687071455787098, 0.6917449661478942, 0.6917449661478942, 0.6920625164864151, 0.6920625164864151, 0.7052749347870688, 0.7052749347870688, 0.705929687271022, 0.705929687271022, 0.7085228025440371, 0.7085228025440371, 0.7116397022187051, 0.7116397022187051, 0.7129025762771476, 0.7129025762771476, 0.7134130689645066, 0.7134130689645066, 0.715877516926053, 0.715877516926053, 0.7159461590316246, 0.7159461590316246, 0.7164854773000381, 0.7164854773000381, 0.7180526539464814, 0.7180526539464814, 0.7196364928632141, 0.7196364928632141, 0.7208064861221021, 0.7208064861221021, 0.7212617749640962, 0.7212617749640962, 0.7224226823763885, 0.7224226823763885, 0.7240716609513761, 0.7240716609513761, 0.7269039538087283, 0.7269039538087283, 0.727968155573141, 0.727968155573141, 0.7300669861367567, 0.7300669861367567, 0.7304028254051994, 0.7304028254051994, 0.73129847006067, 0.73129847006067, 0.7319406342507107, 0.7319406342507107, 0.7330842052815147, 0.7330842052815147, 0.7361123420967789, 0.7361123420967789, 0.7369679504088631, 0.7369679504088631, 0.7369893168029543, 0.7369893168029543, 0.740722266185996, 0.740722266185996, 0.7423594038512266, 0.7423594038512266, 0.7425461912717255, 0.7425461912717255, 0.7449511269380698, 0.7449511269380698, 0.7468685922799614, 0.7468685922799614, 0.7483441337671093, 0.7483441337671093, 0.7484046865382925, 0.7484046865382925, 0.7492270289281632, 0.7492270289281632, 0.750859682288461, 0.750859682288461, 0.7526691726017761, 0.7526691726017761, 0.7551376945396993, 0.7551376945396993, 0.756238444854773, 0.756238444854773, 0.7577992760631906, 0.7577992760631906, 0.7582918754945924, 0.7582918754945924, 0.7607360415018025, 0.7607360415018025, 0.7608925965004836, 0.7608925965004836, 0.7609175825786219, 0.7609175825786219, 0.762101233916586, 0.762101233916586, 0.7623450570063601, 0.7623450570063601, 0.763589026642047, 0.763589026642047, 0.766351827427533, 0.766351827427533, 0.7675397139423781, 0.7675397139423781, 0.7682246255751928, 0.7682246255751928, 0.7701092499780181, 0.7701092499780181, 0.7716990826225856, 0.7716990826225856, 0.7739376886778628, 0.7739376886778628, 0.7759599783112049, 0.7759599783112049, 0.776046117998769, 0.776046117998769, 0.7776816876227322, 0.7776816876227322, 0.779851930009672, 0.779851930009672, 0.7807343269146223, 0.7807343269146223, 0.7821773645183036, 0.7821773645183036, 0.7822504762742167, 0.7822504762742167, 0.7859540578563264, 0.7859540578563264, 0.7863797737331106, 0.7863797737331106, 0.7887449661478941, 0.7887449661478941, 0.7890605674257745, 0.7890605674257745, 0.7898623933878484, 0.7898623933878484, 0.7898785720566253, 0.7898785720566253, 0.794431650986254, 0.794431650986254, 0.7955280635423078, 0.7955280635423078, 0.7961447140889241, 0.7961447140889241, 0.7967142061607901, 0.7967142061607901, 0.7971046630909464, 0.7971046630909464, 0.7972146164893461, 0.7972146164893461, 0.7978412175034438, 0.7978412175034438, 0.7981701251502096, 0.7981701251502096, 0.799361909786336, 0.799361909786336, 0.800293091825669, 0.800293091825669, 0.8009673495706204, 0.8009673495706204, 0.8017623611477476, 0.8017623611477476, 0.8022658782496557, 0.8022658782496557, 0.802266054104751, 0.802266054104751, 0.8029262580966616, 0.8029262580966616, 0.8030892464609162, 0.8030892464609162, 0.8032473548462733, 0.8032473548462733, 0.8033330255869164, 0.8033330255869164, 0.8035568598141798, 0.8035568598141798, 0.8037703625545883, 0.8037703625545883, 0.8039931123420968, 0.8039931123420968, 0.8041454468184882, 0.8041454468184882, 0.804392200826519, 0.804392200826519, 0.8044079252029661, 0.8044079252029661, 0.8045545297341657, 0.8045545297341657, 0.8046649520794865, 0.8046649520794865, 0.8046732172689703, 0.8046732172689703, 0.8047664790878982, 0.8047664790878982, 0.8051292974588938, 0.8051292974588938, 0.805653081860547, 0.805653081860547, 0.8063806090448138, 0.8063806090448138, 0.8070006301474252, 0.8070006301474252, 0.8071923415105953, 0.8071923415105953, 0.8073403528825581, 0.8073403528825581, 0.8079190773469328, 0.8079190773469328, 0.808008060025206, 0.808008060025206, 0.8083990005568744, 0.8083990005568744, 0.8090790468653829, 0.8090790468653829, 0.8093232363199391, 0.8093232363199391, 0.8095609777543304, 0.8095609777543304, 0.8098255370907705, 0.8098255370907705, 0.8098518567367157, 0.8098518567367157, 0.8099251003839503, 0.8099251003839503, 0.8102107476772473, 0.8102107476772473, 0.810413508602245, 0.810413508602245, 0.810414593042, 0.810414593042, 0.8106435270670301, 0.8106435270670301, 0.8107109235323426, 0.8107109235323426, 0.8109813153961136, 0.8109813153961136, 0.8111891761188781, 0.8111891761188781, 0.8113775315806442, 0.8113775315806442, 0.8114755561417392, 0.8114755561417392, 0.8115543978428441, 0.8115543978428441, 0.8120169993258888, 0.8120169993258888, 0.8123452182068642, 0.8123452182068642, 0.8128661596178083, 0.8128661596178083, 0.8129227849585275, 0.8129227849585275, 0.8129364283830124, 0.8129364283830124, 0.8131055570210147, 0.8131055570210147, 0.8131455787098097, 0.8131455787098097, 0.8133801694070752, 0.8133801694070752, 0.8138282628447493, 0.8138282628447493, 0.8141147014859755, 0.8141147014859755, 0.8146705501333568, 0.8146705501333568, 0.8147725753978722, 0.8147725753978722, 0.8149675107711246, 0.8149675107711246, 0.8150183622028782, 0.8150183622028782, 0.8153334652246549, 0.8153334652246549, 0.8154730941704036, 0.8154730941704036, 0.8156006184237522, 0.8156006184237522, 0.8157159793663356, 0.8157159793663356, 0.8158165684809051, 0.8158165684809051, 0.8158744541164746, 0.8158744541164746, 0.8160575632345614, 0.8160575632345614, 0.8162095753099446],