{"title": "subpopulation_size_1.3_2", "popultion": 40, "subpopulation": 52, "number_of_rect": 20, "scores": [0.6571639555672792, 0.6571639555672792, 0.6575975116504, 0.6575975116504, 0.6578511093525602, 0.6578511093525602, 0.6579499838799496, 0.6579499838799496, 0.6581562765614467, 0.6581562765614467, 0.6584514053753041, 0.6584514053753041, 0.6585133796418419, 0.6585133796418419, 0.6585569037779536, 0.6585569037779536, 0.6586227175474075, 0.6586227175474075, 0.6586751809842024, 0.6586751809842024, 0.6587026436882675, 0.6587026436882675, 0.6588558427855447, 0.6588558427855447, 0.6588881415047334, 0.6588881415047334, 0.6589037632990415, 0.6589037632990415, 0.6589734605351856, 0.6589734605351856, 0.6591324481960198, 0.6591324481960198, 0.6591338990005569, 0.6591338990005569, 0.6591534189161464, 0.6591534189161464, 0.6591781705208242, 0.6591781705208242, 0.6592124769190187, 0.6592124769190187, 0.6592789647996717, 0.6592789647996717, 0.6593725343650165, 0.6593725343650165, 0.6595042791406547, 0.6595042791406547, 0.6600796770128081, 0.6600796770128081, 0.6602198628330256, 0.6602198628330256, 0.6604513321023477, 0.6604513321023477, 0.6611810281661245, 0.6611810281661245, 0.6614544974940648, 0.6614544974940648, 0.6623194407807966, 0.6623194407807966, 0.663043172425921, 0.663043172425921, 0.6633366599255546, 0.6633366599255546, 0.6654880125443301, 0.6654880125443301, 0.6668979747354846, 0.6668979747354846, 0.667628374219643, 0.667628374219643, 0.669966704768604, 0.669966704768604, 0.6723996307042996, 0.6723996307042996, 0.6724752923590961, 0.6724752923590961, 0.6725739470676163, 0.6725739470676163, 0.6726017175180984, 0.6726017175180984, 0.6726297370966323, 0.6726297370966323, 0.6726560274333948, 0.6726560274333948, 0.6727368181951405, 0.6727368181951405, 0.6739797180456637, 0.6739797180456637, 0.6741115067850758, 0.6741115067850758, 0.6742252117588441, 0.6742252117588441, 0.6744721269673788, 0.6744721269673788, 0.6748638588469767, 0.6748638588469767, 0.6748894017995839, 0.6748894017995839, 0.6753269732407163, 0.6753269732407163, 0.6757974002755063, 0.6757974002755063, 0.6759174506873002, 0.6759174506873002, 0.6761013364987251, 0.6761013364987251, 0.67623715525074, 0.67623715525074, 0.6764856971189073, 0.6764856971189073, 0.6765818898560919, 0.6765818898560919, 0.6766851607608664, 0.6766851607608664, 0.676982473108825, 0.676982473108825, 0.6770572994519183, 0.6770572994519183, 0.6771305137899704, 0.6771305137899704, 0.6772878015182157, 0.6772878015182157, 0.6775240774934788, 0.6775240774934788, 0.677734663970222, 0.677734663970222, 0.6784468038336411, 0.6784468038336411, 0.6788340367537149, 0.6788340367537149, 0.6789017995838096, 0.6789017995838096, 0.6790324892288754, 0.6790324892288754, 0.6792534658108386, 0.6792534658108386, 0.6793243647234679, 0.6793243647234679, 0.6794577215041473, 0.6794577215041473, 0.6794720683490137, 0.6794720683490137, 0.6795247516046777, 0.6795247516046777, 0.6795714997508719, 0.6795714997508719, 0.6801905389958675, 0.6801905389958675, 0.6805318444268589, 0.6805318444268589, 0.6805924265072247, 0.6805924265072247, 0.6807257100149477, 0.6807257100149477, 0.6809644186523638, 0.6809644186523638, 0.6811727190128667, 0.6811727190128667, 0.6813696034467598, 0.6813696034467598, 0.6819580878689293, 0.6819580878689293, 0.6821390574166887, 0.6821390574166887, 0.6827355432456989, 0.6827355432456989, 0.6829529734165714, 0.6829529734165714, 0.6833611477475894, 0.6833611477475894, 0.6835328116298837, 0.6835328116298837, 0.6841792696151705, 0.6841792696151705, 0.6845465722910988, 0.6845465722910988, 0.6856072716081949, 0.6856072716081949, 0.6863767109235324, 0.6863767109235324, 0.6881162109088778, 0.6881162109088778, 0.6885555702101468, 0.6885555702101468, 0.6896287552390163, 0.6896287552390163, 0.6901229813300507, 0.6901229813300507, 0.6908656613617046, 0.6908656613617046, 0.691548594624696, 0.691548594624696, 0.6917777631231865, 0.6917777631231865, 0.6919561974266537, 0.6919561974266537, 0.6930739470676163, 0.6930739470676163, 0.6936631056009848, 0.6936631056009848, 0.6937773821038131, 0.6937773821038131, 0.6941215891438788, 0.6941215891438788, 0.6943191330343796, 0.6943191330343796, 0.6943979307717107, 0.6943979307717107, 0.6945945221137783, 0.6945945221137783, 0.6952487616870366, 0.6952487616870366, 0.6957990269351388, 0.6957990269351388, 0.6958482956710337, 0.6958482956710337, 0.6970544857703919, 0.6970544857703919, 0.6973679621325362, 0.6973679621325362, 0.6975468360737419, 0.6975468360737419, 0.6976350274040857, 0.6976350274040857, 0.6982032152173276, 0.6982032152173276, 0.6984267563527653, 0.6984267563527653, 0.6987876696268941, 0.6987876696268941, 0.6994019754389049, 0.6994019754389049, 0.6999910020809519, 0.6999910020809519, 0.7002365690670886, 0.7002365690670886, 0.7003368650898327, 0.7003368650898327, 0.7009061813066033, 0.7009061813066033, 0.7014122483073947, 0.7014122483073947, 0.7016308361909787, 0.7016308361909787, 0.7016773791728949, 0.7016773791728949, 0.7023583780298368, 0.7023583780298368, 0.7027026729974502, 0.7027026729974502, 0.7031405375304083, 0.7031405375304083, 0.7036058647674316, 0.7036058647674316, 0.7037494944166007, 0.7037494944166007, 0.7038308567074065, 0.7038308567074065, 0.7048059292476332, 0.7048059292476332, 0.7059492951141593, 0.7059492951141593, 0.7066958146487294, 0.7066958146487294, 0.7074646677804156, 0.7074646677804156, 0.7090846449192532, 0.7090846449192532, 0.7107699375714411, 0.7107699375714411, 0.7119567543011225, 0.7119567543011225, 0.7121840470119288, 0.7121840470119288, 0.7143201881649521, 0.7143201881649521, 0.7145729212462264, 0.7145729212462264, 0.7164496321697588, 0.7164496321697588, 0.716978443096222, 0.716978443096222, 0.7172184266830798, 0.7172184266830798, 0.7190279316509862, 0.7190279316509862, 0.7196223072188517, 0.7196223072188517, 0.7202768252293443, 0.7202768252293443, 0.7216003986048829, 0.7216003986048829, 0.7220536504586887, 0.7220536504586887, 0.7226896157566165, 0.7226896157566165, 0.7238237931944078, 0.7238237931944078, 0.7245006887657903, 0.7245006887657903, 0.7254326914622351, 0.7254326914622351, 0.726141973680354, 0.726141973680354, 0.7275591898941938, 0.7275591898941938, 0.7280003810193734, 0.7280003810193734, 0.7281415780063893, 0.7281415780063893, 0.7299048330842053, 0.7299048330842053, 0.7316268941059234, 0.7316268941059234, 0.7322527477358657, 0.7322527477358657, 0.7338210674404291, 0.7338210674404291, 0.7344357982355871, 0.7344357982355871, 0.73446711509716, 0.73446711509716, 0.7350702541106129, 0.7350702541106129, 0.7352575251326241, 0.7352575251326241, 0.7353608400011724, 0.7353608400011724, 0.7354371904217591, 0.7354371904217591, 0.7357055892611155, 0.7357055892611155, 0.7358365133796418, 0.7358365133796418, 0.7359825317271902, 0.7359825317271902, 0.7360922653067206, 0.7360922653067206, 0.7361189952812216, 0.7361189952812216, 0.7367283771505613, 0.7367283771505613, 0.7367676514552008, 0.7367676514552008, 0.7368131686157273, 0.7368131686157273, 0.7369900788417011, 0.7369900788417011, 0.7370644362378733],