{"title": "population_size_10_4", "popultion": 10, "subpopulation": 15, "number_of_rect": 20, "scores": [0.5847554148714793, 0.5847554148714793, 0.5849349482692927, 0.5849349482692927, 0.5862799320026965, 0.5862799320026965, 0.5879197954219058, 0.5879197954219058, 0.5883392391336206, 0.5883392391336206, 0.5902317623611477, 0.5902317623611477, 0.590523212872593, 0.590523212872593, 0.5910905653741317, 0.5910905653741317, 0.5918149271666813, 0.5918149271666813, 0.592257158767842, 0.592257158767842, 0.592708871889563, 0.592708871889563, 0.5933725490196078, 0.5933725490196078, 0.5942818664087459, 0.5942818664087459, 0.5947875523901638, 0.5947875523901638, 0.5949249098742636, 0.5949249098742636, 0.5951217649989742, 0.5951217649989742, 0.595140889240599, 0.595140889240599, 0.5956338403821917, 0.5956338403821917, 0.596149257012222, 0.596149257012222, 0.5963004630850846, 0.5963004630850846, 0.596978853424778, 0.596978853424778, 0.5983438260206924, 0.5983438260206924, 0.5983802280254403, 0.5983802280254403, 0.5993985755737272, 0.5993985755737272, 0.6003233242474868, 0.6003233242474868, 0.6004108854304053, 0.6004108854304053, 0.6010469826196547, 0.6010469826196547, 0.602025748116885, 0.602025748116885, 0.602092338579677, 0.602092338579677, 0.602590785193001, 0.602590785193001, 0.6042055599519329, 0.6042055599519329, 0.6044282511210762, 0.6044282511210762, 0.6044899909141535, 0.6044899909141535, 0.6056320525220551, 0.6056320525220551, 0.6063680647146751, 0.6063680647146751, 0.6076438641226296, 0.6076438641226296, 0.6084128198364548, 0.6084128198364548, 0.608802866438055, 0.608802866438055, 0.6097274246021278, 0.6097274246021278, 0.6139693279404437, 0.6139693279404437, 0.6145550426448607, 0.6145550426448607, 0.6146345877663473, 0.6146345877663473, 0.6147751985697119, 0.6147751985697119, 0.6153174624109734, 0.6153174624109734, 0.617886309680823, 0.617886309680823, 0.6189618540988892, 0.6189618540988892, 0.6196243002432662, 0.6196243002432662, 0.620595650517307, 0.620595650517307, 0.6222423283214631, 0.6222423283214631, 0.6223510653887863, 0.6223510653887863, 0.6229359301269088, 0.6229359301269088, 0.6241534628799202, 0.6241534628799202, 0.6252694246607462, 0.6252694246607462, 0.6260907558838185, 0.6260907558838185, 0.6266963568686069, 0.6266963568686069, 0.6270531375479937, 0.6270531375479937, 0.6283974618247897, 0.6283974618247897, 0.6286693044930978, 0.6286693044930978, 0.6303777513995135, 0.6303777513995135, 0.630512251238313, 0.630512251238313, 0.631580600252059, 0.631580600252059, 0.6318629209531346, 0.6318629209531346, 0.63274754535596, 0.63274754535596, 0.6338839649462177, 0.6338839649462177, 0.6343919516984671, 0.6343919516984671, 0.6349532811629883, 0.6349532811629883, 0.6359973182097951, 0.6359973182097951, 0.6379113397227352, 0.6379113397227352, 0.6385145080453707, 0.6385145080453707, 0.6396755033852106, 0.6396755033852106, 0.6403449837334036, 0.6403449837334036, 0.6412423283214631, 0.6412423283214631, 0.6445481403323661, 0.6445481403323661, 0.6452713883759782, 0.6452713883759782, 0.6454741199917935, 0.6454741199917935, 0.6479376740232714, 0.6479376740232714, 0.6500415897300624, 0.6500415897300624, 0.6522760338814151, 0.6522760338814151, 0.6528716697441308, 0.6528716697441308, 0.6533537618335825, 0.6533537618335825, 0.6544220668835546, 0.6544220668835546, 0.6553237785398165, 0.6553237785398165, 0.6571419297165801, 0.6571419297165801, 0.6590339253788211, 0.6590339253788211, 0.6615767167853688, 0.6615767167853688, 0.6632330226559982, 0.6632330226559982, 0.6650243559307131, 0.6650243559307131, 0.6673364254520942, 0.6673364254520942, 0.6679553621149505, 0.6679553621149505, 0.6687291978076731, 0.6687291978076731, 0.6728503180046308, 0.6728503180046308, 0.6738544652539641, 0.6738544652539641, 0.6803379348749963, 0.6803379348749963, 0.6804433893138719, 0.6804433893138719, 0.6816776576101292, 0.6816776576101292, 0.6838749670271695, 0.6838749670271695, 0.6842047979131862, 0.6842047979131862, 0.6853360444327208, 0.6853360444327208, 0.6863435768926405, 0.6863435768926405, 0.6867827749934055, 0.6867827749934055, 0.6879647703625547, 0.6879647703625547, 0.6891771740086169, 0.6891771740086169, 0.6925739177584338, 0.6925739177584338, 0.6954951053665114, 0.6954951053665114, 0.6977559864005393, 0.6977559864005393, 0.6986647176060259, 0.6986647176060259, 0.6992287435153434, 0.6992287435153434, 0.7015573434156921, 0.7015573434156921, 0.7058008734136405, 0.7058008734136405, 0.7067729271080629, 0.7067729271080629, 0.7070748556522759, 0.7070748556522759, 0.7092998036284768, 0.7092998036284768, 0.711185351270553, 0.711185351270553, 0.7134483132565432, 0.7134483132565432, 0.7148201442011782, 0.7148201442011782, 0.7148776048536006, 0.7148776048536006, 0.726749406489053, 0.726749406489053, 0.7270608898267827, 0.7270608898267827, 0.7291978516369177, 0.7291978516369177, 0.7313642398663501, 0.7313642398663501, 0.7318914680969548, 0.7318914680969548, 0.7331579911486269, 0.7331579911486269, 0.7332668161434978, 0.7332668161434978, 0.7342176499897418, 0.7342176499897418, 0.7346133386089861, 0.7346133386089861, 0.7347972244204108, 0.7347972244204108, 0.7356310267006653, 0.7356310267006653, 0.7357099563293179, 0.7357099563293179, 0.7367123157185147, 0.7367123157185147, 0.7385434801723381, 0.7385434801723381, 0.7388467862481316, 0.7388467862481316, 0.739974354465254, 0.739974354465254, 0.7405227439256719, 0.7405227439256719, 0.7421751809842023, 0.7421751809842023, 0.7425162372871421, 0.7425162372871421, 0.7463024268003164, 0.7463024268003164, 0.7472344148421701, 0.7472344148421701, 0.7483120841759723, 0.7483120841759723, 0.7492780122512384, 0.7492780122512384, 0.7504084674228436, 0.7504084674228436, 0.7507382983088602, 0.7507382983088602, 0.7521785075764237, 0.7521785075764237, 0.7523792168586418, 0.7523792168586418, 0.7525426888244087, 0.7525426888244087, 0.7530000439637738, 0.7530000439637738, 0.7531942026436883, 0.7531942026436883, 0.7532270582373457, 0.7532270582373457, 0.753517424309036, 0.753517424309036, 0.7535937014566664, 0.7535937014566664, 0.7548491309827369, 0.7548491309827369, 0.7549663090946394, 0.7549663090946394, 0.7551274363258009, 0.7551274363258009, 0.7552300624285588, 0.7552300624285588, 0.7553816788299774, 0.7553816788299774, 0.7555867405258068, 0.7555867405258068, 0.7555890852604121, 0.7555890852604121, 0.7560178932559571, 0.7560178932559571, 0.756078431372549, 0.756078431372549, 0.7563305196518069, 0.7563305196518069, 0.7564906503707611, 0.7564906503707611, 0.7569008763445587, 0.7569008763445587, 0.7570802778510508, 0.7570802778510508, 0.757566282716375, 0.757566282716375, 0.7581956534482254, 0.7581956534482254, 0.7594928339048624, 0.7594928339048624, 0.7613274421876374, 0.7613274421876374, 0.7618850347313814, 0.7618850347313814, 0.7632098244379963, 0.7632098244379963, 0.7632551803980188, 0.7632551803980188, 0.7639985638500542, 0.7639985638500542, 0.7642885049385972, 0.7642885049385972, 0.7643497318209795, 0.7643497318209795, 0.7644558896802368],