{"title": "population_size_40_3", "popultion": 40, "subpopulation": 60, "number_of_rect": 20, "scores": [0.6783146633840382], "iters": [0], "finalScore": 0.6783146633840382, "finalIter": 5}