{"title": "population_size_10_3", "popultion": 10, "subpopulation": 15, "number_of_rect": 20, "scores": [0.5766501509422902, 0.5766501509422902, 0.5768156598962455, 0.5768156598962455, 0.5790858905595123, 0.5790858905595123, 0.5794970983909259, 0.5794970983909259, 0.5810148304463789, 0.5810148304463789, 0.5831419443711715, 0.5831419443711715, 0.5838813564289692, 0.5838813564289692, 0.5842593276473519, 0.5842593276473519, 0.5850146399366922, 0.5850146399366922, 0.5853938128315601, 0.5853938128315601, 0.5896188340807176, 0.5896188340807176, 0.5897285969694306, 0.5897285969694306, 0.5901645270963393, 0.5901645270963393, 0.5925966030657406, 0.5925966030657406, 0.5939032943521205, 0.5939032943521205, 0.5958666578739119, 0.5958666578739119, 0.5983815176294733, 0.5983815176294733, 0.6018842726926346, 0.6018842726926346, 0.6018865588088749, 0.6018865588088749, 0.603092807526598, 0.603092807526598, 0.6080659310061842, 0.6080659310061842, 0.6088894604179489, 0.6088894604179489, 0.611901872856766, 0.611901872856766, 0.6140295436560275, 0.6140295436560275, 0.6154661478941352, 0.6154661478941352, 0.6182813241888684, 0.6182813241888684, 0.6187112752425334, 0.6187112752425334, 0.6197729124534717, 0.6197729124534717, 0.6229473313989273, 0.6229473313989273, 0.623767915237844, 0.623767915237844, 0.6240632638705707, 0.6240632638705707, 0.62676010434069, 0.62676010434069, 0.6267665377062633, 0.6267665377062633, 0.6335651982766201, 0.6335651982766201, 0.6357898678155867, 0.6357898678155867, 0.6389872944693573, 0.6389872944693573, 0.6424356516896744, 0.6424356516896744, 0.6471805885283859, 0.6471805885283859, 0.6491902898678156, 0.6491902898678156, 0.6511993024414549, 0.6511993024414549, 0.6551549429936399, 0.6551549429936399, 0.6569855359184033, 0.6569855359184033, 0.658989346112137, 0.658989346112137, 0.6640212345027697, 0.6640212345027697, 0.6657295495178639, 0.6657295495178639, 0.6657541399220376, 0.6657541399220376, 0.6665044696503415, 0.6665044696503415, 0.6691968258155281, 0.6691968258155281, 0.6716318766669598, 0.6716318766669598, 0.6761989800404467, 0.6761989800404467, 0.677933306955069, 0.677933306955069, 0.6806993170960463, 0.6806993170960463, 0.6808111755913128, 0.6808111755913128, 0.68133352384302, 0.68133352384302, 0.6851504147249333, 0.6851504147249333, 0.6880342331252381, 0.6880342331252381, 0.6893661156540345, 0.6893661156540345, 0.6912601483044638, 0.6912601483044638, 0.692963554031478, 0.692963554031478, 0.6947056039157068, 0.6947056039157068, 0.6950975116504001, 0.6950975116504001, 0.695797795949471, 0.695797795949471, 0.7004082036402004, 0.7004082036402004, 0.7004293355608312, 0.7004293355608312, 0.7019507166095138, 0.7019507166095138, 0.7036567455083678, 0.7036567455083678, 0.7064509950467481, 0.7064509950467481, 0.7083441484217006, 0.7083441484217006, 0.7087674609455141, 0.7087674609455141, 0.7090311703156599, 0.7090311703156599, 0.7093646648494973, 0.7093646648494973, 0.7128245845423371, 0.7128245845423371, 0.7154345819045107, 0.7154345819045107, 0.7163935783580996, 0.7163935783580996, 0.7176463554031478, 0.7176463554031478, 0.7176475863888157, 0.7176475863888157, 0.7199186816729681, 0.7199186816729681, 0.7201434244848911, 0.7201434244848911, 0.7224017263108532, 0.7224017263108532, 0.723228157331692, 0.723228157331692, 0.723789164395205, 0.723789164395205, 0.7248975644069287, 0.7248975644069287, 0.7279985638500541, 0.7279985638500541, 0.7288083765643776, 0.7288083765643776, 0.730830373105894, 0.730830373105894, 0.732591869632756, 0.732591869632756, 0.7327315718514611, 0.7327315718514611, 0.7367554441806619, 0.7367554441806619, 0.736790556581377, 0.736790556581377, 0.7369111345584571, 0.7369111345584571, 0.7402925935695653, 0.7402925935695653, 0.7419256132946452, 0.7419256132946452, 0.7450122658929043, 0.7450122658929043, 0.7459653565462059, 0.7459653565462059, 0.7481638822943228, 0.7481638822943228, 0.7490931445821976, 0.7490931445821976, 0.7500072979864592, 0.7500072979864592, 0.7507168586418125, 0.7507168586418125, 0.7531437761950819, 0.7531437761950819, 0.7536612884316656, 0.7536612884316656, 0.7545114159266098, 0.7545114159266098, 0.7549255546762801, 0.7549255546762801, 0.7563776195081919, 0.7563776195081919, 0.7567764149007884, 0.7567764149007884, 0.7570664585714705, 0.7570664585714705, 0.7589781060406225, 0.7589781060406225, 0.7602149828541283, 0.7602149828541283, 0.7609592455816407, 0.7609592455816407, 0.7609741199917934, 0.7609741199917934, 0.7616803980186992, 0.7616803980186992, 0.7629717899117794, 0.7629717899117794, 0.7635970866672528, 0.7635970866672528, 0.7639554793516808, 0.7639554793516808, 0.7662055746065242, 0.7662055746065242, 0.7690458688707172, 0.7690458688707172, 0.7708681966059967, 0.7708681966059967, 0.7752143673612943, 0.7752143673612943, 0.775355960022275, 0.775355960022275, 0.7754822825991383, 0.7754822825991383, 0.7775214689762302, 0.7775214689762302, 0.779878659984173, 0.779878659984173, 0.7814123069257598, 0.7814123069257598, 0.7867165508953955, 0.7867165508953955, 0.7888310618716844, 0.7888310618716844, 0.7897844309622205, 0.7897844309622205, 0.7901062018230312, 0.7901062018230312, 0.7907563967290953, 0.7907563967290953, 0.7908511386617427, 0.7908511386617427, 0.7929109440487705, 0.7929109440487705, 0.7953582168293326, 0.7953582168293326, 0.7954800257920807, 0.7954800257920807, 0.7957200093789384, 0.7957200093789384, 0.7977412585362994, 0.7977412585362994, 0.7995152261203435, 0.7995152261203435, 0.8022179577361588, 0.8022179577361588, 0.8035594829860195, 0.8035594829860195, 0.8038426243442071, 0.8038426243442071, 0.804204372930039, 0.804204372930039, 0.8045486385884698, 0.8045486385884698, 0.8072642808992057, 0.8072642808992057, 0.807481696415487, 0.807481696415487, 0.808375040300126, 0.808375040300126, 0.8092465341891615, 0.8092465341891615, 0.8101131334447083, 0.8101131334447083, 0.8116579911486269, 0.8116579911486269, 0.8131372988657346, 0.8131372988657346, 0.8149146223511826, 0.8149146223511826, 0.8168745420440224, 0.8168745420440224, 0.8170579442539347, 0.8170579442539347, 0.8192554002168879, 0.8192554002168879, 0.8195795597760779, 0.8195795597760779, 0.8195976142325391, 0.8195976142325391, 0.8196257510478033, 0.8196257510478033, 0.8224530320349366, 0.8224530320349366, 0.8239111785222311, 0.8239111785222311, 0.8242799466572877, 0.8242799466572877, 0.826439974794103, 0.826439974794103, 0.8295239456021571, 0.8295239456021571, 0.8314818869251737, 0.8314818869251737, 0.8334097130631026, 0.8334097130631026, 0.8353337143527066, 0.8353337143527066, 0.8355421026407573, 0.8355421026407573, 0.836522905126176, 0.836522905126176, 0.8392777191594126, 0.8392777191594126, 0.8413412321580351, 0.8413412321580351, 0.8417569389489727, 0.8417569389489727, 0.8428449690788125, 0.8428449690788125, 0.8431298396787714, 0.8431298396787714, 0.8432642369354318, 0.8432642369354318, 0.8461878425510713, 0.8461878425510713, 0.8479461443770333, 0.8479461443770333, 0.8488229432281134, 0.8488229432281134, 0.8494059614877341, 0.8494059614877341, 0.8496222339458952, 0.8496222339458952, 0.850528898854011, 0.850528898854011, 0.8520811278173451, 0.8520811278173451, 0.8525880740936135, 0.8525880740936135, 0.8530954600076204, 0.8530954600076204, 0.8533154547319676, 0.8533154547319676, 0.8544562560450188, 0.8544562560450188, 0.8548986195375011, 0.8548986195375011, 0.8577990708989126, 0.8577990708989126, 0.8587778217415516, 0.8587778217415516, 0.8597770157390311, 0.8597770157390311, 0.8599112664497788, 0.8599112664497788, 0.8608084205281514, 0.8608084205281514, 0.8612719892142209, 0.8612719892142209, 0.8646388082886368, 0.8646388082886368, 0.8652583311351446, 0.8652583311351446, 0.8655757642369355, 0.8655757642369355, 0.8663179460124857, 0.8663179460124857, 0.866617104838946, 0.866617104838946, 0.8669230487411705, 0.8669230487411705, 0.8682880653008588, 0.8682880653008588, 0.8700466748732378, 0.8700466748732378, 0.8703787332571294, 0.8703787332571294, 0.8706649081157126, 0.8706649081157126, 0.8711970309798059, 0.8711970309798059, 0.8712514141680588, 