{"title": "population_size_15_1", "popultion": 15, "subpopulation": 22, "number_of_rect": 20, "scores": [0.595988935783581], "iters": [0], "finalScore": 0.595988935783581, "finalIter": 5}