{"title": "subpopulation_size_1.5_1", "popultion": 40, "subpopulation": 60, "number_of_rect": 20, "scores": [0.6462071279932002, 0.6462071279932002, 0.6463661156540343, 0.6463661156540343, 0.6469173627597526, 0.6469173627597526, 0.6472061607901756, 0.6472061607901756, 0.6474230633957618, 0.6474230633957618, 0.6487600896860986, 0.6487600896860986, 0.6489647263987808, 0.6489647263987808, 0.6496226589290425, 0.6496226589290425, 0.650015504557578, 0.650015504557578, 0.6504949002022333, 0.6504949002022333, 0.6518122746856589, 0.6518122746856589, 0.6519511855564348, 0.6519511855564348, 0.6527298426096896, 0.6527298426096896, 0.6527850611096456, 0.6527850611096456, 0.6536143204666022, 0.6536143204666022, 0.6536662123743369, 0.6536662123743369, 0.6538272223687681, 0.6538272223687681, 0.6546917846361264, 0.6546917846361264, 0.6551694803481931, 0.6551694803481931, 0.6553192795802925, 0.6553192795802925, 0.6561724112664498, 0.6561724112664498, 0.6564572672118174, 0.6564572672118174, 0.6568668044198247, 0.6568668044198247, 0.6569719218031009, 0.6569719218031009, 0.6576623142530555, 0.6576623142530555, 0.6591674873237785, 0.6591674873237785, 0.6596037251971043, 0.6596037251971043, 0.6607178844632022, 0.6607178844632022, 0.6640908584659574, 0.6640908584659574, 0.6645943169495003, 0.6645943169495003, 0.6659955156950672, 0.6659955156950672, 0.6675097306486122, 0.6675097306486122, 0.6693304610334418, 0.6693304610334418, 0.6695787977373311, 0.6695787977373311, 0.6696018640640112, 0.6696018640640112, 0.6706118438406753, 0.6706118438406753, 0.6708518420821243, 0.6708518420821243, 0.6710036050294557, 0.6710036050294557, 0.6711480846449193, 0.6711480846449193, 0.6740457223248044, 0.6740457223248044, 0.674822093261819, 0.674822093261819, 0.6748848149125122, 0.6748848149125122, 0.675057489961605, 0.675057489961605, 0.676488935783581, 0.676488935783581, 0.6766387203610891, 0.6766387203610891, 0.6767225006594566, 0.6767225006594566, 0.6769134206746974, 0.6769134206746974, 0.6788378176382661, 0.6788378176382661, 0.6794845247516046, 0.6794845247516046, 0.6817821595005715, 0.6817821595005715, 0.6832337846947449, 0.6832337846947449, 0.6844354465253963, 0.6844354465253963, 0.6844722002403353, 0.6844722002403353, 0.6845111374893754, 0.6845111374893754, 0.6891768955713825, 0.6891768955713825, 0.690217869808611, 0.690217869808611, 0.6910534306398195, 0.6910534306398195, 0.6911592807526599, 0.6911592807526599, 0.6928997772502126, 0.6928997772502126, 0.6931648788065301, 0.6931648788065301, 0.6938404261555146, 0.6938404261555146, 0.6938701603212286, 0.6938701603212286, 0.6941657141182332, 0.6941657141182332, 0.6949954131129283, 0.6949954131129283, 0.6957181629004368, 0.6957181629004368, 0.6972283331867875, 0.6972283331867875, 0.6972649110466309, 0.6972649110466309, 0.6983694862100296, 0.6983694862100296, 0.6992575544418066, 0.6992575544418066, 0.699289838506404, 0.699289838506404, 0.699718177555028, 0.699718177555028, 0.7010512177965356, 0.7010512177965356, 0.7013775022714617, 0.7013775022714617, 0.7019006858348721, 0.7019006858348721, 0.7020915765409304, 0.7020915765409304, 0.7031801342360562, 0.7031801342360562, 0.7039858143556377, 0.7039858143556377, 0.7040568158504059, 0.7040568158504059, 0.7045657551510889, 0.7045657551510889, 0.7055325038834667, 0.7055325038834667, 0.7068618658225623, 0.7068618658225623, 0.7084844954424221, 0.7084844954424221, 0.7130981857615991, 0.7130981857615991, 0.7154415281807791, 0.7154415281807791, 0.7172391043113807, 0.7172391043113807, 0.7173921861719277, 0.7173921861719277, 0.7180223775608898, 0.7180223775608898, 0.7191028752308097, 0.7191028752308097, 0.7212575984055805, 0.7212575984055805, 0.7221955069023125, 0.7221955069023125, 0.7225542073331574, 0.7225542073331574, 0.7234345525953281, 0.7234345525953281, 0.7263213312230722, 0.7263213312230722, 0.7272880506462674, 0.7272880506462674, 0.7275214836308215, 0.7275214836308215, 0.7278884932149242, 0.7278884932149242, 0.7303266654942994, 0.7303266654942994, 0.7334916175737859, 0.7334916175737859, 0.7348984583369971, 0.7348984583369971, 0.736538468302119, 0.736538468302119, 0.7367448196019812, 0.7367448196019812, 0.7383832615258361, 0.7383832615258361, 0.7402568217122425, 0.7402568217122425, 0.7427867170784607, 0.7427867170784607, 0.7436867288021337, 0.7436867288021337, 0.7449953398399718, 0.7449953398399718, 0.7478390339693426, 0.7478390339693426, 0.7511045165450336, 0.7511045165450336, 0.7522285383510654, 0.7522285383510654, 0.7578212872592983, 0.7578212872592983, 0.7595244438582608, 0.7595244438582608, 0.7612490987426361, 0.7612490987426361, 0.7665483015328702, 0.7665483015328702, 0.766956622409801, 0.766956622409801, 0.7711381341774378, 0.7711381341774378, 0.7772295934816378, 0.7772295934816378, 0.783520472464023, 0.783520472464023, 0.7850414285295584, 0.7850414285295584, 0.7875693601805446, 0.7875693601805446, 0.7885790175562004, 0.7885790175562004, 0.7908672294029719, 0.7908672294029719, 0.7949814765966177, 0.7949814765966177, 0.7952096046191272, 0.7952096046191272, 0.7959142852955831, 0.7959142852955831, 0.7970502212843285, 0.7970502212843285, 0.799356165186553, 0.799356165186553, 0.8047363052844456, 0.8047363052844456, 0.8071938509334975, 0.8071938509334975, 0.8108065154312846, 0.8108065154312846, 0.81199177877429, 0.81199177877429, 0.8125408716550895, 0.8125408716550895, 0.8134765966177203, 0.8134765966177203, 0.815025074005686, 0.815025074005686, 0.818087062926815, 0.818087062926815, 0.8182829801576834, 0.8182829801576834, 0.8188464785017145, 0.8188464785017145, 0.8206360532254755, 0.8206360532254755, 0.8211986576394384, 0.8211986576394384, 0.8212447316744336, 0.8212447316744336, 0.8229437410240629, 0.8229437410240629, 0.8229878366892347, 0.8229878366892347, 0.824803745713532, 0.824803745713532, 0.8248575573727248, 0.8248575573727248, 0.8250096427210645, 0.8250096427210645, 0.8257243471379583, 0.8257243471379583, 0.8266773938274862, 0.8266773938274862, 0.8273728567660248, 0.8273728567660248, 0.8283084205281515, 0.8283084205281515, 0.829598229725373, 0.829598229725373, 0.8299077346932794, 0.8299077346932794, 0.8317512529675548, 0.8317512529675548, 0.8320065799114863, 0.8320065799114863, 0.8326684984905771, 0.8326684984905771, 0.8337298719188722, 0.8337298719188722, 0.8343911750051292, 0.8343911750051292, 0.8354255546762801, 0.8354255546762801, 0.8399669685512471, 0.8399669685512471, 0.8411456373281749, 0.8411456373281749, 0.8411812772941762, 0.8411812772941762, 0.8424754682141915, 0.8424754682141915, 0.84258871889563, 0.84258871889563, 0.845679093760075, 0.845679093760075, 0.8466865236378558, 0.8466865236378558, 0.8473098566780972, 0.8473098566780972, 0.8490740643043466, 0.8490740643043466, 0.8510278583780299, 0.8510278583780299, 0.8510426888244087, 0.8510426888244087, 0.855596676338697, 0.855596676338697, 0.8577429584688883, 0.8577429584688883, 0.8588416571411823, 0.8588416571411823, 0.8588659104897565, 0.8588659104897565, 0.8626955362114951, 0.8626955362114951, 0.8632106011313344, 0.8632106011313344, 0.8649097423722852, 0.8649097423722852, 0.8650583399278994, 0.8650583399278994, 0.866353996307043, 0.866353996307043, 0.8683424777982942, 0.8683424777982942, 0.8683558281309534, 0.8683558281309534, 0.8695436120636595, 0.8695436120636595, 0.8696943784987836, 0.8696943784987836, 0.8725189776957121, 0.8725189776957121, 0.8730948298601952, 0.8730948298601952, 0.874686274509804, 0.874686274509804, 0.8757821155367976, 0.8757821155367976, 0.8758323661303087, 0.8758323661303087, 0.8763440898033354, 0.8763440898033354, 0.8777309710132184, 0.8777309710132184, 0.8787294615903163, 0.8787294615903163, 0.8788140772003868, 0.8788140772003868, 0.8836353791142765, 0.8836353791142765, 0.8837794337465928, 0.8837794337465928, 0.8847634016237287, 0.8847634016237287, 0.8869663677130045, 0.8869663677130045, 0.8870839121896891, 0.8870839121896891, 0.8873656027433395, 0.8873656027433395, 0.8888621296052053, 0.8888621296052053, 0.8889380257334623, 0.8889380257334623, 0.889390339693426, 0.889390339693426, 0.8895589261115507,