{"title": "subpopulation_size_3_4", "popultion": 40, "subpopulation": 120, "number_of_rect": 20, "scores": [0.6135607725900525, 0.6135607725900525, 0.6136537999355198, 0.6136537999355198, 0.6137166827867171, 0.6137166827867171, 0.6145087927547701, 0.6145087927547701, 0.6149954570767021, 0.6149954570767021, 0.6154005246343679, 0.6154005246343679, 0.6159612386060553, 0.6159612386060553, 0.6161489639203963, 0.6161489639203963, 0.6177979864591576, 0.6177979864591576, 0.6185054661625486, 0.6185054661625486, 0.6199804800844104, 0.6199804800844104, 0.6234537208007269, 0.6234537208007269, 0.6237756235528591, 0.6237756235528591, 0.6260092470470998, 0.6260092470470998, 0.6281991852047246, 0.6281991852047246, 0.6304801723379936, 0.6304801723379936, 0.6317695272428852, 0.6317695272428852, 0.6333716843987222, 0.6333716843987222, 0.6338307248160848, 0.6338307248160848, 0.6347435153433572, 0.6347435153433572, 0.6355800140684076, 0.6355800140684076, 0.6356180134236056, 0.6356180134236056, 0.6362595474662212, 0.6362595474662212, 0.6368771798704533, 0.6368771798704533, 0.6380384829567103, 0.6380384829567103, 0.6386809842023506, 0.6386809842023506, 0.6398970954600076, 0.6398970954600076, 0.6411981886925173, 0.6411981886925173, 0.641696664615024, 0.641696664615024, 0.6421157712711392, 0.6421157712711392, 0.642801474251883, 0.642801474251883, 0.6444398135935989, 0.6444398135935989, 0.6444742811922975, 0.6444742811922975, 0.6474919253202027, 0.6474919253202027, 0.6503188106333715, 0.6503188106333715, 0.6508800228611624, 0.6508800228611624, 0.6531004425686567, 0.6531004425686567, 0.6550312435886163, 0.6550312435886163, 0.6571579764940356, 0.6571579764940356, 0.6576688355461766, 0.6576688355461766, 0.6605546176617134, 0.6605546176617134, 0.6619229901228054, 0.6619229901228054, 0.6626035786511915, 0.6626035786511915, 0.6663132418886837, 0.6663132418886837, 0.6694745303203493, 0.6694745303203493, 0.6720201500630147, 0.6720201500630147, 0.6733506697148217, 0.6733506697148217, 0.6767556200357572, 0.6767556200357572, 0.6784455435387906, 0.6784455435387906, 0.6813772677980011, 0.6813772677980011, 0.6820616958293033, 0.6820616958293033, 0.6829784284416307, 0.6829784284416307, 0.6835010990943462, 0.6835010990943462, 0.6836119610774055, 0.6836119610774055, 0.6839568422286703, 0.6839568422286703, 0.6840075764236935, 0.6840075764236935, 0.6841976025088661, 0.6841976025088661, 0.6842853248922888, 0.6842853248922888, 0.6852260470705471, 0.6852260470705471, 0.6852518244966148, 0.6852518244966148, 0.6857143966704768, 0.6857143966704768, 0.6858215217327589, 0.6858215217327589, 0.6860741815410768, 0.6860741815410768, 0.6862489521967232, 0.6862489521967232, 0.6868000967203025, 0.6868000967203025, 0.6872566605117383, 0.6872566605117383, 0.6875923825434509, 0.6875923825434509, 0.68791835927196, 0.68791835927196, 0.6883306368885371, 0.6883306368885371, 0.6887560743280869, 0.6887560743280869, 0.689487338433131, 0.689487338433131, 0.6900085582813096, 0.6900085582813096, 0.6907097072012662, 0.6907097072012662, 0.6909792197895601, 0.6909792197895601, 0.6921696122395147, 0.6921696122395147, 0.6922612180896275, 0.6922612180896275, 0.6927747882411559, 0.6927747882411559, 0.6933097687505496, 0.6933097687505496, 0.6943723878191037, 0.6943723878191037, 0.6947324804361206, 0.6947324804361206, 0.6956393505085143, 0.6956393505085143, 0.6959153257715642, 0.6959153257715642, 0.6959399454849204, 0.6959399454849204, 0.6965580028722999, 0.6965580028722999, 0.6970978780151822, 0.6970978780151822, 0.6975998124212316, 0.6975998124212316, 0.6980633224889358, 0.6980633224889358, 0.698487851343826, 0.698487851343826, 0.6992068495559658, 0.6992068495559658, 0.6995397432515607, 0.6995397432515607, 0.6998869251736569, 0.6998869251736569, 0.701831662709927, 0.701831662709927, 0.7021584307863653, 0.7021584307863653, 0.7036702716961224, 0.7036702716961224, 0.7043081420909172, 0.7043081420909172, 0.7056975731996835, 0.7056975731996835, 0.7063144435651689, 0.7063144435651689, 0.7075553943550514, 0.7075553943550514, 0.7075994314018582, 0.7075994314018582, 0.7084111345584572, 0.7084111345584572, 0.708461326533603, 0.708461326533603, 0.7087193059585568, 0.7087193059585568, 0.7094133767109235, 0.7094133767109235, 0.7095946540050998, 0.7095946540050998, 0.7098788944576335, 0.7098788944576335, 0.7100563908672588, 0.7100563908672588, 0.7106664175386148, 0.7106664175386148, 0.7107992027902342, 0.7107992027902342, 0.7109420557460653, 0.7109420557460653, 0.7112100735660483, 0.7112100735660483, 0.7112491133972274, 0.7112491133972274, 0.7116123860605528, 0.7116123860605528, 0.711631891321551, 0.711631891321551, 0.7121550748849614, 0.7121550748849614, 0.7122121252088279, 0.7122121252088279, 0.7126072276444211, 0.7126072276444211, 0.7130488877165215, 0.7130488877165215, 0.7131391160350538, 0.7131391160350538, 0.7133851226589291, 0.7133851226589291, 0.7136161669451039, 0.7136161669451039, 0.7138273835692722, 0.7138273835692722, 0.7142183241009408, 0.7142183241009408, 0.7142748175503385, 0.7142748175503385, 0.7142944107388844, 0.7142944107388844, 0.71441402151294, 0.71441402151294, 0.7144821507078167, 0.7144821507078167, 0.7147489082329495, 0.7147489082329495, 0.7148811366101, 0.7148811366101, 0.7151244028254052, 0.7151244028254052, 0.7152746710044257, 0.7152746710044257, 0.7154392713737214, 0.7154392713737214, 0.7158414812860869, 0.7158414812860869, 0.7159184032357337, 0.7159184032357337, 0.7166039596705648, 0.7166039596705648, 0.7171209150326797, 0.7171209150326797, 0.7174273425364166, 0.7174273425364166, 0.7177955391424133, 0.7177955391424133, 0.7182470470998563, 0.7182470470998563, 0.7184787068788652, 0.7184787068788652, 0.7185727600457223, 0.7185727600457223, 0.718978281895718, 0.718978281895718, 0.7193384624402825, 0.7193384624402825, 0.7204151645710601, 0.7204151645710601, 0.721181057475307, 0.721181057475307, 0.7211895131744775, 0.7211895131744775, 0.7213531756499312, 0.7213531756499312, 0.7227172982795509, 0.7227172982795509, 0.7228807702453178, 0.7228807702453178, 0.7259786775696826, 0.7259786775696826, 0.7260393329230048, 0.7260393329230048, 0.7260941704035875, 0.7260941704035875, 0.726560904481374, 0.726560904481374, 0.7266243881708139, 0.7266243881708139, 0.7270215715583692, 0.7270215715583692, 0.7273643717576717, 0.7273643717576717, 0.7275402415076644, 0.7275402415076644, 0.7275614027374777, 0.7275614027374777, 0.727614774758932, 0.727614774758932, 0.7278387994958821, 0.7278387994958821, 0.7280242386939828, 0.7280242386939828, 0.7282245229930537, 0.7282245229930537, 0.7284286467950409, 0.7284286467950409, 0.7284372636947156, 0.7284372636947156, 0.7285094668659691, 0.7285094668659691, 0.7286699053313404, 0.7286699053313404, 0.7287080219232686, 0.7287080219232686, 0.728883158943697, 0.728883158943697, 0.7291931621677071, 0.7291931621677071, 0.7292524986078139, 0.7292524986078139, 0.7292740555115917, 0.7292740555115917, 0.7292798733843313, 0.7292798733843313, 0.7293523989565931, 0.7293523989565931, 0.729418315308186, 0.729418315308186, 0.729437336967672, 0.729437336967672, 0.7294973328643863, 0.7294973328643863, 0.7295095987572906],