{"title": "subpopulation_size_1.3_4", "popultion": 50, "subpopulation": 65, "number_of_rect": 20, "scores": [0.6732926961517043], "iters": [0], "finalScore": 0.6732926961517043, "finalIter": 5}