{"title": "subpopulation_size_1.5_3", "popultion": 40, "subpopulation": 60, "number_of_rect": 20, "scores": [0.6484276063190597, 0.6484276063190597, 0.6516773205545296, 0.6516773205545296, 0.6518533808142091, 0.6518533808142091, 0.6521590023154255, 0.6521590023154255, 0.6538952196723233, 0.6538952196723233, 0.6567287874791172, 0.6567287874791172, 0.6581296052053108, 0.6581296052053108, 0.6582473841554559, 0.6582473841554559, 0.6582553709077055, 0.6582553709077055, 0.6586224830739471, 0.6586224830739471, 0.6605797063219907, 0.6605797063219907, 0.6607477065564642, 0.6607477065564642, 0.6631237580233887, 0.6631237580233887, 0.6643184003048155, 0.6643184003048155, 0.6646325507781587, 0.6646325507781587, 0.6665787977373311, 0.6665787977373311, 0.6677491280518186, 0.6677491280518186, 0.6682389577654679, 0.6682389577654679, 0.6687348691344999, 0.6687348691344999, 0.6692603241595592, 0.6692603241595592, 0.6692849878366892, 0.6692849878366892, 0.6718664234004513, 0.6718664234004513, 0.6724837187490841, 0.6724837187490841, 0.6733303437967115, 0.6733303437967115, 0.673944473753627, 0.673944473753627, 0.674185556434831, 0.674185556434831, 0.6744258184589231, 0.6744258184589231, 0.6755076057328762, 0.6755076057328762, 0.677926946862452, 0.677926946862452, 0.6786559248512559, 0.6786559248512559, 0.6823133444708227, 0.6823133444708227, 0.6826211641607316, 0.6826211641607316, 0.6840966616841057, 0.6840966616841057, 0.6851667545942144, 0.6851667545942144, 0.6873278964799672, 0.6873278964799672, 0.6885236232011489, 0.6885236232011489, 0.6885490782262083, 0.6885490782262083, 0.6905846742284358, 0.6905846742284358, 0.6906560420879861, 0.6906560420879861, 0.6906662270289281, 0.6906662270289281, 0.6917181189366628, 0.6917181189366628, 0.692851622263255, 0.692851622263255, 0.695240511152144, 0.695240511152144, 0.6978276766610979, 0.6978276766610979, 0.6992296960637767, 0.6992296960637767, 0.7031155661068613, 0.7031155661068613, 0.7041281983645475, 0.7041281983645475, 0.7081993757144114, 0.7081993757144114, 0.7112936047363639, 0.7112936047363639, 0.7128861338257276, 0.7128861338257276, 0.7144243529997949, 0.7144243529997949, 0.7148075998710396, 0.7148075998710396, 0.7159652979278408, 0.7159652979278408, 0.7192925935695653, 0.7192925935695653, 0.7221588704241039, 0.7221588704241039, 0.7230128520765555, 0.7230128520765555, 0.7230302763855916, 0.7230302763855916, 0.727831457545649, 0.727831457545649, 0.7280093203200563, 0.7280093203200563, 0.7302038014009788, 0.7302038014009788, 0.7320317271901287, 0.7320317271901287, 0.7343837890911222, 0.7343837890911222, 0.7344494416600721, 0.7344494416600721, 0.7357198774876168, 0.7357198774876168, 0.7399345525953281, 0.7399345525953281, 0.7405074591869633, 0.7405074591869633, 0.7459701046337818, 0.7459701046337818, 0.7511851607608664, 0.7511851607608664, 0.7636853659251444, 0.7636853659251444, 0.7691734957062047, 0.7691734957062047, 0.7746182478970661, 0.7746182478970661, 0.7761048096368592, 0.7761048096368592, 0.7767364664849498, 0.7767364664849498, 0.7773106333714352, 0.7773106333714352, 0.7773723438553299, 0.7773723438553299, 0.7781059233857968, 0.7781059233857968, 0.7799073536739061, 0.7799073536739061, 0.7799240599079692, 0.7799240599079692, 0.780484436824057, 0.780484436824057, 0.7811893373193821, 0.7811893373193821, 0.7815809666168411, 0.7815809666168411, 0.7828850640405639, 0.7828850640405639, 0.7845845569917055, 0.7845845569917055, 0.7850758082007092, 0.7850758082007092, 0.7854504235176881, 0.7854504235176881, 0.7866281544007738, 0.7866281544007738, 0.7872362613206718, 0.7872362613206718, 0.7879315190949324, 0.7879315190949324, 0.7899932149242358, 0.7899932149242358, 0.790251677950702, 0.790251677950702, 0.7904487382396905, 0.7904487382396905, 0.7905400070342038, 0.7905400070342038, 0.7908744541164747, 0.7908744541164747, 0.7913774289985053, 0.7913774289985053, 0.7917961692898385, 0.7917961692898385, 0.7923464052287581, 0.7923464052287581, 0.7924348749963364, 0.7924348749963364, 0.792813051378997, 0.792813051378997, 0.7930271842668308, 0.7930271842668308, 0.7931197133561945, 0.7931197133561945, 0.7932494504528269, 0.7932494504528269, 0.7938622908057095, 0.7938622908057095, 0.7940447844309622, 0.7940447844309622, 0.7945287816172807, 0.7945287816172807, 0.7946458718016355, 0.7946458718016355, 0.7951365807907618, 0.7951365807907618, 0.7952505348925818, 0.7952505348925818, 0.7953106333714353, 0.7953106333714353, 0.7953401770274627, 0.7953401770274627, 0.795748219467159, 0.795748219467159, 0.7961966059966588, 0.7961966059966588, 0.796672836249597, 0.796672836249597, 0.7969699141240951, 0.7969699141240951, 0.7973170667370086, 0.7973170667370086, 0.7975529616928984, 0.7975529616928984, 0.7977437351622263, 0.7977437351622263, 0.7984620152993933, 0.7984620152993933, 0.7985710747677247, 0.7985710747677247, 0.7992115683343591, 0.7992115683343591, 0.7992127700108445, 0.7992127700108445, 0.7997411119903866, 0.7997411119903866, 0.7998463173012105, 0.7998463173012105, 0.8007870394794689, 0.8007870394794689, 0.8018335091884288, 0.8018335091884288, 0.8026189220082651, 0.8026189220082651, 0.8031296052053108, 0.8031296052053108, 0.8032487763416278, 0.8032487763416278, 0.803421773791729, 0.803421773791729, 0.8039856091913596, 0.8039856091913596, 0.8042008265189484, 0.8042008265189484, 0.8042972537295935, 0.8042972537295935, 0.8050173510360796, 0.8050173510360796, 0.8050242240393916, 0.8050242240393916, 0.8051417245523023, 0.8051417245523023, 0.805959670564788, 0.805959670564788, 0.8064982707582286, 0.8064982707582286, 0.8070237697470617, 0.8070237697470617, 0.8070704446202995, 0.8070704446202995, 0.8077983088601659, 0.8077983088601659, 0.8079782086227615, 0.8079782086227615, 0.8085072247135028, 0.8085072247135028, 0.8092275271842668, 0.8092275271842668, 0.8093951024355931, 0.8093951024355931, 0.8100104047598112, 0.8100104047598112, 0.8101172513848589, 0.8101172513848589, 0.8108310765262757, 0.8108310765262757, 0.8113779126000176, 0.8113779126000176, 0.8120790175562004, 0.8120790175562004, 0.8122172836249597, 0.8122172836249597, 0.8130431724259211, 0.8130431724259211, 0.8133425071074768, 0.8133425071074768, 0.8138432544916322, 0.8138432544916322, 0.814132301650107, 0.814132301650107, 0.8142544183592719, 0.8142544183592719, 0.8147025850699023, 0.8147025850699023, 0.8158358099592602, 0.8158358099592602, 0.8164291450511445, 0.8164291450511445, 0.8197142061607902, 0.8197142061607902, 0.8211012192619948, 0.8211012192619948, 0.8224794689176119, 0.8224794689176119, 0.8233235294117647, 0.8233235294117647, 0.8253146780386296, 0.8253146780386296, 0.8261606729388318, 0.8261606729388318, 0.8262480729212462, 0.8262480729212462, 0.8286051173832762, 0.8286051173832762, 0.8315986400539289, 0.8315986400539289, 0.831724904012427, 0.831724904012427, 0.8327003575720273, 0.8327003575720273, 0.8351889123362349, 0.8351889123362349, 0.8359475805269792, 0.8359475805269792, 0.8367356751370204, 0.8367356751370204, 0.8379684926287405, 0.8379684926287405, 0.8387383715818166, 0.8387383715818166, 0.8422822474281192, 0.8422822474281192, 0.8428430786365368, 0.8428430786365368, 0.8460399337612474, 0.8460399337612474, 0.8461167970925291, 0.8461167970925291, 0.8465880301298396, 0.8465880301298396, 0.8474828394736071, 0.8474828394736071, 0.8478600926170169, 0.8478600926170169, 0.8498088455112986, 0.8498088455112986, 0.8504780474222574, 0.8504780474222574, 0.8512205955625898, 0.8512205955625898, 0.8539643307248161, 0.8539643307248161, 0.8544187109821507, 0.8544187109821507, 0.8555275213224303, 0.8555275213224303, 0.8555820070928222, 0.8555820070928222, 0.8577422403939154, 0.8577422403939154, 0.8585351124007151, 0.8585351124007151, 0.8610091151557784, 0.8610091151557784, 0.8621605996658753, 0.8621605996658753, 0.8622625809666169, 0.8622625809666169, 0.8627003722266187, 0.8627003722266187, 0.8632541545766288, 0.8632541545766288, 0.8634653565462059, 0.8634653565462059, 0.8637538175210293, 0.8637538175210293, 0.8638514757173422, 0.8638514757173422, 0.8638716843987222, 0.8638716843987222, 