{"title": "population_size_100_1", "popultion": 100, "subpopulation": 150, "number_of_rect": 20, "scores": [0.6305167795070196], "iters": [0], "finalScore": 0.6305167795070196, "finalIter": 5}