{"title": "subpopulation_size_1.5_2", "popultion": 40, "subpopulation": 60, "number_of_rect": 20, "scores": [0.64905366511328, 0.64905366511328, 0.649303687095167, 0.649303687095167, 0.6499972742460213, 0.6499972742460213, 0.6502692341510595, 0.6502692341510595, 0.650818429613998, 0.650818429613998, 0.6516424133180925, 0.6516424133180925, 0.6518383158943697, 0.6518383158943697, 0.6526619918520472, 0.6526619918520472, 0.6528943843606202, 0.6528943843606202, 0.6533924352999795, 0.6533924352999795, 0.6536944371171488, 0.6536944371171488, 0.6544406928690758, 0.6544406928690758, 0.6551784636126499, 0.6551784636126499, 0.6556949353732524, 0.6556949353732524, 0.6559770069462763, 0.6559770069462763, 0.6565886309680824, 0.6565886309680824, 0.6570530496204461, 0.6570530496204461, 0.6576368445734049, 0.6576368445734049, 0.657914534423635, 0.657914534423635, 0.6585750021981887, 0.6585750021981887, 0.6592585949177878, 0.6592585949177878, 0.6594791318620123, 0.6594791318620123, 0.6602174155162812, 0.6602174155162812, 0.6607299891556024, 0.6607299891556024, 0.660995808786893, 0.660995808786893, 0.6618190744160146, 0.6618190744160146, 0.6628333919516984, 0.6628333919516984, 0.6628694129370731, 0.6628694129370731, 0.6631056302939711, 0.6631056302939711, 0.6636527154957649, 0.6636527154957649, 0.6641585919868696, 0.6641585919868696, 0.6645574753070137, 0.6645574753070137, 0.6646814971130455, 0.6646814971130455, 0.66481650986254, 0.66481650986254, 0.6648221225710015, 0.6648221225710015, 0.6651481286086931, 0.6651481286086931, 0.6654629385386441, 0.6654629385386441, 0.6656429555379701, 0.6656429555379701, 0.6656884433893139, 0.6656884433893139, 0.6664382748615141, 0.6664382748615141, 0.6671270406518361, 0.6671270406518361, 0.6677383715818166, 0.6677383715818166, 0.667872607637973, 0.667872607637973, 0.6679785603329523, 0.6679785603329523, 0.6683563556962395, 0.6683563556962395, 0.6684744717019842, 0.6684744717019842, 0.6685786218822357, 0.6685786218822357, 0.6693251414168059, 0.6693251414168059, 0.669785031800463, 0.669785031800463, 0.669992086520707, 0.669992086520707, 0.6707353087722383, 0.6707353087722383, 0.6722341217503445, 0.6722341217503445, 0.6722760338814151, 0.6722760338814151, 0.6750283566341335, 0.6750283566341335, 0.6758902517658782, 0.6758902517658782, 0.6760584132008558, 0.6760584132008558, 0.6818373780005276, 0.6818373780005276, 0.6822336234942408, 0.6822336234942408, 0.6830789589378352, 0.6830789589378352, 0.6845048506697148, 0.6845048506697148, 0.6851352618775463, 0.6851352618775463, 0.6856529792784078, 0.6856529792784078, 0.68673989565931, 0.68673989565931, 0.6882547847240541, 0.6882547847240541, 0.6886196840470119, 0.6886196840470119, 0.6886368006096311, 0.6886368006096311, 0.688681365221724, 0.688681365221724, 0.6888262991295173, 0.6888262991295173, 0.688855916058501, 0.688855916058501, 0.6889113690319177, 0.6889113690319177, 0.6889205281514699, 0.6889205281514699, 0.6889598464198834, 0.6889598464198834, 0.6890559072657463, 0.6890559072657463, 0.6891420176441279, 0.6891420176441279, 0.6892784958527507, 0.6892784958527507, 0.6894654005099797, 0.6894654005099797, 0.6894691667399396, 0.6894691667399396, 0.6895320202819544, 0.6895320202819544, 0.6895838242621413, 0.6895838242621413, 0.689692326856004, 0.689692326856004, 0.6897306193030277, 0.6897306193030277, 0.6897680764383481, 0.6897680764383481, 0.6901557050323865, 0.6901557050323865, 0.6903911750051291, 0.6903911750051291, 0.6903926258096662, 0.6903926258096662, 0.690646882968434, 0.690646882968434, 0.6906938655880888, 0.6906938655880888, 0.6910587209472727, 0.6910587209472727, 0.6910601277880359, 0.6910601277880359, 0.6912140156511035, 0.6912140156511035, 0.6914395498109558, 0.6914395498109558, 0.6915494592455816, 0.6915494592455816, 0.6916952870834432, 0.6916952870834432, 0.6917878601365808, 0.6917878601365808, 0.6920377355725549, 0.6920377355725549, 0.6930190070048946, 0.6930190070048946, 0.6931789618687535, 0.6931789618687535, 0.69339757906152, 0.69339757906152, 0.6947978399132448, 0.6947978399132448, 0.6957502271461649, 0.6957502271461649, 0.6957960960168821, 0.6957960960168821, 0.6960307160233301, 0.6960307160233301, 0.6960674257744952, 0.6960674257744952, 0.6962041384565785, 0.6962041384565785, 0.6963854743691198, 0.6963854743691198, 0.6964768897095459, 0.6964768897095459, 0.6968362495969987, 0.6968362495969987, 0.6970400363433864, 0.6970400363433864, 0.6971757232040798, 0.6971757232040798, 0.6971778041560421, 0.6971778041560421, 0.697218177555028, 0.697218177555028, 0.6972545942143673, 0.6972545942143673, 0.6979530759987105, 0.6979530759987105, 0.6981006330783435, 0.6981006330783435, 0.698170301005305, 0.698170301005305, 0.6982127700108444, 0.6982127700108444, 0.6983825581054544, 0.6983825581054544, 0.6984636712682084, 0.6984636712682084, 0.6986894692107037, 0.6986894692107037, 0.6987652920660042, 0.6987652920660042, 0.6988321463114394, 0.6988321463114394, 0.6988575720273162, 0.6988575720273162, 0.6988870570649784, 0.6988870570649784, 0.6989394618834082, 0.6989394618834082, 0.6990396260148305, 0.6990396260148305, 0.6990422491866701, 0.6990422491866701, 0.6991497113045517, 0.6991497113045517, 0.6992672557812363, 0.6992672557812363, 0.699330680852311, 0.699330680852311, 0.6994515665758082, 0.6994515665758082, 0.6997578621882236, 0.6997578621882236, 0.6998528239397404, 0.6998528239397404, 0.6999010228904716, 0.6999010228904716, 0.7002454350948152, 0.7002454350948152, 0.7003262991295173, 0.7003262991295173, 0.7003550954013893, 0.7003550954013893, 0.7006921656554999, 0.7006921656554999, 0.7009999706908174, 0.7009999706908174, 0.7012709780474222, 0.7012709780474222, 0.7016001641314223, 0.7016001641314223, 0.7017071279932003, 0.7017071279932003, 0.7017841232158035, 0.7017841232158035, 0.7020227585802632, 0.7020227585802632, 0.7020583838916732, 0.7020583838916732, 0.7023206278026906, 0.7023206278026906, 0.7028068671414754, 0.7028068671414754, 0.7038760807761072, 0.7038760807761072, 0.7043948093437674, 0.7043948093437674, 0.7047804156042088, 0.7047804156042088, 0.7052279082036401, 0.7052279082036401, 0.7062843869984466, 0.7062843869984466, 0.7070832820422639, 0.7070832820422639, 0.707460447258126, 0.707460447258126, 0.7091781998300067, 0.7091781998300067, 0.7109922184120285, 0.7109922184120285, 0.7110018171693191, 0.7110018171693191, 0.7113535859784871, 0.7113535859784871, 0.7115580468360738, 0.7115580468360738, 0.7117210205457369, 0.7117210205457369, 0.7119052141035787, 0.7119052141035787, 0.7123162900436707, 0.7123162900436707, 0.7123576892640464, 0.7123576892640464, 0.7124062545795598, 0.7124062545795598, 0.7124646091620506, 0.7124646091620506, 0.7126042381077992, 0.7126042381077992, 0.7126542102640757, 0.7126542102640757, 0.712859271959905, 0.712859271959905, 0.7130248248776342],