{"title": "subpopulation_size_1.1_4", "popultion": 40, "subpopulation": 44, "number_of_rect": 20, "scores": [0.6717909962191155, 0.6717909962191155, 0.6719016237287142, 0.6719016237287142, 0.6734061959611946, 0.6734061959611946, 0.6739864884668367, 0.6739864884668367, 0.6744870893050793, 0.6744870893050793, 0.6761966353058413, 0.6761966353058413, 0.67734391394824, 0.67734391394824, 0.6774346844866497, 0.6774346844866497, 0.6775599958967145, 0.6775599958967145, 0.6777734253641665, 0.6777734253641665, 0.6781133532635775, 0.6781133532635775, 0.6785582959641255, 0.6785582959641255, 0.6788041413874968, 0.6788041413874968, 0.6789586007796242, 0.6789586007796242, 0.6792303701749758, 0.6792303701749758, 0.679586960344676, 0.679586960344676, 0.680151689674375, 0.680151689674375, 0.6804005979073244, 0.6804005979073244, 0.6806939828248191, 0.6806939828248191, 0.6812642222808406, 0.6812642222808406, 0.6818658225622087, 0.6818658225622087, 0.68189266977344, 0.68189266977344, 0.6832930478618952, 0.6832930478618952, 0.6833707171956974, 0.6833707171956974, 0.6837803569858436, 0.6837803569858436, 0.6844908408804478, 0.6844908408804478, 0.6849342448489112, 0.6849342448489112, 0.6850736100120167, 0.6850736100120167, 0.6855901110818019, 0.6855901110818019, 0.6861428236466485, 0.6861428236466485, 0.6864418652363786, 0.6864418652363786, 0.6881346317301211, 0.6881346317301211, 0.6889208798616606, 0.6889208798616606, 0.6898754945924559, 0.6898754945924559, 0.6912181922096192, 0.6912181922096192, 0.6918292153931827, 0.6918292153931827, 0.6918937395586038, 0.6918937395586038, 0.692283317213283, 0.692283317213283, 0.6923683871156834, 0.6923683871156834, 0.6925228171986283, 0.6925228171986283, 0.6925379407368328, 0.6925379407368328, 0.6925816993464052, 0.6925816993464052, 0.6926308068817961, 0.6926308068817961, 0.6927855886749319, 0.6927855886749319, 0.6927940736832849, 0.6927940736832849, 0.6928121867581114, 0.6928121867581114, 0.6928318971833876, 0.6928318971833876, 0.692903733989859, 0.692903733989859, 0.6929258038043319, 0.6929258038043319, 0.6929512881385738, 0.6929512881385738, 0.6929840851138662, 0.6929840851138662, 0.6931677071426479, 0.6931677071426479, 0.6932042263841262, 0.6932042263841262, 0.6933272223687681, 0.6933272223687681, 0.6933645476127671, 0.6933645476127671, 0.6934714821653625, 0.6934714821653625, 0.6938381107300917, 0.6938381107300917, 0.6938480172337993, 0.6938480172337993, 0.6938656027433395, 0.6938656027433395, 0.6938953369090536, 0.6938953369090536, 0.6939110905946833, 0.6939110905946833, 0.6939517863946775, 0.6939517863946775, 0.6940431870805124, 0.6940431870805124, 0.6941050441103198, 0.6941050441103198, 0.694252762390457, 0.694252762390457, 0.6945415750754711, 0.6945415750754711, 0.6947820862276151, 0.6947820862276151, 0.6948043612063659, 0.6948043612063659, 0.6954812421231571, 0.6954812421231571, 0.6956111843840675, 0.6956111843840675, 0.6956580790761746, 0.6956580790761746, 0.6958065300858759, 0.6958065300858759, 0.6958866467364225, 0.6958866467364225, 0.6959954863858847, 0.6959954863858847, 0.6960104340689939, 0.6960104340689939, 0.6960388200123098, 0.6960388200123098, 0.6961039596705648, 0.6961039596705648, 0.6963445734048477, 0.6963445734048477, 0.6964615610070635, 0.6964615610070635, 0.6967072891937044, 0.6967072891937044, 0.69677106597497, 0.69677106597497, 0.6969094639350508, 0.6969094639350508, 0.6976591928251121, 0.6976591928251121, 0.6978938421407427, 0.6978938421407427, 0.6980399337612474, 0.6980399337612474, 0.6981070224801431, 0.6981070224801431, 0.6981629444004807, 0.6981629444004807, 0.6981892933556083, 0.6981892933556083, 0.6982026290336762, 0.6982026290336762, 0.6982428265775668, 0.6982428265775668, 0.6983403821917407, 0.6983403821917407, 0.6983495559658841, 0.6983495559658841, 0.6984421876373867, 0.6984421876373867, 0.6984448840821829, 0.6984448840821829, 0.6985094229021953, 0.6985094229021953, 0.69851918285999, 0.69851918285999, 0.6985466016002814, 0.6985466016002814, 0.698572642808992, 0.698572642808992, 0.6985834285881767, 0.6985834285881767, 0.6985880594390222, 0.6985880594390222, 0.6986154195609484, 0.6986154195609484, 0.6986400539288959, 0.6986400539288959, 0.698694290571236, 0.698694290571236, 0.6986976904364137, 0.6986976904364137, 0.6987057797708023, 0.6987057797708023, 0.6988007854860928, 0.6988007854860928, 0.6992645153726662, 0.6992645153726662, 0.6993506404056391, 0.6993506404056391, 0.6994530320349366, 0.6994530320349366, 0.6995304815498695, 0.6995304815498695, 0.699897168732964, 0.699897168732964, 0.7000172924177145, 0.7000172924177145, 0.700070004982561, 0.700070004982561, 0.7001516457106012, 0.7001516457106012, 0.7002924030598787, 0.7002924030598787, 0.7003106040622527, 0.7003106040622527, 0.7003378909112226, 0.7003378909112226, 0.7003502007679006, 0.7003502007679006, 0.7005242826577567, 0.7005242826577567, 0.7005964272106451, 0.7005964272106451, 0.7006058354582491, 0.7006058354582491, 0.7007416835194467, 0.7007416835194467, 0.7017595767754037, 0.7017595767754037, 0.7020843957912014, 0.7020843957912014, 0.7028597409068261, 0.7028597409068261, 0.703729036607169, 0.703729036607169, 0.7048220053342712, 0.7048220053342712, 0.7048908672587122, 0.7048908672587122, 0.7048989859022832, 0.7048989859022832, 0.704914900788417, 0.704914900788417, 0.7049453676836953, 0.7049453676836953, 0.7049591429995017, 0.7049591429995017, 0.7050107125062282, 0.7050107125062282, 0.7050295143468448, 0.7050295143468448, 0.7050667076995223, 0.7050667076995223, 0.7051739646531259, 0.7051739646531259, 0.7051949353732525, 0.7051949353732525, 0.7052046220580908, 0.7052046220580908, 0.7052148069990328, 0.7052148069990328, 0.7052365104487236, 0.7052365104487236, 0.7052859110759402, 0.7052859110759402, 0.7053540549254081, 0.7053540549254081, 0.705400627216507, 0.705400627216507, 0.705445089246461, 0.705445089246461, 0.7054502036988188, 0.7054502036988188, 0.7054605938040388, 0.7054605938040388, 0.7055151381927958, 0.7055151381927958, 0.7055558633019725, 0.7055558633019725, 0.7055620182303115, 0.7055620182303115, 0.7055825932764735, 0.7055825932764735, 0.7061438934318123, 0.7061438934318123, 0.7062348105161347, 0.7062348105161347, 0.7062358509921158, 0.7062358509921158, 0.7064573697939565, 0.7064573697939565, 0.7069186670183769, 0.7069186670183769, 0.7074854626454468, 0.7074854626454468, 0.7077564553474605, 0.7077564553474605, 0.7078733110583546, 0.7078733110583546, 0.708080761452563, 0.708080761452563, 0.708438318825288, 0.708438318825288, 0.7085460154166301, 0.7085460154166301, 0.7088867200093789, 0.7088867200093789, 0.7094742665377063, 0.7094742665377063, 0.7099846566429262, 0.7099846566429262, 0.7107342682962572, 0.7107342682962572, 0.7110431431167386, 0.7110431431167386, 0.7118063542307804, 0.7118063542307804, 0.7122248747032445, 0.7122248747032445, 0.7123926990826226, 0.7123926990826226, 0.7124278554471116, 0.7124278554471116, 0.7124528415252498, 0.7124528415252498, 0.7125485799701046, 0.7125485799701046, 0.7125662680617837, 0.7125662680617837, 0.7127926082241567, 0.7127926082241567, 0.7128041706966792, 0.7128041706966792, 0.7128397373897242],