{"title": "population_size_2_1", "popultion": 2, "subpopulation": 3, "number_of_rect": 20, "scores": [0.53576946862452, 0.53576946862452, 0.5366434537940736, 0.5366434537940736, 0.5384859755561417, 0.5384859755561417, 0.538975131158592, 0.538975131158592, 0.5391221313637562, 0.5391221313637562, 0.539499223306662, 0.539499223306662, 0.5398925085729359, 0.5398925085729359, 0.5408905741668865, 0.5408905741668865, 0.5411576101292535, 0.5411576101292535, 0.5422164776224391, 0.5422164776224391, 0.5424947390017292, 0.5424947390017292, 0.5425537823500103, 0.5425537823500103, 0.543579618394443, 0.543579618394443, 0.5439086286233477, 0.5439086286233477, 0.5440011723673026, 0.5440011723673026, 0.5450258360444327, 0.5450258360444327, 0.5462220317125355, 0.5462220317125355, 0.5464037046806764, 0.5464037046806764, 0.5473656027433396, 0.5473656027433396, 0.5504837187490841, 0.5504837187490841, 0.5529246021278467, 0.5529246021278467, 0.5545470412380199, 0.5545470412380199, 0.5558396641167678, 0.5558396641167678, 0.5575082944986665, 0.5575082944986665, 0.5588271784049943, 0.5588271784049943, 0.5591096016882089, 0.5591096016882089, 0.559475600105513, 0.559475600105513, 0.5605529616928984, 0.5605529616928984, 0.5623529265218793, 0.5623529265218793, 0.5632655998124212, 0.5632655998124212, 0.5639796154635247, 0.5639796154635247, 0.5656666520120753, 0.5656666520120753, 0.5656984085113865, 0.5656984085113865, 0.5743504059321786, 0.5743504059321786, 0.5783582021747413, 0.5783582021747413, 0.5803765790322108, 0.5803765790322108, 0.5836861572730736, 0.5836861572730736, 0.5846388082886368, 0.5846388082886368, 0.5874209824437997, 0.5874209824437997, 0.5946711656261907, 0.5946711656261907, 0.5947757554441806, 0.5947757554441806, 0.6011278466543568, 0.6011278466543568, 0.6068153374952372, 0.6068153374952372, 0.6103182097951287, 0.6103182097951287, 0.6150618716843987, 0.6150618716843987, 0.6155793985755738, 0.6155793985755738, 0.6176278906181306, 0.6176278906181306, 0.6222886661391014, 0.6222886661391014, 0.627433409537208, 0.627433409537208, 0.634402283185322, 0.634402283185322, 0.6362836103051086, 0.6362836103051086, 0.6416680735074298, 0.6416680735074298, 0.648028385943316, 0.648028385943316, 0.6567045048213606, 0.6567045048213606, 0.6581270553064276, 0.6581270553064276, 0.6695595709135672, 0.6695595709135672, 0.6771035200328264, 0.6771035200328264, 0.6799366775110642, 0.6799366775110642, 0.6824106363023534, 0.6824106363023534, 0.6827201266156686, 0.6827201266156686, 0.6839679064450892, 0.6839679064450892, 0.6885066385298514, 0.6885066385298514, 0.6898819572672119, 0.6898819572672119, 0.6981665494299365, 0.6981665494299365, 0.6996508397080805, 0.6996508397080805, 0.7058089774026203, 0.7058089774026203, 0.7083609132741289, 0.7083609132741289, 0.7092921978956007, 0.7092921978956007, 0.7134340250300419, 0.7134340250300419, 0.7183704680676456, 0.7183704680676456, 0.7185327090477447, 0.7185327090477447, 0.7287396465312582, 0.7287396465312582, 0.7360278437234385, 0.7360278437234385, 0.7372496263079222, 0.7372496263079222, 0.7478818253758903, 0.7478818253758903, 0.7495305401682347, 0.7495305401682347, 0.7505394208505525, 0.7505394208505525, 0.7554595240188751, 0.7554595240188751, 0.7563027931650986, 0.7563027931650986, 0.7575731996834608, 0.7575731996834608, 0.7658516808816203, 0.7658516808816203, 0.7699809343767402, 0.7699809343767402, 0.7707910988012544, 0.7707910988012544, 0.7788275887335502, 0.7788275887335502, 0.7795228904715847, 0.7795228904715847, 0.7841089715407837, 0.7841089715407837, 0.7843487646179548, 0.7843487646179548, 0.7846592221342947, 0.7846592221342947, 0.7852987484979044, 0.7852987484979044, 0.7855302031126352, 0.7855302031126352, 0.7886649081157127, 0.7886649081157127, 0.7890291626366541, 0.7890291626366541, 0.7915795890852604, 0.7915795890852604, 0.7949987543597409, 0.7949987543597409, 0.7969560215715583, 0.7969560215715583, 0.7992284504235176, 0.7992284504235176, 0.7993950291626366, 0.7993950291626366, 0.8007874644626162, 0.8007874644626162, 0.8028080395087781, 0.8028080395087781, 0.8031354523872329, 0.8031354523872329, 0.8038518420821243, 0.8038518420821243, 0.8040614320466603, 0.8040614320466603, 0.8066435124124388, 0.8066435124124388, 0.8080687153785281, 0.8080687153785281, 0.8085478912043143, 0.8085478912043143, 0.8087088865441543, 0.8087088865441543, 0.8092384595093642, 0.8092384595093642, 0.809733638148832], "iters": [0, 0, 1, 6, 7, 8, 9, 10, 11, 12, 13, 14, 15, 25, 26, 38, 39, 43, 44, 56, 57, 65, 66, 70, 71, 75, 76, 81, 82, 95, 96, 98, 99, 99, 100, 113, 114, 123, 124, 128, 129, 131, 132, 132, 133, 136, 137, 138, 139, 145, 146, 146, 147, 147, 148, 149, 150, 150, 151, 152, 153, 156, 157, 158, 159, 162, 163, 165, 166, 166, 167, 168, 169, 169, 170, 171, 172, 173, 174, 177, 178, 178, 179, 179, 180, 180, 181, 181, 182, 184, 185, 187, 188, 189, 190, 191, 192, 193, 194, 195, 196, 196, 197, 200, 201, 201, 202, 202, 203, 203, 204, 206, 207, 207, 208, 213, 214, 216, 217, 218, 219, 219, 220, 222, 223, 224, 225, 227, 228, 228, 229, 234, 235, 235, 236, 236, 237, 238, 239, 239, 240, 240, 241, 242, 243, 243, 244, 245, 246, 248, 249, 249, 250, 250, 251, 251, 252, 253, 254, 263, 264, 270, 271, 273, 274, 274, 275, 275, 276, 278, 279, 282, 283, 291, 292, 293, 294, 299, 300, 306, 307, 314, 315, 319, 320, 324, 325, 329, 330, 370, 371, 372, 373, 405, 406, 421, 422, 460, 461, 461, 462, 472, 473, 567, 568, 634, 635, 692, 693, 711, 712, 722, 723, 859, 860], "finalScore": 0.809733638148832, "finalIter": 1000}