{"title": "subpopulation_size_10_2", "popultion": 30, "subpopulation": 10, "number_of_rect": 20, "scores": [0.5999159852281719], "iters": [0], "finalScore": 0.5999159852281719, "finalIter": 5}