{"title": "population_size_50_2", "popultion": 50, "subpopulation": 75, "number_of_rect": 20, "scores": [0.6085602596793576, 0.6085602596793576, 0.6087768105747531, 0.6087768105747531, 0.6087779829420558, 0.6087779829420558, 0.608814238400891, 0.608814238400891, 0.6091058647674317, 0.6091058647674317, 0.6091944810809227, 0.6091944810809227, 0.6094403265042938, 0.6094403265042938, 0.6097674902546968, 0.6097674902546968, 0.6100023886983792, 0.6100023886983792, 0.6101556464140214, 0.6101556464140214, 0.6101610099944312, 0.6101610099944312, 0.6106112430024326, 0.6106112430024326, 0.610985623845951, 0.610985623845951, 0.6110112986898795, 0.6110112986898795, 0.6113388874234298, 0.6113388874234298, 0.6113587443946189, 0.6113587443946189, 0.6119031917699815, 0.6119031917699815, 0.6119758785427474, 0.6119758785427474, 0.612218851666227, 0.612218851666227, 0.612552419473021, 0.612552419473021, 0.6126492863214045, 0.6126492863214045, 0.6133998944869428, 0.6133998944869428, 0.6135731996834608, 0.6135731996834608, 0.6138744834256573, 0.6138744834256573, 0.6146398634192092, 0.6146398634192092, 0.6157525865353615, 0.6157525865353615, 0.6158725490196079, 0.6158725490196079, 0.6163242328321463, 0.6163242328321463, 0.61667469738269, 0.61667469738269, 0.6167246548843752, 0.6167246548843752, 0.6169327207714177, 0.6169327207714177, 0.6172725900524634, 0.6172725900524634, 0.6179941381634866, 0.6179941381634866, 0.6180783727541839, 0.6180783727541839, 0.6183490723643718, 0.6183490723643718, 0.6183719481813652, 0.6183719481813652, 0.6183779272546088, 0.6183779272546088, 0.6188730619303028, 0.6188730619303028, 0.61890522875817, 0.61890522875817, 0.6192254462323046, 0.6192254462323046, 0.6198306808523111, 0.6198306808523111, 0.6205745772150415, 0.6205745772150415, 0.6217116709164981, 0.6217116709164981, 0.6219523725783288, 0.6219523725783288, 0.6231159764354173, 0.6231159764354173, 0.6231393065447405, 0.6231393065447405, 0.6231969137430757, 0.6231969137430757, 0.623363507136786, 0.623363507136786, 0.6235994607110407, 0.6235994607110407, 0.6239243969635687, 0.6239243969635687, 0.6251048389460419, 0.6251048389460419, 0.6255000879275476, 0.6255000879275476, 0.6255078988247018, 0.6255078988247018, 0.625856531551335, 0.625856531551335, 0.626049371318034, 0.626049371318034, 0.6260586183651338, 0.6260586183651338, 0.6261250476274216, 0.6261250476274216, 0.6261703742782614, 0.6261703742782614, 0.6262202438523989, 0.6262202438523989, 0.6269909288079956, 0.6269909288079956, 0.6272785251619333, 0.6272785251619333, 0.6281695536211496, 0.6281695536211496, 0.6282014859755561, 0.6282014859755561, 0.62861988921129, 0.62861988921129, 0.6295829156774817, 0.6295829156774817, 0.6312339019314752, 0.6312339019314752, 0.6314675400803071, 0.6314675400803071, 0.6315201354084234, 0.6315201354084234, 0.6316710044256866, 0.6316710044256866, 0.6320820950203698, 0.6320820950203698, 0.6321342800199302, 0.6321342800199302, 0.6328328936955948, 0.6328328936955948, 0.6330667516632962, 0.6330667516632962, 0.6337156716199186, 0.6337156716199186, 0.6338197045634397, 0.6338197045634397, 0.634213268266948, 0.634213268266948, 0.6350666637357484, 0.6350666637357484, 0.6362301357015152, 0.6362301357015152, 0.6363793340953721, 0.6363793340953721, 0.6384284709399455, 0.6384284709399455, 0.6386320232128726, 0.6386320232128726, 0.6392577009877194, 0.6392577009877194, 0.641675576658167, 0.641675576658167, 0.6430578709809783, 0.6430578709809783, 0.6432537882118468, 0.6432537882118468, 0.6437564113836866, 0.6437564113836866, 0.6438222104985492, 0.6438222104985492, 0.6439934347431051, 0.6439934347431051, 0.644271432339752, 0.644271432339752, 0.6451444209970985, 0.6451444209970985, 0.6451956827574079, 0.6451956827574079, 0.6455771271139248, 0.6455771271139248, 0.6459402532313374, 0.6459402532313374, 0.6462020721592074, 0.6462020721592074, 0.646535464110906, 0.646535464110906, 0.6466501069785164, 0.6466501069785164, 0.6470101263225768, 0.6470101263225768, 0.647337656437762, 0.647337656437762, 0.6478659251443477, 0.6478659251443477, 0.6486703449690788, 0.6486703449690788, 0.6496008382426214, 0.6496008382426214, 0.6497467686626219, 0.6497467686626219, 0.6507231601160643, 0.6507231601160643, 0.6512067909376007, 0.6512067909376007, 0.6524989595240189, 0.6524989595240189, 0.6527834051408307, 0.6527834051408307, 0.6532769864298484, 0.6532769864298484, 0.6553563996600135, 0.6553563996600135, 0.6558069990327969, 0.6558069990327969, 0.6567002696444796, 0.6567002696444796, 0.6572820715730239, 0.6572820715730239, 0.6576615522143088, 0.6576615522143088, 0.6578734136404936, 0.6578734136404936, 0.658057592543744, 0.658057592543744, 0.6583454526803247, 0.6583454526803247, 0.6594892435299979, 0.6594892435299979, 0.6608531316861572, 0.6608531316861572, 0.6611484217005188, 0.6611484217005188, 0.6613235880301298, 0.6613235880301298, 0.6617702746270406, 0.6617702746270406, 0.6621462235118263, 0.6621462235118263, 0.6622926961517044, 0.6622926961517044, 0.662357513408951, 0.662357513408951, 0.6625877516926053, 0.6625877516926053, 0.6638147806207685, 0.6638147806207685, 0.6640800287229989, 0.6640800287229989, 0.6646463993669216, 0.6646463993669216, 0.6647954512148657, 0.6647954512148657, 0.6654012427093408, 0.6654012427093408, 0.6656978516369179, 0.6656978516369179, 0.6657750373692077, 0.6657750373692077, 0.6658363521791377, 0.6658363521791377, 0.665974046718837, 0.665974046718837, 0.6663590961048096, 0.6663590961048096, 0.6674405609777543, 0.6674405609777543, 0.6678121281397462, 0.6678121281397462, 0.6682957443066913, 0.6682957443066913, 0.6684515079574431, 0.6684515079574431, 0.6697500073272956, 0.6697500073272956, 0.6702449368387116, 0.6702449368387116, 0.6703107799173481, 0.6703107799173481, 0.6705933644010669, 0.6705933644010669, 0.6712453178580849, 0.6712453178580849, 0.6713236759576775, 0.6713236759576775, 0.671434962923884, 0.671434962923884, 0.6714929804507752, 0.6714929804507752, 0.6716360678800668, 0.6716360678800668, 0.6717781734517425, 0.6717781734517425, 0.6719359447815001, 0.6719359447815001, 0.6719441806618014, 0.6719441806618014, 0.6721630030188459, 0.6721630030188459, 0.6722828775755444, 0.6722828775755444, 0.6724559629531932, 0.6724559629531932, 0.6726863624373516, 0.6726863624373516, 0.6730198276620065, 0.6730198276620065, 0.6731375626483778, 0.6731375626483778, 0.6737550045429233, 0.6737550045429233, 0.673760060376916, 0.673760060376916, 0.6741724845394061, 0.6741724845394061, 0.6749171136317008, 0.6749171136317008, 0.6750454585421612, 0.6750454585421612, 0.6758398985902283, 0.6758398985902283, 0.6764971863184736, 0.6764971863184736, 0.6768765790322108, 0.6768765790322108, 0.6769526363609719, 0.6769526363609719, 0.6772135467041824, 0.6772135467041824, 0.6776225416923123, 0.6776225416923123, 0.6778562677686919, 0.6778562677686919, 0.6780256308801548, 0.6780256308801548, 0.678116738474164, 0.678116738474164, 0.6783318971833876, 0.6783318971833876, 0.6787351622263256, 0.6787351622263256, 0.6787561036372696, 0.6787561036372696, 0.6789540138925525, 0.6789540138925525, 0.6789884228728861, 0.6789884228728861, 0.6791026847211232, 0.6791026847211232, 0.6792387232920074, 0.6792387232920074, 0.6793862364078666, 0.6793862364078666, 0.6794524898150591, 0.6794524898150591, 0.6795440370468068, 0.6795440370468068, 0.679548594624696, 0.679548594624696, 0.6796848090506755, 0.6796848090506755, 0.6796961370497376, 0.6796961370497376, 0.6797902195257775, 0.6797902195257775, 0.6799115302324218, 0.6799115302324218, 0.6799972449368388, 0.6799972449368388, 0.6800053196166359, 0.6800053196166359, 0.6800271109938744, 0.6800271109938744, 0.6800686860693455, 0.6800686860693455, 0.6801411530232422, 0.6801411530232422, 0.680195375010991, 0.680195375010991, 0.680254110612855, 0.680254110612855, 0.6802599724493683, 0.6802599724493683, 0.6802808112781735, 0.6802808112781735, 0.680339312406577, 0.680339312406577, 0.6804639497054428, 0.6804639497054428, 0.680491573610012, 0.680491573610012, 0.6806165040007035, 0.6806165040007035, 0.6807022773234854, 