{"title": "population_size_40_1", "popultion": 40, "subpopulation": 60, "number_of_rect": 20, "scores": [0.6258226061725138], "iters": [0], "finalScore": 0.6258226061725138, "finalIter": 5}