{"title": "subpopulation_size_1.3_0", "popultion": 40, "subpopulation": 52, "number_of_rect": 20, "scores": [0.6347629326768076, 0.6347629326768076, 0.6349684486649667, 0.6349684486649667, 0.6363663940912687, 0.6363663940912687, 0.6364412204343621, 0.6364412204343621, 0.6396726164307278, 0.6396726164307278, 0.6397359682288462, 0.6397359682288462, 0.6404185497816466, 0.6404185497816466, 0.6407358216829333, 0.6407358216829333, 0.6458346522465488, 0.6458346522465488, 0.6470897447170199, 0.6470897447170199, 0.6488069843782057, 0.6488069843782057, 0.648976889709546, 0.648976889709546, 0.6494916029191946, 0.6494916029191946, 0.6526709897710953, 0.6526709897710953, 0.6545208534833964, 0.6545208534833964, 0.6551660218646502, 0.6551660218646502, 0.6558854304053461, 0.6558854304053461, 0.6566249010815088, 0.6566249010815088, 0.6576952577742607, 0.6576952577742607, 0.6585678947214162, 0.6585678947214162, 0.6597260763797297, 0.6597260763797297, 0.6617127260470705, 0.6617127260470705, 0.6683098127143234, 0.6683098127143234, 0.6774725519505261, 0.6774725519505261, 0.6776832996277734, 0.6776832996277734, 0.6808802426800317, 0.6808802426800317, 0.6834079105483748, 0.6834079105483748, 0.6877490840880447, 0.6877490840880447, 0.6894942260910343, 0.6894942260910343, 0.6900699610187873, 0.6900699610187873, 0.691913713766523, 0.691913713766523, 0.692418725636742, 0.692418725636742, 0.6933701749758199, 0.6933701749758199, 0.6946732905419268, 0.6946732905419268, 0.6977579061519974, 0.6977579061519974, 0.6992309710132185, 0.6992309710132185, 0.7000407983821331, 0.7000407983821331, 0.7025345555262463, 0.7025345555262463, 0.7050261291362584, 0.7050261291362584, 0.7055006008382426, 0.7055006008382426, 0.7067623611477476, 0.7067623611477476, 0.7092929745889387, 0.7092929745889387, 0.7096278319997655, 0.7096278319997655, 0.7111677950701956, 0.7111677950701956, 0.7127245229930537, 0.7127245229930537, 0.7149131568920543, 0.7149131568920543, 0.7149236202702307, 0.7149236202702307, 0.7182455230223629, 0.7182455230223629, 0.7189542190568305, 0.7189542190568305, 0.7219319733872622, 0.7219319733872622, 0.7228915706790937, 0.7228915706790937, 0.728059043348281, 0.728059043348281, 0.73800764969665, 0.73800764969665, 0.7431691726017762, 0.7431691726017762, 0.7509190333831589, 0.7509190333831589, 0.7550509100501187, 0.7550509100501187, 0.7599648143263285, 0.7599648143263285, 0.7616081948474457, 0.7616081948474457, 0.7727737477651748, 0.7727737477651748, 0.7769899469503796, 0.7769899469503796, 0.778676455933644, 0.778676455933644, 0.7791746094551423, 0.7791746094551423, 0.7793992643395176, 0.7793992643395176, 0.7800880301298396, 0.7800880301298396, 0.7804631143937395, 0.7804631143937395, 0.7809473900172924, 0.7809473900172924, 0.7813396494621765, 0.7813396494621765, 0.7814305225827252, 0.7814305225827252, 0.7817184706468536, 0.7817184706468536, 0.7823111316275388, 0.7823111316275388, 0.7825451068319704, 0.7825451068319704, 0.7832611741258536, 0.7832611741258536, 0.7832760631905976, 0.7832760631905976, 0.7839632462850611, 0.7839632462850611, 0.7842513115859199, 0.7842513115859199, 0.784284929218324, 0.784284929218324, 0.7846773938274861, 0.7846773938274861, 0.7854822386353645, 0.7854822386353645, 0.7861217649989742, 0.7861217649989742, 0.7865110788710102, 0.7865110788710102, 0.7867519124241625, 0.7867519124241625, 0.7872538175210293, 0.7872538175210293, 0.7874572672118174, 0.7874572672118174, 0.7875819191652744, 0.7875819191652744, 0.7878604296726164, 0.7878604296726164, 0.7890105659603154, 0.7890105659603154, 0.7892434127612181, 0.7892434127612181, 0.7893349599929658, 0.7893349599929658, 0.7897154957648231, 0.7897154957648231, 0.7899243090360211, 0.7899243090360211, 0.7899428324394032, 0.7899428324394032, 0.7900066238752601, 0.7900066238752601, 0.7904852281719863, 0.7904852281719863, 0.790790717781881, 0.790790717781881, 0.7909812567777484, 0.7909812567777484, 0.7911998886251063, 0.7911998886251063, 0.7915233008001407, 0.7915233008001407, 0.7915826665494299, 0.7915826665494299, 0.7916271432339752, 0.7916271432339752, 0.7919485623845951, 0.7919485623845951, 0.7920358597848706, 0.7920358597848706, 0.7921309534277089, 0.7921309534277089, 0.7925571235968228, 0.7925571235968228, 0.792711040769073, 0.792711040769073, 0.792749406489053, 0.792749406489053, 0.792768794513321, 0.792768794513321, 0.7928835839268442, 0.7928835839268442, 0.7933689586447434, 0.7933689586447434, 0.7933897535097746, 0.7933897535097746, 0.7934716287112753, 0.7934716287112753, 0.7936114188575281, 0.7936114188575281, 0.7946466191857909, 0.7946466191857909, 0.794753436501656, 0.794753436501656, 0.7951307775726135, 0.7951307775726135, 0.7952131949939916, 0.7952131949939916, 0.7953001993024414, 0.7953001993024414, 0.7955593950584718, 0.7955593950584718, 0.7958548316187462, 0.7958548316187462, 0.7969984905770978, 0.7969984905770978, 0.7971660218646501, 0.7971660218646501, 0.7972218412028489, 0.7972218412028489, 0.7976773791728948, 0.7976773791728948, 0.7977533046103344, 0.7977533046103344, 0.7979898590228318, 0.7979898590228318, 0.7986007063512999, 0.7986007063512999, 0.7989505114452358, 0.7989505114452358, 0.7989674374981681, 0.7989674374981681, 0.7990536797678713, 0.7990536797678713, 0.7995236232011489, 0.7995236232011489, 0.7997403939154137, 0.7997403939154137, 0.8005952108795686, 0.8005952108795686, 0.8009267710073567, 0.8009267710073567, 0.8020108883613236, 0.8020108883613236, 0.8022073331574782, 0.8022073331574782, 0.8022539494123508, 0.8022539494123508, 0.8025578270172045, 0.8025578270172045, 0.8036185409888918, 0.8036185409888918, 0.8043041853512706, 0.8043041853512706, 0.8058904569301563, 0.8058904569301563, 0.8059245435094815, 0.8059245435094815, 0.8063724610920602, 0.8063724610920602, 0.8067584630264661, 0.8067584630264661, 0.8078480465429819, 0.8078480465429819, 0.8090026671356136, 0.8090026671356136, 0.8092038160555702, 0.8092038160555702, 0.809230018464785, 0.809230018464785, 0.8095037662299598, 0.8095037662299598, 0.8096801342360561, 0.8096801342360561, 0.8101246666080483, 0.8101246666080483, 0.8101656848090507, 0.8101656848090507, 0.8104067967994373, 0.8104067967994373, 0.8106652012075384, 0.8106652012075384, 0.8109293062516487, 0.8109293062516487, 0.8120261437908497, 0.8120261437908497, 0.8120301005304962, 0.8120301005304962, 0.8121430727747003, 0.8121430727747003, 0.8133370262903368, 0.8133370262903368, 0.8135170725988452, 0.8135170725988452, 0.8138585392303408, 0.8138585392303408, 0.8148475629414695, 0.8148475629414695, 0.8153933878484129, 0.8153933878484129, 0.8154147835516867, 0.8154147835516867, 0.8154293502154225, 0.8154293502154225, 0.8155868431079457, 0.8155868431079457, 0.8165790322107916, 0.8165790322107916, 0.816923327178405, 0.816923327178405, 0.8175108443975497, 0.8175108443975497, 0.817733330402415, 0.817733330402415, 0.8177509598757291, 0.8177509598757291, 0.817757730296902, 0.817757730296902, 0.8177838008147953, 0.8177838008147953, 0.8179043348281017, 0.8179043348281017, 0.8179448987367742, 0.8179448987367742, 0.8182496556171048, 0.8182496556171048, 0.8183872036108912, 0.8183872036108912, 0.8188840235645828, 0.8188840235645828, 0.8189020633664528, 0.8189020633664528, 0.8189356956534483, 0.8189356956534483, 0.8189905624432134, 0.8189905624432134, 0.8191276268354876, 0.8191276268354876, 0.8194693132858525, 0.8194693132858525, 0.8196349101673555, 0.8196349101673555, 0.8200865500161201, 0.8200865500161201, 0.8208586857762536, 0.8208586857762536, 0.8210869310354935, 0.8210869310354935, 0.8211570972185586, 0.8211570972185586, 0.8212010756470002, 0.8212010756470002, 0.8214259796594273, 0.8214259796594273, 0.8222288167882997, 0.8222288167882997, 0.8225024033529704, 0.8225024033529704, 0.8227328907646766, 0.8227328907646766, 0.8227391189659721, 0.8227391189659721, 0.8230292945279756, 0.8230292945279756, 0.823281514698555, 0.823281514698555, 0.8247097658196313, 0.8247097658196313, 0.8248936223218735, 0.8248936223218735, 0.824949954570767, 0.824949954570767, 0.8253998505231689, 0.8253998505231689, 