{"title": "population_size_10_3", "popultion": 10, "subpopulation": 15, "number_of_rect": 20, "scores": [0.5795308332600604], "iters": [0], "finalScore": 0.5795308332600604, "finalIter": 5}