{"title": "population_size_2_2", "popultion": 2, "subpopulation": 3, "number_of_rect": 20, "scores": [0.59660949910607, 0.59660949910607, 0.5967281719862834, 0.5967281719862834, 0.5983970954600075, 0.5983970954600075, 0.5992063219906797, 0.5992063219906797, 0.5996182478970662, 0.5996182478970662, 0.6003899879832351, 0.6003899879832351, 0.6021259122483074, 0.6021259122483074, 0.6021367713004484, 0.6021367713004484, 0.602193616460037, 0.602193616460037, 0.6022757261349981, 0.6022757261349981, 0.6033136375626484, 0.6033136375626484, 0.6042000351710191, 0.6042000351710191, 0.6055383803745713, 0.6055383803745713, 0.6063713913068964, 0.6063713913068964, 0.6080513057240834, 0.6080513057240834, 0.6101009408247604, 0.6101009408247604, 0.6103869984466133, 0.6103869984466133, 0.6105701808376565, 0.6105701808376565, 0.6105828424045253, 0.6105828424045253, 0.6109196195668103, 0.6109196195668103, 0.6118289369559483, 0.6118289369559483, 0.6122623611477476, 0.6122623611477476, 0.6125439051554853, 0.6125439051554853, 0.6126733638148831, 0.6126733638148831, 0.6131829625721739, 0.6131829625721739, 0.6137183241009408, 0.6137183241009408, 0.6146042381077992, 0.6146042381077992, 0.6149113104135526, 0.6149113104135526, 0.6151042967261643, 0.6151042967261643, 0.6151388082886369, 0.6151388082886369, 0.6161702277323486, 0.6161702277323486, 0.6167569096397901, 0.6167569096397901, 0.6171168850200768, 0.6171168850200768, 0.6172259005246343, 0.6172259005246343, 0.6199417479996483, 0.6199417479996483, 0.622890237111287, 0.622890237111287, 0.6244425393475777, 0.6244425393475777, 0.6248582754476977, 0.6248582754476977, 0.6300683783229286, 0.6300683783229286, 0.6310243412761218, 0.6310243412761218, 0.6335934962923884, 0.6335934962923884, 0.6347909082915677, 0.6347909082915677, 0.6352745977314693, 0.6352745977314693, 0.6353045810252352, 0.6353045810252352, 0.6353960256748439, 0.6353960256748439, 0.6366335765995487, 0.6366335765995487, 0.6372217386207099, 0.6372217386207099, 0.6372965796183945, 0.6372965796183945, 0.6384491485682464, 0.6384491485682464, 0.6386672821595005, 0.6386672821595005, 0.64381274363258, 0.64381274363258, 0.6470795451214866, 0.6470795451214866, 0.6491330490342624, 0.6491330490342624, 0.6496946276268354, 0.6496946276268354, 0.6524527682522934, 0.6524527682522934, 0.653123875260119, 0.653123875260119, 0.6553638148832028, 0.6553638148832028, 0.6560364752777045, 0.6560364752777045, 0.6574274011547818, 0.6574274011547818, 0.6588638588469767, 0.6588638588469767, 0.6589324862979571, 0.6589324862979571, 0.6594360620182302, 0.6594360620182302, 0.6601276268354876, 0.6601276268354876, 0.6607340191682054, 0.6607340191682054, 0.6621957413757731, 0.6621957413757731, 0.6642119053899587, 0.6642119053899587, 0.6673358978868079, 0.6673358978868079, 0.6749223746299715, 0.6749223746299715, 0.6749591283449105, 0.6749591283449105, 0.6859934787068789, 0.6859934787068789, 0.6877398370409449, 0.6877398370409449, 0.6949577508133298, 0.6949577508133298, 0.7021667399396231, 0.7021667399396231, 0.7049413816348662, 0.7049413816348662, 0.7059044374102406, 0.7059044374102406, 0.7145047627421671, 0.7145047627421671, 0.7217035229637445, 0.7217035229637445, 0.7220674257744952, 0.7220674257744952, 0.7263425364166594, 0.7263425364166594, 0.7297866144963217, 0.7297866144963217, 0.729903221079164, 0.729903221079164, 0.7316848090506756, 0.7316848090506756, 0.7324452211377824, 0.7324452211377824, 0.7331900407397638, 0.7331900407397638, 0.7339614584249246, 0.7339614584249246, 0.73463199390369, 0.73463199390369, 0.7357263108531904, 0.7357263108531904, 0.7361125032972831, 0.7361125032972831, 0.7361173686215892, 0.7361173686215892, 0.7367268970368417, 0.7367268970368417, 0.73723441484217, 0.73723441484217, 0.7376534189161464, 0.7376534189161464, 0.7379925115038541, 0.7379925115038541, 0.7384454263020604, 0.7384454263020604, 0.7385266567015445, 0.7385266567015445, 0.7392916849849058, 0.7392916849849058, 0.7396085612122278, 0.7396085612122278, 0.7399333802280255, 0.7399333802280255, 0.7400901990093496, 0.7400901990093496, 0.7401948767548874, 0.7401948767548874, 0.7404842463143703, 0.7404842463143703, 0.740710630440517, 0.740710630440517, 0.7408023095635863, 0.7408023095635863, 0.7410773615873854, 0.7410773615873854, 0.7412829361939095, 0.7412829361939095, 0.7417589612825699], "iters": [0, 0, 1, 1, 2, 3, 4, 4, 5, 8, 9, 9, 10, 13, 14, 16, 17, 19, 20, 21, 22, 22, 23, 23, 24, 27, 28, 28, 29, 31, 32, 35, 36, 39, 40, 45, 46, 49, 50, 55, 56, 64, 65, 67, 68, 70, 71, 71, 72, 169, 170, 171, 172, 187, 188, 202, 203, 219, 220, 238, 239, 248, 249, 249, 250, 252, 253, 257, 258, 264, 265, 272, 273, 295, 296, 297, 298, 304, 305, 305, 306, 332, 333, 403, 404, 406, 407, 407, 408, 412, 413, 441, 442, 456, 457, 466, 467, 467, 468, 471, 472, 473, 474, 476, 477, 478, 479, 493, 494, 518, 519, 522, 523, 637, 638, 661, 662, 691, 692, 757, 758, 761, 762, 775, 776, 779, 780, 788, 789, 818, 819, 819, 820, 821, 822, 832, 833, 836, 837, 839, 840, 840, 841, 841, 842, 842, 843, 845, 846, 847, 848, 855, 856, 856, 857, 857, 858, 858, 859, 862, 863, 863, 864, 864, 865, 865, 866, 866, 867, 867, 868, 869, 870, 873, 874, 885, 886, 886, 887, 887, 888, 899, 900, 902, 903, 903, 904, 907, 908, 937, 938, 942, 943, 944, 945, 947, 948, 950, 951, 955, 956, 957, 958, 985, 986, 987, 988, 989, 990, 993, 994], "finalScore": 0.7417589612825699, "finalIter": 1000}