{"title": "population_size_100_2", "popultion": 100, "subpopulation": 150, "number_of_rect": 20, "scores": [0.62851039010522, 0.62851039010522, 0.6292261349980949, 0.6292261349980949, 0.6309737096632375, 0.6309737096632375, 0.6311008235880301, 0.6311008235880301, 0.63124206453882, 0.63124206453882, 0.6329229754682142, 0.6329229754682142, 0.6329434039684634, 0.6329434039684634, 0.6334304786189513, 0.6334304786189513, 0.633699097277177, 0.633699097277177, 0.6362524839532226, 0.6362524839532226, 0.6385044110319763, 0.6385044110319763, 0.6416442891057768, 0.6416442891057768, 0.643209077053841, 0.643209077053841, 0.6481368885371788, 0.6481368885371788, 0.6498150004396377, 0.6498150004396377, 0.6503999237961253, 0.6503999237961253, 0.6510591312758287, 0.6510591312758287, 0.6533030569477417, 0.6533030569477417, 0.6548926551188488, 0.6548926551188488, 0.6554563293179754, 0.6554563293179754, 0.6576868020750901, 0.6576868020750901, 0.6608945455611243, 0.6608945455611243, 0.6610013775315806, 0.6610013775315806, 0.6640211026114482, 0.6640211026114482, 0.6662815879715115, 0.6662815879715115, 0.6670345701808376, 0.6670345701808376, 0.668955171605264, 0.668955171605264, 0.6701673261232745, 0.6701673261232745, 0.6735588381840031, 0.6735588381840031, 0.6755824027667869, 0.6755824027667869, 0.6781306896450658, 0.6781306896450658, 0.6808164219349923, 0.6808164219349923, 0.6859545268032474, 0.6859545268032474, 0.6879896538585539, 0.6879896538585539, 0.6906991119317683, 0.6906991119317683, 0.6909016676924881, 0.6909016676924881, 0.6930532108209502, 0.6930532108209502, 0.6944505114452357, 0.6944505114452357, 0.6957781441425599, 0.6957781441425599, 0.6980602596793575, 0.6980602596793575, 0.6995399777250213, 0.6995399777250213, 0.7027950701954923, 0.7027950701954923, 0.7033803452621706, 0.7033803452621706, 0.7034907969166739, 0.7034907969166739, 0.7065574753070136, 0.7065574753070136, 0.7076102171810428, 0.7076102171810428, 0.7096763973152789, 0.7096763973152789, 0.7098110583545825, 0.7098110583545825, 0.7119440927342536, 0.7119440927342536, 0.7127591517922565, 0.7127591517922565, 0.7128711275242534, 0.7128711275242534, 0.7152990122805476, 0.7152990122805476, 0.718494211436443, 0.718494211436443, 0.7259073243647235, 0.7259073243647235, 0.7300908438113661, 0.7300908438113661, 0.7342181629004367, 0.7342181629004367, 0.7380545590433483, 0.7380545590433483, 0.7385006887657903, 0.7385006887657903, 0.7425991822738064, 0.7425991822738064, 0.7530039567396465, 0.7530039567396465, 0.7536041501802515, 0.7536041501802515, 0.7593062076848677, 0.7593062076848677, 0.7619727131510302, 0.7619727131510302, 0.763755297634749, 0.763755297634749, 0.7639374688589935, 0.7639374688589935, 0.7729227849585275, 0.7729227849585275, 0.7732194671590609, 0.7732194671590609, 0.7759892288754067, 0.7759892288754067, 0.7780069316216771, 0.7780069316216771, 0.7784822093261818, 0.7784822093261818, 0.7801984671297517, 0.7801984671297517, 0.7813373340367538, 0.7813373340367538, 0.7823213165684809, 0.7823213165684809, 0.783011474544975, 0.783011474544975, 0.7862994812274686, 0.7862994812274686, 0.7881707259884522, 0.7881707259884522, 0.7882645446818488, 0.7882645446818488, 0.7898664820188165, 0.7898664820188165, 0.7911399366921656, 0.7911399366921656, 0.792360825346581, 0.792360825346581, 0.7926371816290043, 0.7926371816290043, 0.793781148333773, 0.793781148333773, 0.7952851783463759, 0.7952851783463759, 0.7953367771622849, 0.7953367771622849, 0.7953481198159383, 0.7953481198159383, 0.7959344207040066, 0.7959344207040066, 0.7960563762126674, 0.7960563762126674, 0.7967352648084645, 0.7967352648084645, 0.7977000205164277, 0.7977000205164277, 0.7978776781265571, 0.7978776781265571, 0.7979829127465635, 0.7979829127465635, 0.7990709575309944, 0.7990709575309944, 0.7991858202174742, 0.7991858202174742, 0.799679401506492, 0.799679401506492, 0.8008206717664644, 0.8008206717664644, 0.8020363140772004, 0.8020363140772004, 0.8023787772209033, 0.8023787772209033, 0.8025234620006447, 0.8025234620006447, 0.8045828570591166, 0.8045828570591166, 0.8059620739177584, 0.8059620739177584, 0.8060882206395263, 0.8060882206395263, 0.8066987602215774, 0.8066987602215774, 0.8077162578035699, 0.8077162578035699, 0.80858380960755, 0.80858380960755, 0.8097074650487999, 0.8097074650487999, 0.8098128169055365, 0.8098128169055365, 0.8103520472464023, 0.8103520472464023, 0.8106808230018465, 0.8106808230018465, 0.811185453852692, 0.811185453852692, 0.8113040094961752, 0.8113040094961752, 0.8123388874234297, 0.8123388874234297, 0.8125714850962806, 0.8125714850962806, 0.8131645417509306, 0.8131645417509306, 0.8146432339752044, 0.8146432339752044, 0.8152035815821097, 0.8152035815821097, 0.8159147395879129, 0.8159147395879129, 0.8163536006330784, 0.8163536006330784, 0.816387804449134, 0.816387804449134, 0.8172529968639175, 0.8172529968639175, 0.8181966792696151, 0.8181966792696151, 0.818840089099915, 0.818840089099915, 0.8192037574372051, 0.8192037574372051, 0.8211191271725431, 0.8211191271725431, 0.8212408188985609, 0.8212408188985609, 0.8218557988217708, 0.8218557988217708, 0.8224558164072804, 0.8224558164072804, 0.8230149623377004, 0.8230149623377004, 0.8231482605000147, 0.8231482605000147, 0.8233546704182421, 0.8233546704182421, 0.8247424602127846, 0.8247424602127846, 0.8247601922682376, 0.8247601922682376, 0.8250832234238987, 0.8250832234238987, 0.8261367126820833, 0.8261367126820833, 0.8271139541018201, 0.8271139541018201, 0.8289227409947537, 0.8289227409947537, 0.8300110495618277, 0.8300110495618277, 0.8301237433687975, 0.8301237433687975, 0.8301727629766406, 0.8301727629766406, 0.8301946715906093, 0.8301946715906093, 0.8309775198569712, 0.8309775198569712, 0.8310051437615404, 0.8310051437615404, 0.831085773322782, 0.831085773322782, 0.831284460271403, 0.831284460271403, 0.8321666080483016, 0.8321666080483016, 0.8322040358744395, 0.8322040358744395, 0.8323901931475131, 0.8323901931475131, 0.8329913391365514, 0.8329913391365514, 0.8336340455464697, 0.8336340455464697, 0.8336535654620593, 0.8336535654620593, 0.8340035317564993, 0.8340035317564993, 0.8352931944078079, 0.8352931944078079, 0.8371192444092734, 0.8371192444092734, 0.83728533954688, 0.83728533954688, 0.8390764383481345, 0.8390764383481345, 0.8394148714792344, 0.8394148714792344, 0.8398192795802925, 0.8398192795802925, 0.842028591107594, 0.842028591107594, 0.8425547642076263, 0.8425547642076263, 0.8444051701398048, 0.8444051701398048, 0.8446475863888157, 0.8446475863888157, 0.8465992848559454, 0.8465992848559454, 0.8467452006213547, 0.8467452006213547, 0.8491920630733609, 0.8491920630733609, 0.8494367361294293, 0.8494367361294293, 0.8505172337993494, 0.8505172337993494, 0.8518970368416425, 0.8518970368416425, 0.8521527008411736, 0.8521527008411736, 0.8523124212315718, 0.8523124212315718, 0.8541378557402034, 0.8541378557402034, 0.8544854773000381, 0.8544854773000381, 0.8570438025733462, 0.8570438025733462, 0.8582322752718426, 0.8582322752718426, 0.8598803306075794, 0.8598803306075794, 0.861702409214807, 0.861702409214807, 0.8623207743486034, 0.8623207743486034, 0.8654605791494475, 0.8654605791494475, 0.865992555467628, 0.865992555467628, 0.8665315952988071, 0.8665315952988071, 0.8674232539054486, 0.8674232539054486, 0.8679257012221929, 0.8679257012221929, 0.8690263196459451, 0.8690263196459451, 0.8691584014771828, 0.8691584014771828, 0.8739097423722852, 0.8739097423722852, 0.8751644977871567, 0.8751644977871567, 0.8767683988393564, 0.8767683988393564, 0.8770149623377004, 0.8770149623377004, 0.8771050441103198, 0.8771050441103198, 0.8777091356722061, 0.8777091356722061, 0.8777926668425218, 0.8777926668425218, 0.879297795949471, 0.879297795949471, 0.8794631143937396, 0.8794631143937396, 0.8799939623083912, 0.8799939623083912, 0.8805938040388054, 0.8805938040388054, 0.8807321580351124, 0.8807321580351124, 0.8820236525103314, 0.8820236525103314, 0.8824306984378205, 0.8824306984378205, 0.883079310648026, 0.883079310648026, 0.8831169582930332, 0.8831169582930332, 0.8839686245200622, 