{"title": "subpopulation_size_30_4", "popultion": 30, "subpopulation": 30, "number_of_rect": 20, "scores": [0.6000616079017556], "iters": [0], "finalScore": 0.6000616079017556, "finalIter": 5}