{"title": "subpopulation_size_1.5_4", "popultion": 40, "subpopulation": 60, "number_of_rect": 20, "scores": [0.6225269644479615, 0.6225269644479615, 0.6285549547173129, 0.6285549547173129, 0.6294192678566195, 0.6294192678566195, 0.6294871625780356, 0.6294871625780356, 0.6321013071895425, 0.6321013071895425, 0.6346926199478297, 0.6346926199478297, 0.6350156804126733, 0.6350156804126733, 0.6371152143966705, 0.6371152143966705, 0.6374350508514317, 0.6374350508514317, 0.6387003575720274, 0.6387003575720274, 0.6390104194144026, 0.6390104194144026, 0.6394863858846976, 0.6394863858846976, 0.6401037545062869, 0.6401037545062869, 0.6412097365104488, 0.6412097365104488, 0.6423737653506844, 0.6423737653506844, 0.6457478824115594, 0.6457478824115594, 0.6478542600896862, 0.6478542600896862, 0.6496140420293678, 0.6496140420293678, 0.6522317916703303, 0.6522317916703303, 0.652340763211114, 0.652340763211114, 0.6531540783727542, 0.6531540783727542, 0.6544721269673789, 0.6544721269673789, 0.6571964594507459, 0.6571964594507459, 0.658298777807087, 0.658298777807087, 0.660841378703948, 0.660841378703948, 0.6624383627890618, 0.6624383627890618, 0.6649322078607227, 0.6649322078607227, 0.6650419560948445, 0.6650419560948445, 0.6651948181365221, 0.6651948181365221, 0.6655765848940473, 0.6655765848940473, 0.6658388874234298, 0.6658388874234298, 0.6665846595738445, 0.6665846595738445, 0.6705058178727394, 0.6705058178727394, 0.6724365749289252, 0.6724365749289252, 0.6784085553503912, 0.6784085553503912, 0.678671854391981, 0.678671854391981, 0.6793752308098127, 0.6793752308098127, 0.6810983762712858, 0.6810983762712858, 0.6815026671356136, 0.6815026671356136, 0.681827530115185, 0.681827530115185, 0.681936252527917, 0.681936252527917, 0.6821602919194584, 0.6821602919194584, 0.6827019109587034, 0.6827019109587034, 0.682855960022275, 0.682855960022275, 0.6844496321697588, 0.6844496321697588, 0.6844515372666256, 0.6844515372666256, 0.684526363609719, 0.684526363609719, 0.6862258125970866, 0.6862258125970866, 0.6892495823441485, 0.6892495823441485, 0.6897413611184384, 0.6897413611184384, 0.6903858846976758, 0.6903858846976758, 0.691861338257276, 0.691861338257276, 0.6920313901345292, 0.6920313901345292, 0.6923736041501802, 0.6923736041501802, 0.6965240188751136, 0.6965240188751136, 0.6992495530349658, 0.6992495530349658, 0.7000139365163105, 0.7000139365163105, 0.7016350274040857, 0.7016350274040857, 0.7025218499956036, 0.7025218499956036, 0.7063380081479528, 0.7063380081479528, 0.7064533104721709, 0.7064533104721709, 0.7093084351827428, 0.7093084351827428, 0.7136321697587854, 0.7136321697587854, 0.7149973328643864, 0.7149973328643864, 0.7152490840880448, 0.7152490840880448, 0.7197302382836543, 0.7197302382836543, 0.7197493918344617, 0.7197493918344617, 0.7199617515167502, 0.7199617515167502, 0.7223527360121926, 0.7223527360121926, 0.7228284680090272, 0.7228284680090272, 0.7232931357894429, 0.7232931357894429, 0.726566077552097, 0.726566077552097, 0.7314880711626953, 0.7314880711626953, 0.7345173510360796, 0.7345173510360796, 0.7367716228494388, 0.7367716228494388, 0.7386031390134529, 0.7386031390134529, 0.7425883232216653, 0.7425883232216653, 0.743134426565843, 0.743134426565843, 0.7483775462352356, 0.7483775462352356, 0.7508652070693749, 0.7508652070693749, 0.7510727160819485, 0.7510727160819485, 0.7531563351798118, 0.7531563351798118, 0.7555226706527155, 0.7555226706527155, 0.7574057856326387, 0.7574057856326387, 0.7617226032415956, 0.7617226032415956, 0.7668228259913831, 0.7668228259913831, 0.7670737419033383, 0.7670737419033383, 0.7691636038570884, 0.7691636038570884, 0.7704461443770333, 0.7704461443770333, 0.7721651865529471, 0.7721651865529471, 0.7760745332512676, 0.7760745332512676, 0.7822588733550221, 0.7822588733550221, 0.7830562736305284, 0.7830562736305284, 0.7831679123069257, 0.7831679123069257, 0.7900780503531757, 0.7900780503531757, 0.7911677950701955, 0.7911677950701955, 0.7971085319030452, 0.7971085319030452, 0.8023495559658841, 0.8023495559658841, 0.8028404847738797, 0.8028404847738797, 0.803673143996014, 0.803673143996014, 0.8063861924440927, 0.8063861924440927, 0.8117510624578681, 0.8117510624578681, 0.8130135994607111, 0.8130135994607111, 0.8131392918901492, 0.8131392918901492, 0.815998915560245, 0.815998915560245, 0.8219077493478707, 0.8219077493478707, 0.8228197485272136, 0.8228197485272136, 0.8285441689381283, 0.8285441689381283, 0.8299106802661274, 0.8299106802661274, 0.8316905829596413, 0.8316905829596413, 0.8351561300155339, 0.8351561300155339, 0.8359297019256133, 0.8359297019256133, 0.8362935754271814, 0.8362935754271814, 0.838740716316422, 0.838740716316422, 0.8399143292593569, 0.8399143292593569, 0.8408531903045224, 0.8408531903045224, 0.8451158738532782, 0.8451158738532782, 0.845755561417392, 0.845755561417392, 0.8457761511181453, 0.8457761511181453, 0.848659031624608, 0.848659031624608, 0.8516471760602597, 0.8516471760602597, 0.8537004015358012, 0.8537004015358012, 0.8566960344675987, 0.8566960344675987, 0.8573395761892201, 0.8573395761892201, 0.8588850640405639, 0.8588850640405639, 0.860316773645183, 0.860316773645183, 0.8620876051466925, 0.8620876051466925, 0.8624289398868665, 0.8624289398868665, 0.8643480172337994, 0.8643480172337994, 0.8653402209912365, 0.8653402209912365, 0.8666874761862892, 0.8666874761862892, 0.8669899469503796, 0.8669899469503796, 0.8672028928163193, 0.8672028928163193, 0.8732126967378879, 0.8732126967378879, 0.8739546880037515, 0.8739546880037515, 0.8741562765614467, 0.8741562765614467, 0.8742349717166389, 0.8742349717166389, 0.8753451302793165, 0.8753451302793165, 0.8790069169670858, 0.8790069169670858, 0.8800369442246255, 0.8800369442246255, 0.881959567982649, 0.881959567982649, 0.8823846244028254, 0.8823846244028254, 0.8849339224479029, 0.8849339224479029, 0.8865966763386969, 0.8865966763386969, 0.887940751487441, 0.887940751487441, 0.8888916292974589, 0.8888916292974589, 0.8890780063894018, 0.8890780063894018, 0.8906635745479059, 0.8906635745479059, 0.8914100647732934, 0.8914100647732934, 0.8919516545033559, 0.8919516545033559, 0.8924604912218999, 0.8924604912218999, 0.8929744863565755, 0.8929744863565755, 0.8949920865207069, 0.8949920865207069, 0.8953041267329054, 0.8953041267329054, 0.8960355227292711, 0.8960355227292711, 0.8974428470939946, 0.8974428470939946, 0.8975591898941938, 0.8975591898941938, 0.8980431284621472, 0.8980431284621472, 0.898270347899997, 0.898270347899997, 0.8982932237169905, 0.8982932237169905, 0.9001991412409508, 0.9001991412409508, 0.9002070693748352, 0.9002070693748352, 0.9002921246226443],