{"title": "population_size_10_1", "popultion": 10, "subpopulation": 15, "number_of_rect": 20, "scores": [0.587105835458249, 0.587105835458249, 0.5881407573492775, 0.5881407573492775, 0.5900674111199038, 0.5900674111199038, 0.5901421495354495, 0.5901421495354495, 0.5906883994255401, 0.5906883994255401, 0.5912143966704768, 0.5912143966704768, 0.5916356722061021, 0.5916356722061021, 0.5918635804097423, 0.5918635804097423, 0.592077449514933, 0.592077449514933, 0.592786834315191, 0.592786834315191, 0.5936778041560421, 0.5936778041560421, 0.5943564143146047, 0.5943564143146047, 0.5944073976376799, 0.5944073976376799, 0.5952505935109469, 0.5952505935109469, 0.59718349013746, 0.59718349013746, 0.599158621296052, 0.599158621296052, 0.6010542952607052, 0.6010542952607052, 0.6012725021249157, 0.6012725021249157, 0.6025107711245934, 0.6025107711245934, 0.603838594331604, 0.603838594331604, 0.6039837480582666, 0.6039837480582666, 0.6050528737653507, 0.6050528737653507, 0.6054734312260031, 0.6054734312260031, 0.6062710073566049, 0.6062710073566049, 0.606337084908702, 0.606337084908702, 0.6066299715700929, 0.6066299715700929, 0.6070661654796448, 0.6070661654796448, 0.6074220229197808, 0.6074220229197808, 0.6074940648905303, 0.6074940648905303, 0.608049532518538, 0.608049532518538, 0.6091392918901491, 0.6091392918901491, 0.6107179430815675, 0.6107179430815675, 0.6110287816172807, 0.6110287816172807, 0.6126187608077611, 0.6126187608077611, 0.612869193118204, 0.612869193118204, 0.6130100677042117, 0.6130100677042117, 0.6140831941147161, 0.6140831941147161, 0.6156866701837685, 0.6156866701837685, 0.6160933497464756, 0.6160933497464756, 0.6169949441660072, 0.6169949441660072, 0.6180441835927195, 0.6180441835927195, 0.6180545004249831, 0.6180545004249831, 0.618670462205809, 0.618670462205809, 0.6194139922037574, 0.6194139922037574, 0.6211080776107154, 0.6211080776107154, 0.6214700753245992, 0.6214700753245992, 0.6219726252234825, 0.6219726252234825, 0.6227734546733492, 0.6227734546733492, 0.6240247076409039, 0.6240247076409039, 0.6245439784284417, 0.6245439784284417, 0.6246572877282452, 0.6246572877282452, 0.6250740643043465, 0.6250740643043465, 0.6254958967144406, 0.6254958967144406, 0.6258730765848941, 0.6258730765848941, 0.6274450306280958, 0.6274450306280958, 0.6280315952988071, 0.6280315952988071, 0.6282523227527184, 0.6282523227527184, 0.6286612005041179, 0.6286612005041179, 0.630154899029866, 0.630154899029866, 0.6302343269146223, 0.6302343269146223, 0.6304533251267622, 0.6304533251267622, 0.6326111843840675, 0.6326111843840675, 0.6346655675723205, 0.6346655675723205, 0.6366438055042645, 0.6366438055042645, 0.6371737741434391, 0.6371737741434391, 0.6390142735719101, 0.6390142735719101, 0.6390727893549049, 0.6390727893549049, 0.6393759781939682, 0.6393759781939682, 0.6395774202057505, 0.6395774202057505, 0.6416090301591488, 0.6416090301591488, 0.6437390750021982, 0.6437390750021982, 0.6442900876344559, 0.6442900876344559, 0.6459539552741874, 0.6459539552741874, 0.6463228846097482, 0.6463228846097482, 0.646761657727366, 0.646761657727366, 0.6485483894604179, 0.6485483894604179, 0.6486328585245758, 0.6486328585245758, 0.6492707142647791, 0.6492707142647791, 0.649635511005598, 0.649635511005598, 0.6505769805680119, 0.6505769805680119, 0.6509418798909699, 0.6509418798909699, 0.6527464316070225, 0.6527464316070225, 0.6531852779975966, 0.6531852779975966, 0.6568713473431227, 0.6568713473431227, 0.6571100413259474, 0.6571100413259474, 0.6593747472083004, 0.6593747472083004, 0.6614911339722735, 0.6614911339722735, 0.6703712007972098, 0.6703712007972098, 0.6713837890911223, 0.6713837890911223, 0.6714319587326709, 0.6714319587326709, 0.6729854479908555, 0.6729854479908555, 0.6730700196371523, 0.6730700196371523, 0.6737301503561066, 0.6737301503561066, 0.6742858084938012, 0.6742858084938012, 0.6756021864650195, 0.6756021864650195, 0.6762191887218265, 0.6762191887218265, 0.6773253172719014, 0.6773253172719014, 0.6774063571616988, 0.6774063571616988, 0.6782618482370527, 0.6782618482370527, 0.6787195843957912, 0.6787195843957912, 0.6787858084938011, 0.6787858084938011, 0.6803043758609573, 0.6803043758609573, 0.6815299100208095, 0.6815299100208095, 0.6824565491368446, 0.6824565491368446, 0.6828355315220258, 0.6828355315220258, 0.6842471936457692, 0.6842471936457692, 0.6852574811688502, 0.6852574811688502, 0.685960505876491, 0.685960505876491, 0.6875362994226091, 0.6875362994226091, 0.6876660218646502, 0.6876660218646502, 0.6876739793077171, 0.6876739793077171, 0.6877286555877956, 0.6877286555877956, 0.6882311468683139, 0.6882311468683139, 0.6897150854362671, 0.6897150854362671, 0.6906739646531259, 0.6906739646531259, 0.6908239690495033, 0.6908239690495033, 0.6908259913831003, 0.6908259913831003, 0.69127163750403, 0.69127163750403, 0.6916551188487352, 0.6916551188487352, 0.6925723204079839, 0.6925723204079839, 0.6928203054016824, 0.6928203054016824, 0.6935693748351359, 0.6935693748351359, 0.6940303643131394, 0.6940303643131394, 0.6947089451625195, 0.6947089451625195, 0.6962172982795509, 0.6962172982795509, 0.6963644303760368, 0.6963644303760368, 0.6965747530701369, 0.6965747530701369, 0.6973565901697002, 0.6973565901697002, 0.6981317594302294, 0.6981317594302294, 0.6981860546909346, 0.6981860546909346, 0.6988851373135203, 0.6988851373135203, 0.7003616313491017, 0.7003616313491017, 0.700740408570005, 0.700740408570005, 0.7015411940560978, 0.7015411940560978, 0.7025764530027258, 0.7025764530027258, 0.7028127875963539, 0.7028127875963539, 0.7029556258975937, 0.7029556258975937, 0.7036643512412439, 0.7036643512412439, 0.7042136639409127, 0.7042136639409127, 0.7045281514698556, 0.7045281514698556, 0.7051205193587151, 0.7051205193587151, 0.7051919604912219, 0.7051919604912219, 0.7055570942876404, 0.7055570942876404, 0.7055596588411148, 0.7055596588411148, 0.7056910225973798, 0.7056910225973798, 0.7061377091942906, 0.7061377091942906, 0.7068513291714293, 0.7068513291714293, 0.707125633811073, 0.707125633811073, 0.7071345877663472, 0.7071345877663472, 0.7076366394091269, 0.7076366394091269, 0.7080178932559571, 0.7080178932559571, 0.7081555731410651, 0.7081555731410651, 0.7082029660892757, 0.7082029660892757, 0.7084686831384273, 0.7084686831384273, 0.7085152700841173, 0.7085152700841173, 0.7085158269585861, 0.7085158269585861, 0.7090277851050735, 0.7090277851050735, 0.709489712476919, 0.709489712476919, 0.7102558984729916, 0.7102558984729916, 0.7103957618922008, 0.7103957618922008, 0.7105287816172807, 0.7105287816172807, 0.7107381810721298, 0.7107381810721298, 0.7109934493976963, 0.7109934493976963, 0.7115841613177409, 0.7115841613177409, 0.7125557607198336, 0.7125557607198336, 0.7135239016383833, 0.7135239016383833, 0.7141735836337524, 0.7141735836337524, 0.7144697089598171, 0.7144697089598171, 0.7146199771388376, 0.7146199771388376, 0.7152719159412644, 0.7152719159412644, 0.7153146047656731, 0.7153146047656731, 0.715474457047393, 0.715474457047393, 0.7166523198218002, 0.7166523198218002, 0.717035258946628, 0.717035258946628, 0.7177508719481813, 0.7177508719481813, 0.7187452006213546, 0.7187452006213546, 0.7212653213751868, 0.7212653213751868, 0.7213287024824877, 0.7213287024824877, 0.7222779243236905, 0.7222779243236905, 0.7224949734751898, 0.7224949734751898, 0.7226420469533105, 0.7226420469533105, 0.7230383071016149, 0.7230383071016149, 0.7232554881444356, 0.7232554881444356, 0.723954761276708, 0.723954761276708, 0.7243984876461795, 0.7243984876461795, 0.7247854567836103, 0.7247854567836103, 0.7255653301679417, 0.7255653301679417, 0.7259672909522553, 0.7259672909522553, 0.7262879480641284, 0.7262879480641284, 0.7271373281749172, 0.7271373281749172, 0.7275558339927899],