{"title": "subpopulation_size_1.3_1", "popultion": 40, "subpopulation": 52, "number_of_rect": 20, "scores": [0.6501639702218704, 0.6501639702218704, 0.653333216096603, 0.653333216096603, 0.6550397725607433, 0.6550397725607433, 0.6550545883525308, 0.6550545883525308, 0.6562932676807645, 0.6562932676807645, 0.656353117031566, 0.656353117031566, 0.657289003194701, 0.657289003194701, 0.6574820481256778, 0.6574820481256778, 0.6580460007620388, 0.6580460007620388, 0.6592432662153052, 0.6592432662153052, 0.6598095782408628, 0.6598095782408628, 0.6614453823382866, 0.6614453823382866, 0.6615583106187168, 0.6615583106187168, 0.6622297400275506, 0.6622297400275506, 0.663356839297752, 0.663356839297752, 0.6635477153492189, 0.6635477153492189, 0.6654015797649404, 0.6654015797649404, 0.6680279609601689, 0.6680279609601689, 0.6689206014244262, 0.6689206014244262, 0.6700675137020429, 0.6700675137020429, 0.670656393798177, 0.670656393798177, 0.6721735689791613, 0.6721735689791613, 0.6730399484158387, 0.6730399484158387, 0.6748648113954101, 0.6748648113954101, 0.6778626864796741, 0.6778626864796741, 0.6825009378938421, 0.6825009378938421, 0.6832492452885489, 0.6832492452885489, 0.6843505231689089, 0.6843505231689089, 0.6900907119200446, 0.6900907119200446, 0.6901494182127261, 0.6901494182127261, 0.6929744277382104, 0.6929744277382104, 0.696164043494827, 0.696164043494827, 0.6966649960432603, 0.6966649960432603, 0.6975138925525367, 0.6975138925525367, 0.6981321404496028, 0.6981321404496028, 0.6990035903748644, 0.6990035903748644, 0.7011274070166182, 0.7011274070166182, 0.70139872211964, 0.70139872211964, 0.7028622321873443, 0.7028622321873443, 0.7043328204226385, 0.7043328204226385, 0.7060613587737039, 0.7060613587737039, 0.7064474779448401, 0.7064474779448401, 0.7068505964418652, 0.7068505964418652, 0.7071772179723907, 0.7071772179723907, 0.7078798616606583, 0.7078798616606583, 0.7084482253289955, 0.7084482253289955, 0.7097371552507401, 0.7097371552507401, 0.7123789091122249, 0.7123789091122249, 0.7137204636712682, 0.7137204636712682, 0.7162723262698203, 0.7162723262698203, 0.7185226853073068, 0.7185226853073068, 0.7190868284533545, 0.7190868284533545, 0.7230699610187872, 0.7230699610187872, 0.7253059878659984, 0.7253059878659984, 0.7269227556493449, 0.7269227556493449, 0.7281620651250036, 0.7281620651250036, 0.7282537295934817, 0.7282537295934817, 0.7288747178991177, 0.7288747178991177, 0.7303026759283684, 0.7303026759283684, 0.731943286731733, 0.731943286731733, 0.7366307042996572, 0.7366307042996572, 0.7409307277470032, 0.7409307277470032, 0.7480210000293093, 0.7480210000293093, 0.7497024824877634, 0.7497024824877634, 0.7541827280987133, 0.7541827280987133, 0.7550156511034907, 0.7550156511034907, 0.7587234971716639, 0.7587234971716639, 0.7623192063073361, 0.7623192063073361, 0.7654405756323457, 0.7654405756323457, 0.7666271139247927, 0.7666271139247927, 0.7676537999355197, 0.7676537999355197, 0.7699647117441895, 0.7699647117441895, 0.7718189864884668, 0.7718189864884668, 0.772752821008822, 0.772752821008822, 0.7728429467452153, 0.7728429467452153, 0.7743743515343358, 0.7743743515343358, 0.7753653096515138, 0.7753653096515138, 0.7755810985081626, 0.7755810985081626, 0.7765964125560538, 0.7765964125560538, 0.776985213517395, 0.776985213517395, 0.7777679445470266, 0.7777679445470266, 0.7786450804537062, 0.7786450804537062, 0.7791327852516193, 0.7791327852516193, 0.7791873003311938, 0.7791873003311938, 0.7819789266977344, 0.7819789266977344, 0.7833756264837773, 0.7833756264837773, 0.7843121281397462, 0.7843121281397462, 0.7871615229051262, 0.7871615229051262, 0.7888370995632932, 0.7888370995632932, 0.7902252117588441, 0.7902252117588441, 0.7917035376183359, 0.7917035376183359, 0.7923001406840763, 0.7923001406840763, 0.7937685307306779, 0.7937685307306779, 0.7940944634954131, 0.7940944634954131, 0.7946886925173657, 0.7946886925173657, 0.7952370526686011, 0.7952370526686011, 0.7952896186875348, 0.7952896186875348, 0.7960936721474838, 0.7960936721474838, 0.7972517951874323, 0.7972517951874323, 0.7977747003136082, 0.7977747003136082, 0.7978884199419678, 0.7978884199419678, 0.7998203640200475, 0.7998203640200475, 0.8002145871801636, 0.8002145871801636, 0.8007974735484628, 0.8007974735484628, 0.802719525777426, 0.802719525777426, 0.8030591752396026, 0.8030591752396026, 0.8033907207127993, 0.8033907207127993, 0.8041560127788037, 0.8041560127788037, 0.8045699463641959, 0.8045699463641959, 0.8048774583076878, 0.8048774583076878, 0.8054873970514962, 0.8054873970514962, 0.8056702130777572, 0.8056702130777572, 0.8068941498871596, 0.8068941498871596, 0.8070011430581201, 0.8070011430581201, 0.8071292388405288, 0.8071292388405288, 0.807354567836103, 0.807354567836103, 0.8076166358920249, 0.8076166358920249, 0.8090363873501568, 0.8090363873501568, 0.8093929189014919, 0.8093929189014919, 0.809398927283918, 0.809398927283918, 0.809982678273103, 0.809982678273103, 0.8106612884316656, 0.8106612884316656, 0.8108771652158622, 0.8108771652158622, 0.8108824555233154, 0.8108824555233154, 0.811067161991852, 0.811067161991852, 0.8118890207802104, 0.8118890207802104, 0.8120306720595563, 0.8120306720595563, 0.8122435886163135, 0.8122435886163135, 0.8128481344705296, 0.8128481344705296, 0.8129571060113133, 0.8129571060113133, 0.8132854274744277, 0.8132854274744277, 0.8145156804126733, 0.8145156804126733, 0.8148373633459363, 0.8148373633459363, 0.8151214425979659, 0.8151214425979659, 0.8152938978281896, 0.8152938978281896, 0.8156450511445236, 0.8156450511445236, 0.815720346434538, 0.815720346434538, 0.8163957765467921, 0.8163957765467921, 0.8166050734195023, 0.8166050734195023, 0.8174833230751194, 0.8174833230751194, 0.8175454878513438, 0.8175454878513438, 0.8176785515401975, 0.8176785515401975, 0.8177967701280812, 0.8177967701280812, 0.8179250564201764, 0.8179250564201764, 0.8179372783493069, 0.8179372783493069, 0.8179630264661919, 0.8179630264661919, 0.8181242123157185, 0.8181242123157185, 0.8181696122395147, 0.8181696122395147, 0.8181936018054456, 0.8181936018054456, 0.8182165802045781, 0.8182165802045781, 0.8182296960637767, 0.8182296960637767, 0.8182768691931182], "iters": [0, 56, 57, 79, 80, 86, 87, 89, 90, 92, 93, 101, 102, 104, 105, 106, 107, 111, 112, 121, 122, 126, 127, 144, 145, 145, 146, 155, 156, 159, 160, 165, 166, 175, 176, 193, 194, 196, 197, 200, 201, 205, 206, 206, 207, 210, 211, 215, 216, 219, 220, 220, 221, 230, 231, 231, 232, 234, 235, 235, 236, 236, 237, 240, 241, 241, 242, 242, 243, 243, 244, 244, 245, 246, 247, 248, 249, 251, 252, 253, 254, 254, 255, 255, 256, 256, 257, 257, 258, 259, 260, 260, 261, 262, 263, 263, 264, 265, 266, 271, 272, 272, 273, 273, 274, 275, 276, 276, 277, 277, 278, 278, 279, 279, 280, 280, 281, 281, 282, 282, 283, 284, 285, 286, 287, 288, 289, 292, 293, 294, 295, 295, 296, 297, 298, 298, 299, 300, 301, 301, 302, 302, 303, 303, 304, 308, 309, 309, 310, 312, 313, 314, 315, 315, 316, 316, 317, 318, 319, 319, 320, 320, 321, 321, 322, 322, 323, 323, 324, 326, 327, 329, 330, 330, 331, 332, 333, 333, 334, 334, 335, 337, 338, 338, 339, 340, 341, 341, 342, 343, 344, 347, 348, 349, 350, 350, 351, 352, 353, 353, 354, 354, 355, 356, 357, 359, 360, 360, 361, 363, 364, 367, 368, 368, 369, 369, 370, 371, 372, 373, 374, 374, 375, 378, 379, 380, 381, 383, 384, 386, 387, 387, 388, 388, 389, 392, 393, 395, 396, 398, 399, 399, 400, 401, 402, 404, 405, 405, 406, 406, 407, 411, 412, 412, 413, 415, 416, 418, 419, 421, 422, 423, 424, 428, 429, 429, 430, 430, 431, 431, 432, 432, 433, 434, 435, 436, 437, 439, 440, 450, 451, 459, 460, 463, 464, 467, 468, 473, 474, 513, 514, 536, 537, 663, 664, 852, 853, 880, 881, 894, 895, 908, 909], "finalScore": 0.8182768691931182, "finalIter": 1000}