{"title": "population_size_40_2", "popultion": 40, "subpopulation": 60, "number_of_rect": 20, "scores": [0.6058566634426565, 0.6058566634426565, 0.6064337759019901, 0.6064337759019901, 0.6067966968551247, 0.6067966968551247, 0.6070111814531493, 0.6070111814531493, 0.6079593188545971, 0.6079593188545971, 0.6083799056244321, 0.6083799056244321, 0.6101269234151059, 0.6101269234151059, 0.6102231894252469, 0.6102231894252469, 0.6110344675986987, 0.6110344675986987, 0.6120894223160116, 0.6120894223160116, 0.6122953486327266, 0.6122953486327266, 0.6135310677335208, 0.6135310677335208, 0.6141315249567689, 0.6141315249567689, 0.616180588528386, 0.616180588528386, 0.6166269673788798, 0.6166269673788798, 0.6176160497083736, 0.6176160497083736, 0.6176539904452065, 0.6176539904452065, 0.6226164014185644, 0.6226164014185644, 0.6234923649579414, 0.6234923649579414, 0.6256805738737947, 0.6256805738737947, 0.6259276942466074, 0.6259276942466074, 0.6280186699492951, 0.6280186699492951, 0.6288032034936546, 0.6288032034936546, 0.6348322928573522, 0.6348322928573522, 0.642120050411794, 0.642120050411794, 0.6486088689586447, 0.6486088689586447, 0.6490885576951259, 0.6490885576951259, 0.6499321052785838, 0.6499321052785838, 0.6526664321932061, 0.6526664321932061, 0.6552217386207099, 0.6552217386207099, 0.6556585480230956, 0.6556585480230956, 0.6585979805973212, 0.6585979805973212, 0.6605696679269615, 0.6605696679269615, 0.6619178610158563, 0.6619178610158563, 0.6621033441777309, 0.6621033441777309, 0.6629000556874469, 0.6629000556874469, 0.6638097394413669, 0.6638097394413669, 0.6651779360473636, 0.6651779360473636, 0.6673856502242153, 0.6673856502242153, 0.667972185585744, 0.667972185585744, 0.6688629209531346, 0.6688629209531346, 0.6695917963597995, 0.6695917963597995, 0.67192658049767, 0.67192658049767, 0.6763320290747091, 0.6763320290747091, 0.6794634074855652, 0.6794634074855652, 0.6835599079691668, 0.6835599079691668, 0.6855616665201207, 0.6855616665201207, 0.6868120255576071, 0.6868120255576071, 0.6885692282892231, 0.6885692282892231, 0.6894719071485096, 0.6894719071485096, 0.6898350772296962, 0.6898350772296962, 0.6923079076174565, 0.6923079076174565, 0.6955864034702072, 0.6955864034702072, 0.6975071660951375, 0.6975071660951375, 0.6987263841261467, 0.6987263841261467, 0.7048279111345584, 0.7048279111345584, 0.7067738210381312, 0.7067738210381312, 0.7081663003018845, 0.7081663003018845, 0.7096834754828687, 0.7096834754828687, 0.7110431431167386, 0.7110431431167386, 0.7133258448371875, 0.7133258448371875, 0.7158664673642252, 0.7158664673642252, 0.7184806999032798, 0.7184806999032798, 0.727099211582989, 0.727099211582989, 0.7281410944048771, 0.7281410944048771, 0.7315494739001729, 0.7315494739001729, 0.7342309123948533, 0.7342309123948533, 0.7355273601219261, 0.7355273601219261, 0.7373133298162314, 0.7373133298162314, 0.7483891380169407, 0.7483891380169407, 0.7525234620006448, 0.7525234620006448, 0.7616984964389343, 0.7616984964389343, 0.761724640229784, 0.761724640229784, 0.7663106773352091, 0.7663106773352091, 0.7674180222163604, 0.7674180222163604, 0.777825668982092, 0.777825668982092, 0.7818474163955567, 0.7818474163955567, 0.78485704446203, 0.78485704446203, 0.7886476889709546, 0.7886476889709546, 0.7905580468360738, 0.7905580468360738, 0.7921136170462206, 0.7921136170462206, 0.7935323573375539, 0.7935323573375539, 0.7950065945660776, 0.7950065945660776, 0.7951740672352648, 0.7951740672352648, 0.7963008294498667, 0.7963008294498667, 0.7978863243354143, 0.7978863243354143, 0.8008077757261349, 0.8008077757261349, 0.8010787098097834, 0.8010787098097834, 0.8019113543773264, 0.8019113543773264, 0.8045364166593394, 0.8045364166593394, 0.8045837656437762, 0.8045837656437762, 0.8064726105688912, 0.8064726105688912, 0.8084234004513614, 0.8084234004513614, 0.8095222749787508, 0.8095222749787508, 0.8099495149330285, 0.8099495149330285, 0.810690363140772, 0.810690363140772, 0.8116785661947888, 0.8116785661947888, 0.8126631349101674, 0.8126631349101674, 0.8133241155954161, 0.8133241155954161, 0.813740613734283, 0.813740613734283, 0.8146811160936722, 0.8146811160936722, 0.8149313578944284, 0.8149313578944284, 0.815119742665377, 0.815119742665377, 0.8166071250622821, 0.8166071250622821, 0.8183123479586154, 0.8183123479586154, 0.8191465166036519, 0.8191465166036519, 0.8192237023359419, 0.8192237023359419, 0.819894999853454, 0.819894999853454, 0.8203873501568042, 0.8203873501568042, 0.8219075002198188, 0.8219075002198188, 0.8227731908907061, 0.8227731908907061, 0.8251530965151381, 0.8251530965151381, 0.8251909932881972, 0.8251909932881972, 0.8270271109938744, 0.8270271109938744, 0.8280024912805182, 0.8280024912805182, 0.8309708813271197, 0.8309708813271197, 0.8314998827632697, 0.8314998827632697, 0.8316882235704446, 0.8316882235704446, 0.8344180954893168, 0.8344180954893168, 0.8350505729945192, 0.8350505729945192, 0.8350881913303438, 0.8350881913303438, 0.836711201969577, 0.836711201969577, 0.8412723409244116, 0.8412723409244116, 0.8415328116298837, 0.8415328116298837, 0.8418838623640786, 0.8418838623640786, 0.8452946305577538, 0.8452946305577538, 0.8474897857498754, 0.8474897857498754, 0.849761452563088, 0.849761452563088, 0.8519122922711686, 0.8519122922711686, 0.8545636448899441, 0.8545636448899441, 0.8556674140508221, 0.8556674140508221, 0.8561936897329934, 0.8561936897329934, 0.8566321257950116, 0.8566321257950116, 0.857122995984642, 0.857122995984642, 0.8576428383012398, 0.8576428383012398, 0.8586400832380785, 0.8586400832380785, 0.8588156745508368, 0.8588156745508368, 0.859797488203054, 0.859797488203054, 0.8619402971951112, 0.8619402971951112, 0.86346985550573, 0.86346985550573, 0.8642148363082154, 0.8642148363082154, 0.864473841554559, 0.864473841554559, 0.864862833025587, 0.864862833025587, 0.8649758638881562, 0.8649758638881562, 0.8654390808640346, 0.8654390808640346, 0.8668282921539319, 0.8668282921539319, 0.8669032943521205, 0.8669032943521205, 0.8676032415955919, 0.8676032415955919, 0.8679681555731411, 0.8679681555731411, 0.8686159324716434, 0.8686159324716434, 0.8711166798557988, 0.8711166798557988, 0.8715549693719042, 0.8715549693719042, 0.8722789354904892, 0.8722789354904892, 0.8727313813417743, 0.8727313813417743, 0.8728950438172279, 0.8728950438172279, 0.873121808962748, 0.873121808962748, 0.874508836718544, 0.874508836718544, 0.8752750080600252, 0.8752750080600252, 0.8753671561300156, 0.8753671561300156, 0.8760790322107916, 0.8760790322107916, 0.8768601658899733, 0.8768601658899733, 0.8773683578065008, 0.8773683578065008, 0.8785568011958147, 0.8785568011958147, 0.8791544740467189, 0.8791544740467189, 0.879619845247516, 0.879619845247516, 0.8809037486444503, 0.8809037486444503, 0.8810072686772766, 0.8810072686772766, 0.8812874644626161, 0.8812874644626161, 0.8823318532196137, 0.8823318532196137, 0.8840946686596911, 0.8840946686596911, 0.8843904569301562, 0.8843904569301562, 0.8843975204431549, 0.8843975204431549, 0.8844646677804155, 0.8844646677804155, 0.8845223482517073, 0.8845223482517073, 0.884536240804244, 0.884536240804244, 0.8845742255048507, 0.8845742255048507, 0.8848427708901199, 0.8848427708901199, 0.8853962308391219, 0.8853962308391219, 0.885444371171488, 0.885444371171488, 0.8857682669480348, 0.8857682669480348, 0.8859009642721064, 0.8859009642721064, 0.8862654239573258],