{"title": "subpopulation_size_2.5_1", "popultion": 40, "subpopulation": 100, "number_of_rect": 20, "scores": [0.6429110026671356, 0.6429110026671356, 0.6430894662797855, 0.6430894662797855, 0.6438232802837129, 0.6438232802837129, 0.6459213194993991, 0.6459213194993991, 0.6498128315601277, 0.6498128315601277, 0.6504746475570796, 0.6504746475570796, 0.6520423810779917, 0.6520423810779917, 0.6538889328526627, 0.6538889328526627, 0.6560841026993758, 0.6560841026993758, 0.6570088513731351, 0.6570088513731351, 0.6582005920454879, 0.6582005920454879, 0.6595871068905887, 0.6595871068905887, 0.6604425540021689, 0.6604425540021689, 0.6622363932119933, 0.6622363932119933, 0.6625382924470237, 0.6625382924470237, 0.6650122072745391, 0.6650122072745391, 0.6705912394853308, 0.6705912394853308, 0.6712697617163457, 0.6712697617163457, 0.6718890061256192, 0.6718890061256192, 0.6759724640229784, 0.6759724640229784, 0.6894979483572203, 0.6894979483572203, 0.6908192502711099, 0.6908192502711099, 0.6908382572760046, 0.6908382572760046, 0.6925420293678008, 0.6925420293678008, 0.6950441249743544, 0.6950441249743544, 0.695482165362408, 0.695482165362408, 0.6961996248424631, 0.6961996248424631, 0.6971531404789121, 0.6971531404789121, 0.6983178434303468, 0.6983178434303468, 0.6997037427826138, 0.6997037427826138, 0.7005883525308478, 0.7005883525308478, 0.7021592954072511, 0.7021592954072511, 0.7021760749142707, 0.7021760749142707, 0.7039096397901462, 0.7039096397901462, 0.7057053840968375, 0.7057053840968375, 0.7065084703537619, 0.7065084703537619, 0.7093130074152232, 0.7093130074152232, 0.7101852633430054, 0.7101852633430054, 0.7129899616049709, 0.7129899616049709, 0.7130812303994841, 0.7130812303994841, 0.7185805855974676, 0.7185805855974676, 0.7196333714352707, 0.7196333714352707, 0.7211417978252586, 0.7211417978252586, 0.7222084908701896, 0.7222084908701896, 0.7235118555643483, 0.7235118555643483, 0.7244704563439726, 0.7244704563439726, 0.7249320173510361, 0.7249320173510361, 0.7249829127465635, 0.7249829127465635, 0.7254812567777484, 0.7254812567777484, 0.7269660746211788, 0.7269660746211788, 0.7278130660335883, 0.7278130660335883, 0.7305035464110905, 0.7305035464110905, 0.7317029074709106, 0.7317029074709106, 0.7324202497142355, 0.7324202497142355, 0.7333745273894311, 0.7333745273894311, 0.7346274363258009, 0.7346274363258009, 0.7373681966059966, 0.7373681966059966, 0.7375471291655675, 0.7375471291655675, 0.7382567924030599, 0.7382567924030599, 0.7426414607696592, 0.7426414607696592, 0.7453016647615698, 0.7453016647615698, 0.7458418623054603, 0.7458418623054603, 0.7477098097834052, 0.7477098097834052, 0.7484236935431872, 0.7484236935431872, 0.7494752777045048, 0.7494752777045048, 0.7538477094873823, 0.7538477094873823, 0.7575623699405023, 0.7575623699405023, 0.758656701544594, 0.758656701544594, 0.7617783786160204, 0.7617783786160204, 0.7639973328643864, 0.7639973328643864, 0.7673031155661069, 0.7673031155661069, 0.7698772238342273, 0.7698772238342273, 0.7710018464785018, 0.7710018464785018, 0.7721157859257305, 0.7721157859257305, 0.7748189718338756, 0.7748189718338756, 0.775972493332161, 0.775972493332161, 0.7762057797708022, 0.7762057797708022, 0.7777516046777455, 0.7777516046777455, 0.7785872827456842, 0.7785872827456842, 0.779528796271872, 0.779528796271872, 0.7795607139716874, 0.7795607139716874, 0.7818587590492101, 0.7818587590492101, 0.7821292974588938, 0.7821292974588938, 0.7831681321257951, 0.7831681321257951, 0.7832901315982297, 0.7832901315982297, 0.7837456256045019, 0.7837456256045019, 0.7860632492159794, 0.7860632492159794, 0.787257627714763, 0.787257627714763, 0.7873780444913392, 0.7873780444913392, 0.7894136551481579, 0.7894136551481579, 0.7898850347313814, 0.7898850347313814, 0.7905217474134647, 0.7905217474134647, 0.7909700753245992, 0.7909700753245992, 0.791507752278789, 0.791507752278789, 0.7921902459040417, 0.7921902459040417, 0.7929809197221489, 0.7929809197221489, 0.7934550397139424, 0.7934550397139424, 0.7957201998886251, 0.7957201998886251, 0.7975507341950233, 0.7975507341950233, 0.7988770333245406, 0.7988770333245406, 0.7995291333274714, 0.7995291333274714, 0.7999571206659046, 0.7999571206659046, 0.8017721357601336, 0.8017721357601336, 0.8022009291010874, 0.8022009291010874, 0.8045121779653566, 0.8045121779653566, 0.8046568773996893, 0.8046568773996893, 0.8048659984173041, 0.8048659984173041, 0.8059690934669832, 0.8059690934669832, 0.8073938128315601, 0.8073938128315601, 0.8098380667663179, 0.8098380667663179, 0.8114946071104077, 0.8114946071104077, 0.8122071866115654, 0.8122071866115654, 0.8134991939974794, 0.8134991939974794, 0.8147803569858436, 0.8147803569858436, 0.8170397872153345, 0.8170397872153345, 0.8192295348632727, 0.8192295348632727, 0.8220840001172367, 0.8220840001172367, 0.8236912131070664, 0.8236912131070664, 0.8254400480670594, 0.8254400480670594, 0.8286417098977109, 0.8286417098977109, 0.8291145256308802, 0.8291145256308802, 0.8311014830446379, 0.8311014830446379, 0.8336221606729388, 0.8336221606729388, 0.8358560479498227, 0.8358560479498227, 0.8383945455611244, 0.8383945455611244, 0.8408193088894751, 0.8408193088894751, 0.8411332981623143, 0.8411332981623143, 0.8416516457106011, 0.8416516457106011, 0.8452682962572173, 0.8452682962572173, 0.8458311791084147, 0.8458311791084147, 0.84720701075647, 0.84720701075647, 0.8479400187578768, 0.8479400187578768, 0.851635716169876, 0.851635716169876, 0.8540262317183974, 0.8540262317183974, 0.8544568275740789, 0.8544568275740789, 0.8547790234180369, 0.8547790234180369, 0.8555555115917817, 0.8555555115917817, 0.8564229754682142, 0.8564229754682142, 0.8565275945953867, 0.8565275945953867, 0.8565457369793956, 0.8565457369793956, 0.8571512353820452, 0.8571512353820452, 0.8580482722236877, 0.8580482722236877, 0.858424880565081, 0.858424880565081, 0.858673818107213, 0.858673818107213, 0.8590572408335532, 0.8590572408335532, 0.8590753245991969, 0.8590753245991969, 0.8621643952050178, 0.8621643952050178, 0.862279653565462, 0.862279653565462, 0.8630714557870981, 0.8630714557870981, 0.8642578035698585, 0.8642578035698585, 0.8645650517307072, 0.8645650517307072, 0.8664644333069551, 0.8664644333069551, 0.8670872827456843, 0.8670872827456843, 0.8673386969137431, 0.8673386969137431, 0.868574034995164, 0.868574034995164, 0.8697801078577918, 0.8697801078577918, 0.8698343591547232, 0.8698343591547232, 0.869937439549811, 0.869937439549811, 0.8711250036636479, 0.8711250036636479, 0.8713914094785896, 0.8713914094785896, 0.872723658372168, 0.872723658372168, 0.8731793135789443, 0.8731793135789443, 0.8732655265394648, 0.8732655265394648, 0.8741516750197837, 0.8741516750197837, 0.8753511386617427, 0.8753511386617427, 0.8774909288079955, 0.8774909288079955, 0.8784369119845248, 0.8784369119845248, 0.8785764969664996, 0.8785764969664996, 0.8793476801781999, 0.8793476801781999, 0.8797150121633107, 0.8797150121633107, 0.8805562296667546, 0.8805562296667546, 0.8805816260734488, 0.8805816260734488, 0.8812474867375949, 0.8812474867375949, 0.8812952607051789, 0.8812952607051789, 0.8814526070517893, 0.8814526070517893, 0.8815898472991588, 0.8815898472991588, 0.8816510009085846, 0.8816510009085846, 0.882221430874293, 0.882221430874293, 0.8822708461561007, 0.8822708461561007, 0.8828886397608371, 0.8828886397608371, 0.8829089803335385, 0.8829089803335385, 0.8830222456695682, 0.8830222456695682, 0.8831620797795949, 0.8831620797795949, 0.883330475688033, 0.883330475688033, 0.8836432486297957, 0.8836432486297957, 0.8844895219672323, 0.8844895219672323, 0.8849063425071075, 0.8849063425071075, 0.8849715847475014, 0.8849715847475014, 0.8854839825317272, 0.8854839825317272, 0.8866567894721417, 0.8866567894721417, 0.8866668132125795, 0.8866668132125795, 0.888160013482224, 0.888160013482224, 0.8883510653887863, 0.8883510653887863, 0.8885226559981242],