{"title": "subpopulation_size_1.1_0", "popultion": 40, "subpopulation": 44, "number_of_rect": 20, "scores": [0.6236712388991471, 0.6236712388991471, 0.6244986957413758, 0.6244986957413758, 0.624761291362584, 0.624761291362584, 0.626526935138779, 0.626526935138779, 0.6270140097892669, 0.6270140097892669, 0.6276352618775463, 0.6276352618775463, 0.6283391512060729, 0.6283391512060729, 0.628536812333304, 0.628536812333304, 0.6288411295758961, 0.6288411295758961, 0.6292585949177878, 0.6292585949177878, 0.6306509129810369, 0.6306509129810369, 0.6310546616254873, 0.6310546616254873, 0.6311046337817638, 0.6311046337817638, 0.6320274333948825, 0.6320274333948825, 0.6320720419707494, 0.6320720419707494, 0.6323139013452914, 0.6323139013452914, 0.6333746592807526, 0.6333746592807526, 0.6358016794161611, 0.6358016794161611, 0.6363922008265189, 0.6363922008265189, 0.6364132594741932, 0.6364132594741932, 0.6381214572525572, 0.6381214572525572, 0.6405115038541576, 0.6405115038541576, 0.6416650546616255, 0.6416650546616255, 0.6425470558926112, 0.6425470558926112, 0.6446928397666989, 0.6446928397666989, 0.6459837040944928, 0.6459837040944928, 0.646976420762625, 0.646976420762625, 0.650189894193851, 0.650189894193851, 0.65293651631056, 0.65293651631056, 0.6539213781177643, 0.6539213781177643, 0.6578782203464345, 0.6578782203464345, 0.6629916615375597, 0.6629916615375597, 0.6635357425481403, 0.6635357425481403, 0.6671013218441337, 0.6671013218441337, 0.6730361675312876, 0.6730361675312876, 0.6743381400392743, 0.6743381400392743, 0.6760850112840353, 0.6760850112840353, 0.6782752132243031, 0.6782752132243031, 0.6899658548023095, 0.6899658548023095, 0.6917908936369765, 0.6917908936369765, 0.6935242533485741, 0.6935242533485741, 0.7034319880418536, 0.7034319880418536, 0.707774685659017, 0.707774685659017, 0.7081336059087312, 0.7081336059087312, 0.7201634426565844, 0.7201634426565844, 0.7225201060992409, 0.7225201060992409, 0.7266328292153932, 0.7266328292153932, 0.7291107300917377, 0.7291107300917377, 0.731549532518538, 0.731549532518538, 0.7341762507693661, 0.7341762507693661, 0.735975131158592, 0.735975131158592, 0.7360878982385182, 0.7360878982385182, 0.7414840558046836, 0.7414840558046836, 0.7458998505231689, 0.7458998505231689, 0.7459676133532636, 0.7459676133532636, 0.7504160145373546, 0.7504160145373546, 0.7518058999384507, 0.7518058999384507, 0.7550849819748527, 0.7550849819748527, 0.7590281075060816, 0.7590281075060816, 0.7605897154078373, 0.7605897154078373, 0.763843445001319, 0.763843445001319, 0.7665975995779477, 0.7665975995779477, 0.7724988129781061, 0.7724988129781061, 0.7728393563703508, 0.7728393563703508, 0.7738487792725461, 0.7738487792725461, 0.7754538233828658, 0.7754538233828658, 0.7757544330138633, 0.7757544330138633, 0.7763214924235763, 0.7763214924235763, 0.7776618453061344, 0.7776618453061344, 0.7780933937102494, 0.7780933937102494, 0.7816069052434128, 0.7816069052434128, 0.781983762712858, 0.781983762712858, 0.78340305987866, 0.78340305987866, 0.7867529968639175, 0.7867529968639175, 0.7880708696034467, 0.7880708696034467, 0.7885953134617075, 0.7885953134617075, 0.7930090418828218, 0.7930090418828218, 0.7930866965620329, 0.7930866965620329, 0.7935468653829245, 0.7935468653829245, 0.7960410328555936, 0.7960410328555936, 0.7965633957618922, 0.7965633957618922, 0.7972569975673378, 0.7972569975673378, 0.7997623171839737, 0.7997623171839737, 0.8023130220698145, 0.8023130220698145, 0.802723555790029, 0.802723555790029, 0.8042673290541926, 0.8042673290541926, 0.8061708871889564, 0.8061708871889564, 0.8080715144054632, 0.8080715144054632, 0.8112875816993463, 0.8112875816993463, 0.8132386793282336, 0.8132386793282336, 0.8145066531844427, 0.8145066531844427, 0.8169094785896421, 0.8169094785896421, 0.8170835604794981, 0.8170835604794981, 0.8200269497933703, 0.8200269497933703, 0.8201656408452769, 0.8201656408452769, 0.8223950438172279, 0.8223950438172279, 0.823215642310736, 0.823215642310736, 0.8247560303643131, 0.8247560303643131, 0.8318958644743398, 0.8318958644743398, 0.8338493508016062, 0.8338493508016062, 0.8340383803745713, 0.8340383803745713, 0.8350623113221373, 0.8350623113221373, 0.8352950848500835, 0.8352950848500835, 0.8353608253465811, 0.8353608253465811, 0.8356352472229549, 0.8356352472229549, 0.8365289281631936, 0.8365289281631936, 0.8366342800199302, 0.8366342800199302, 0.8369608282774994, 0.8369608282774994, 0.837866306163721, 0.837866306163721, 0.8381758844045839, 0.8381758844045839, 0.8383200562736305, 0.8383200562736305, 0.8383790263489551, 0.8383790263489551, 0.838618086696562, 0.838618086696562, 0.8386911544887012, 0.8386911544887012, 0.8392063952636362, 0.8392063952636362, 0.8398007561769103, 0.8398007561769103, 0.8401241097335795, 0.8401241097335795, 0.8410205750461619, 0.8410205750461619, 0.8418626425159003, 0.8418626425159003, 0.8419188575280636, 0.8419188575280636, 0.8424391541369911, 0.8424391541369911, 0.8428384770948738, 0.8428384770948738, 0.8431189952812216, 0.8431189952812216, 0.8436050587649111, 0.8436050587649111, 0.8439805973211407, 0.8439805973211407, 0.8440991529646238, 0.8440991529646238, 0.8441522025850698, 0.8441522025850698, 0.8442498021630177, 0.8442498021630177, 0.845920381605557, 0.845920381605557, 0.8460343650165597, 0.8460343650165597, 0.8463271344412204], "iters": [0, 56, 57, 61, 62, 62, 63, 71, 72, 82, 83, 84, 85, 85, 86, 107, 108, 111, 112, 117, 118, 125, 126, 126, 127, 127, 128, 130, 131, 131, 132, 132, 133, 134, 135, 144, 145, 145, 146, 147, 148, 148, 149, 149, 150, 152, 153, 154, 155, 156, 157, 158, 159, 160, 161, 161, 162, 166, 167, 168, 169, 169, 170, 172, 173, 173, 174, 174, 175, 178, 179, 180, 181, 183, 184, 185, 186, 187, 188, 190, 191, 192, 193, 193, 194, 196, 197, 197, 198, 199, 200, 200, 201, 201, 202, 202, 203, 205, 206, 206, 207, 207, 208, 208, 209, 210, 211, 212, 213, 213, 214, 217, 218, 219, 220, 220, 221, 223, 224, 225, 226, 229, 230, 230, 231, 237, 238, 240, 241, 241, 242, 246, 247, 248, 249, 249, 250, 250, 251, 251, 252, 255, 256, 258, 259, 259, 260, 264, 265, 266, 267, 267, 268, 272, 273, 273, 274, 274, 275, 275, 276, 276, 277, 277, 278, 278, 279, 282, 283, 284, 285, 285, 286, 287, 288, 288, 289, 289, 290, 291, 292, 294, 295, 295, 296, 296, 297, 298, 299, 300, 301, 301, 302, 305, 306, 312, 313, 326, 327, 333, 334, 336, 337, 338, 339, 341, 342, 345, 346, 346, 347, 351, 352, 357, 358, 358, 359, 379, 380, 442, 443, 444, 445, 445, 446, 454, 455, 455, 456, 474, 475, 490, 491, 498, 499, 507, 508, 536, 537, 538, 539, 559, 560, 563, 564, 565, 566, 595, 596, 596, 597, 606, 607, 636, 637, 641, 642, 958, 959, 994, 995], "finalScore": 0.8463271344412204, "finalIter": 1000}