{"title": "subpopulation_size_1.1_2", "popultion": 40, "subpopulation": 44, "number_of_rect": 20, "scores": [0.6162276737301797, 0.6162276737301797, 0.6186156393798177, 0.6186156393798177, 0.625378029836748, 0.625378029836748, 0.6254790732436473, 0.6254790732436473, 0.6263637123010639, 0.6263637123010639, 0.6267440575632346, 0.6267440575632346, 0.6281052639291891, 0.6281052639291891, 0.6281791084146664, 0.6281791084146664, 0.6288528825581055, 0.6288528825581055, 0.6292514581318327, 0.6292514581318327, 0.6304776517482927, 0.6304776517482927, 0.6323999384507166, 0.6323999384507166, 0.6330813915999882, 0.6330813915999882, 0.6362207860722764, 0.6362207860722764, 0.6368358099592603, 0.6368358099592603, 0.638759591429995, 0.638759591429995, 0.6390373838623641, 0.6390373838623641, 0.6402062194085407, 0.6402062194085407, 0.6443200562736305, 0.6443200562736305, 0.6475161053958205, 0.6475161053958205, 0.6478802426800316, 0.6478802426800316, 0.648131788739412, 0.648131788739412, 0.649635042058677, 0.649635042058677, 0.6514024297312349, 0.6514024297312349, 0.6530546323163047, 0.6530546323163047, 0.6569726691872564, 0.6569726691872564, 0.6600472903660717, 0.6600472903660717, 0.6615837656437762, 0.6615837656437762, 0.6623268413493948, 0.6623268413493948, 0.6633089041296638, 0.6633089041296638, 0.6650865060523462, 0.6650865060523462, 0.6683726369471555, 0.6683726369471555, 0.6695398018699259, 0.6695398018699259, 0.6701718104282071, 0.6701718104282071, 0.6786351739499985, 0.6786351739499985, 0.6821826108619831, 0.6821826108619831, 0.6834114569594654, 0.6834114569594654, 0.6837890325038835, 0.6837890325038835, 0.6845638060904482, 0.6845638060904482, 0.6882990415897301, 0.6882990415897301, 0.6928889621618453, 0.6928889621618453, 0.6974344353585978, 0.6974344353585978, 0.6982498021630177, 0.6982498021630177, 0.6998706732319235, 0.6998706732319235, 0.7046168850200768, 0.7046168850200768, 0.7050330461033442, 0.7050330461033442, 0.7140353175649932, 0.7140353175649932, 0.7150474515665758, 0.7150474515665758, 0.7160842199361059, 0.7160842199361059, 0.7180129106949207, 0.7180129106949207, 0.7187183534101234, 0.7187183534101234, 0.7199479468917612, 0.7199479468917612, 0.723935168088162, 0.723935168088162, 0.7298129194876755, 0.7298129194876755, 0.7301629004367068, 0.7301629004367068, 0.7384940355813476, 0.7384940355813476, 0.7403839356370351, 0.7403839356370351, 0.7424732260617251, 0.7424732260617251, 0.7441011020252646, 0.7441011020252646, 0.7524047598112489, 0.7524047598112489, 0.7546215012163311, 0.7546215012163311, 0.7557564260382778, 0.7557564260382778, 0.7627673143996014, 0.7627673143996014, 0.7646200797209766, 0.7646200797209766, 0.7656150678507576, 0.7656150678507576, 0.7735455171605263, 0.7735455171605263, 0.7737798001113749, 0.7737798001113749, 0.7750260118995281, 0.7750260118995281, 0.7779326035346874, 0.7779326035346874, 0.7795579002901609, 0.7795579002901609, 0.7800804830153287, 0.7800804830153287, 0.7801410211319206, 0.7801410211319206, 0.7821426477915531, 0.7821426477915531, 0.783411588850787, 0.783411588850787, 0.7858784401653038, 0.7858784401653038, 0.7865848793927137, 0.7865848793927137, 0.7884826343093292, 0.7884826343093292, 0.7887184120284885, 0.7887184120284885, 0.7903163779712183, 0.7903163779712183, 0.7909384067528357, 0.7909384067528357, 0.7909515665758082, 0.7909515665758082, 0.7928399278994109, 0.7928399278994109, 0.7953353556669305, 0.7953353556669305, 0.7963409976845746, 0.7963409976845746, 0.7982908057094288, 0.7982908057094288, 0.8025674990474516, 0.8025674990474516, 0.8030405785632638, 0.8030405785632638, 0.8069523725783287, 0.8069523725783287, 0.8091314956475864, 0.8091314956475864, 0.8116235528591107, 0.8116235528591107, 0.8149875729065916, 0.8149875729065916, 0.8171313637562648, 0.8171313637562648, 0.8196659485916937, 0.8196659485916937, 0.8213861777895014, 0.8213861777895014, 0.8216679562706997, 0.8216679562706997, 0.8235073859140069, 0.8235073859140069, 0.8238985023007708, 0.8238985023007708, 0.8242729417626542, 0.8242729417626542, 0.826989917641197, 0.826989917641197, 0.828882177086081, 0.828882177086081, 0.8301972947624491, 0.8301972947624491, 0.8320409888918198, 0.8320409888918198, 0.8322140009965122, 0.8322140009965122, 0.8334730795158123, 0.8334730795158123, 0.8358912922418593, 0.8358912922418593, 0.8360309798059732, 0.8360309798059732, 0.837007913479293, 0.837007913479293, 0.8374389050089392, 0.8374389050089392, 0.8378175063747473, 0.8378175063747473, 0.8393050060083824, 0.8393050060083824, 0.8401801342360562, 0.8401801342360562, 0.8404311966939242, 0.8404311966939242, 0.841006360092617, 0.841006360092617, 0.8417486004865324, 0.8417486004865324, 0.8424841876960052, 0.8424841876960052, 0.8429772267651455, 0.8429772267651455, 0.8431829625721738, 0.8431829625721738, 0.8435471438201588, 0.8435471438201588, 0.843736378557402], "iters": [0, 52, 53, 82, 83, 109, 110, 114, 115, 116, 117, 117, 118, 148, 149, 151, 152, 159, 160, 173, 174, 191, 192, 201, 202, 209, 210, 213, 214, 221, 222, 243, 244, 245, 246, 258, 259, 259, 260, 274, 275, 278, 279, 283, 284, 286, 287, 289, 290, 292, 293, 293, 294, 296, 297, 298, 299, 299, 300, 300, 301, 303, 304, 304, 305, 305, 306, 307, 308, 312, 313, 313, 314, 316, 317, 317, 318, 318, 319, 319, 320, 321, 322, 324, 325, 325, 326, 327, 328, 337, 338, 338, 339, 346, 347, 347, 348, 349, 350, 352, 353, 353, 354, 354, 355, 355, 356, 357, 358, 359, 360, 360, 361, 361, 362, 363, 364, 364, 365, 365, 366, 367, 368, 368, 369, 369, 370, 372, 373, 374, 375, 382, 383, 383, 384, 384, 385, 387, 388, 389, 390, 390, 391, 393, 394, 394, 395, 398, 399, 401, 402, 402, 403, 404, 405, 406, 407, 407, 408, 411, 412, 412, 413, 414, 415, 419, 420, 420, 421, 424, 425, 425, 426, 428, 429, 430, 431, 432, 433, 435, 436, 437, 438, 445, 446, 449, 450, 451, 452, 454, 455, 458, 459, 460, 461, 461, 462, 465, 466, 466, 467, 472, 473, 479, 480, 485, 486, 508, 509, 513, 514, 521, 522, 535, 536, 595, 596, 621, 622, 701, 702, 732, 733, 789, 790, 799, 800, 841, 842, 879, 880, 927, 928, 933, 934, 980, 981], "finalScore": 0.843736378557402, "finalIter": 1000}