{"title": "subpopulation_size_1.5_3", "popultion": 50, "subpopulation": 75, "number_of_rect": 20, "scores": [0.6441653037896773], "iters": [0], "finalScore": 0.6441653037896773, "finalIter": 5}