{"title": "subpopulation_size_3_1", "popultion": 50, "subpopulation": 150, "number_of_rect": 20, "scores": [0.6271714294088337], "iters": [0], "finalScore": 0.6271714294088337, "finalIter": 5}