{"title": "population_size_30_1", "popultion": 30, "subpopulation": 45, "number_of_rect": 20, "scores": [0.6200878103109704, 0.6200878103109704, 0.6201112869662064, 0.6201112869662064, 0.6203127289779888, 0.6203127289779888, 0.6203668044198247, 0.6203668044198247, 0.6213608400011723, 0.6213608400011723, 0.6218602977812948, 0.6218602977812948, 0.6220604648436355, 0.6220604648436355, 0.6223429613998066, 0.6223429613998066, 0.6235772736598376, 0.6235772736598376, 0.6237848999091415, 0.6237848999091415, 0.6252638998798323, 0.6252638998798323, 0.6253398106626806, 0.6253398106626806, 0.6262300331193762, 0.6262300331193762, 0.6272168732964037, 0.6272168732964037, 0.6274198393856796, 0.6274198393856796, 0.6292314985785046, 0.6292314985785046, 0.6312146018347549, 0.6312146018347549, 0.6314526070517893, 0.6314526070517893, 0.6320935402561623, 0.6320935402561623, 0.6337049884228729, 0.6337049884228729, 0.6351255165743428, 0.6351255165743428, 0.6373082739822387, 0.6373082739822387, 0.6390484187696006, 0.6390484187696006, 0.6393762566312026, 0.6393762566312026, 0.6401618013423606, 0.6401618013423606, 0.6403556376212667, 0.6403556376212667, 0.6407575984055804, 0.6407575984055804, 0.640959670564788, 0.640959670564788, 0.6437761071543715, 0.6437761071543715, 0.6456631495647587, 0.6456631495647587, 0.6471175005129106, 0.6471175005129106, 0.649863565755151, 0.649863565755151, 0.65434117353967, 0.65434117353967, 0.656562194085407, 0.656562194085407, 0.6573932559570914, 0.6573932559570914, 0.6579582197602509, 0.6579582197602509, 0.6588266215305255, 0.6588266215305255, 0.6606785075764237, 0.6606785075764237, 0.6650012309856679, 0.6650012309856679, 0.6668010785779185, 0.6668010785779185, 0.6678668044198248, 0.6678668044198248, 0.6678960403294352, 0.6678960403294352, 0.6691507957443067, 0.6691507957443067, 0.6695592045487851, 0.6695592045487851, 0.677077859843489, 0.677077859843489, 0.677189689029573, 0.677189689029573, 0.682903162460799, 0.682903162460799, 0.6832167560596736, 0.6832167560596736, 0.6850068876579032, 0.6850068876579032, 0.691298001113749, 0.691298001113749, 0.6933950291626366, 0.6933950291626366, 0.6978553005656671, 0.6978553005656671, 0.7038880096134119, 0.7038880096134119, 0.7065299979483572, 0.7065299979483572, 0.7086435710308039, 0.7086435710308039, 0.7106698613675664, 0.7106698613675664, 0.7184233711421788, 0.7184233711421788, 0.720506829039538, 0.720506829039538, 0.7218981505905799, 0.7218981505905799, 0.7227624930390691, 0.7227624930390691, 0.7237682962572174, 0.7237682962572174, 0.7254933468155573, 0.7254933468155573, 0.7263123919223893, 0.7263123919223893, 0.7278670682024678, 0.7278670682024678, 0.7329905624432135, 0.7329905624432135, 0.7331082534658109, 0.7331082534658109, 0.7351167091649814, 0.7351167091649814, 0.7357368475043231, 0.7357368475043231, 0.7365746797971805, 0.7365746797971805, 0.738668908819133, 0.738668908819133, 0.7397423576306457, 0.7397423576306457, 0.7411348075852164, 0.7411348075852164, 0.7422605879422023, 0.7422605879422023, 0.7459809929951053, 0.7459809929951053, 0.7463788944576335, 0.7463788944576335, 0.7470122072745391, 0.7470122072745391, 0.7476079164102114, 0.7476079164102114, 0.7477127260470706, 0.7477127260470706, 0.7481330343796712, 0.7481330343796712, 0.7497683402209913, 0.7497683402209913, 0.7525875611829186, 0.7525875611829186, 0.7531039450159736, 0.7531039450159736, 0.7536283302558692, 0.7536283302558692, 0.7549135965297927, 0.7549135965297927, 0.7551622116709165, 0.7551622116709165, 0.7560198423165978, 0.7560198423165978, 0.7564464081596765, 0.7564464081596765, 0.7577634748966852, 0.7577634748966852, 0.757817286555878, 0.757817286555878, 0.7599882030540168, 0.7599882030540168, 0.7602018669949295, 0.7602018669949295, 0.7625377648817374, 0.7625377648817374, 0.7627587854274744, 0.7627587854274744, 0.7643557841671795, 0.7643557841671795, 0.764513027931651, 0.764513027931651, 0.7647160966030657, 0.7647160966030657, 0.7665006008382427, 0.7665006008382427, 0.7665098625399338, 0.7665098625399338, 0.7677411999179343, 0.7677411999179343, 0.7699883935637035, 0.7699883935637035, 0.7705083824262141, 0.7705083824262141, 0.7712072891937044, 0.7712072891937044, 0.772707215920748, 0.772707215920748, 0.7742844309622204, 0.7742844309622204, 0.7744998241449046, 0.7744998241449046, 0.774534379671151, 0.774534379671151, 0.7764713356194496, 0.7764713356194496, 0.7775333685043524, 0.7775333685043524, 0.7789152231894252, 0.7789152231894252, 0.7799432720771418, 0.7799432720771418, 0.780887086374161, 0.780887086374161, 0.7822658196312905, 0.7822658196312905, 0.7842311908320877, 0.7842311908320877, 0.7853393270611683, 0.7853393270611683, 0.7901739939623084, 0.7901739939623084, 0.7911429555379701, 0.7911429555379701, 0.7914697236144084, 0.7914697236144084, 0.7939816817608957, 0.7939816817608957, 0.7950200035171019, 0.7950200035171019, 0.7966653330988599, 0.7966653330988599, 0.7976875201500631, 0.7976875201500631, 0.7979916908467423, 0.7979916908467423, 0.799443184149594, 0.799443184149594, 0.8010192414783552, 0.8010192414783552, 0.801299246754008, 0.801299246754008, 0.801574137577303, 0.801574137577303, 0.8018428881268501, 0.8018428881268501, 0.8033189278701017, 0.8033189278701017, 0.8038395175708549, 0.8038395175708549, 0.8063843606201824, 0.8063843606201824, 0.8085661801342361, 0.8085661801342361, 0.8097408482077435, 0.8097408482077435, 0.8102023652510332, 0.8102023652510332, 0.8109855798821771, 0.8109855798821771, 0.8137316451244174, 0.8137316451244174, 0.8150948738239691, 0.8150948738239691, 0.8209720243852399, 0.8209720243852399, 0.8209899616049708, 0.8209899616049708, 0.8235545297341658, 0.8235545297341658, 0.8249754389050089, 0.8249754389050089, 0.82629789853161, 0.82629789853161, 0.829169582930332, 0.829169582930332, 0.8329458512852077, 0.8329458512852077, 0.8335262903367625, 0.8335262903367625, 0.8338736627685454, 0.8338736627685454, 0.8362852662739236, 0.8362852662739236, 0.8369142852955831, 0.8369142852955831, 0.8369186377091943, 0.8369186377091943, 0.8369439608429321, 0.8369439608429321, 0.8369953105307892, 0.8369953105307892, 0.8370046894692107, 0.8370046894692107, 0.8371530378967731, 0.8371530378967731, 0.8372055013335679, 0.8372055013335679, 0.8372324218177555, 0.8372324218177555, 0.8372829508485009, 0.8372829508485009, 0.8374191359652979, 0.8374191359652979, 0.8374288812685015], "iters": [0, 13, 14, 27, 28, 29, 30, 32, 33, 34, 35, 36, 37, 38, 39, 39, 40, 44, 45, 45, 46, 47, 48, 48, 49, 54, 55, 57, 58, 58, 59, 62, 63, 64, 65, 65, 66, 68, 69, 73, 74, 74, 75, 79, 80, 80, 81, 83, 84, 84, 85, 85, 86, 87, 88, 88, 89, 92, 93, 95, 96, 96, 97, 97, 98, 99, 100, 101, 102, 103, 104, 104, 105, 105, 106, 106, 107, 107, 108, 108, 109, 111, 112, 112, 113, 113, 114, 114, 115, 118, 119, 121, 122, 123, 124, 124, 125, 125, 126, 126, 127, 127, 128, 128, 129, 129, 130, 130, 131, 131, 132, 132, 133, 139, 140, 142, 143, 143, 144, 145, 146, 146, 147, 147, 148, 148, 149, 149, 150, 151, 152, 152, 153, 156, 157, 157, 158, 158, 159, 162, 163, 164, 165, 167, 168, 169, 170, 175, 176, 177, 178, 178, 179, 180, 181, 181, 182, 182, 183, 183, 184, 186, 187, 190, 191, 191, 192, 194, 195, 195, 196, 197, 198, 199, 200, 200, 201, 202, 203, 203, 204, 205, 206, 209, 210, 210, 211, 212, 213, 214, 215, 215, 216, 216, 217, 217, 218, 219, 220, 224, 225, 227, 228, 229, 230, 230, 231, 234, 235, 236, 237, 237, 238, 238, 239, 240, 241, 241, 242, 242, 243, 245, 246, 248, 249, 250, 251, 252, 253, 254, 255, 258, 259, 261, 262, 262, 263, 263, 264, 266, 267, 268, 269, 271, 272, 273, 274, 274, 275, 276, 277, 277, 278, 279, 280, 280, 281, 283, 284, 285, 286, 286, 287, 290, 291, 294, 295, 295, 296, 296, 297, 297, 298, 299, 300, 302, 303, 303, 304, 304, 305, 305, 306, 306, 307, 307, 308, 311, 312, 312, 313, 313, 314, 318, 319, 336, 337, 444, 445, 454, 455, 455, 456, 504, 505, 619, 620, 629, 630, 642, 643, 944, 945], "finalScore": 0.8374288812685015, "finalIter": 1000}