{"title": "population_size_2_0", "popultion": 2, "subpopulation": 3, "number_of_rect": 20, "scores": [0.6126112723116153, 0.6126112723116153, 0.6147802983674786, 0.6147802983674786, 0.6150052903074533, 0.6150052903074533, 0.6159575603036431, 0.6159575603036431, 0.6162235850992115, 0.6162235850992115, 0.616761393944723, 0.616761393944723, 0.6169552155690378, 0.6169552155690378, 0.6188699111931768, 0.6188699111931768, 0.6208050206629737, 0.6208050206629737, 0.6218268999677599, 0.6218268999677599, 0.6227071279932003, 0.6227071279932003, 0.6230061695829303, 0.6230061695829303, 0.6231324628506111, 0.6231324628506111, 0.623372036108913, 0.623372036108913, 0.623402546967965, 0.623402546967965, 0.6242906005451507, 0.6242906005451507, 0.6249645651982767, 0.6249645651982767, 0.6268085377648818, 0.6268085377648818, 0.6288644743398106, 0.6288644743398106, 0.6297745537676953, 0.6297745537676953, 0.6315382777924323, 0.6315382777924323, 0.6321796506345438, 0.6321796506345438, 0.6343018992350303, 0.6343018992350303, 0.6372104252762391, 0.6372104252762391, 0.641642794337466, 0.641642794337466, 0.6429550543685336, 0.6429550543685336, 0.6440151821565696, 0.6440151821565696, 0.6443242621413289, 0.6443242621413289, 0.6453162314253056, 0.6453162314253056, 0.6455717488789238, 0.6455717488789238, 0.6459650781089715, 0.6459650781089715, 0.6462717254315777, 0.6462717254315777, 0.6483330548960989, 0.6483330548960989, 0.6492343708783962, 0.6492343708783962, 0.6495843664820188, 0.6495843664820188, 0.6531536680441983, 0.6531536680441983, 0.6537921832410094, 0.6537921832410094, 0.654056874468771, 0.654056874468771, 0.6556364635540315, 0.6556364635540315, 0.6581373428295085, 0.6581373428295085, 0.6582704651367273, 0.6582704651367273, 0.6605274187402913, 0.6605274187402913, 0.665010082358803, 0.665010082358803, 0.6657080219232685, 0.6657080219232685, 0.6659566956827574, 0.6659566956827574, 0.6678485301444943, 0.6678485301444943, 0.668586491397755, 0.668586491397755, 0.6686547524839532, 0.6686547524839532, 0.6699979776664029, 0.6699979776664029, 0.6721120636595446, 0.6721120636595446, 0.672806999032797, 0.672806999032797, 0.6738904862393388, 0.6738904862393388, 0.674096163428002, 0.674096163428002, 0.6745867991441719, 0.6745867991441719, 0.6759369706028899, 0.6759369706028899, 0.6760672206102172, 0.6760672206102172, 0.6761110378381547, 0.6761110378381547, 0.6804954424221108, 0.6804954424221108, 0.6815498256103637, 0.6815498256103637, 0.6828096515138193, 0.6828096515138193, 0.682934391394824, 0.682934391394824, 0.6832029660892758, 0.6832029660892758, 0.6838860312435886, 0.6838860312435886, 0.6839887159647118, 0.6839887159647118, 0.6840944488408218, 0.6840944488408218, 0.6860061109645652, 0.6860061109645652, 0.6877769278114834, 0.6877769278114834, 0.6885544124974354, 0.6885544124974354, 0.6914914270640992, 0.6914914270640992, 0.6918163193528533, 0.6918163193528533, 0.6939937278349306, 0.6939937278349306, 0.6947987191887218, 0.6947987191887218, 0.6963150004396377, 0.6963150004396377, 0.6969443858260793, 0.6969443858260793, 0.6972619068554178, 0.6972619068554178, 0.6981595005715291, 0.6981595005715291, 0.7007636067880066], "iters": [0, 4, 5, 5, 6, 7, 8, 9, 10, 10, 11, 15, 16, 23, 24, 27, 28, 30, 31, 35, 36, 39, 40, 40, 41, 46, 47, 47, 48, 54, 55, 60, 61, 61, 62, 68, 69, 71, 72, 79, 80, 84, 85, 90, 91, 105, 106, 111, 112, 118, 119, 135, 136, 168, 169, 194, 195, 207, 208, 222, 223, 226, 227, 250, 251, 365, 366, 464, 465, 474, 475, 483, 484, 490, 491, 493, 494, 500, 501, 509, 510, 511, 512, 542, 543, 544, 545, 556, 557, 564, 565, 595, 596, 607, 608, 611, 612, 614, 615, 621, 622, 624, 625, 631, 632, 635, 636, 642, 643, 646, 647, 658, 659, 664, 665, 681, 682, 725, 726, 750, 751, 775, 776, 806, 807, 844, 845, 850, 851, 856, 857, 857, 858, 860, 861, 861, 862, 867, 868, 868, 869, 876, 877, 880, 881, 968, 969, 980, 981, 991, 992, 994, 995], "finalScore": 0.7007636067880066, "finalIter": 1000}