{"title": "subpopulation_size_2_1", "popultion": 40, "subpopulation": 80, "number_of_rect": 20, "scores": [0.6646006916967085, 0.6646006916967085, 0.6676138808288636, 0.6676138808288636, 0.6679822532899558, 0.6679822532899558, 0.6686099533983998, 0.6686099533983998, 0.6727383569272253, 0.6727383569272253, 0.6727413171546646, 0.6727413171546646, 0.6806615961780826, 0.6806615961780826, 0.6806925466748732, 0.6806925466748732, 0.6816990093496292, 0.6816990093496292, 0.6839501743896363, 0.6839501743896363, 0.6881689234737243, 0.6881689234737243, 0.6893283800814796, 0.6893283800814796, 0.6904291450511445, 0.6904291450511445, 0.6931581083853571, 0.6931581083853571, 0.6938959084381137, 0.6938959084381137, 0.6951655675723204, 0.6951655675723204, 0.6952310296315836, 0.6952310296315836, 0.6964959992965796, 0.6964959992965796, 0.6979672909522553, 0.6979672909522553, 0.6997696005158416, 0.6997696005158416, 0.7026790351417099, 0.7026790351417099, 0.7028192649257012, 0.7028192649257012, 0.7046584307863654, 0.7046584307863654, 0.7054806559395059, 0.7054806559395059, 0.7065751927078754, 0.7065751927078754, 0.7085464403997772, 0.7085464403997772, 0.7116400392743046, 0.7116400392743046, 0.7121067440429086, 0.7121067440429086, 0.7139871186142619, 0.7139871186142619, 0.7145048946334887, 0.7145048946334887, 0.7159871625780356, 0.7159871625780356, 0.7168632140449602, 0.7168632140449602, 0.7184908994988131, 0.7184908994988131, 0.7221642486591049, 0.7221642486591049, 0.7225316685717635, 0.7225316685717635, 0.7250665611536095, 0.7250665611536095, 0.7263029690201941, 0.7263029690201941, 0.7272974588938714, 0.7272974588938714, 0.7307278202760925, 0.7307278202760925, 0.734367493185615, 0.734367493185615, 0.7343818986488466, 0.7343818986488466, 0.7393116152290513, 0.7393116152290513, 0.7402181629004367, 0.7402181629004367, 0.7436313491016735, 0.7436313491016735, 0.7451342946745216, 0.7451342946745216, 0.7458371581816583, 0.7458371581816583, 0.7470074591869633, 0.7470074591869633, 0.7523891380169407, 0.7523891380169407, 0.7550847328468009, 0.7550847328468009, 0.7577707728831443, 0.7577707728831443, 0.7614825317271902, 0.7614825317271902, 0.7695975995779478, 0.7695975995779478, 0.7726074474632902, 0.7726074474632902, 0.7800531228934025, 0.7800531228934025, 0.7967235704446203, 0.7967235704446203, 0.8036051466924587, 0.8036051466924587, 0.8085904921011753, 0.8085904921011753, 0.8131694510390105, 0.8131694510390105, 0.8161493889035435, 0.8161493889035435, 0.8177820569184325, 0.8177820569184325, 0.8190961048096369, 0.8190961048096369, 0.82003014449427, 0.82003014449427, 0.8238710982150708, 0.8238710982150708, 0.8251280518186348, 0.8251280518186348, 0.8254740467188371, 0.8254740467188371, 0.8273178580849381, 0.8273178580849381, 0.8280534452944107, 0.8280534452944107, 0.8298218294791758, 0.8298218294791758, 0.8313711861426185, 0.8313711861426185, 0.8335376036812333, 0.8335376036812333, 0.833712594155749, 0.833712594155749, 0.833754315777133, 0.833754315777133, 0.8341521586212961, 0.8341521586212961, 0.835492291684985, 0.835492291684985, 0.835547202438524, 0.835547202438524, 0.8365603622614965, 0.8365603622614965, 0.8376013218441338, 0.8376013218441338, 0.8379535009818576, 0.8379535009818576, 0.8389785017145872, 0.8389785017145872, 0.8398476215598347, 0.8398476215598347, 0.8401942759166448, 0.8401942759166448, 0.8407698203347109, 0.8407698203347109, 0.8413043465517747, 0.8413043465517747, 0.8417227058237345, 0.8417227058237345, 0.8425364166593394, 0.8425364166593394, 0.8432107769864299, 0.8432107769864299, 0.8433074240159442, 0.8433074240159442, 0.8437593862657171, 0.8437593862657171, 0.8438486766904071, 0.8438486766904071, 0.8449090242973123, 0.8449090242973123, 0.8449091854978165, 0.8449091854978165, 0.8449223892845629, 0.8449223892845629, 0.844962308391219, 0.844962308391219, 0.8452843430346728, 0.8452843430346728, 0.845292109968053, 0.845292109968053, 0.8460274773586565, 0.8460274773586565, 0.8465506755766582, 0.8465506755766582, 0.8465672792285823, 0.8465672792285823, 0.8473214044960287, 0.8473214044960287, 0.8478565462059263, 0.8478565462059263, 0.8495542219877488, 0.8495542219877488, 0.849560230370175, 0.849560230370175, 0.8504232685600399, 0.8504232685600399, 0.8506981447287435, 0.8506981447287435, 0.8509429643307248, 0.8509429643307248, 0.8513240130132771, 0.8513240130132771, 0.8514913537911427, 0.8514913537911427, 0.851529983293766, 0.851529983293766, 0.852156862745098, 0.852156862745098, 0.8522565432750081, 0.8522565432750081, 0.8524008323807849, 0.8524008323807849, 0.8525752366716493, 0.8525752366716493, 0.8526906269234151, 0.8526906269234151, 0.8528121574489287, 0.8528121574489287, 0.8529418505817873, 0.8529418505817873, 0.8532379759078519, 0.8532379759078519, 0.8534379817696884, 0.8534379817696884, 0.8540447990855535, 0.8540447990855535, 0.8545690084703538, 0.8545690084703538, 0.8550503385210586, 0.8550503385210586, 0.8553300653594771, 0.8553300653594771, 0.8554281925027111, 0.8554281925027111, 0.8556909493244234, 0.8556909493244234, 0.8558568539523432, 0.8558568539523432, 0.8560941264398136, 0.8560941264398136, 0.8567032445265101, 0.8567032445265101, 0.856951141592661, 0.856951141592661, 0.8570483748058266, 0.8570483748058266, 0.8580399484158386, 0.8580399484158386, 0.8582879334095372, 0.8582879334095372, 0.8583900759107829, 0.8583900759107829, 0.8586087077581406, 0.8586087077581406, 0.859114159266098, 0.859114159266098, 0.8594461883408071, 0.8594461883408071, 0.8594713209648583, 0.8594713209648583, 0.8610734634661039, 0.8610734634661039, 0.8614406635598933, 0.8614406635598933, 0.8619590990357279, 0.8619590990357279, 0.8624697236144084, 0.8624697236144084, 0.8625284445616812, 0.8625284445616812, 0.8628597115976435, 0.8628597115976435, 0.8631076672821595, 0.8631076672821595, 0.8634573258301825, 0.8634573258301825, 0.8635556434831033, 0.8635556434831033, 0.8636620358158211, 0.8636620358158211, 0.863676661097922, 0.863676661097922, 0.8636934845687154, 0.8636934845687154, 0.8638446466778041, 0.8638446466778041, 0.863895615346288, 0.863895615346288, 0.8639408101058061, 0.8639408101058061, 0.8640237550924704, 0.8640237550924704, 0.864196825815528, 0.864196825815528, 0.8642007092822181, 0.8642007092822181, 0.8643474017409655, 0.8643474017409655, 0.864404408101058, 0.864404408101058, 0.8644736656994636, 0.8644736656994636, 0.8644978457750814, 0.8644978457750814, 0.8646355989331458, 0.8646355989331458, 0.8646380315952988, 0.8646380315952988, 0.8647023505964418, 0.8647023505964418, 0.8647491720155924, 0.8647491720155924, 0.8647695418974765, 0.8647695418974765, 0.8647794630557754, 0.8647794630557754, 0.8648212139863419, 0.8648212139863419, 0.8648697939564466, 0.8648697939564466, 0.8648906474398429, 0.8648906474398429, 0.8649336733198512, 0.8649336733198512, 0.865045707670213],