{"title": "population_size_40_3", "popultion": 40, "subpopulation": 60, "number_of_rect": 20, "scores": [0.6446731586506053, 0.6446731586506053, 0.6458242621413288, 0.6458242621413288, 0.6462022480143028, 0.6462022480143028, 0.6482647938099007, 0.6482647938099007, 0.648547876549723, 0.648547876549723, 0.6488028810926463, 0.6488028810926463, 0.6493627157888566, 0.6493627157888566, 0.6496266889416454, 0.6496266889416454, 0.6497203171253554, 0.6497203171253554, 0.6500981564524165, 0.6500981564524165, 0.6521008235880301, 0.6521008235880301, 0.6522503297283039, 0.6522503297283039, 0.653713737213869, 0.653713737213869, 0.6562410387174302, 0.6562410387174302, 0.6569645505436854, 0.6569645505436854, 0.6580884551129869, 0.6580884551129869, 0.6599719071485096, 0.6599719071485096, 0.6606244467891791, 0.6606244467891791, 0.6614989448694275, 0.6614989448694275, 0.6631248278085524, 0.6631248278085524, 0.6669858583194115, 0.6669858583194115, 0.6676837246109206, 0.6676837246109206, 0.6682485418681673, 0.6682485418681673, 0.6714917055013336, 0.6714917055013336, 0.6717715788856649, 0.6717715788856649, 0.6729641255605381, 0.6729641255605381, 0.6780557607198335, 0.6780557607198335, 0.6806654210264076, 0.6806654210264076, 0.6813980480084411, 0.6813980480084411, 0.6816859960725696, 0.6816859960725696, 0.686689483865295, 0.686689483865295, 0.6896172806940415, 0.6896172806940415, 0.6935868431079457, 0.6935868431079457, 0.6944807878308275, 0.6944807878308275, 0.6964533544359448, 0.6964533544359448, 0.6969680676455934, 0.6969680676455934, 0.6990335297048565, 0.6990335297048565, 0.7009382895161054, 0.7009382895161054, 0.7027492452885489, 0.7027492452885489, 0.7031658460095548, 0.7031658460095548, 0.7032645446818488, 0.7032645446818488, 0.7039109880125443, 0.7039109880125443, 0.7043972859696943, 0.7043972859696943, 0.7060730384829568, 0.7060730384829568, 0.709380257334623, 0.709380257334623, 0.7095349805093936, 0.7095349805093936, 0.7147977812948797, 0.7147977812948797, 0.7158795978780153, 0.7158795978780153, 0.7192124036460623, 0.7192124036460623, 0.7202274099475365, 0.7202274099475365, 0.7217883290835019, 0.7217883290835019, 0.726509100501187, 0.726509100501187, 0.7274857703918638, 0.7274857703918638, 0.7339515812303995, 0.7339515812303995, 0.7383683431519095, 0.7383683431519095, 0.7394201324775052, 0.7394201324775052, 0.7443239983586858, 0.7443239983586858, 0.7447365104487236, 0.7447365104487236, 0.7448641665933937, 0.7448641665933937, 0.7454895366218236, 0.7454895366218236, 0.745619786629151, 0.745619786629151, 0.7461757525132624, 0.7461757525132624, 0.7503954101820101, 0.7503954101820101, 0.751693103549342, 0.751693103549342, 0.7524894780034586, 0.7524894780034586, 0.7535250886602772, 0.7535250886602772, 0.755433101790791, 0.755433101790791, 0.7576075207362467, 0.7576075207362467, 0.757872505055834, 0.757872505055834, 0.7595024473167443, 0.7595024473167443, 0.7600293384917495, 0.7600293384917495, 0.7608458336996982, 0.7608458336996982, 0.7624039977725021, 0.7624039977725021, 0.7627634602420938, 0.7627634602420938, 0.7633782056918432, 0.7633782056918432, 0.7662395879128931, 0.7662395879128931, 0.7676817315865061, 0.7676817315865061, 0.7681977783639614, 0.7681977783639614, 0.7743554178023975, 0.7743554178023975, 0.7747852662739236, 0.7747852662739236, 0.778245786805006, 0.778245786805006, 0.7785508660863448, 0.7785508660863448, 0.7797974149300976, 0.7797974149300976, 0.7804222720478325, 0.7804222720478325, 0.7828099885694189, 0.7828099885694189, 0.784173818107213, 0.784173818107213, 0.7866532284064598, 0.7866532284064598, 0.7889406635598933, 0.7889406635598933, 0.792658621296052, 0.792658621296052, 0.7932403499516398, 0.7932403499516398, 0.7992932530261732, 0.7992932530261732, 0.8002226178961869, 0.8002226178961869, 0.8014474046718837, 0.8014474046718837, 0.8018476069052434, 0.8018476069052434, 0.8038173598288344, 0.8038173598288344, 0.8062284211143351, 0.8062284211143351, 0.8070290893636977, 0.8070290893636977, 0.8072873618804771, 0.8072873618804771, 0.8085542806061139, 0.8085542806061139, 0.8095290453999238, 0.8095290453999238, 0.8097509745303203, 0.8097509745303203, 0.8099643893431812, 0.8099643893431812, 0.8117198042146605, 0.8117198042146605, 0.81270975116504, 0.81270975116504, 0.8161164600369296, 0.8161164600369296, 0.8178526920484188, 0.8178526920484188, 0.8183614994577801, 0.8183614994577801, 0.8186924147835517, 0.8186924147835517, 0.8198120255576072, 0.8198120255576072, 0.8203042000058618, 0.8203042000058618, 0.8210182449661478, 0.8210182449661478, 0.8210635129986225, 0.8210635129986225, 0.8250063014742519, 0.8250063014742519, 0.8270946100413259, 0.8270946100413259, 0.831386104516545, 0.831386104516545, 0.8319755854509218, 0.8319755854509218, 0.8352394706761629, 0.8352394706761629, 0.8356179548052405, 0.8356179548052405, 0.8356533749523726, 0.8356533749523726, 0.8370987426360679, 0.8370987426360679, 0.8371289017849293, 0.8371289017849293, 0.8372465341891615, 0.8372465341891615, 0.8384728157331692, 0.8384728157331692, 0.838651997420792, 0.838651997420792, 0.8393136375626484, 0.8393136375626484, 0.8402889006125619, 0.8402889006125619, 0.8436195081919166, 0.8436195081919166, 0.8444713942378147, 0.8444713942378147, 0.844667824379378, 0.844667824379378, 0.8450607725900525, 0.8450607725900525, 0.8452234238987075, 0.8452234238987075, 0.8462212843283801, 0.8462212843283801, 0.8468044344793224, 0.8468044344793224, 0.8478014595972918, 0.8478014595972918, 0.8479124827808553, 0.8479124827808553, 0.8492175913713766, 0.8492175913713766, 0.8506179694598317, 0.8506179694598317, 0.8509513321023476, 0.8509513321023476, 0.8521913743075706, 0.8521913743075706, 0.8524512148656174, 0.8524512148656174, 0.8537807233506257, 0.8537807233506257, 0.8539109733579531, 0.8539109733579531, 0.854263049913538, 0.854263049913538, 0.8559857410826812, 0.8559857410826812, 0.8572136492863214, 0.8572136492863214, 0.857445924558164, 0.857445924558164, 0.8581742577449515, 0.8581742577449515, 0.8587812216067294, 0.8587812216067294, 0.8591836366833729, 0.8591836366833729, 0.8595315952988071], "iters": [0, 15, 16, 18, 19, 22, 23, 25, 26, 27, 28, 30, 31, 34, 35, 38, 39, 49, 50, 52, 53, 64, 65, 81, 82, 83, 84, 103, 104, 108, 109, 116, 117, 127, 128, 128, 129, 136, 137, 138, 139, 139, 140, 141, 142, 148, 149, 150, 151, 157, 158, 159, 160, 160, 161, 163, 164, 164, 165, 165, 166, 166, 167, 168, 169, 171, 172, 176, 177, 180, 181, 181, 182, 182, 183, 185, 186, 187, 188, 189, 190, 190, 191, 192, 193, 194, 195, 195, 196, 198, 199, 199, 200, 201, 202, 202, 203, 204, 205, 207, 208, 208, 209, 209, 210, 210, 211, 213, 214, 216, 217, 217, 218, 220, 221, 221, 222, 223, 224, 227, 228, 228, 229, 229, 230, 230, 231, 235, 236, 237, 238, 239, 240, 240, 241, 243, 244, 246, 247, 247, 248, 250, 251, 252, 253, 255, 256, 256, 257, 257, 258, 258, 259, 261, 262, 262, 263, 264, 265, 267, 268, 268, 269, 270, 271, 272, 273, 273, 274, 277, 278, 281, 282, 287, 288, 288, 289, 293, 294, 298, 299, 305, 306, 306, 307, 307, 308, 309, 310, 311, 312, 315, 316, 317, 318, 319, 320, 322, 323, 324, 325, 326, 327, 328, 329, 331, 332, 334, 335, 337, 338, 342, 343, 343, 344, 344, 345, 345, 346, 348, 349, 349, 350, 350, 351, 354, 355, 359, 360, 380, 381, 382, 383, 389, 390, 390, 391, 391, 392, 395, 396, 400, 401, 403, 404, 407, 408, 410, 411, 415, 416, 432, 433, 462, 463, 466, 467, 479, 480, 482, 483, 485, 486, 488, 489, 490, 491, 502, 503, 503, 504, 525, 526, 529, 530, 535, 536, 542, 543, 557, 558, 571, 572, 589, 590, 601, 602, 710, 711, 724, 725, 756, 757, 854, 855, 859, 860, 911, 912], "finalScore": 0.8595315952988071, "finalIter": 1000}