{"title": "subpopulation_size_1.3_4", "popultion": 40, "subpopulation": 52, "number_of_rect": 20, "scores": [0.6099159266098069, 0.6099159266098069, 0.6105099358128901, 0.6105099358128901, 0.6119194730208974, 0.6119194730208974, 0.6127170051877253, 0.6127170051877253, 0.6136167824379378, 0.6136167824379378, 0.6143756118291861, 0.6143756118291861, 0.614563073360884, 0.614563073360884, 0.6150582813095342, 0.6150582813095342, 0.6155726867727659, 0.6155726867727659, 0.6164182859990035, 0.6164182859990035, 0.6164233418329963, 0.6164233418329963, 0.6169183592719599, 0.6169183592719599, 0.6171479087898238, 0.6171479087898238, 0.6178120109030159, 0.6178120109030159, 0.6185020516427797, 0.6185020516427797, 0.6191017907910548, 0.6191017907910548, 0.6191528327324951, 0.6191528327324951, 0.619800492394267, 0.619800492394267, 0.6205851138661742, 0.6205851138661742, 0.6207398663501275, 0.6207398663501275, 0.6207931797532167, 0.6207931797532167, 0.6209015797649404, 0.6209015797649404, 0.6209163809021366, 0.6209163809021366, 0.6209724640229783, 0.6209724640229783, 0.621040065652569, 0.621040065652569, 0.6210591605850113, 0.6210591605850113, 0.6211464872944694, 0.6211464872944694, 0.6224644186523638, 0.6224644186523638, 0.6224942993639908, 0.6224942993639908, 0.6225807614525631, 0.6225807614525631, 0.6226990386588118, 0.6226990386588118, 0.6227507693660423, 0.6227507693660423, 0.6236279052727219, 0.6236279052727219, 0.6236781705208241, 0.6236781705208241, 0.623800433775902, 0.623800433775902, 0.6239871918872183, 0.6239871918872183, 0.6244372930038982, 0.6244372930038982, 0.6245633078343445, 0.6245633078343445, 0.6246839151206074, 0.6246839151206074, 0.6250428939886867, 0.6250428939886867, 0.625399645358891, 0.625399645358891, 0.6256685571089422, 0.6256685571089422, 0.6257225006594566, 0.6257225006594566, 0.6262389870746505, 0.6262389870746505, 0.6263680647146751, 0.6263680647146751, 0.6267366130308625, 0.6267366130308625, 0.6269952665670155, 0.6269952665670155, 0.6270236525103314, 0.6270236525103314, 0.6271531111697295, 0.6271531111697295, 0.6272251677950702, 0.6272251677950702, 0.6272890325038835, 0.6272890325038835, 0.6273135789442832, 0.6273135789442832, 0.6273448078783083, 0.6273448078783083, 0.6273952489815059, 0.6273952489815059, 0.6274329698994695, 0.6274329698994695, 0.627433306955069, 0.627433306955069, 0.6274746622116709, 0.6274746622116709, 0.627483352384302, 0.627483352384302, 0.627507136785955, 0.627507136785955, 0.6275406664908116, 0.6275406664908116, 0.6275806149066503, 0.6275806149066503, 0.6275840880447845, 0.6275840880447845, 0.6275971159764355, 0.6275971159764355, 0.627645798528679, 0.627645798528679, 0.6276537852809285, 0.6276537852809285, 0.6276628711275243, 0.6276628711275243, 0.6277338872768838, 0.6277338872768838, 0.6277704065183622, 0.6277704065183622, 0.6277825551745362, 0.6277825551745362, 0.6278158064421584, 0.6278158064421584, 0.6278409244116181, 0.6278409244116181, 0.6278593891966353, 0.6278593891966353, 0.6280529910020809, 0.6280529910020809, 0.6280623845950937, 0.6280623845950937, 0.6280826518948387, 0.6280826518948387, 0.6281044432720772, 0.6281044432720772, 0.6281523491309827, 0.6281523491309827, 0.6281688062369941, 0.6281688062369941, 0.6281968258155279, 0.6281968258155279, 0.6282115390251766, 0.6282115390251766, 0.6282465634983441, 0.6282465634983441, 0.6283593598874527, 0.6283593598874527, 0.6284281338843459, 0.6284281338843459, 0.6284810076496967, 0.6284810076496967, 0.6285183182391043, 0.6285183182391043, 0.6285388639760837, 0.6285388639760837, 0.6285558926111551, 0.6285558926111551, 0.6285751340895103, 0.6285751340895103, 0.6286401565110349, 0.6286401565110349, 0.6287349424074562, 0.6287349424074562, 0.6287456695682757, 0.6287456695682757, 0.6287772648670829, 0.6287772648670829, 0.6287805914593042, 0.6287805914593042, 0.6288488818546851, 0.6288488818546851, 0.6288924352999794, 0.6288924352999794, 0.6289112371405962, 0.6289112371405962, 0.62898903836572, 0.62898903836572, 0.6290256015709722, 0.6290256015709722, 0.6290326650839708, 0.6290326650839708, 0.6291161962542865, 0.6291161962542865, 0.6291507664351241, 0.6291507664351241, 0.6291725578123626, 0.6291725578123626, 0.6291807204197075, 0.6291807204197075, 0.6291954189747648, 0.6291954189747648, 0.6292130924118526, 0.6292130924118526, 0.6292746563498344, 0.6292746563498344, 0.6292971218382719, 0.6292971218382719, 0.6293366892347372, 0.6293366892347372, 0.6293529704856531, 0.6293529704856531, 0.6293672587121545, 0.6293672587121545, 0.6293806676631789, 0.6293806676631789, 0.6297853542014713, 0.6297853542014713, 0.6299375714411325, 0.6299375714411325, 0.6303565022421524, 0.6303565022421524, 0.6303857528063542, 0.6303857528063542, 0.630446232304581, 0.630446232304581, 0.6304539699287787, 0.6304539699287787, 0.6304619713356194, 0.6304619713356194, 0.6304917641196988, 0.6304917641196988, 0.6304983000674111, 0.6304983000674111, 0.6305079281338843, 0.6305079281338843, 0.6305117236730268, 0.6305117236730268, 0.6305264368826753, 0.6305264368826753, 0.6305572847973271, 0.6305572847973271, 0.6305575339253788, 0.6305575339253788, 0.6307035669275184, 0.6307035669275184, 0.6307132096485828, 0.6307132096485828, 0.6307235704446204, 0.6307235704446204, 0.630730223629063, 0.630730223629063, 0.6307487177232627, 0.6307487177232627, 0.6307564846566429, 0.6307564846566429, 0.6307580233887277, 0.6307580233887277, 0.6307671825082799, 0.6307671825082799, 0.6307908496732026, 0.6307908496732026, 0.6307915530935843, 0.6307915530935843, 0.6308131393065447, 0.6308131393065447, 0.6308283214631144, 0.6308283214631144, 0.630828761100853, 0.630828761100853, 0.630845364752777, 0.630845364752777, 0.6308487792725461, 0.6308487792725461, 0.6308833494533838, 0.6308833494533838, 0.6308916586066415, 0.6308916586066415, 0.6308983117910841, 0.6308983117910841, 0.6309029719511123, 0.6309029719511123, 0.6309492071866116, 0.6309492071866116, 0.6310155045575778, 0.6310155045575778, 0.6310216741405082, 0.6310216741405082, 0.6311382807233505, 0.6311382807233505, 0.6311959318854596, 0.6311959318854596, 0.6312117881532284, 0.6312117881532284, 0.6313894017995838, 0.6313894017995838, 0.6314784284416307, 0.6314784284416307, 0.6316173246578153, 0.6316173246578153, 0.6317948650312142, 0.6317948650312142, 0.6323120988305636, 0.6323120988305636, 0.6324584688883027, 0.6324584688883027, 0.6328351358480612, 0.6328351358480612, 0.6329931123420968, 0.6329931123420968, 0.6330915618863391, 0.6330915618863391, 0.6336076526275682, 0.6336076526275682, 0.6337325097453033, 0.6337325097453033, 0.6350546616254873, 0.6350546616254873, 0.6357006067000792, 0.6357006067000792, 0.6362641783170667, 0.6362641783170667, 0.6366360825346582, 0.6366360825346582, 0.6375506462674756, 0.6375506462674756, 0.6375898033353851, 0.6375898033353851, 0.6379799232099417, 0.6379799232099417, 0.6382986166065828, 0.6382986166065828, 0.6384887599284856, 0.6384887599284856, 0.6393556815850406, 0.6393556815850406, 0.6393573082446731, 0.6393573082446731, 0.6401517189835575, 0.6401517189835575, 0.6402855300565667, 0.6402855300565667, 0.6404367507840206, 0.6404367507840206, 0.6404465547055893, 0.6404465547055893, 0.6404616049708374, 0.6404616049708374, 0.6405205897007533, 0.6405205897007533, 0.6406254872651602, 0.6406254872651602, 0.6406618892699083, 0.6406618892699083, 0.6417508426389988, 0.6417508426389988, 0.6419216712095899, 0.6419216712095899, 0.6421308801547525, 0.6421308801547525, 0.6422403206424573, 0.6422403206424573, 0.6423141211641608, 0.6423141211641608, 0.6424026642046954, 0.6424026642046954, 0.6425653741317154, 0.6425653741317154, 0.6429831032562502, 0.6429831032562502, 0.6430090565374131, 0.6430090565374131, 0.643394897271315, 0.643394897271315, 0.6435619596119464, 0.6435619596119464, 0.64356576980568, 0.64356576980568, 0.6437688091679123, 0.6437688091679123, 0.6438985902283185, 0.6438985902283185, 0.6440254257158768, 0.6440254257158768, 0.6440418974764794, 0.6440418974764794, 0.6440951522612035],