{"title": "population_size_10_0", "popultion": 10, "subpopulation": 15, "number_of_rect": 20, "scores": [0.663340191682054, 0.663340191682054, 0.6644608282774993], "iters": [0, 3, 4], "finalScore": 0.6644608282774993, "finalIter": 5}