{"title": "mean_crossing_1", "popultion": 20, "subpopulation": 30, "number_of_rect": 20, "scores": [0.6041679855798822, 0.6041679855798822, 0.6049709692546674], "iters": [0, 7, 8], "finalScore": 0.6049709692546674, "finalIter": 10}