{"title": "mean_crossing_0", "popultion": 20, "subpopulation": 30, "number_of_rect": 20, "scores": [0.6218372607637973], "iters": [0], "finalScore": 0.6218372607637973, "finalIter": 10}