{"title": "interpolate_crossing_2", "popultion": 20, "subpopulation": 30, "number_of_rect": 20, "scores": [0.693752249479762, 0.693752249479762, 0.746468771065975], "iters": [0, 0, 1], "finalScore": 0.746468771065975, "finalIter": 10}