{"title": "mean_crossing_3", "popultion": 20, "subpopulation": 30, "number_of_rect": 20, "scores": [0.5962281866408745, 0.5962281866408745, 0.5963123919223894], "iters": [0, 8, 9], "finalScore": 0.5963123919223894, "finalIter": 10}