{"title": "interpolate_crossing_3", "popultion": 20, "subpopulation": 30, "number_of_rect": 20, "scores": [0.7284918227380639, 0.7284918227380639, 0.7333029543656027, 0.7333029543656027, 0.7448394882616725], "iters": [0, 2, 3, 4, 5], "finalScore": 0.7448394882616725, "finalIter": 10}