{"title": "interpolate_crossing_1", "popultion": 20, "subpopulation": 30, "number_of_rect": 20, "scores": [0.7127107623318385, 0.7127107623318385, 0.7329612386060553, 0.7329612386060553, 0.7370852164483133], "iters": [0, 0, 1, 6, 7], "finalScore": 0.7370852164483133, "finalIter": 10}