{"title": "mean_crossing_4", "popultion": 20, "subpopulation": 30, "number_of_rect": 20, "scores": [0.6358529704856531, 0.6358529704856531, 0.6371128989712478], "iters": [0, 4, 5], "finalScore": 0.6371128989712478, "finalIter": 10}