{"title": "interpolate_crossing_0", "popultion": 20, "subpopulation": 30, "number_of_rect": 20, "scores": [0.6779996629444005, 0.6779996629444005, 0.7608050499721563], "iters": [0, 0, 1], "finalScore": 0.7608050499721563, "finalIter": 10}