{"title": "interpolate_crossing_4", "popultion": 20, "subpopulation": 30, "number_of_rect": 20, "scores": [0.6736470441689382, 0.6736470441689382, 0.7440760426741698], "iters": [0, 0, 1], "finalScore": 0.7440760426741698, "finalIter": 10}